[11Oct2025 15:36:57.100] [main/INFO] [cpw.mods.modlauncher.Launcher/MODLAUNCHER]: ModLauncher running: args [--launchTarget, forgeclientuserdev, --version, MOD_DEV, --assetIndex, 5, --assetsDir, C:\Users\Hell-\.gradle\caches\forge_gradle\assets, --gameDir, ., --fml.forgeVersion, 47.4.0, --fml.mcVersion, 1.20.1, --fml.forgeGroup, net.minecraftforge, --fml.mcpVersion, 20230612.114412, --mixin.config, magitacz.mixins.json]
[11Oct2025 15:36:57.149] [main/INFO] [cpw.mods.modlauncher.Launcher/MODLAUNCHER]: ModLauncher 10.0.9+10.0.9+main.dcd20f30 starting: java version 17.0.15 by Eclipse Adoptium; OS Windows 11 arch amd64 version 10.0
[11Oct2025 15:36:57.214] [main/DEBUG] [cpw.mods.modlauncher.LaunchServiceHandler/MODLAUNCHER]: Found launch services [fmlclientdev,forgeclient,minecraft,forgegametestserverdev,fmlserveruserdev,fmlclient,fmldatauserdev,forgeserverdev,forgeserveruserdev,forgeclientdev,forgeclientuserdev,forgeserver,forgedatadev,fmlserver,fmlclientuserdev,fmlserverdev,forgedatauserdev,testharness,forgegametestserveruserdev]
[11Oct2025 15:36:57.237] [main/DEBUG] [cpw.mods.modlauncher.NameMappingServiceHandler/MODLAUNCHER]: Found naming services : [srgtomcp]
[11Oct2025 15:36:57.252] [main/DEBUG] [cpw.mods.modlauncher.LaunchPluginHandler/MODLAUNCHER]: Found launch plugins: [mixin,eventbus,slf4jfixer,object_holder_definalize,runtime_enum_extender,capability_token_subclass,accesstransformer,runtimedistcleaner]
[11Oct2025 15:36:57.263] [main/DEBUG] [cpw.mods.modlauncher.TransformationServicesHandler/MODLAUNCHER]: Discovering transformation services
[11Oct2025 15:36:57.270] [main/DEBUG] [net.minecraftforge.fml.loading.FMLPaths/CORE]: Path GAMEDIR is C:\Projects\magitacz-forge\run
[11Oct2025 15:36:57.270] [main/DEBUG] [net.minecraftforge.fml.loading.FMLPaths/CORE]: Path MODSDIR is C:\Projects\magitacz-forge\run\mods
[11Oct2025 15:36:57.271] [main/DEBUG] [net.minecraftforge.fml.loading.FMLPaths/CORE]: Path CONFIGDIR is C:\Projects\magitacz-forge\run\config
[11Oct2025 15:36:57.271] [main/DEBUG] [net.minecraftforge.fml.loading.FMLPaths/CORE]: Path FMLCONFIG is C:\Projects\magitacz-forge\run\config\fml.toml
[11Oct2025 15:36:57.323] [main/DEBUG] [cpw.mods.modlauncher.TransformationServicesHandler/MODLAUNCHER]: Found additional transformation services from discovery services: 
[11Oct2025 15:36:57.330] [main/INFO] [net.minecraftforge.fml.loading.ImmediateWindowHandler/]: Loading ImmediateWindowProvider fmlearlywindow
[11Oct2025 15:36:57.436] [main/INFO] [EARLYDISPLAY/]: Trying GL version 4.6
[11Oct2025 15:36:57.645] [main/INFO] [EARLYDISPLAY/]: Requested GL version 4.6 got version 4.6
[11Oct2025 15:36:57.686] [main/DEBUG] [cpw.mods.modlauncher.TransformationServicesHandler/MODLAUNCHER]: Found transformer services : [mixin,fml]
[11Oct2025 15:36:57.687] [main/DEBUG] [cpw.mods.modlauncher.TransformationServicesHandler/MODLAUNCHER]: Transformation services loading
[11Oct2025 15:36:57.687] [main/DEBUG] [cpw.mods.modlauncher.TransformationServiceDecorator/MODLAUNCHER]: Loading service mixin
[11Oct2025 15:36:57.688] [main/DEBUG] [cpw.mods.modlauncher.TransformationServiceDecorator/MODLAUNCHER]: Loaded service mixin
[11Oct2025 15:36:57.688] [main/DEBUG] [cpw.mods.modlauncher.TransformationServiceDecorator/MODLAUNCHER]: Loading service fml
[11Oct2025 15:36:57.689] [main/DEBUG] [net.minecraftforge.fml.loading.LauncherVersion/CORE]: Found FMLLauncher version 1.0
[11Oct2025 15:36:57.689] [main/DEBUG] [net.minecraftforge.fml.loading.FMLLoader/CORE]: FML 1.0 loading
[11Oct2025 15:36:57.689] [main/DEBUG] [net.minecraftforge.fml.loading.FMLLoader/CORE]: FML found ModLauncher version : 10.0.9+10.0.9+main.dcd20f30
[11Oct2025 15:36:57.689] [main/DEBUG] [net.minecraftforge.fml.loading.FMLLoader/CORE]: Requesting CoreMods to not apply the fix for ASMAPI.findFirstInstructionBefore by default
[11Oct2025 15:36:57.690] [main/DEBUG] [net.minecraftforge.fml.loading.FMLLoader/CORE]: FML found AccessTransformer version : 8.0.4+66+master.c09db6d7
[11Oct2025 15:36:57.690] [main/DEBUG] [net.minecraftforge.fml.loading.FMLLoader/CORE]: FML found EventBus version : 6.0.5+6.0.5+master.eb8e549b
[11Oct2025 15:36:57.690] [main/DEBUG] [net.minecraftforge.fml.loading.FMLLoader/CORE]: Found Runtime Dist Cleaner
[11Oct2025 15:36:57.692] [main/DEBUG] [net.minecraftforge.coremod.CoreModEngine/]: CoreMods will preserve legacy behavior of ASMAPI.findFirstInstructionBefore for backwards-compatibility
[11Oct2025 15:36:57.692] [main/DEBUG] [net.minecraftforge.fml.loading.FMLLoader/CORE]: FML found CoreMod version : 5.2.4
[11Oct2025 15:36:57.692] [main/DEBUG] [net.minecraftforge.fml.loading.FMLLoader/CORE]: Found ForgeSPI package implementation version 7.0.1+7.0.1+master.d2b38bf6
[11Oct2025 15:36:57.693] [main/DEBUG] [net.minecraftforge.fml.loading.FMLLoader/CORE]: Found ForgeSPI package specification 5
[11Oct2025 15:36:57.693] [main/DEBUG] [cpw.mods.modlauncher.TransformationServiceDecorator/MODLAUNCHER]: Loaded service fml
[11Oct2025 15:36:57.694] [main/DEBUG] [cpw.mods.modlauncher.TransformationServicesHandler/MODLAUNCHER]: Configuring option handling for services
[11Oct2025 15:36:57.699] [main/DEBUG] [cpw.mods.modlauncher.TransformationServicesHandler/MODLAUNCHER]: Transformation services initializing
[11Oct2025 15:36:57.700] [main/DEBUG] [cpw.mods.modlauncher.TransformationServiceDecorator/MODLAUNCHER]: Initializing transformation service mixin
[11Oct2025 15:36:57.719] [main/DEBUG] [mixin/]: MixinService [ModLauncher] was successfully booted in cpw.mods.cl.ModuleClassLoader@3f197a46
[11Oct2025 15:36:57.740] [main/INFO] [mixin/]: SpongePowered MIXIN Subsystem Version=0.8.5 Source=union:/C:/Users/Hell-/.gradle/caches/modules-2/files-2.1/org.spongepowered/mixin/0.8.5/9d1c0c3a304ae6697ecd477218fa61b850bf57fc/mixin-0.8.5.jar%23128!/ Service=ModLauncher Env=CLIENT
[11Oct2025 15:36:57.746] [main/DEBUG] [mixin/]: Initialising Mixin Platform Manager
[11Oct2025 15:36:57.747] [main/DEBUG] [mixin/]: Adding mixin platform agents for container ModLauncher Root Container(ModLauncher:4f56a0a2)
[11Oct2025 15:36:57.748] [main/DEBUG] [mixin/]: Instancing new MixinPlatformAgentMinecraftForge for ModLauncher Root Container(ModLauncher:4f56a0a2)
[11Oct2025 15:36:57.749] [main/DEBUG] [mixin/]: MixinPlatformAgentMinecraftForge rejected container ModLauncher Root Container(ModLauncher:4f56a0a2)
[11Oct2025 15:36:57.750] [main/DEBUG] [mixin/]: Instancing new MixinPlatformAgentDefault for ModLauncher Root Container(ModLauncher:4f56a0a2)
[11Oct2025 15:36:57.750] [main/DEBUG] [mixin/]: MixinPlatformAgentDefault accepted container ModLauncher Root Container(ModLauncher:4f56a0a2)
[11Oct2025 15:36:57.752] [main/DEBUG] [cpw.mods.modlauncher.TransformationServiceDecorator/MODLAUNCHER]: Initialized transformation service mixin
[11Oct2025 15:36:57.753] [main/DEBUG] [cpw.mods.modlauncher.TransformationServiceDecorator/MODLAUNCHER]: Initializing transformation service fml
[11Oct2025 15:36:57.753] [main/DEBUG] [net.minecraftforge.fml.loading.FMLServiceProvider/CORE]: Setting up basic FML game directories
[11Oct2025 15:36:57.754] [main/DEBUG] [net.minecraftforge.fml.loading.FMLPaths/CORE]: Path GAMEDIR is C:\Projects\magitacz-forge\run
[11Oct2025 15:36:57.754] [main/DEBUG] [net.minecraftforge.fml.loading.FMLPaths/CORE]: Path MODSDIR is C:\Projects\magitacz-forge\run\mods
[11Oct2025 15:36:57.755] [main/DEBUG] [net.minecraftforge.fml.loading.FMLPaths/CORE]: Path CONFIGDIR is C:\Projects\magitacz-forge\run\config
[11Oct2025 15:36:57.755] [main/DEBUG] [net.minecraftforge.fml.loading.FMLPaths/CORE]: Path FMLCONFIG is C:\Projects\magitacz-forge\run\config\fml.toml
[11Oct2025 15:36:57.755] [main/DEBUG] [net.minecraftforge.fml.loading.FMLServiceProvider/CORE]: Loading configuration
[11Oct2025 15:36:57.759] [main/DEBUG] [net.minecraftforge.fml.loading.FMLServiceProvider/CORE]: Preparing ModFile
[11Oct2025 15:36:57.762] [main/DEBUG] [net.minecraftforge.fml.loading.FMLServiceProvider/CORE]: Preparing launch handler
[11Oct2025 15:36:57.762] [main/DEBUG] [net.minecraftforge.fml.loading.FMLLoader/CORE]: Using forgeclientuserdev as launch service
[11Oct2025 15:36:57.778] [main/DEBUG] [net.minecraftforge.fml.loading.FMLLoader/CORE]: Received command line version data  : VersionInfo[forgeVersion=47.4.0, mcVersion=1.20.1, mcpVersion=20230612.114412, forgeGroup=net.minecraftforge]
[11Oct2025 15:36:57.780] [main/DEBUG] [cpw.mods.modlauncher.TransformationServiceDecorator/MODLAUNCHER]: Initialized transformation service fml
[11Oct2025 15:36:57.780] [main/DEBUG] [cpw.mods.modlauncher.NameMappingServiceHandler/MODLAUNCHER]: Current naming domain is 'mcp'
[11Oct2025 15:36:57.780] [main/DEBUG] [cpw.mods.modlauncher.NameMappingServiceHandler/MODLAUNCHER]: Identified name mapping providers {srg=srgtomcp:1234}
[11Oct2025 15:36:57.780] [main/DEBUG] [cpw.mods.modlauncher.TransformationServicesHandler/MODLAUNCHER]: Transformation services begin scanning
[11Oct2025 15:36:57.781] [main/DEBUG] [cpw.mods.modlauncher.TransformationServiceDecorator/MODLAUNCHER]: Beginning scan trigger - transformation service mixin
[11Oct2025 15:36:57.781] [main/DEBUG] [cpw.mods.modlauncher.TransformationServiceDecorator/MODLAUNCHER]: End scan trigger - transformation service mixin
[11Oct2025 15:36:57.782] [main/DEBUG] [cpw.mods.modlauncher.TransformationServiceDecorator/MODLAUNCHER]: Beginning scan trigger - transformation service fml
[11Oct2025 15:36:57.782] [main/DEBUG] [net.minecraftforge.fml.loading.FMLServiceProvider/CORE]: Initiating mod scan
[11Oct2025 15:36:57.790] [main/DEBUG] [net.minecraftforge.fml.loading.moddiscovery.ModListHandler/CORE]: Found mod coordinates from lists: []
[11Oct2025 15:36:57.794] [main/DEBUG] [net.minecraftforge.fml.loading.moddiscovery.ModDiscoverer/CORE]: Found Mod Locators : (mods folder:null),(maven libs:null),(exploded directory:null),(minecraft:null),(userdev classpath:null)
[11Oct2025 15:36:57.794] [main/DEBUG] [net.minecraftforge.fml.loading.moddiscovery.ModDiscoverer/CORE]: Found Dependency Locators : (JarInJar:null)
[11Oct2025 15:36:57.802] [pool-2-thread-1/INFO] [EARLYDISPLAY/]: GL info: NVIDIA GeForce RTX 2080 SUPER/PCIe/SSE2 GL version 4.6.0 NVIDIA 581.42, NVIDIA Corporation
[11Oct2025 15:36:57.804] [main/DEBUG] [net.minecraftforge.fml.loading.targets.CommonLaunchHandler/CORE]: Got mod coordinates magitacz%%C:\Projects\magitacz-forge\build\resources\main;magitacz%%C:\Projects\magitacz-forge\build\classes\java\main from env
[11Oct2025 15:36:57.806] [main/DEBUG] [net.minecraftforge.fml.loading.targets.CommonLaunchHandler/CORE]: Found supplied mod coordinates [{magitacz=[C:\Projects\magitacz-forge\build\resources\main, C:\Projects\magitacz-forge\build\classes\java\main]}]
[11Oct2025 15:36:58.331] [main/DEBUG] [net.minecraftforge.fml.loading.moddiscovery.ModFileInfo/LOADING]: Found valid mod file forge-1.20.1-47.4.0_mapped_official_1.20.1.jar with {minecraft} mods - versions {1.20.1}
[11Oct2025 15:36:58.339] [main/DEBUG] [net.minecraftforge.fml.loading.moddiscovery.ModFileParser/LOADING]: Considering mod file candidate C:\Users\Hell-\.gradle\caches\modules-2\files-2.1\net.minecraftforge\javafmllanguage\1.20.1-47.4.0\f0c0b352173d0a378cbdcec9cfc4ba65899a721\javafmllanguage-1.20.1-47.4.0.jar
[11Oct2025 15:36:58.339] [main/WARN] [net.minecraftforge.fml.loading.moddiscovery.ModFileParser/LOADING]: Mod file C:\Users\Hell-\.gradle\caches\modules-2\files-2.1\net.minecraftforge\javafmllanguage\1.20.1-47.4.0\f0c0b352173d0a378cbdcec9cfc4ba65899a721\javafmllanguage-1.20.1-47.4.0.jar is missing mods.toml file
[11Oct2025 15:36:58.343] [main/DEBUG] [net.minecraftforge.fml.loading.moddiscovery.ModFileParser/LOADING]: Considering mod file candidate C:\Users\Hell-\.gradle\caches\modules-2\files-2.1\net.minecraftforge\lowcodelanguage\1.20.1-47.4.0\e862740d8c84d08dbfedea412bef88fe42e727c5\lowcodelanguage-1.20.1-47.4.0.jar
[11Oct2025 15:36:58.343] [main/WARN] [net.minecraftforge.fml.loading.moddiscovery.ModFileParser/LOADING]: Mod file C:\Users\Hell-\.gradle\caches\modules-2\files-2.1\net.minecraftforge\lowcodelanguage\1.20.1-47.4.0\e862740d8c84d08dbfedea412bef88fe42e727c5\lowcodelanguage-1.20.1-47.4.0.jar is missing mods.toml file
[11Oct2025 15:36:58.346] [main/DEBUG] [net.minecraftforge.fml.loading.moddiscovery.ModFileParser/LOADING]: Considering mod file candidate C:\Users\Hell-\.gradle\caches\modules-2\files-2.1\net.minecraftforge\mclanguage\1.20.1-47.4.0\5719b3a297a33f877ed5dde4cb4bd75c859096af\mclanguage-1.20.1-47.4.0.jar
[11Oct2025 15:36:58.347] [main/WARN] [net.minecraftforge.fml.loading.moddiscovery.ModFileParser/LOADING]: Mod file C:\Users\Hell-\.gradle\caches\modules-2\files-2.1\net.minecraftforge\mclanguage\1.20.1-47.4.0\5719b3a297a33f877ed5dde4cb4bd75c859096af\mclanguage-1.20.1-47.4.0.jar is missing mods.toml file
[11Oct2025 15:36:58.350] [main/DEBUG] [net.minecraftforge.fml.loading.moddiscovery.ModFileParser/LOADING]: Considering mod file candidate C:\Users\Hell-\.gradle\caches\modules-2\files-2.1\net.minecraftforge\fmlcore\1.20.1-47.4.0\235975dafa4309945b59c56b53f31dc5b65a6051\fmlcore-1.20.1-47.4.0.jar
[11Oct2025 15:36:58.350] [main/WARN] [net.minecraftforge.fml.loading.moddiscovery.ModFileParser/LOADING]: Mod file C:\Users\Hell-\.gradle\caches\modules-2\files-2.1\net.minecraftforge\fmlcore\1.20.1-47.4.0\235975dafa4309945b59c56b53f31dc5b65a6051\fmlcore-1.20.1-47.4.0.jar is missing mods.toml file
[11Oct2025 15:36:58.360] [main/DEBUG] [net.minecraftforge.fml.loading.moddiscovery.ModFileParser/LOADING]: Considering mod file candidate C:\Projects\magitacz-forge\build\resources\main
[11Oct2025 15:36:58.384] [main/DEBUG] [net.minecraftforge.fml.loading.moddiscovery.ModFileInfo/LOADING]: Found valid mod file main with {magitacz} mods - versions {1.0}
[11Oct2025 15:36:58.388] [main/DEBUG] [net.minecraftforge.fml.loading.moddiscovery.ModFileParser/LOADING]: Considering mod file candidate /
[11Oct2025 15:36:58.392] [main/DEBUG] [net.minecraftforge.fml.loading.moddiscovery.ModFileInfo/LOADING]: Found valid mod file  with {forge} mods - versions {47.4.0}
[11Oct2025 15:36:58.424] [main/DEBUG] [net.minecraftforge.fml.loading.moddiscovery.ModFileParser/LOADING]: Considering mod file candidate C:\Users\Hell-\.gradle\caches\forge_gradle\deobf_dependencies\io\redspace\ironsspellbooks\irons_spellbooks\1.20.1-3.4.0.9_mapped_official_1.20.1\irons_spellbooks-1.20.1-3.4.0.9_mapped_official_1.20.1.jar
[11Oct2025 15:36:58.429] [main/DEBUG] [net.minecraftforge.fml.loading.moddiscovery.ModFileInfo/LOADING]: Found valid mod file irons_spellbooks-1.20.1-3.4.0.9_mapped_official_1.20.1.jar with {irons_spellbooks} mods - versions {1.20.1-3.4.0.9}
[11Oct2025 15:36:58.435] [main/DEBUG] [net.minecraftforge.fml.loading.moddiscovery.ModFileParser/LOADING]: Considering mod file candidate C:\Users\Hell-\.gradle\caches\forge_gradle\deobf_dependencies\software\bernie\geckolib\geckolib-forge-1.20.1\4.4.9_mapped_official_1.20.1\geckolib-forge-1.20.1-4.4.9_mapped_official_1.20.1.jar
[11Oct2025 15:36:58.437] [main/DEBUG] [net.minecraftforge.fml.loading.moddiscovery.ModFileInfo/LOADING]: Found valid mod file geckolib-forge-1.20.1-4.4.9_mapped_official_1.20.1.jar with {geckolib} mods - versions {4.4.9}
[11Oct2025 15:36:58.441] [main/DEBUG] [net.minecraftforge.fml.loading.moddiscovery.ModFileParser/LOADING]: Considering mod file candidate C:\Users\Hell-\.gradle\caches\forge_gradle\deobf_dependencies\top\theillusivec4\curios\curios-forge\5.14.1+1.20.1_mapped_official_1.20.1\curios-forge-5.14.1+1.20.1_mapped_official_1.20.1.jar
[11Oct2025 15:36:58.447] [main/DEBUG] [net.minecraftforge.fml.loading.moddiscovery.ModFileInfo/LOADING]: Found valid mod file curios-forge-5.14.1+1.20.1_mapped_official_1.20.1.jar with {curios} mods - versions {5.14.1+1.20.1}
[11Oct2025 15:36:58.452] [main/DEBUG] [net.minecraftforge.fml.loading.moddiscovery.ModFileParser/LOADING]: Considering mod file candidate C:\Users\Hell-\.gradle\caches\forge_gradle\deobf_dependencies\dev\kosmx\player-anim\player-animation-lib-forge\1.0.2-rc1+1.20_mapped_official_1.20.1\player-animation-lib-forge-1.0.2-rc1+1.20_mapped_official_1.20.1.jar
[11Oct2025 15:36:58.453] [main/DEBUG] [net.minecraftforge.fml.loading.moddiscovery.ModFileInfo/LOADING]: Found valid mod file player-animation-lib-forge-1.0.2-rc1+1.20_mapped_official_1.20.1.jar with {playeranimator} mods - versions {1.0.2-rc1+1.20}
[11Oct2025 15:36:58.458] [main/DEBUG] [net.minecraftforge.fml.loading.moddiscovery.ModFileParser/LOADING]: Considering mod file candidate C:\Users\Hell-\.gradle\caches\forge_gradle\deobf_dependencies\curse\maven\apotheotic-additions-924640\6393313_mapped_official_1.20.1\apotheotic-additions-924640-6393313_mapped_official_1.20.1.jar
[11Oct2025 15:36:58.459] [main/DEBUG] [net.minecraftforge.fml.loading.moddiscovery.ModFileInfo/LOADING]: Found valid mod file apotheotic-additions-924640-6393313_mapped_official_1.20.1.jar with {apotheotic_additions} mods - versions {2.2.2}
[11Oct2025 15:36:58.464] [main/DEBUG] [net.minecraftforge.fml.loading.moddiscovery.ModFileParser/LOADING]: Considering mod file candidate C:\Users\Hell-\.gradle\caches\forge_gradle\deobf_dependencies\dev\shadowsoffire\Apotheosis\1.20.1-7.4.8_mapped_official_1.20.1\Apotheosis-1.20.1-7.4.8_mapped_official_1.20.1.jar
[11Oct2025 15:36:58.466] [main/DEBUG] [net.minecraftforge.fml.loading.moddiscovery.ModFileInfo/LOADING]: Found valid mod file Apotheosis-1.20.1-7.4.8_mapped_official_1.20.1.jar with {apotheosis} mods - versions {7.4.8}
[11Oct2025 15:36:58.469] [main/DEBUG] [net.minecraftforge.fml.loading.moddiscovery.ModFileParser/LOADING]: Considering mod file candidate C:\Users\Hell-\.gradle\caches\forge_gradle\deobf_dependencies\curse\maven\apothic-attributes-898963\5634071_mapped_official_1.20.1\apothic-attributes-898963-5634071_mapped_official_1.20.1.jar
[11Oct2025 15:36:58.470] [main/DEBUG] [net.minecraftforge.fml.loading.moddiscovery.ModFileInfo/LOADING]: Found valid mod file apothic-attributes-898963-5634071_mapped_official_1.20.1.jar with {attributeslib} mods - versions {1.3.7}
[11Oct2025 15:36:58.473] [main/DEBUG] [net.minecraftforge.fml.loading.moddiscovery.ModFileParser/LOADING]: Considering mod file candidate C:\Users\Hell-\.gradle\caches\forge_gradle\deobf_dependencies\dev\shadowsoffire\Placebo\1.20.1-8.6.3_mapped_official_1.20.1\Placebo-1.20.1-8.6.3_mapped_official_1.20.1.jar
[11Oct2025 15:36:58.474] [main/DEBUG] [net.minecraftforge.fml.loading.moddiscovery.ModFileInfo/LOADING]: Found valid mod file Placebo-1.20.1-8.6.3_mapped_official_1.20.1.jar with {placebo} mods - versions {8.6.3}
[11Oct2025 15:36:58.481] [main/DEBUG] [net.minecraftforge.fml.loading.moddiscovery.ModFileParser/LOADING]: Considering mod file candidate C:\Users\Hell-\.gradle\caches\forge_gradle\deobf_dependencies\curse\maven\timeless-and-classics-zero-1028108\6654541_mapped_official_1.20.1\timeless-and-classics-zero-1028108-6654541_mapped_official_1.20.1.jar
[11Oct2025 15:36:58.483] [main/DEBUG] [net.minecraftforge.fml.loading.moddiscovery.ModFileInfo/LOADING]: Found valid mod file timeless-and-classics-zero-1028108-6654541_mapped_official_1.20.1.jar with {tacz} mods - versions {1.1.6-hotfix}
[11Oct2025 15:36:58.487] [main/DEBUG] [net.minecraftforge.fml.loading.moddiscovery.ModFileParser/LOADING]: Considering mod file candidate C:\Users\Hell-\.gradle\caches\forge_gradle\deobf_dependencies\curse\maven\obscure-api-638417\4616364_mapped_official_1.20.1\obscure-api-638417-4616364_mapped_official_1.20.1.jar
[11Oct2025 15:36:58.488] [main/DEBUG] [net.minecraftforge.fml.loading.moddiscovery.ModFileInfo/LOADING]: Found valid mod file obscure-api-638417-4616364_mapped_official_1.20.1.jar with {obscure_api} mods - versions {15}
[11Oct2025 15:36:58.491] [main/DEBUG] [net.minecraftforge.fml.loading.moddiscovery.ModFileParser/LOADING]: Considering mod file candidate C:\Users\Hell-\.gradle\caches\forge_gradle\deobf_dependencies\curse\maven\ob-aquamirae-536254\7039863_mapped_official_1.20.1\ob-aquamirae-536254-7039863_mapped_official_1.20.1.jar
[11Oct2025 15:36:58.492] [main/DEBUG] [net.minecraftforge.fml.loading.moddiscovery.ModFileInfo/LOADING]: Found valid mod file ob-aquamirae-536254-7039863_mapped_official_1.20.1.jar with {aquamirae} mods - versions {6.1.0}
[11Oct2025 15:36:58.496] [main/DEBUG] [net.minecraftforge.fml.loading.moddiscovery.ModFileParser/LOADING]: Considering mod file candidate C:\Users\Hell-\.gradle\caches\forge_gradle\deobf_dependencies\net\tslat\tes\TES-forge-1.20.1\1.5.1_mapped_official_1.20.1\TES-forge-1.20.1-1.5.1_mapped_official_1.20.1.jar
[11Oct2025 15:36:58.497] [main/DEBUG] [net.minecraftforge.fml.loading.moddiscovery.ModFileInfo/LOADING]: Found valid mod file TES-forge-1.20.1-1.5.1_mapped_official_1.20.1.jar with {tslatentitystatus} mods - versions {1.5.1}
[11Oct2025 15:36:58.502] [main/DEBUG] [net.minecraftforge.fml.loading.moddiscovery.ModFileParser/LOADING]: Considering mod file candidate C:\Users\Hell-\.gradle\caches\forge_gradle\deobf_dependencies\curse\maven\apotheosis-modern-ragnarok-966582\6956142_mapped_official_1.20.1\apotheosis-modern-ragnarok-966582-6956142_mapped_official_1.20.1.jar
[11Oct2025 15:36:58.503] [main/DEBUG] [net.minecraftforge.fml.loading.moddiscovery.ModFileInfo/LOADING]: Found valid mod file apotheosis-modern-ragnarok-966582-6956142_mapped_official_1.20.1.jar with {apotheosis_modern_ragnarok} mods - versions {5.0.16+mc1.20.1+tacz1.1.6}
[11Oct2025 15:36:58.507] [main/DEBUG] [net.minecraftforge.fml.loading.moddiscovery.ModFileParser/LOADING]: Considering mod file candidate C:\Users\Hell-\.gradle\caches\forge_gradle\deobf_dependencies\curse\maven\gunsmith-lib-1264058\7049169_mapped_official_1.20.1\gunsmith-lib-1264058-7049169_mapped_official_1.20.1.jar
[11Oct2025 15:36:58.508] [main/DEBUG] [net.minecraftforge.fml.loading.moddiscovery.ModFileInfo/LOADING]: Found valid mod file gunsmith-lib-1264058-7049169_mapped_official_1.20.1.jar with {gunsmithlib} mods - versions {4.8.2+mc1.20.1+tacz1.1.6}
[11Oct2025 15:36:58.513] [main/DEBUG] [net.minecraftforge.fml.loading.moddiscovery.ModFileParser/LOADING]: Considering mod file candidate C:\Users\Hell-\.gradle\caches\forge_gradle\deobf_dependencies\curse\maven\selene-499980\6380635_mapped_official_1.20.1\selene-499980-6380635_mapped_official_1.20.1.jar
[11Oct2025 15:36:58.514] [main/DEBUG] [net.minecraftforge.fml.loading.moddiscovery.ModFileInfo/LOADING]: Found valid mod file selene-499980-6380635_mapped_official_1.20.1.jar with {moonlight} mods - versions {1.20-2.13.81}
[11Oct2025 15:36:58.517] [main/DEBUG] [net.minecraftforge.fml.loading.moddiscovery.ModFileParser/LOADING]: Considering mod file candidate C:\Users\Hell-\.gradle\caches\forge_gradle\deobf_dependencies\curse\maven\mmmmmmmmmmmm-225738\6237015_mapped_official_1.20.1\mmmmmmmmmmmm-225738-6237015_mapped_official_1.20.1.jar
[11Oct2025 15:36:58.518] [main/DEBUG] [net.minecraftforge.fml.loading.moddiscovery.ModFileInfo/LOADING]: Found valid mod file mmmmmmmmmmmm-225738-6237015_mapped_official_1.20.1.jar with {dummmmmmy} mods - versions {1.20-2.0.6}
[11Oct2025 15:36:58.522] [main/DEBUG] [net.minecraftforge.fml.loading.moddiscovery.ModFileParser/LOADING]: Considering mod file candidate C:\Users\Hell-\.gradle\caches\forge_gradle\deobf_dependencies\top\theillusivec4\caelus\caelus-forge\3.2.0+1.20.1_mapped_official_1.20.1\caelus-forge-3.2.0+1.20.1_mapped_official_1.20.1.jar
[11Oct2025 15:36:58.523] [main/DEBUG] [net.minecraftforge.fml.loading.moddiscovery.ModFileInfo/LOADING]: Found valid mod file caelus-forge-3.2.0+1.20.1_mapped_official_1.20.1.jar with {caelus} mods - versions {3.2.0+1.20.1}
[11Oct2025 15:36:58.530] [main/DEBUG] [net.minecraftforge.fml.loading.moddiscovery.ModFileParser/LOADING]: Considering mod file candidate C:\Users\Hell-\.gradle\caches\forge_gradle\deobf_dependencies\io\redspace\ironsspellbooks\irons_spellbooks\1.20.1-3.4.0.9_mapped_official_1.20.1\irons_spellbooks-1.20.1-3.4.0.9_mapped_official_1.20.1.jar
[11Oct2025 15:36:58.532] [main/DEBUG] [net.minecraftforge.fml.loading.moddiscovery.ModFileInfo/LOADING]: Found valid mod file irons_spellbooks-1.20.1-3.4.0.9_mapped_official_1.20.1.jar with {irons_spellbooks} mods - versions {1.20.1-3.4.0.9}
[11Oct2025 15:36:58.536] [main/DEBUG] [net.minecraftforge.fml.loading.moddiscovery.ModFileParser/LOADING]: Considering mod file candidate C:\Users\Hell-\.gradle\caches\forge_gradle\deobf_dependencies\software\bernie\geckolib\geckolib-forge-1.20.1\4.4.9_mapped_official_1.20.1\geckolib-forge-1.20.1-4.4.9_mapped_official_1.20.1.jar
[11Oct2025 15:36:58.537] [main/DEBUG] [net.minecraftforge.fml.loading.moddiscovery.ModFileInfo/LOADING]: Found valid mod file geckolib-forge-1.20.1-4.4.9_mapped_official_1.20.1.jar with {geckolib} mods - versions {4.4.9}
[11Oct2025 15:36:58.554] [main/DEBUG] [net.minecraftforge.fml.loading.moddiscovery.ModFileParser/LOADING]: Considering mod file candidate C:\Users\Hell-\.gradle\caches\forge_gradle\deobf_dependencies\top\theillusivec4\curios\curios-forge\5.14.1+1.20.1_mapped_official_1.20.1\curios-forge-5.14.1+1.20.1_mapped_official_1.20.1.jar
[11Oct2025 15:36:58.555] [main/DEBUG] [net.minecraftforge.fml.loading.moddiscovery.ModFileInfo/LOADING]: Found valid mod file curios-forge-5.14.1+1.20.1_mapped_official_1.20.1.jar with {curios} mods - versions {5.14.1+1.20.1}
[11Oct2025 15:36:58.560] [main/DEBUG] [net.minecraftforge.fml.loading.moddiscovery.ModFileParser/LOADING]: Considering mod file candidate C:\Users\Hell-\.gradle\caches\forge_gradle\deobf_dependencies\dev\kosmx\player-anim\player-animation-lib-forge\1.0.2-rc1+1.20_mapped_official_1.20.1\player-animation-lib-forge-1.0.2-rc1+1.20_mapped_official_1.20.1.jar
[11Oct2025 15:36:58.560] [main/DEBUG] [net.minecraftforge.fml.loading.moddiscovery.ModFileInfo/LOADING]: Found valid mod file player-animation-lib-forge-1.0.2-rc1+1.20_mapped_official_1.20.1.jar with {playeranimator} mods - versions {1.0.2-rc1+1.20}
[11Oct2025 15:36:58.566] [main/DEBUG] [net.minecraftforge.fml.loading.moddiscovery.ModFileParser/LOADING]: Considering mod file candidate C:\Users\Hell-\.gradle\caches\forge_gradle\deobf_dependencies\curse\maven\apotheotic-additions-924640\6393313_mapped_official_1.20.1\apotheotic-additions-924640-6393313_mapped_official_1.20.1.jar
[11Oct2025 15:36:58.567] [main/DEBUG] [net.minecraftforge.fml.loading.moddiscovery.ModFileInfo/LOADING]: Found valid mod file apotheotic-additions-924640-6393313_mapped_official_1.20.1.jar with {apotheotic_additions} mods - versions {2.2.2}
[11Oct2025 15:36:58.573] [main/DEBUG] [net.minecraftforge.fml.loading.moddiscovery.ModFileParser/LOADING]: Considering mod file candidate C:\Users\Hell-\.gradle\caches\forge_gradle\deobf_dependencies\dev\shadowsoffire\Apotheosis\1.20.1-7.4.8_mapped_official_1.20.1\Apotheosis-1.20.1-7.4.8_mapped_official_1.20.1.jar
[11Oct2025 15:36:58.574] [main/DEBUG] [net.minecraftforge.fml.loading.moddiscovery.ModFileInfo/LOADING]: Found valid mod file Apotheosis-1.20.1-7.4.8_mapped_official_1.20.1.jar with {apotheosis} mods - versions {7.4.8}
[11Oct2025 15:36:58.577] [main/DEBUG] [net.minecraftforge.fml.loading.moddiscovery.ModFileParser/LOADING]: Considering mod file candidate C:\Users\Hell-\.gradle\caches\forge_gradle\deobf_dependencies\curse\maven\apothic-attributes-898963\5634071_mapped_official_1.20.1\apothic-attributes-898963-5634071_mapped_official_1.20.1.jar
[11Oct2025 15:36:58.578] [main/DEBUG] [net.minecraftforge.fml.loading.moddiscovery.ModFileInfo/LOADING]: Found valid mod file apothic-attributes-898963-5634071_mapped_official_1.20.1.jar with {attributeslib} mods - versions {1.3.7}
[11Oct2025 15:36:58.582] [main/DEBUG] [net.minecraftforge.fml.loading.moddiscovery.ModFileParser/LOADING]: Considering mod file candidate C:\Users\Hell-\.gradle\caches\forge_gradle\deobf_dependencies\dev\shadowsoffire\Placebo\1.20.1-8.6.3_mapped_official_1.20.1\Placebo-1.20.1-8.6.3_mapped_official_1.20.1.jar
[11Oct2025 15:36:58.583] [main/DEBUG] [net.minecraftforge.fml.loading.moddiscovery.ModFileInfo/LOADING]: Found valid mod file Placebo-1.20.1-8.6.3_mapped_official_1.20.1.jar with {placebo} mods - versions {8.6.3}
[11Oct2025 15:36:58.589] [main/DEBUG] [net.minecraftforge.fml.loading.moddiscovery.ModFileParser/LOADING]: Considering mod file candidate C:\Users\Hell-\.gradle\caches\forge_gradle\deobf_dependencies\curse\maven\timeless-and-classics-zero-1028108\6654541_mapped_official_1.20.1\timeless-and-classics-zero-1028108-6654541_mapped_official_1.20.1.jar
[11Oct2025 15:36:58.591] [main/DEBUG] [net.minecraftforge.fml.loading.moddiscovery.ModFileInfo/LOADING]: Found valid mod file timeless-and-classics-zero-1028108-6654541_mapped_official_1.20.1.jar with {tacz} mods - versions {1.1.6-hotfix}
[11Oct2025 15:36:58.594] [main/DEBUG] [net.minecraftforge.fml.loading.moddiscovery.ModFileParser/LOADING]: Considering mod file candidate C:\Users\Hell-\.gradle\caches\forge_gradle\deobf_dependencies\curse\maven\obscure-api-638417\4616364_mapped_official_1.20.1\obscure-api-638417-4616364_mapped_official_1.20.1.jar
[11Oct2025 15:36:58.595] [main/DEBUG] [net.minecraftforge.fml.loading.moddiscovery.ModFileInfo/LOADING]: Found valid mod file obscure-api-638417-4616364_mapped_official_1.20.1.jar with {obscure_api} mods - versions {15}
[11Oct2025 15:36:58.599] [main/DEBUG] [net.minecraftforge.fml.loading.moddiscovery.ModFileParser/LOADING]: Considering mod file candidate C:\Users\Hell-\.gradle\caches\forge_gradle\deobf_dependencies\curse\maven\ob-aquamirae-536254\7039863_mapped_official_1.20.1\ob-aquamirae-536254-7039863_mapped_official_1.20.1.jar
[11Oct2025 15:36:58.600] [main/DEBUG] [net.minecraftforge.fml.loading.moddiscovery.ModFileInfo/LOADING]: Found valid mod file ob-aquamirae-536254-7039863_mapped_official_1.20.1.jar with {aquamirae} mods - versions {6.1.0}
[11Oct2025 15:36:58.604] [main/DEBUG] [net.minecraftforge.fml.loading.moddiscovery.ModFileParser/LOADING]: Considering mod file candidate C:\Users\Hell-\.gradle\caches\forge_gradle\deobf_dependencies\net\tslat\tes\TES-forge-1.20.1\1.5.1_mapped_official_1.20.1\TES-forge-1.20.1-1.5.1_mapped_official_1.20.1.jar
[11Oct2025 15:36:58.605] [main/DEBUG] [net.minecraftforge.fml.loading.moddiscovery.ModFileInfo/LOADING]: Found valid mod file TES-forge-1.20.1-1.5.1_mapped_official_1.20.1.jar with {tslatentitystatus} mods - versions {1.5.1}
[11Oct2025 15:36:58.608] [main/DEBUG] [net.minecraftforge.fml.loading.moddiscovery.ModFileParser/LOADING]: Considering mod file candidate C:\Users\Hell-\.gradle\caches\forge_gradle\deobf_dependencies\curse\maven\apotheosis-modern-ragnarok-966582\6956142_mapped_official_1.20.1\apotheosis-modern-ragnarok-966582-6956142_mapped_official_1.20.1.jar
[11Oct2025 15:36:58.609] [main/DEBUG] [net.minecraftforge.fml.loading.moddiscovery.ModFileInfo/LOADING]: Found valid mod file apotheosis-modern-ragnarok-966582-6956142_mapped_official_1.20.1.jar with {apotheosis_modern_ragnarok} mods - versions {5.0.16+mc1.20.1+tacz1.1.6}
[11Oct2025 15:36:58.612] [main/DEBUG] [net.minecraftforge.fml.loading.moddiscovery.ModFileParser/LOADING]: Considering mod file candidate C:\Users\Hell-\.gradle\caches\forge_gradle\deobf_dependencies\curse\maven\gunsmith-lib-1264058\7049169_mapped_official_1.20.1\gunsmith-lib-1264058-7049169_mapped_official_1.20.1.jar
[11Oct2025 15:36:58.613] [main/DEBUG] [net.minecraftforge.fml.loading.moddiscovery.ModFileInfo/LOADING]: Found valid mod file gunsmith-lib-1264058-7049169_mapped_official_1.20.1.jar with {gunsmithlib} mods - versions {4.8.2+mc1.20.1+tacz1.1.6}
[11Oct2025 15:36:58.616] [main/DEBUG] [net.minecraftforge.fml.loading.moddiscovery.ModFileParser/LOADING]: Considering mod file candidate C:\Users\Hell-\.gradle\caches\forge_gradle\deobf_dependencies\curse\maven\selene-499980\6380635_mapped_official_1.20.1\selene-499980-6380635_mapped_official_1.20.1.jar
[11Oct2025 15:36:58.617] [main/DEBUG] [net.minecraftforge.fml.loading.moddiscovery.ModFileInfo/LOADING]: Found valid mod file selene-499980-6380635_mapped_official_1.20.1.jar with {moonlight} mods - versions {1.20-2.13.81}
[11Oct2025 15:36:58.620] [main/DEBUG] [net.minecraftforge.fml.loading.moddiscovery.ModFileParser/LOADING]: Considering mod file candidate C:\Users\Hell-\.gradle\caches\forge_gradle\deobf_dependencies\curse\maven\mmmmmmmmmmmm-225738\6237015_mapped_official_1.20.1\mmmmmmmmmmmm-225738-6237015_mapped_official_1.20.1.jar
[11Oct2025 15:36:58.622] [main/DEBUG] [net.minecraftforge.fml.loading.moddiscovery.ModFileInfo/LOADING]: Found valid mod file mmmmmmmmmmmm-225738-6237015_mapped_official_1.20.1.jar with {dummmmmmy} mods - versions {1.20-2.0.6}
[11Oct2025 15:36:58.625] [main/DEBUG] [net.minecraftforge.fml.loading.moddiscovery.ModFileParser/LOADING]: Considering mod file candidate C:\Users\Hell-\.gradle\caches\forge_gradle\deobf_dependencies\top\theillusivec4\caelus\caelus-forge\3.2.0+1.20.1_mapped_official_1.20.1\caelus-forge-3.2.0+1.20.1_mapped_official_1.20.1.jar
[11Oct2025 15:36:58.626] [main/DEBUG] [net.minecraftforge.fml.loading.moddiscovery.ModFileInfo/LOADING]: Found valid mod file caelus-forge-3.2.0+1.20.1_mapped_official_1.20.1.jar with {caelus} mods - versions {3.2.0+1.20.1}
[11Oct2025 15:36:58.637] [main/DEBUG] [net.minecraftforge.fml.loading.UniqueModListBuilder/]: Found 2 mods for first modid attributeslib, selecting most recent based on version data
[11Oct2025 15:36:58.637] [main/DEBUG] [net.minecraftforge.fml.loading.UniqueModListBuilder/]: Selected file apothic-attributes-898963-5634071_mapped_official_1.20.1.jar for modid attributeslib with version 1.3.7
[11Oct2025 15:36:58.637] [main/DEBUG] [net.minecraftforge.fml.loading.UniqueModListBuilder/]: Found 2 mods for first modid irons_spellbooks, selecting most recent based on version data
[11Oct2025 15:36:58.637] [main/DEBUG] [net.minecraftforge.fml.loading.UniqueModListBuilder/]: Selected file irons_spellbooks-1.20.1-3.4.0.9_mapped_official_1.20.1.jar for modid irons_spellbooks with version 1.20.1-3.4.0.9
[11Oct2025 15:36:58.637] [main/DEBUG] [net.minecraftforge.fml.loading.UniqueModListBuilder/]: Found 2 mods for first modid tslatentitystatus, selecting most recent based on version data
[11Oct2025 15:36:58.638] [main/DEBUG] [net.minecraftforge.fml.loading.UniqueModListBuilder/]: Selected file TES-forge-1.20.1-1.5.1_mapped_official_1.20.1.jar for modid tslatentitystatus with version 1.5.1
[11Oct2025 15:36:58.638] [main/DEBUG] [net.minecraftforge.fml.loading.UniqueModListBuilder/]: Found 2 mods for first modid moonlight, selecting most recent based on version data
[11Oct2025 15:36:58.638] [main/DEBUG] [net.minecraftforge.fml.loading.UniqueModListBuilder/]: Selected file selene-499980-6380635_mapped_official_1.20.1.jar for modid moonlight with version 1.20-2.13.81
[11Oct2025 15:36:58.638] [main/DEBUG] [net.minecraftforge.fml.loading.UniqueModListBuilder/]: Found 2 mods for first modid gunsmithlib, selecting most recent based on version data
[11Oct2025 15:36:58.638] [main/DEBUG] [net.minecraftforge.fml.loading.UniqueModListBuilder/]: Selected file gunsmith-lib-1264058-7049169_mapped_official_1.20.1.jar for modid gunsmithlib with version 4.8.2+mc1.20.1+tacz1.1.6
[11Oct2025 15:36:58.638] [main/DEBUG] [net.minecraftforge.fml.loading.UniqueModListBuilder/]: Found 2 mods for first modid apotheosis, selecting most recent based on version data
[11Oct2025 15:36:58.638] [main/DEBUG] [net.minecraftforge.fml.loading.UniqueModListBuilder/]: Selected file Apotheosis-1.20.1-7.4.8_mapped_official_1.20.1.jar for modid apotheosis with version 7.4.8
[11Oct2025 15:36:58.638] [main/DEBUG] [net.minecraftforge.fml.loading.UniqueModListBuilder/]: Found 2 mods for first modid geckolib, selecting most recent based on version data
[11Oct2025 15:36:58.638] [main/DEBUG] [net.minecraftforge.fml.loading.UniqueModListBuilder/]: Selected file geckolib-forge-1.20.1-4.4.9_mapped_official_1.20.1.jar for modid geckolib with version 4.4.9
[11Oct2025 15:36:58.639] [main/DEBUG] [net.minecraftforge.fml.loading.UniqueModListBuilder/]: Found 2 mods for first modid playeranimator, selecting most recent based on version data
[11Oct2025 15:36:58.639] [main/DEBUG] [net.minecraftforge.fml.loading.UniqueModListBuilder/]: Selected file player-animation-lib-forge-1.0.2-rc1+1.20_mapped_official_1.20.1.jar for modid playeranimator with version 1.0.2-rc1+1.20
[11Oct2025 15:36:58.639] [main/DEBUG] [net.minecraftforge.fml.loading.UniqueModListBuilder/]: Found 2 mods for first modid apotheosis_modern_ragnarok, selecting most recent based on version data
[11Oct2025 15:36:58.639] [main/DEBUG] [net.minecraftforge.fml.loading.UniqueModListBuilder/]: Selected file apotheosis-modern-ragnarok-966582-6956142_mapped_official_1.20.1.jar for modid apotheosis_modern_ragnarok with version 5.0.16+mc1.20.1+tacz1.1.6
[11Oct2025 15:36:58.639] [main/DEBUG] [net.minecraftforge.fml.loading.UniqueModListBuilder/]: Found 2 mods for first modid tacz, selecting most recent based on version data
[11Oct2025 15:36:58.639] [main/DEBUG] [net.minecraftforge.fml.loading.UniqueModListBuilder/]: Selected file timeless-and-classics-zero-1028108-6654541_mapped_official_1.20.1.jar for modid tacz with version 1.1.6-hotfix
[11Oct2025 15:36:58.639] [main/DEBUG] [net.minecraftforge.fml.loading.UniqueModListBuilder/]: Found 2 mods for first modid caelus, selecting most recent based on version data
[11Oct2025 15:36:58.639] [main/DEBUG] [net.minecraftforge.fml.loading.UniqueModListBuilder/]: Selected file caelus-forge-3.2.0+1.20.1_mapped_official_1.20.1.jar for modid caelus with version 3.2.0+1.20.1
[11Oct2025 15:36:58.639] [main/DEBUG] [net.minecraftforge.fml.loading.UniqueModListBuilder/]: Found 2 mods for first modid obscure_api, selecting most recent based on version data
[11Oct2025 15:36:58.639] [main/DEBUG] [net.minecraftforge.fml.loading.UniqueModListBuilder/]: Selected file obscure-api-638417-4616364_mapped_official_1.20.1.jar for modid obscure_api with version 15
[11Oct2025 15:36:58.639] [main/DEBUG] [net.minecraftforge.fml.loading.UniqueModListBuilder/]: Found 2 mods for first modid dummmmmmy, selecting most recent based on version data
[11Oct2025 15:36:58.640] [main/DEBUG] [net.minecraftforge.fml.loading.UniqueModListBuilder/]: Selected file mmmmmmmmmmmm-225738-6237015_mapped_official_1.20.1.jar for modid dummmmmmy with version 1.20-2.0.6
[11Oct2025 15:36:58.640] [main/DEBUG] [net.minecraftforge.fml.loading.UniqueModListBuilder/]: Found 2 mods for first modid curios, selecting most recent based on version data
[11Oct2025 15:36:58.640] [main/DEBUG] [net.minecraftforge.fml.loading.UniqueModListBuilder/]: Selected file curios-forge-5.14.1+1.20.1_mapped_official_1.20.1.jar for modid curios with version 5.14.1+1.20.1
[11Oct2025 15:36:58.640] [main/DEBUG] [net.minecraftforge.fml.loading.UniqueModListBuilder/]: Found 2 mods for first modid aquamirae, selecting most recent based on version data
[11Oct2025 15:36:58.640] [main/DEBUG] [net.minecraftforge.fml.loading.UniqueModListBuilder/]: Selected file ob-aquamirae-536254-7039863_mapped_official_1.20.1.jar for modid aquamirae with version 6.1.0
[11Oct2025 15:36:58.640] [main/DEBUG] [net.minecraftforge.fml.loading.UniqueModListBuilder/]: Found 2 mods for first modid apotheotic_additions, selecting most recent based on version data
[11Oct2025 15:36:58.640] [main/DEBUG] [net.minecraftforge.fml.loading.UniqueModListBuilder/]: Selected file apotheotic-additions-924640-6393313_mapped_official_1.20.1.jar for modid apotheotic_additions with version 2.2.2
[11Oct2025 15:36:58.640] [main/DEBUG] [net.minecraftforge.fml.loading.UniqueModListBuilder/]: Found 2 mods for first modid placebo, selecting most recent based on version data
[11Oct2025 15:36:58.640] [main/DEBUG] [net.minecraftforge.fml.loading.UniqueModListBuilder/]: Selected file Placebo-1.20.1-8.6.3_mapped_official_1.20.1.jar for modid placebo with version 8.6.3
[11Oct2025 15:36:58.652] [main/DEBUG] [net.minecraftforge.fml.loading.moddiscovery.AbstractJarFileDependencyLocator/]: Failed to load resource META-INF\jarjar\metadata.json from apothic-attributes-898963-5634071_mapped_official_1.20.1.jar, it does not contain dependency information.
[11Oct2025 15:36:58.652] [main/DEBUG] [net.minecraftforge.fml.loading.moddiscovery.AbstractJarFileDependencyLocator/]: Failed to load resource META-INF\jarjar\metadata.json from irons_spellbooks-1.20.1-3.4.0.9_mapped_official_1.20.1.jar, it does not contain dependency information.
[11Oct2025 15:36:58.652] [main/DEBUG] [net.minecraftforge.fml.loading.moddiscovery.AbstractJarFileDependencyLocator/]: Failed to load resource META-INF\jarjar\metadata.json from forge-1.20.1-47.4.0_mapped_official_1.20.1.jar, it does not contain dependency information.
[11Oct2025 15:36:58.652] [main/DEBUG] [net.minecraftforge.fml.loading.moddiscovery.AbstractJarFileDependencyLocator/]: Failed to load resource META-INF\jarjar\metadata.json from TES-forge-1.20.1-1.5.1_mapped_official_1.20.1.jar, it does not contain dependency information.
[11Oct2025 15:36:58.653] [main/DEBUG] [net.minecraftforge.fml.loading.moddiscovery.AbstractJarFileDependencyLocator/]: Failed to load resource META-INF\jarjar\metadata.json from main, it does not contain dependency information.
[11Oct2025 15:36:58.653] [main/DEBUG] [net.minecraftforge.fml.loading.moddiscovery.AbstractJarFileDependencyLocator/]: Failed to load resource META-INF\jarjar\metadata.json from Apotheosis-1.20.1-7.4.8_mapped_official_1.20.1.jar, it does not contain dependency information.
[11Oct2025 15:36:58.653] [main/DEBUG] [net.minecraftforge.fml.loading.moddiscovery.AbstractJarFileDependencyLocator/]: Failed to load resource META-INF\jarjar\metadata.json from player-animation-lib-forge-1.0.2-rc1+1.20_mapped_official_1.20.1.jar, it does not contain dependency information.
[11Oct2025 15:36:58.653] [main/DEBUG] [net.minecraftforge.fml.loading.moddiscovery.AbstractJarFileDependencyLocator/]: Failed to load resource META-INF\jarjar\metadata.json from caelus-forge-3.2.0+1.20.1_mapped_official_1.20.1.jar, it does not contain dependency information.
[11Oct2025 15:36:58.654] [main/DEBUG] [net.minecraftforge.fml.loading.moddiscovery.AbstractJarFileDependencyLocator/]: Failed to load resource META-INF\jarjar\metadata.json from obscure-api-638417-4616364_mapped_official_1.20.1.jar, it does not contain dependency information.
[11Oct2025 15:36:58.655] [main/DEBUG] [net.minecraftforge.fml.loading.moddiscovery.AbstractJarFileDependencyLocator/]: Failed to load resource META-INF\jarjar\metadata.json from , it does not contain dependency information.
[11Oct2025 15:36:58.656] [main/DEBUG] [net.minecraftforge.fml.loading.moddiscovery.AbstractJarFileDependencyLocator/]: Failed to load resource META-INF\jarjar\metadata.json from curios-forge-5.14.1+1.20.1_mapped_official_1.20.1.jar, it does not contain dependency information.
[11Oct2025 15:36:58.656] [main/DEBUG] [net.minecraftforge.fml.loading.moddiscovery.AbstractJarFileDependencyLocator/]: Failed to load resource META-INF\jarjar\metadata.json from ob-aquamirae-536254-7039863_mapped_official_1.20.1.jar, it does not contain dependency information.
[11Oct2025 15:36:58.656] [main/DEBUG] [net.minecraftforge.fml.loading.moddiscovery.AbstractJarFileDependencyLocator/]: Failed to load resource META-INF\jarjar\metadata.json from apotheotic-additions-924640-6393313_mapped_official_1.20.1.jar, it does not contain dependency information.
[11Oct2025 15:36:58.656] [main/DEBUG] [net.minecraftforge.fml.loading.moddiscovery.AbstractJarFileDependencyLocator/]: Failed to load resource META-INF\jarjar\metadata.json from Placebo-1.20.1-8.6.3_mapped_official_1.20.1.jar, it does not contain dependency information.
[11Oct2025 15:36:58.656] [main/DEBUG] [net.minecraftforge.fml.loading.moddiscovery.AbstractJarFileDependencyLocator/]: Failed to load resource META-INF\jarjar\metadata.json from mclanguage-1.20.1-47.4.0.jar, it does not contain dependency information.
[11Oct2025 15:36:58.656] [main/DEBUG] [net.minecraftforge.fml.loading.moddiscovery.AbstractJarFileDependencyLocator/]: Failed to load resource META-INF\jarjar\metadata.json from javafmllanguage-1.20.1-47.4.0.jar, it does not contain dependency information.
[11Oct2025 15:36:58.656] [main/DEBUG] [net.minecraftforge.fml.loading.moddiscovery.AbstractJarFileDependencyLocator/]: Failed to load resource META-INF\jarjar\metadata.json from fmlcore-1.20.1-47.4.0.jar, it does not contain dependency information.
[11Oct2025 15:36:58.656] [main/DEBUG] [net.minecraftforge.fml.loading.moddiscovery.AbstractJarFileDependencyLocator/]: Failed to load resource META-INF\jarjar\metadata.json from lowcodelanguage-1.20.1-47.4.0.jar, it does not contain dependency information.
[11Oct2025 15:36:58.727] [main/DEBUG] [net.minecraftforge.fml.loading.moddiscovery.ModFileParser/LOADING]: Considering mod file candidate 
[11Oct2025 15:36:58.728] [main/DEBUG] [net.minecraftforge.fml.loading.moddiscovery.ModFileInfo/LOADING]: Found valid mod file mixinextras-forge-0.2.1-beta.2.jar with {mixinextras} mods - versions {0.2.1-beta.2}
[11Oct2025 15:36:58.857] [main/DEBUG] [net.minecraftforge.fml.loading.moddiscovery.ModFileParser/LOADING]: Considering mod file candidate 
[11Oct2025 15:36:58.858] [main/DEBUG] [net.minecraftforge.fml.loading.moddiscovery.ModFileInfo/LOADING]: Found valid mod file mixinextras-forge-0.3.6.jar with {mixinextras} mods - versions {0.3.6}
[11Oct2025 15:36:58.866] [main/DEBUG] [net.minecraftforge.fml.loading.moddiscovery.ModFileParser/LOADING]: Considering mod file candidate 
[11Oct2025 15:36:58.867] [main/DEBUG] [net.minecraftforge.fml.loading.moddiscovery.ModFileInfo/LOADING]: Found valid mod file gunsmithlib-4.6.0+mc1.20.1+tacz1.1.6.jar with {gunsmithlib} mods - versions {4.6.0+mc1.20.1+tacz1.1.6}
[11Oct2025 15:36:58.870] [main/DEBUG] [net.minecraftforge.fml.loading.moddiscovery.ModFileParser/LOADING]: Considering mod file candidate 
[11Oct2025 15:36:58.871] [main/DEBUG] [net.minecraftforge.fml.loading.moddiscovery.ModFileInfo/LOADING]: Found valid mod file mixinextras-forge-0.4.1.jar with {mixinextras} mods - versions {0.4.1}
[11Oct2025 15:36:58.883] [main/DEBUG] [net.minecraftforge.fml.loading.moddiscovery.ModFileParser/LOADING]: Considering mod file candidate 
[11Oct2025 15:36:58.883] [main/DEBUG] [net.minecraftforge.fml.loading.moddiscovery.ModFileInfo/LOADING]: Found valid mod file mixinextras-forge-0.3.6.jar with {mixinextras} mods - versions {0.3.6}
[11Oct2025 15:36:58.892] [main/DEBUG] [net.minecraftforge.fml.loading.moddiscovery.AbstractJarFileDependencyLocator/]: Failed to load resource META-INF\jarjar\metadata.json from commons-math3-3.6.1.jar, it does not contain dependency information.
[11Oct2025 15:36:58.892] [main/DEBUG] [net.minecraftforge.fml.loading.moddiscovery.AbstractJarFileDependencyLocator/]: Failed to load resource META-INF\jarjar\metadata.json from luaj-core-3.0.8-figura.jar, it does not contain dependency information.
[11Oct2025 15:36:58.892] [main/DEBUG] [net.minecraftforge.fml.loading.moddiscovery.AbstractJarFileDependencyLocator/]: Failed to load resource META-INF\jarjar\metadata.json from luaj-jse-3.0.8-figura.jar, it does not contain dependency information.
[11Oct2025 15:36:58.892] [main/DEBUG] [net.minecraftforge.fml.loading.moddiscovery.AbstractJarFileDependencyLocator/]: Failed to load resource META-INF\jarjar\metadata.json from bcel-6.6.1.jar, it does not contain dependency information.
[11Oct2025 15:36:58.900] [main/DEBUG] [net.minecraftforge.fml.loading.moddiscovery.ModFileParser/LOADING]: Considering mod file candidate 
[11Oct2025 15:36:58.901] [main/DEBUG] [net.minecraftforge.fml.loading.moddiscovery.ModFileInfo/LOADING]: Found valid mod file mixinextras-forge-0.4.1.jar with {mixinextras} mods - versions {0.4.1}
[11Oct2025 15:36:58.908] [main/DEBUG] [net.minecraftforge.fml.loading.moddiscovery.AbstractJarFileDependencyLocator/]: Failed to load resource META-INF\jarjar\metadata.json from mclib-20.jar, it does not contain dependency information.
[11Oct2025 15:36:58.940] [main/DEBUG] [net.minecraftforge.fml.loading.moddiscovery.AbstractJarFileDependencyLocator/]: Failed to load resource META-INF\jarjar\metadata.json from MixinExtras-0.2.1-beta.2.jar, it does not contain dependency information.
[11Oct2025 15:36:58.941] [main/DEBUG] [net.minecraftforge.fml.loading.moddiscovery.AbstractJarFileDependencyLocator/]: Failed to load resource META-INF\jarjar\metadata.json from MixinExtras-0.3.6.jar, it does not contain dependency information.
[11Oct2025 15:36:58.953] [main/DEBUG] [net.minecraftforge.fml.loading.moddiscovery.AbstractJarFileDependencyLocator/]: Failed to load resource META-INF\jarjar\metadata.json from MixinExtras-0.4.1.jar, it does not contain dependency information.
[11Oct2025 15:36:58.953] [main/DEBUG] [net.minecraftforge.fml.loading.moddiscovery.AbstractJarFileDependencyLocator/]: Failed to load resource META-INF\jarjar\metadata.json from MixinExtras-0.5.0.jar, it does not contain dependency information.
[11Oct2025 15:36:58.954] [main/DEBUG] [net.minecraftforge.fml.loading.moddiscovery.AbstractJarFileDependencyLocator/]: Failed to load resource META-INF\jarjar\metadata.json from MixinExtras-0.3.6.jar, it does not contain dependency information.
[11Oct2025 15:36:58.954] [main/DEBUG] [net.minecraftforge.fml.loading.moddiscovery.AbstractJarFileDependencyLocator/]: Failed to load resource META-INF\jarjar\metadata.json from MixinExtras-0.4.1.jar, it does not contain dependency information.
[11Oct2025 15:36:59.036] [main/DEBUG] [net.minecraftforge.fml.loading.moddiscovery.ModFileParser/LOADING]: Considering mod file candidate 
[11Oct2025 15:36:59.038] [main/DEBUG] [net.minecraftforge.fml.loading.moddiscovery.ModFileInfo/LOADING]: Found valid mod file gunsmithlib-4.6.0+mc1.20.1+tacz1.1.6.jar with {gunsmithlib} mods - versions {4.6.0+mc1.20.1+tacz1.1.6}
[11Oct2025 15:36:59.102] [main/WARN] [net.minecraftforge.jarjar.selection.JarSelector/]: Attempted to select a dependency jar for JarJar which was passed in as source: gunsmithlib. Using Mod File: C:\Users\Hell-\.gradle\caches\forge_gradle\deobf_dependencies\curse\maven\gunsmith-lib-1264058\7049169_mapped_official_1.20.1\gunsmith-lib-1264058-7049169_mapped_official_1.20.1.jar
[11Oct2025 15:36:59.102] [main/INFO] [net.minecraftforge.fml.loading.moddiscovery.JarInJarDependencyLocator/]: Found 7 dependencies adding them to mods collection
[11Oct2025 15:36:59.107] [main/DEBUG] [net.minecraftforge.fml.loading.moddiscovery.ModFileInfo/LOADING]: Found valid mod file forge-1.20.1-47.4.0_mapped_official_1.20.1.jar with {minecraft} mods - versions {1.20.1}
[11Oct2025 15:36:59.111] [main/DEBUG] [net.minecraftforge.fml.loading.moddiscovery.ModFile/LOADING]: Loading mod file C:\Users\Hell-\.gradle\caches\forge_gradle\minecraft_user_repo\net\minecraftforge\forge\1.20.1-47.4.0_mapped_official_1.20.1\forge-1.20.1-47.4.0_mapped_official_1.20.1.jar with languages [LanguageSpec[languageName=minecraft, acceptedVersions=1]]
[11Oct2025 15:36:59.112] [main/DEBUG] [net.minecraftforge.fml.loading.moddiscovery.ModFileParser/LOADING]: Considering mod file candidate C:\Users\Hell-\.gradle\caches\forge_gradle\deobf_dependencies\net\tslat\tes\TES-forge-1.20.1\1.5.1_mapped_official_1.20.1\TES-forge-1.20.1-1.5.1_mapped_official_1.20.1.jar
[11Oct2025 15:36:59.113] [main/DEBUG] [net.minecraftforge.fml.loading.moddiscovery.ModFileInfo/LOADING]: Found valid mod file TES-forge-1.20.1-1.5.1_mapped_official_1.20.1.jar with {tslatentitystatus} mods - versions {1.5.1}
[11Oct2025 15:36:59.113] [main/DEBUG] [net.minecraftforge.fml.loading.moddiscovery.ModFile/LOADING]: Loading mod file C:\Users\Hell-\.gradle\caches\forge_gradle\deobf_dependencies\net\tslat\tes\TES-forge-1.20.1\1.5.1_mapped_official_1.20.1\TES-forge-1.20.1-1.5.1_mapped_official_1.20.1.jar with languages [LanguageSpec[languageName=javafml, acceptedVersions=[46,)]]
[11Oct2025 15:36:59.113] [main/DEBUG] [net.minecraftforge.fml.loading.moddiscovery.ModFileParser/LOADING]: Considering mod file candidate C:\Users\Hell-\.gradle\caches\forge_gradle\deobf_dependencies\curse\maven\selene-499980\6380635_mapped_official_1.20.1\selene-499980-6380635_mapped_official_1.20.1.jar
[11Oct2025 15:36:59.114] [main/DEBUG] [net.minecraftforge.fml.loading.moddiscovery.ModFileInfo/LOADING]: Found valid mod file selene-499980-6380635_mapped_official_1.20.1.jar with {moonlight} mods - versions {1.20-2.13.81}
[11Oct2025 15:36:59.114] [main/DEBUG] [net.minecraftforge.fml.loading.moddiscovery.ModFile/LOADING]: Loading mod file C:\Users\Hell-\.gradle\caches\forge_gradle\deobf_dependencies\curse\maven\selene-499980\6380635_mapped_official_1.20.1\selene-499980-6380635_mapped_official_1.20.1.jar with languages [LanguageSpec[languageName=javafml, acceptedVersions=[40,)]]
[11Oct2025 15:36:59.114] [main/DEBUG] [net.minecraftforge.fml.loading.moddiscovery.ModFileParser/LOADING]: Considering mod file candidate C:\Projects\magitacz-forge\build\resources\main
[11Oct2025 15:36:59.115] [main/DEBUG] [net.minecraftforge.fml.loading.moddiscovery.ModFileInfo/LOADING]: Found valid mod file main with {magitacz} mods - versions {1.0}
[11Oct2025 15:36:59.115] [main/DEBUG] [net.minecraftforge.fml.loading.moddiscovery.ModFile/LOADING]: Loading mod file C:\Projects\magitacz-forge\build\resources\main with languages [LanguageSpec[languageName=javafml, acceptedVersions=[47,)]]
[11Oct2025 15:36:59.116] [main/DEBUG] [net.minecraftforge.fml.loading.moddiscovery.ModFileParser/LOADING]: Considering mod file candidate C:\Users\Hell-\.gradle\caches\forge_gradle\deobf_dependencies\curse\maven\gunsmith-lib-1264058\7049169_mapped_official_1.20.1\gunsmith-lib-1264058-7049169_mapped_official_1.20.1.jar
[11Oct2025 15:36:59.117] [main/DEBUG] [net.minecraftforge.fml.loading.moddiscovery.ModFileInfo/LOADING]: Found valid mod file gunsmith-lib-1264058-7049169_mapped_official_1.20.1.jar with {gunsmithlib} mods - versions {4.8.2+mc1.20.1+tacz1.1.6}
[11Oct2025 15:36:59.117] [main/DEBUG] [net.minecraftforge.fml.loading.moddiscovery.ModFile/LOADING]: Loading mod file C:\Users\Hell-\.gradle\caches\forge_gradle\deobf_dependencies\curse\maven\gunsmith-lib-1264058\7049169_mapped_official_1.20.1\gunsmith-lib-1264058-7049169_mapped_official_1.20.1.jar with languages [LanguageSpec[languageName=javafml, acceptedVersions=[47,)]]
[11Oct2025 15:36:59.117] [main/DEBUG] [net.minecraftforge.fml.loading.moddiscovery.ModFileParser/LOADING]: Considering mod file candidate C:\Users\Hell-\.gradle\caches\forge_gradle\deobf_dependencies\software\bernie\geckolib\geckolib-forge-1.20.1\4.4.9_mapped_official_1.20.1\geckolib-forge-1.20.1-4.4.9_mapped_official_1.20.1.jar
[11Oct2025 15:36:59.118] [main/DEBUG] [net.minecraftforge.fml.loading.moddiscovery.ModFileInfo/LOADING]: Found valid mod file geckolib-forge-1.20.1-4.4.9_mapped_official_1.20.1.jar with {geckolib} mods - versions {4.4.9}
[11Oct2025 15:36:59.118] [main/DEBUG] [net.minecraftforge.fml.loading.moddiscovery.ModFile/LOADING]: Loading mod file C:\Users\Hell-\.gradle\caches\forge_gradle\deobf_dependencies\software\bernie\geckolib\geckolib-forge-1.20.1\4.4.9_mapped_official_1.20.1\geckolib-forge-1.20.1-4.4.9_mapped_official_1.20.1.jar with languages [LanguageSpec[languageName=javafml, acceptedVersions=[47,)]]
[11Oct2025 15:36:59.118] [main/DEBUG] [net.minecraftforge.fml.loading.moddiscovery.ModFileParser/LOADING]: Considering mod file candidate C:\Users\Hell-\.gradle\caches\forge_gradle\deobf_dependencies\dev\kosmx\player-anim\player-animation-lib-forge\1.0.2-rc1+1.20_mapped_official_1.20.1\player-animation-lib-forge-1.0.2-rc1+1.20_mapped_official_1.20.1.jar
[11Oct2025 15:36:59.119] [main/DEBUG] [net.minecraftforge.fml.loading.moddiscovery.ModFileInfo/LOADING]: Found valid mod file player-animation-lib-forge-1.0.2-rc1+1.20_mapped_official_1.20.1.jar with {playeranimator} mods - versions {1.0.2-rc1+1.20}
[11Oct2025 15:36:59.119] [main/DEBUG] [net.minecraftforge.fml.loading.moddiscovery.ModFile/LOADING]: Loading mod file C:\Users\Hell-\.gradle\caches\forge_gradle\deobf_dependencies\dev\kosmx\player-anim\player-animation-lib-forge\1.0.2-rc1+1.20_mapped_official_1.20.1\player-animation-lib-forge-1.0.2-rc1+1.20_mapped_official_1.20.1.jar with languages [LanguageSpec[languageName=javafml, acceptedVersions=[46.0.0,)]]
[11Oct2025 15:36:59.119] [main/DEBUG] [net.minecraftforge.fml.loading.moddiscovery.ModFileParser/LOADING]: Considering mod file candidate C:\Users\Hell-\.gradle\caches\forge_gradle\deobf_dependencies\curse\maven\timeless-and-classics-zero-1028108\6654541_mapped_official_1.20.1\timeless-and-classics-zero-1028108-6654541_mapped_official_1.20.1.jar
[11Oct2025 15:36:59.120] [main/DEBUG] [net.minecraftforge.fml.loading.moddiscovery.ModFileInfo/LOADING]: Found valid mod file timeless-and-classics-zero-1028108-6654541_mapped_official_1.20.1.jar with {tacz} mods - versions {1.1.6-hotfix}
[11Oct2025 15:36:59.120] [main/DEBUG] [net.minecraftforge.fml.loading.moddiscovery.ModFile/LOADING]: Loading mod file C:\Users\Hell-\.gradle\caches\forge_gradle\deobf_dependencies\curse\maven\timeless-and-classics-zero-1028108\6654541_mapped_official_1.20.1\timeless-and-classics-zero-1028108-6654541_mapped_official_1.20.1.jar with languages [LanguageSpec[languageName=javafml, acceptedVersions=[46,)]]
[11Oct2025 15:36:59.120] [main/DEBUG] [net.minecraftforge.fml.loading.moddiscovery.ModFileParser/LOADING]: Considering mod file candidate C:\Users\Hell-\.gradle\caches\forge_gradle\deobf_dependencies\curse\maven\apotheosis-modern-ragnarok-966582\6956142_mapped_official_1.20.1\apotheosis-modern-ragnarok-966582-6956142_mapped_official_1.20.1.jar
[11Oct2025 15:36:59.121] [main/DEBUG] [net.minecraftforge.fml.loading.moddiscovery.ModFileInfo/LOADING]: Found valid mod file apotheosis-modern-ragnarok-966582-6956142_mapped_official_1.20.1.jar with {apotheosis_modern_ragnarok} mods - versions {5.0.16+mc1.20.1+tacz1.1.6}
[11Oct2025 15:36:59.121] [main/DEBUG] [net.minecraftforge.fml.loading.moddiscovery.ModFile/LOADING]: Loading mod file C:\Users\Hell-\.gradle\caches\forge_gradle\deobf_dependencies\curse\maven\apotheosis-modern-ragnarok-966582\6956142_mapped_official_1.20.1\apotheosis-modern-ragnarok-966582-6956142_mapped_official_1.20.1.jar with languages [LanguageSpec[languageName=javafml, acceptedVersions=[47,)]]
[11Oct2025 15:36:59.121] [main/DEBUG] [net.minecraftforge.fml.loading.moddiscovery.ModFileParser/LOADING]: Considering mod file candidate C:\Users\Hell-\.gradle\caches\forge_gradle\deobf_dependencies\top\theillusivec4\caelus\caelus-forge\3.2.0+1.20.1_mapped_official_1.20.1\caelus-forge-3.2.0+1.20.1_mapped_official_1.20.1.jar
[11Oct2025 15:36:59.121] [main/DEBUG] [net.minecraftforge.fml.loading.moddiscovery.ModFileInfo/LOADING]: Found valid mod file caelus-forge-3.2.0+1.20.1_mapped_official_1.20.1.jar with {caelus} mods - versions {3.2.0+1.20.1}
[11Oct2025 15:36:59.121] [main/DEBUG] [net.minecraftforge.fml.loading.moddiscovery.ModFile/LOADING]: Loading mod file C:\Users\Hell-\.gradle\caches\forge_gradle\deobf_dependencies\top\theillusivec4\caelus\caelus-forge\3.2.0+1.20.1_mapped_official_1.20.1\caelus-forge-3.2.0+1.20.1_mapped_official_1.20.1.jar with languages [LanguageSpec[languageName=javafml, acceptedVersions=[46,)]]
[11Oct2025 15:36:59.122] [main/DEBUG] [net.minecraftforge.fml.loading.moddiscovery.ModFileParser/LOADING]: Considering mod file candidate C:\Users\Hell-\.gradle\caches\forge_gradle\deobf_dependencies\curse\maven\obscure-api-638417\4616364_mapped_official_1.20.1\obscure-api-638417-4616364_mapped_official_1.20.1.jar
[11Oct2025 15:36:59.122] [main/DEBUG] [net.minecraftforge.fml.loading.moddiscovery.ModFileInfo/LOADING]: Found valid mod file obscure-api-638417-4616364_mapped_official_1.20.1.jar with {obscure_api} mods - versions {15}
[11Oct2025 15:36:59.123] [main/DEBUG] [net.minecraftforge.fml.loading.moddiscovery.ModFile/LOADING]: Loading mod file C:\Users\Hell-\.gradle\caches\forge_gradle\deobf_dependencies\curse\maven\obscure-api-638417\4616364_mapped_official_1.20.1\obscure-api-638417-4616364_mapped_official_1.20.1.jar with languages [LanguageSpec[languageName=javafml, acceptedVersions=[47,)]]
[11Oct2025 15:36:59.123] [main/DEBUG] [net.minecraftforge.fml.loading.moddiscovery.ModFileParser/LOADING]: Considering mod file candidate C:\Users\Hell-\.gradle\caches\forge_gradle\deobf_dependencies\top\theillusivec4\curios\curios-forge\5.14.1+1.20.1_mapped_official_1.20.1\curios-forge-5.14.1+1.20.1_mapped_official_1.20.1.jar
[11Oct2025 15:36:59.124] [main/DEBUG] [net.minecraftforge.fml.loading.moddiscovery.ModFileInfo/LOADING]: Found valid mod file curios-forge-5.14.1+1.20.1_mapped_official_1.20.1.jar with {curios} mods - versions {5.14.1+1.20.1}
[11Oct2025 15:36:59.125] [main/DEBUG] [net.minecraftforge.fml.loading.moddiscovery.ModFile/LOADING]: Loading mod file C:\Users\Hell-\.gradle\caches\forge_gradle\deobf_dependencies\top\theillusivec4\curios\curios-forge\5.14.1+1.20.1_mapped_official_1.20.1\curios-forge-5.14.1+1.20.1_mapped_official_1.20.1.jar with languages [LanguageSpec[languageName=javafml, acceptedVersions=[41,)]]
[11Oct2025 15:36:59.125] [main/DEBUG] [net.minecraftforge.fml.loading.moddiscovery.ModFileParser/LOADING]: Considering mod file candidate C:\Users\Hell-\.gradle\caches\forge_gradle\deobf_dependencies\curse\maven\apotheotic-additions-924640\6393313_mapped_official_1.20.1\apotheotic-additions-924640-6393313_mapped_official_1.20.1.jar
[11Oct2025 15:36:59.126] [main/DEBUG] [net.minecraftforge.fml.loading.moddiscovery.ModFileInfo/LOADING]: Found valid mod file apotheotic-additions-924640-6393313_mapped_official_1.20.1.jar with {apotheotic_additions} mods - versions {2.2.2}
[11Oct2025 15:36:59.126] [main/DEBUG] [net.minecraftforge.fml.loading.moddiscovery.ModFile/LOADING]: Loading mod file C:\Users\Hell-\.gradle\caches\forge_gradle\deobf_dependencies\curse\maven\apotheotic-additions-924640\6393313_mapped_official_1.20.1\apotheotic-additions-924640-6393313_mapped_official_1.20.1.jar with languages [LanguageSpec[languageName=javafml, acceptedVersions=[47,)]]
[11Oct2025 15:36:59.126] [main/DEBUG] [net.minecraftforge.fml.loading.moddiscovery.ModFileParser/LOADING]: Considering mod file candidate C:\Users\Hell-\.gradle\caches\forge_gradle\deobf_dependencies\dev\shadowsoffire\Placebo\1.20.1-8.6.3_mapped_official_1.20.1\Placebo-1.20.1-8.6.3_mapped_official_1.20.1.jar
[11Oct2025 15:36:59.127] [main/DEBUG] [net.minecraftforge.fml.loading.moddiscovery.ModFileInfo/LOADING]: Found valid mod file Placebo-1.20.1-8.6.3_mapped_official_1.20.1.jar with {placebo} mods - versions {8.6.3}
[11Oct2025 15:36:59.127] [main/DEBUG] [net.minecraftforge.fml.loading.moddiscovery.ModFile/LOADING]: Loading mod file C:\Users\Hell-\.gradle\caches\forge_gradle\deobf_dependencies\dev\shadowsoffire\Placebo\1.20.1-8.6.3_mapped_official_1.20.1\Placebo-1.20.1-8.6.3_mapped_official_1.20.1.jar with languages [LanguageSpec[languageName=javafml, acceptedVersions=[32,)]]
[11Oct2025 15:36:59.131] [main/DEBUG] [net.minecraftforge.fml.loading.moddiscovery.ModFileParser/LOADING]: Found coremod placebo_get_ench_level_event with Javascript path coremods/get_ench_level_event.js
[11Oct2025 15:36:59.131] [main/DEBUG] [net.minecraftforge.fml.loading.moddiscovery.ModFileParser/LOADING]: Found coremod placebo_get_ench_level_event_specific with Javascript path coremods/get_ench_level_event_specific.js
[11Oct2025 15:36:59.132] [main/DEBUG] [net.minecraftforge.fml.loading.moddiscovery.ModFile/LOADING]: Found coremod coremods/get_ench_level_event.js
[11Oct2025 15:36:59.132] [main/DEBUG] [net.minecraftforge.fml.loading.moddiscovery.ModFile/LOADING]: Found coremod coremods/get_ench_level_event_specific.js
[11Oct2025 15:36:59.132] [main/DEBUG] [net.minecraftforge.fml.loading.moddiscovery.ModFileParser/LOADING]: Considering mod file candidate C:\Users\Hell-\.gradle\caches\forge_gradle\deobf_dependencies\io\redspace\ironsspellbooks\irons_spellbooks\1.20.1-3.4.0.9_mapped_official_1.20.1\irons_spellbooks-1.20.1-3.4.0.9_mapped_official_1.20.1.jar
[11Oct2025 15:36:59.134] [main/DEBUG] [net.minecraftforge.fml.loading.moddiscovery.ModFileInfo/LOADING]: Found valid mod file irons_spellbooks-1.20.1-3.4.0.9_mapped_official_1.20.1.jar with {irons_spellbooks} mods - versions {1.20.1-3.4.0.9}
[11Oct2025 15:36:59.134] [main/DEBUG] [net.minecraftforge.fml.loading.moddiscovery.ModFile/LOADING]: Loading mod file C:\Users\Hell-\.gradle\caches\forge_gradle\deobf_dependencies\io\redspace\ironsspellbooks\irons_spellbooks\1.20.1-3.4.0.9_mapped_official_1.20.1\irons_spellbooks-1.20.1-3.4.0.9_mapped_official_1.20.1.jar with languages [LanguageSpec[languageName=javafml, acceptedVersions=[47,)]]
[11Oct2025 15:36:59.134] [main/DEBUG] [net.minecraftforge.fml.loading.moddiscovery.ModFileParser/LOADING]: Considering mod file candidate C:\Users\Hell-\.gradle\caches\forge_gradle\deobf_dependencies\curse\maven\apothic-attributes-898963\5634071_mapped_official_1.20.1\apothic-attributes-898963-5634071_mapped_official_1.20.1.jar
[11Oct2025 15:36:59.135] [main/DEBUG] [net.minecraftforge.fml.loading.moddiscovery.ModFileInfo/LOADING]: Found valid mod file apothic-attributes-898963-5634071_mapped_official_1.20.1.jar with {attributeslib} mods - versions {1.3.7}
[11Oct2025 15:36:59.135] [main/DEBUG] [net.minecraftforge.fml.loading.moddiscovery.ModFile/LOADING]: Loading mod file C:\Users\Hell-\.gradle\caches\forge_gradle\deobf_dependencies\curse\maven\apothic-attributes-898963\5634071_mapped_official_1.20.1\apothic-attributes-898963-5634071_mapped_official_1.20.1.jar with languages [LanguageSpec[languageName=javafml, acceptedVersions=[32,)]]
[11Oct2025 15:36:59.136] [main/DEBUG] [net.minecraftforge.fml.loading.moddiscovery.ModFileParser/LOADING]: Found coremod attributeslib_potion_gui_tooltips with Javascript path coremods/potion_gui_tooltips.js
[11Oct2025 15:36:59.136] [main/DEBUG] [net.minecraftforge.fml.loading.moddiscovery.ModFile/LOADING]: Found coremod coremods/potion_gui_tooltips.js
[11Oct2025 15:36:59.137] [main/DEBUG] [net.minecraftforge.fml.loading.moddiscovery.ModFileParser/LOADING]: Considering mod file candidate C:\Users\Hell-\.gradle\caches\forge_gradle\deobf_dependencies\dev\shadowsoffire\Apotheosis\1.20.1-7.4.8_mapped_official_1.20.1\Apotheosis-1.20.1-7.4.8_mapped_official_1.20.1.jar
[11Oct2025 15:36:59.138] [main/DEBUG] [net.minecraftforge.fml.loading.moddiscovery.ModFileInfo/LOADING]: Found valid mod file Apotheosis-1.20.1-7.4.8_mapped_official_1.20.1.jar with {apotheosis} mods - versions {7.4.8}
[11Oct2025 15:36:59.138] [main/DEBUG] [net.minecraftforge.fml.loading.moddiscovery.ModFile/LOADING]: Loading mod file C:\Users\Hell-\.gradle\caches\forge_gradle\deobf_dependencies\dev\shadowsoffire\Apotheosis\1.20.1-7.4.8_mapped_official_1.20.1\Apotheosis-1.20.1-7.4.8_mapped_official_1.20.1.jar with languages [LanguageSpec[languageName=javafml, acceptedVersions=[32,)]]
[11Oct2025 15:36:59.139] [main/DEBUG] [net.minecraftforge.fml.loading.moddiscovery.ModFileParser/LOADING]: Found coremod apotheosis_ench/ench_info_loot_redirector with Javascript path coremods/ench/ench_info_loot_redirector.js
[11Oct2025 15:36:59.139] [main/DEBUG] [net.minecraftforge.fml.loading.moddiscovery.ModFileParser/LOADING]: Found coremod apotheosis_ench/ench_info_redirector with Javascript path coremods/ench/ench_info_redirector.js
[11Oct2025 15:36:59.139] [main/DEBUG] [net.minecraftforge.fml.loading.moddiscovery.ModFileParser/LOADING]: Found coremod apotheosis_ench/fishing_hook with Javascript path coremods/ench/fishing_hook.js
[11Oct2025 15:36:59.139] [main/DEBUG] [net.minecraftforge.fml.loading.moddiscovery.ModFile/LOADING]: Found coremod coremods/ench/ench_info_loot_redirector.js
[11Oct2025 15:36:59.139] [main/DEBUG] [net.minecraftforge.fml.loading.moddiscovery.ModFile/LOADING]: Found coremod coremods/ench/ench_info_redirector.js
[11Oct2025 15:36:59.139] [main/DEBUG] [net.minecraftforge.fml.loading.moddiscovery.ModFile/LOADING]: Found coremod coremods/ench/fishing_hook.js
[11Oct2025 15:36:59.139] [main/DEBUG] [net.minecraftforge.fml.loading.moddiscovery.ModFileParser/LOADING]: Considering mod file candidate /
[11Oct2025 15:36:59.140] [main/DEBUG] [net.minecraftforge.fml.loading.moddiscovery.ModFileInfo/LOADING]: Found valid mod file  with {forge} mods - versions {47.4.0}
[11Oct2025 15:36:59.141] [main/DEBUG] [net.minecraftforge.fml.loading.moddiscovery.ModFile/LOADING]: Loading mod file / with languages [LanguageSpec[languageName=javafml, acceptedVersions=[24,]]]
[11Oct2025 15:36:59.141] [main/DEBUG] [net.minecraftforge.fml.loading.moddiscovery.ModFileParser/LOADING]: Found coremod field_to_method with Javascript path coremods/field_to_method.js
[11Oct2025 15:36:59.142] [main/DEBUG] [net.minecraftforge.fml.loading.moddiscovery.ModFileParser/LOADING]: Found coremod field_to_instanceof with Javascript path coremods/field_to_instanceof.js
[11Oct2025 15:36:59.142] [main/DEBUG] [net.minecraftforge.fml.loading.moddiscovery.ModFileParser/LOADING]: Found coremod add_bouncer_method with Javascript path coremods/add_bouncer_method.js
[11Oct2025 15:36:59.142] [main/DEBUG] [net.minecraftforge.fml.loading.moddiscovery.ModFileParser/LOADING]: Found coremod method_redirector with Javascript path coremods/method_redirector.js
[11Oct2025 15:36:59.142] [main/DEBUG] [net.minecraftforge.fml.loading.moddiscovery.ModFile/LOADING]: Found coremod coremods/field_to_method.js
[11Oct2025 15:36:59.142] [main/DEBUG] [net.minecraftforge.fml.loading.moddiscovery.ModFile/LOADING]: Found coremod coremods/field_to_instanceof.js
[11Oct2025 15:36:59.142] [main/DEBUG] [net.minecraftforge.fml.loading.moddiscovery.ModFile/LOADING]: Found coremod coremods/add_bouncer_method.js
[11Oct2025 15:36:59.142] [main/DEBUG] [net.minecraftforge.fml.loading.moddiscovery.ModFile/LOADING]: Found coremod coremods/method_redirector.js
[11Oct2025 15:36:59.142] [main/DEBUG] [net.minecraftforge.fml.loading.moddiscovery.ModFileParser/LOADING]: Considering mod file candidate C:\Users\Hell-\.gradle\caches\forge_gradle\deobf_dependencies\curse\maven\mmmmmmmmmmmm-225738\6237015_mapped_official_1.20.1\mmmmmmmmmmmm-225738-6237015_mapped_official_1.20.1.jar
[11Oct2025 15:36:59.143] [main/DEBUG] [net.minecraftforge.fml.loading.moddiscovery.ModFileInfo/LOADING]: Found valid mod file mmmmmmmmmmmm-225738-6237015_mapped_official_1.20.1.jar with {dummmmmmy} mods - versions {1.20-2.0.6}
[11Oct2025 15:36:59.144] [main/DEBUG] [net.minecraftforge.fml.loading.moddiscovery.ModFile/LOADING]: Loading mod file C:\Users\Hell-\.gradle\caches\forge_gradle\deobf_dependencies\curse\maven\mmmmmmmmmmmm-225738\6237015_mapped_official_1.20.1\mmmmmmmmmmmm-225738-6237015_mapped_official_1.20.1.jar with languages [LanguageSpec[languageName=javafml, acceptedVersions=[40,)]]
[11Oct2025 15:36:59.144] [main/DEBUG] [net.minecraftforge.fml.loading.moddiscovery.ModFileParser/LOADING]: Considering mod file candidate C:\Users\Hell-\.gradle\caches\forge_gradle\deobf_dependencies\curse\maven\ob-aquamirae-536254\7039863_mapped_official_1.20.1\ob-aquamirae-536254-7039863_mapped_official_1.20.1.jar
[11Oct2025 15:36:59.145] [main/DEBUG] [net.minecraftforge.fml.loading.moddiscovery.ModFileInfo/LOADING]: Found valid mod file ob-aquamirae-536254-7039863_mapped_official_1.20.1.jar with {aquamirae} mods - versions {6.1.0}
[11Oct2025 15:36:59.145] [main/DEBUG] [net.minecraftforge.fml.loading.moddiscovery.ModFile/LOADING]: Loading mod file C:\Users\Hell-\.gradle\caches\forge_gradle\deobf_dependencies\curse\maven\ob-aquamirae-536254\7039863_mapped_official_1.20.1\ob-aquamirae-536254-7039863_mapped_official_1.20.1.jar with languages [LanguageSpec[languageName=javafml, acceptedVersions=[47,)]]
[11Oct2025 15:36:59.145] [main/DEBUG] [net.minecraftforge.fml.loading.moddiscovery.ModFile/LOADING]: Loading mod file  with languages []
[11Oct2025 15:36:59.145] [main/DEBUG] [net.minecraftforge.fml.loading.moddiscovery.ModFile/LOADING]: Loading mod file  with languages []
[11Oct2025 15:36:59.146] [main/DEBUG] [net.minecraftforge.fml.loading.moddiscovery.ModFile/LOADING]: Loading mod file  with languages []
[11Oct2025 15:36:59.146] [main/DEBUG] [net.minecraftforge.fml.loading.moddiscovery.ModFile/LOADING]: Loading mod file  with languages []
[11Oct2025 15:36:59.146] [main/DEBUG] [net.minecraftforge.fml.loading.moddiscovery.ModFile/LOADING]: Loading mod file  with languages []
[11Oct2025 15:36:59.146] [main/DEBUG] [net.minecraftforge.fml.loading.moddiscovery.ModFile/LOADING]: Loading mod file  with languages []
[11Oct2025 15:36:59.146] [main/DEBUG] [net.minecraftforge.fml.loading.moddiscovery.ModFile/LOADING]: Loading mod file  with languages []
[11Oct2025 15:36:59.146] [main/DEBUG] [net.minecraftforge.fml.loading.moddiscovery.ModFile/LOADING]: Loading mod file  with languages []
[11Oct2025 15:36:59.146] [main/DEBUG] [net.minecraftforge.fml.loading.moddiscovery.ModFile/LOADING]: Loading mod file  with languages []
[11Oct2025 15:36:59.147] [main/DEBUG] [net.minecraftforge.fml.loading.moddiscovery.ModFile/LOADING]: Loading mod file  with languages []
[11Oct2025 15:36:59.147] [main/DEBUG] [net.minecraftforge.fml.loading.moddiscovery.ModFile/LOADING]: Loading mod file  with languages []
[11Oct2025 15:36:59.147] [main/DEBUG] [net.minecraftforge.fml.loading.moddiscovery.ModFile/LOADING]: Loading mod file  with languages []
[11Oct2025 15:36:59.147] [main/DEBUG] [net.minecraftforge.fml.loading.moddiscovery.ModFile/LOADING]: Loading mod file  with languages []
[11Oct2025 15:36:59.147] [main/DEBUG] [net.minecraftforge.fml.loading.moddiscovery.ModFile/LOADING]: Loading mod file  with languages []
[11Oct2025 15:36:59.150] [main/DEBUG] [cpw.mods.modlauncher.TransformationServiceDecorator/MODLAUNCHER]: End scan trigger - transformation service fml
[11Oct2025 15:36:59.177] [main/DEBUG] [net.minecraftforge.fml.loading.LanguageLoadingProvider/CORE]: Found 3 language providers
[11Oct2025 15:36:59.178] [main/DEBUG] [net.minecraftforge.fml.loading.LanguageLoadingProvider/CORE]: Found language provider minecraft, version 1.0
[11Oct2025 15:36:59.179] [main/DEBUG] [net.minecraftforge.fml.loading.LanguageLoadingProvider/CORE]: Found language provider lowcodefml, version 47
[11Oct2025 15:36:59.179] [main/DEBUG] [net.minecraftforge.fml.loading.LanguageLoadingProvider/CORE]: Found language provider javafml, version 47
[11Oct2025 15:36:59.190] [main/DEBUG] [net.minecraftforge.fml.loading.UniqueModListBuilder/]: Found 2 mods for first modid mclib, selecting most recent based on version data
[11Oct2025 15:36:59.190] [main/DEBUG] [net.minecraftforge.fml.loading.UniqueModListBuilder/]: Selected file mclib-20.jar for modid mclib with version 0.0NONE
[11Oct2025 15:36:59.190] [main/DEBUG] [net.minecraftforge.fml.loading.UniqueModListBuilder/]: Found 2 mods for first modid luaj.jse.figura, selecting most recent based on version data
[11Oct2025 15:36:59.191] [main/DEBUG] [net.minecraftforge.fml.loading.UniqueModListBuilder/]: Selected file luaj-jse-3.0.8-figura.jar for modid luaj.jse.figura with version 0.0NONE
[11Oct2025 15:36:59.191] [main/DEBUG] [net.minecraftforge.fml.loading.UniqueModListBuilder/]: Found 2 mods for first modid org.apache.bcel, selecting most recent based on version data
[11Oct2025 15:36:59.191] [main/DEBUG] [net.minecraftforge.fml.loading.UniqueModListBuilder/]: Selected file bcel-6.6.1.jar for modid org.apache.bcel with version 6.6.1
[11Oct2025 15:36:59.191] [main/DEBUG] [net.minecraftforge.fml.loading.UniqueModListBuilder/]: Found 2 mods for first modid luaj.core.figura, selecting most recent based on version data
[11Oct2025 15:36:59.191] [main/DEBUG] [net.minecraftforge.fml.loading.UniqueModListBuilder/]: Selected file luaj-core-3.0.8-figura.jar for modid luaj.core.figura with version 0.0NONE
[11Oct2025 15:36:59.191] [main/DEBUG] [net.minecraftforge.fml.loading.UniqueModListBuilder/]: Found 2 mods for first modid mixinextras, selecting most recent based on version data
[11Oct2025 15:36:59.191] [main/DEBUG] [net.minecraftforge.fml.loading.UniqueModListBuilder/]: Selected file mixinextras-forge-0.5.0.jar for modid mixinextras with version 0.5.0
[11Oct2025 15:36:59.192] [main/DEBUG] [net.minecraftforge.fml.loading.UniqueModListBuilder/]: Found 2 mods for first modid MixinExtras, selecting most recent based on version data
[11Oct2025 15:36:59.192] [main/DEBUG] [net.minecraftforge.fml.loading.UniqueModListBuilder/]: Selected file MixinExtras-0.5.0.jar for modid MixinExtras with version 0.5.0
[11Oct2025 15:36:59.192] [main/DEBUG] [net.minecraftforge.fml.loading.UniqueModListBuilder/]: Found 2 mods for first modid commons.math3, selecting most recent based on version data
[11Oct2025 15:36:59.192] [main/DEBUG] [net.minecraftforge.fml.loading.UniqueModListBuilder/]: Selected file commons-math3-3.6.1.jar for modid commons.math3 with version 3.6.1
[11Oct2025 15:36:59.202] [main/DEBUG] [net.minecraftforge.fml.loading.ModSorter/]: Configured system mods: [minecraft, forge]
[11Oct2025 15:36:59.202] [main/DEBUG] [net.minecraftforge.fml.loading.ModSorter/]: Found system mod: minecraft
[11Oct2025 15:36:59.202] [main/DEBUG] [net.minecraftforge.fml.loading.ModSorter/]: Found system mod: forge
[11Oct2025 15:36:59.212] [main/DEBUG] [net.minecraftforge.fml.loading.ModSorter/LOADING]: Found 46 mod requirements (44 mandatory, 2 optional)
[11Oct2025 15:36:59.214] [main/DEBUG] [net.minecraftforge.fml.loading.ModSorter/LOADING]: Found 0 mod requirements missing (0 mandatory, 0 optional)
[11Oct2025 15:36:59.965] [main/DEBUG] [net.minecraftforge.fml.loading.MCPNamingService/CORE]: Loaded 33222 method mappings from methods.csv
[11Oct2025 15:37:00.026] [main/DEBUG] [net.minecraftforge.fml.loading.MCPNamingService/CORE]: Loaded 31003 field mappings from fields.csv
[11Oct2025 15:37:00.127] [main/DEBUG] [cpw.mods.modlauncher.TransformationServicesHandler/MODLAUNCHER]: Transformation services loading transformers
[11Oct2025 15:37:00.128] [main/DEBUG] [cpw.mods.modlauncher.TransformationServiceDecorator/MODLAUNCHER]: Initializing transformers for transformation service mixin
[11Oct2025 15:37:00.130] [main/DEBUG] [cpw.mods.modlauncher.TransformationServiceDecorator/MODLAUNCHER]: Initialized transformers for transformation service mixin
[11Oct2025 15:37:00.130] [main/DEBUG] [cpw.mods.modlauncher.TransformationServiceDecorator/MODLAUNCHER]: Initializing transformers for transformation service fml
[11Oct2025 15:37:00.130] [main/DEBUG] [net.minecraftforge.fml.loading.FMLServiceProvider/CORE]: Loading coremod transformers
[11Oct2025 15:37:00.130] [main/DEBUG] [net.minecraftforge.coremod.CoreModEngine/COREMOD]: Loading CoreMod from coremods/get_ench_level_event.js
[11Oct2025 15:37:00.509] [main/DEBUG] [net.minecraftforge.coremod.CoreModEngine/COREMOD]: CoreMod loaded successfully
[11Oct2025 15:37:00.510] [main/DEBUG] [net.minecraftforge.coremod.CoreModEngine/COREMOD]: Loading CoreMod from coremods/get_ench_level_event_specific.js
[11Oct2025 15:37:00.526] [main/DEBUG] [net.minecraftforge.coremod.CoreModEngine/COREMOD]: CoreMod loaded successfully
[11Oct2025 15:37:00.527] [main/DEBUG] [net.minecraftforge.coremod.CoreModEngine/COREMOD]: Loading CoreMod from coremods/potion_gui_tooltips.js
[11Oct2025 15:37:00.568] [main/DEBUG] [net.minecraftforge.coremod.CoreModEngine/COREMOD]: CoreMod loaded successfully
[11Oct2025 15:37:00.569] [main/DEBUG] [net.minecraftforge.coremod.CoreModEngine/COREMOD]: Loading CoreMod from coremods/ench/ench_info_loot_redirector.js
[11Oct2025 15:37:00.654] [main/DEBUG] [net.minecraftforge.coremod.CoreModEngine/COREMOD]: CoreMod loaded successfully
[11Oct2025 15:37:00.654] [main/DEBUG] [net.minecraftforge.coremod.CoreModEngine/COREMOD]: Loading CoreMod from coremods/ench/ench_info_redirector.js
[11Oct2025 15:37:00.677] [main/DEBUG] [net.minecraftforge.coremod.CoreModEngine/COREMOD]: CoreMod loaded successfully
[11Oct2025 15:37:00.677] [main/DEBUG] [net.minecraftforge.coremod.CoreModEngine/COREMOD]: Loading CoreMod from coremods/ench/fishing_hook.js
[11Oct2025 15:37:00.691] [main/DEBUG] [net.minecraftforge.coremod.CoreModEngine/COREMOD]: CoreMod loaded successfully
[11Oct2025 15:37:00.691] [main/DEBUG] [net.minecraftforge.coremod.CoreModEngine/COREMOD]: Loading CoreMod from coremods/field_to_method.js
[11Oct2025 15:37:00.717] [main/DEBUG] [net.minecraftforge.coremod.CoreModEngine/COREMOD]: CoreMod loaded successfully
[11Oct2025 15:37:00.718] [main/DEBUG] [net.minecraftforge.coremod.CoreModEngine/COREMOD]: Loading CoreMod from coremods/field_to_instanceof.js
[11Oct2025 15:37:00.822] [main/DEBUG] [net.minecraftforge.coremod.CoreModEngine/COREMOD]: CoreMod loaded successfully
[11Oct2025 15:37:00.823] [main/DEBUG] [net.minecraftforge.coremod.CoreModEngine/COREMOD]: Loading CoreMod from coremods/add_bouncer_method.js
[11Oct2025 15:37:00.878] [main/DEBUG] [net.minecraftforge.coremod.CoreModEngine/COREMOD]: CoreMod loaded successfully
[11Oct2025 15:37:00.878] [main/DEBUG] [net.minecraftforge.coremod.CoreModEngine/COREMOD]: Loading CoreMod from coremods/method_redirector.js
[11Oct2025 15:37:00.966] [main/DEBUG] [net.minecraftforge.coremod.CoreModEngine/COREMOD]: CoreMod loaded successfully
[11Oct2025 15:37:01.005] [main/DEBUG] [cpw.mods.modlauncher.TransformStore/MODLAUNCHER]: Adding transformer net.minecraftforge.coremod.transformer.CoreModMethodTransformer@3fe512d2 to Target : METHOD {Lnet/minecraftforge/common/extensions/IForgeItemStack;} {getAllEnchantments} {()Ljava/util/Map;}
[11Oct2025 15:37:01.009] [main/DEBUG] [cpw.mods.modlauncher.TransformStore/MODLAUNCHER]: Adding transformer net.minecraftforge.coremod.transformer.CoreModMethodTransformer@3d53e6f7 to Target : METHOD {Lnet/minecraftforge/common/extensions/IForgeItemStack;} {getEnchantmentLevel} {(Lnet/minecraft/world/item/enchantment/Enchantment;)I}
[11Oct2025 15:37:01.009] [main/DEBUG] [cpw.mods.modlauncher.TransformStore/MODLAUNCHER]: Adding transformer net.minecraftforge.coremod.transformer.CoreModMethodTransformer@1de4bee0 to Target : METHOD {Lnet/minecraft/client/gui/screens/inventory/EffectRenderingInventoryScreen;} {renderEffects} {(Lnet/minecraft/client/gui/GuiGraphics;II)V}
[11Oct2025 15:37:01.009] [main/DEBUG] [cpw.mods.modlauncher.TransformStore/MODLAUNCHER]: Adding transformer net.minecraftforge.coremod.transformer.CoreModMethodTransformer@3ece79fe to Target : METHOD {Lnet/minecraft/world/entity/projectile/FishingHook;} {catchingFish} {(Lnet/minecraft/core/BlockPos;)V}
[11Oct2025 15:37:01.009] [main/DEBUG] [cpw.mods.modlauncher.TransformStore/MODLAUNCHER]: Adding transformer net.minecraftforge.coremod.transformer.CoreModClassTransformer@1e01b133 to Target : CLASS {Lnet/minecraft/world/entity/npc/VillagerTrades$EnchantBookForEmeralds;} {} {V}
[11Oct2025 15:37:01.010] [main/DEBUG] [cpw.mods.modlauncher.TransformStore/MODLAUNCHER]: Adding transformer net.minecraftforge.coremod.transformer.CoreModClassTransformer@1e01b133 to Target : CLASS {Lnet/minecraft/world/level/storage/loot/functions/EnchantRandomlyFunction;} {} {V}
[11Oct2025 15:37:01.010] [main/DEBUG] [cpw.mods.modlauncher.TransformStore/MODLAUNCHER]: Adding transformer net.minecraftforge.coremod.transformer.CoreModClassTransformer@1e01b133 to Target : CLASS {Lorg/violetmoon/quark/content/tools/loot/EnchantTome;} {} {V}
[11Oct2025 15:37:01.010] [main/DEBUG] [cpw.mods.modlauncher.TransformStore/MODLAUNCHER]: Adding transformer net.minecraftforge.coremod.transformer.CoreModClassTransformer@262a1fad to Target : CLASS {Lorg/violetmoon/quark/content/tools/module/AncientTomesModule;} {} {V}
[11Oct2025 15:37:01.010] [main/DEBUG] [cpw.mods.modlauncher.TransformStore/MODLAUNCHER]: Adding transformer net.minecraftforge.coremod.transformer.CoreModClassTransformer@262a1fad to Target : CLASS {Lnet/minecraft/world/item/CreativeModeTabs;} {} {V}
[11Oct2025 15:37:01.011] [main/DEBUG] [cpw.mods.modlauncher.TransformStore/MODLAUNCHER]: Adding transformer net.minecraftforge.coremod.transformer.CoreModClassTransformer@262a1fad to Target : CLASS {Lcom/mrcrayfish/goblintraders/Hooks;} {} {V}
[11Oct2025 15:37:01.011] [main/DEBUG] [cpw.mods.modlauncher.TransformStore/MODLAUNCHER]: Adding transformer net.minecraftforge.coremod.transformer.CoreModClassTransformer@262a1fad to Target : CLASS {Lnet/minecraft/world/item/EnchantedBookItem;} {} {V}
[11Oct2025 15:37:01.011] [main/DEBUG] [cpw.mods.modlauncher.TransformStore/MODLAUNCHER]: Adding transformer net.minecraftforge.coremod.transformer.CoreModClassTransformer@262a1fad to Target : CLASS {Lorg/violetmoon/quark/content/tools/item/AncientTomeItem;} {} {V}
[11Oct2025 15:37:01.011] [main/DEBUG] [cpw.mods.modlauncher.TransformStore/MODLAUNCHER]: Adding transformer net.minecraftforge.coremod.transformer.CoreModClassTransformer@262a1fad to Target : CLASS {Lnet/minecraft/world/inventory/AnvilMenu;} {} {V}
[11Oct2025 15:37:01.011] [main/DEBUG] [cpw.mods.modlauncher.TransformStore/MODLAUNCHER]: Adding transformer net.minecraftforge.coremod.transformer.CoreModClassTransformer@262a1fad to Target : CLASS {Lorg/violetmoon/quark/content/experimental/module/GameNerfsModule;} {} {V}
[11Oct2025 15:37:01.011] [main/DEBUG] [cpw.mods.modlauncher.TransformStore/MODLAUNCHER]: Adding transformer net.minecraftforge.coremod.transformer.CoreModClassTransformer@262a1fad to Target : CLASS {Lnet/minecraft/server/commands/EnchantCommand;} {} {V}
[11Oct2025 15:37:01.011] [main/DEBUG] [cpw.mods.modlauncher.TransformStore/MODLAUNCHER]: Adding transformer net.minecraftforge.coremod.transformer.CoreModClassTransformer@6be6931f to Target : CLASS {Lnet/minecraft/world/level/biome/Biome;} {} {V}
[11Oct2025 15:37:01.011] [main/DEBUG] [cpw.mods.modlauncher.TransformStore/MODLAUNCHER]: Adding transformer net.minecraftforge.coremod.transformer.CoreModClassTransformer@6b4125ed to Target : CLASS {Lnet/minecraft/world/level/levelgen/structure/Structure;} {} {V}
[11Oct2025 15:37:01.011] [main/DEBUG] [cpw.mods.modlauncher.TransformStore/MODLAUNCHER]: Adding transformer net.minecraftforge.coremod.transformer.CoreModClassTransformer@78da899f to Target : CLASS {Lnet/minecraft/world/effect/MobEffectInstance;} {} {V}
[11Oct2025 15:37:01.011] [main/DEBUG] [cpw.mods.modlauncher.TransformStore/MODLAUNCHER]: Adding transformer net.minecraftforge.coremod.transformer.CoreModClassTransformer@e7b265e to Target : CLASS {Lnet/minecraft/world/level/block/LiquidBlock;} {} {V}
[11Oct2025 15:37:01.011] [main/DEBUG] [cpw.mods.modlauncher.TransformStore/MODLAUNCHER]: Adding transformer net.minecraftforge.coremod.transformer.CoreModClassTransformer@51da32e5 to Target : CLASS {Lnet/minecraft/world/item/BucketItem;} {} {V}
[11Oct2025 15:37:01.012] [main/DEBUG] [cpw.mods.modlauncher.TransformStore/MODLAUNCHER]: Adding transformer net.minecraftforge.coremod.transformer.CoreModClassTransformer@33d60b7e to Target : CLASS {Lnet/minecraft/world/level/block/StairBlock;} {} {V}
[11Oct2025 15:37:01.012] [main/DEBUG] [cpw.mods.modlauncher.TransformStore/MODLAUNCHER]: Adding transformer net.minecraftforge.coremod.transformer.CoreModClassTransformer@1fecfaea to Target : CLASS {Lnet/minecraft/world/level/block/FlowerPotBlock;} {} {V}
[11Oct2025 15:37:01.012] [main/DEBUG] [cpw.mods.modlauncher.TransformStore/MODLAUNCHER]: Adding transformer net.minecraftforge.coremod.transformer.CoreModClassTransformer@4872669f to Target : CLASS {Lnet/minecraft/world/item/ItemStack;} {} {V}
[11Oct2025 15:37:01.012] [main/DEBUG] [cpw.mods.modlauncher.TransformStore/MODLAUNCHER]: Adding transformer net.minecraftforge.coremod.transformer.CoreModClassTransformer@483f286e to Target : CLASS {Lnet/minecraft/network/play/client/CClientSettingsPacket;} {} {V}
[11Oct2025 15:37:01.012] [main/DEBUG] [cpw.mods.modlauncher.TransformStore/MODLAUNCHER]: Adding transformer net.minecraftforge.coremod.transformer.CoreModClassTransformer@4bb147ec to Target : CLASS {Lnet/minecraft/world/entity/monster/ZombieVillager;} {} {V}
[11Oct2025 15:37:01.012] [main/DEBUG] [cpw.mods.modlauncher.TransformStore/MODLAUNCHER]: Adding transformer net.minecraftforge.coremod.transformer.CoreModClassTransformer@4bb147ec to Target : CLASS {Lnet/minecraft/world/entity/monster/Evoker$EvokerSummonSpellGoal;} {} {V}
[11Oct2025 15:37:01.012] [main/DEBUG] [cpw.mods.modlauncher.TransformStore/MODLAUNCHER]: Adding transformer net.minecraftforge.coremod.transformer.CoreModClassTransformer@4bb147ec to Target : CLASS {Lnet/minecraft/world/level/levelgen/PhantomSpawner;} {} {V}
[11Oct2025 15:37:01.012] [main/DEBUG] [cpw.mods.modlauncher.TransformStore/MODLAUNCHER]: Adding transformer net.minecraftforge.coremod.transformer.CoreModClassTransformer@4bb147ec to Target : CLASS {Lnet/minecraft/world/level/levelgen/structure/structures/WoodlandMansionPieces$WoodlandMansionPiece;} {} {V}
[11Oct2025 15:37:01.012] [main/DEBUG] [cpw.mods.modlauncher.TransformStore/MODLAUNCHER]: Adding transformer net.minecraftforge.coremod.transformer.CoreModClassTransformer@4bb147ec to Target : CLASS {Lnet/minecraft/world/entity/animal/horse/SkeletonTrapGoal;} {} {V}
[11Oct2025 15:37:01.012] [main/DEBUG] [cpw.mods.modlauncher.TransformStore/MODLAUNCHER]: Adding transformer net.minecraftforge.coremod.transformer.CoreModClassTransformer@4bb147ec to Target : CLASS {Lnet/minecraft/world/entity/monster/Spider;} {} {V}
[11Oct2025 15:37:01.012] [main/DEBUG] [cpw.mods.modlauncher.TransformStore/MODLAUNCHER]: Adding transformer net.minecraftforge.coremod.transformer.CoreModClassTransformer@4bb147ec to Target : CLASS {Lnet/minecraft/world/entity/npc/CatSpawner;} {} {V}
[11Oct2025 15:37:01.012] [main/DEBUG] [cpw.mods.modlauncher.TransformStore/MODLAUNCHER]: Adding transformer net.minecraftforge.coremod.transformer.CoreModClassTransformer@4bb147ec to Target : CLASS {Lnet/minecraft/server/commands/SummonCommand;} {} {V}
[11Oct2025 15:37:01.012] [main/DEBUG] [cpw.mods.modlauncher.TransformStore/MODLAUNCHER]: Adding transformer net.minecraftforge.coremod.transformer.CoreModClassTransformer@4bb147ec to Target : CLASS {Lnet/minecraft/world/entity/ai/village/VillageSiege;} {} {V}
[11Oct2025 15:37:01.013] [main/DEBUG] [cpw.mods.modlauncher.TransformStore/MODLAUNCHER]: Adding transformer net.minecraftforge.coremod.transformer.CoreModClassTransformer@4bb147ec to Target : CLASS {Lnet/minecraft/server/commands/RaidCommand;} {} {V}
[11Oct2025 15:37:01.013] [main/DEBUG] [cpw.mods.modlauncher.TransformStore/MODLAUNCHER]: Adding transformer net.minecraftforge.coremod.transformer.CoreModClassTransformer@4bb147ec to Target : CLASS {Lnet/minecraft/world/level/NaturalSpawner;} {} {V}
[11Oct2025 15:37:01.013] [main/DEBUG] [cpw.mods.modlauncher.TransformStore/MODLAUNCHER]: Adding transformer net.minecraftforge.coremod.transformer.CoreModClassTransformer@4bb147ec to Target : CLASS {Lnet/minecraft/world/entity/animal/frog/Tadpole;} {} {V}
[11Oct2025 15:37:01.013] [main/DEBUG] [cpw.mods.modlauncher.TransformStore/MODLAUNCHER]: Adding transformer net.minecraftforge.coremod.transformer.CoreModClassTransformer@4bb147ec to Target : CLASS {Lnet/minecraft/world/entity/npc/Villager;} {} {V}
[11Oct2025 15:37:01.013] [main/DEBUG] [cpw.mods.modlauncher.TransformStore/MODLAUNCHER]: Adding transformer net.minecraftforge.coremod.transformer.CoreModClassTransformer@4bb147ec to Target : CLASS {Lnet/minecraft/world/level/levelgen/structure/structures/SwampHutPiece;} {} {V}
[11Oct2025 15:37:01.013] [main/DEBUG] [cpw.mods.modlauncher.TransformStore/MODLAUNCHER]: Adding transformer net.minecraftforge.coremod.transformer.CoreModClassTransformer@4bb147ec to Target : CLASS {Lnet/minecraft/world/level/levelgen/structure/structures/OceanMonumentPieces$OceanMonumentPiece;} {} {V}
[11Oct2025 15:37:01.013] [main/DEBUG] [cpw.mods.modlauncher.TransformStore/MODLAUNCHER]: Adding transformer net.minecraftforge.coremod.transformer.CoreModClassTransformer@4bb147ec to Target : CLASS {Lnet/minecraft/world/level/levelgen/structure/structures/OceanRuinPieces$OceanRuinPiece;} {} {V}
[11Oct2025 15:37:01.013] [main/DEBUG] [cpw.mods.modlauncher.TransformStore/MODLAUNCHER]: Adding transformer net.minecraftforge.coremod.transformer.CoreModClassTransformer@4bb147ec to Target : CLASS {Lnet/minecraft/world/level/levelgen/structure/templatesystem/StructureTemplate;} {} {V}
[11Oct2025 15:37:01.013] [main/DEBUG] [cpw.mods.modlauncher.TransformStore/MODLAUNCHER]: Adding transformer net.minecraftforge.coremod.transformer.CoreModClassTransformer@4bb147ec to Target : CLASS {Lnet/minecraft/world/entity/monster/Strider;} {} {V}
[11Oct2025 15:37:01.013] [main/DEBUG] [cpw.mods.modlauncher.TransformStore/MODLAUNCHER]: Adding transformer net.minecraftforge.coremod.transformer.CoreModClassTransformer@4bb147ec to Target : CLASS {Lnet/minecraft/world/entity/EntityType;} {} {V}
[11Oct2025 15:37:01.013] [main/DEBUG] [cpw.mods.modlauncher.TransformStore/MODLAUNCHER]: Adding transformer net.minecraftforge.coremod.transformer.CoreModClassTransformer@4bb147ec to Target : CLASS {Lnet/minecraft/world/entity/monster/Zombie;} {} {V}
[11Oct2025 15:37:01.013] [main/DEBUG] [cpw.mods.modlauncher.TransformStore/MODLAUNCHER]: Adding transformer net.minecraftforge.coremod.transformer.CoreModClassTransformer@4bb147ec to Target : CLASS {Lnet/minecraft/world/entity/raid/Raid;} {} {V}
[11Oct2025 15:37:01.013] [main/DEBUG] [cpw.mods.modlauncher.TransformStore/MODLAUNCHER]: Adding transformer net.minecraftforge.coremod.transformer.CoreModClassTransformer@4bb147ec to Target : CLASS {Lnet/minecraft/world/level/levelgen/PatrolSpawner;} {} {V}
[11Oct2025 15:37:01.013] [main/DEBUG] [cpw.mods.modlauncher.TransformationServiceDecorator/MODLAUNCHER]: Initialized transformers for transformation service fml
[11Oct2025 15:37:02.547] [main/DEBUG] [mixin/]: Processing prepare() for PlatformAgent[MixinPlatformAgentDefault:ModLauncher Root Container(ModLauncher:4f56a0a2)]
[11Oct2025 15:37:02.547] [main/DEBUG] [mixin/]: Registering mixin config: magitacz.mixins.json
[11Oct2025 15:37:02.581] [main/DEBUG] [mixin/]: Compatibility level JAVA_17 specified by magitacz.mixins.json is higher than the maximum level supported by this version of mixin (JAVA_13).
[11Oct2025 15:37:02.585] [main/INFO] [mixin/]: Compatibility level set to JAVA_17
[11Oct2025 15:37:02.586] [main/DEBUG] [mixin/]: Processing launch tasks for PlatformAgent[MixinPlatformAgentDefault:ModLauncher Root Container(ModLauncher:4f56a0a2)]
[11Oct2025 15:37:02.586] [main/DEBUG] [mixin/]: Adding mixin platform agents for container SecureJarResource(minecraft)
[11Oct2025 15:37:02.586] [main/DEBUG] [mixin/]: Instancing new MixinPlatformAgentMinecraftForge for SecureJarResource(minecraft)
[11Oct2025 15:37:02.586] [main/DEBUG] [mixin/]: MixinPlatformAgentMinecraftForge rejected container SecureJarResource(minecraft)
[11Oct2025 15:37:02.586] [main/DEBUG] [mixin/]: Instancing new MixinPlatformAgentDefault for SecureJarResource(minecraft)
[11Oct2025 15:37:02.586] [main/DEBUG] [mixin/]: MixinPlatformAgentDefault accepted container SecureJarResource(minecraft)
[11Oct2025 15:37:02.586] [main/DEBUG] [mixin/]: Processing prepare() for PlatformAgent[MixinPlatformAgentDefault:SecureJarResource(minecraft)]
[11Oct2025 15:37:02.586] [main/DEBUG] [mixin/]: Adding mixin platform agents for container SecureJarResource(tslatentitystatus)
[11Oct2025 15:37:02.586] [main/DEBUG] [mixin/]: Instancing new MixinPlatformAgentMinecraftForge for SecureJarResource(tslatentitystatus)
[11Oct2025 15:37:02.586] [main/DEBUG] [mixin/]: MixinPlatformAgentMinecraftForge rejected container SecureJarResource(tslatentitystatus)
[11Oct2025 15:37:02.586] [main/DEBUG] [mixin/]: Instancing new MixinPlatformAgentDefault for SecureJarResource(tslatentitystatus)
[11Oct2025 15:37:02.586] [main/DEBUG] [mixin/]: MixinPlatformAgentDefault accepted container SecureJarResource(tslatentitystatus)
[11Oct2025 15:37:02.587] [main/DEBUG] [mixin/]: Processing prepare() for PlatformAgent[MixinPlatformAgentDefault:SecureJarResource(tslatentitystatus)]
[11Oct2025 15:37:02.587] [main/DEBUG] [mixin/]: Registering mixin config: tslatentitystatus.mixins.json
[11Oct2025 15:37:02.589] [main/DEBUG] [mixin/]: Adding mixin platform agents for container SecureJarResource(moonlight)
[11Oct2025 15:37:02.589] [main/DEBUG] [mixin/]: Instancing new MixinPlatformAgentMinecraftForge for SecureJarResource(moonlight)
[11Oct2025 15:37:02.589] [main/DEBUG] [mixin/]: MixinPlatformAgentMinecraftForge rejected container SecureJarResource(moonlight)
[11Oct2025 15:37:02.589] [main/DEBUG] [mixin/]: Instancing new MixinPlatformAgentDefault for SecureJarResource(moonlight)
[11Oct2025 15:37:02.589] [main/DEBUG] [mixin/]: MixinPlatformAgentDefault accepted container SecureJarResource(moonlight)
[11Oct2025 15:37:02.589] [main/DEBUG] [mixin/]: Processing prepare() for PlatformAgent[MixinPlatformAgentDefault:SecureJarResource(moonlight)]
[11Oct2025 15:37:02.590] [main/DEBUG] [mixin/]: Registering mixin config: moonlight-common.mixins.json
[11Oct2025 15:37:02.592] [main/DEBUG] [mixin/]: Registering mixin config: moonlight.mixins.json
[11Oct2025 15:37:02.594] [main/DEBUG] [mixin/]: Adding mixin platform agents for container SecureJarResource(magitacz)
[11Oct2025 15:37:02.594] [main/DEBUG] [mixin/]: Instancing new MixinPlatformAgentMinecraftForge for SecureJarResource(magitacz)
[11Oct2025 15:37:02.594] [main/DEBUG] [mixin/]: MixinPlatformAgentMinecraftForge rejected container SecureJarResource(magitacz)
[11Oct2025 15:37:02.594] [main/DEBUG] [mixin/]: Instancing new MixinPlatformAgentDefault for SecureJarResource(magitacz)
[11Oct2025 15:37:02.595] [main/DEBUG] [mixin/]: MixinPlatformAgentDefault accepted container SecureJarResource(magitacz)
[11Oct2025 15:37:02.595] [main/DEBUG] [mixin/]: Processing prepare() for PlatformAgent[MixinPlatformAgentDefault:SecureJarResource(magitacz)]
[11Oct2025 15:37:02.595] [main/DEBUG] [mixin/]: Adding mixin platform agents for container SecureJarResource(gunsmithlib)
[11Oct2025 15:37:02.595] [main/DEBUG] [mixin/]: Instancing new MixinPlatformAgentMinecraftForge for SecureJarResource(gunsmithlib)
[11Oct2025 15:37:02.595] [main/DEBUG] [mixin/]: MixinPlatformAgentMinecraftForge rejected container SecureJarResource(gunsmithlib)
[11Oct2025 15:37:02.595] [main/DEBUG] [mixin/]: Instancing new MixinPlatformAgentDefault for SecureJarResource(gunsmithlib)
[11Oct2025 15:37:02.595] [main/DEBUG] [mixin/]: MixinPlatformAgentDefault accepted container SecureJarResource(gunsmithlib)
[11Oct2025 15:37:02.595] [main/DEBUG] [mixin/]: Processing prepare() for PlatformAgent[MixinPlatformAgentDefault:SecureJarResource(gunsmithlib)]
[11Oct2025 15:37:02.595] [main/DEBUG] [mixin/]: Registering mixin config: gunsmithlib.mixins.json
[11Oct2025 15:37:02.597] [main/DEBUG] [mixin/]: Compatibility level JAVA_8 specified by gunsmithlib.mixins.json is lower than the default level supported by the current mixin service (JAVA_16).
[11Oct2025 15:37:02.598] [main/DEBUG] [mixin/]: Adding mixin platform agents for container SecureJarResource(geckolib)
[11Oct2025 15:37:02.598] [main/DEBUG] [mixin/]: Instancing new MixinPlatformAgentMinecraftForge for SecureJarResource(geckolib)
[11Oct2025 15:37:02.598] [main/DEBUG] [mixin/]: MixinPlatformAgentMinecraftForge rejected container SecureJarResource(geckolib)
[11Oct2025 15:37:02.598] [main/DEBUG] [mixin/]: Instancing new MixinPlatformAgentDefault for SecureJarResource(geckolib)
[11Oct2025 15:37:02.598] [main/DEBUG] [mixin/]: MixinPlatformAgentDefault accepted container SecureJarResource(geckolib)
[11Oct2025 15:37:02.599] [main/DEBUG] [mixin/]: Processing prepare() for PlatformAgent[MixinPlatformAgentDefault:SecureJarResource(geckolib)]
[11Oct2025 15:37:02.599] [main/DEBUG] [mixin/]: Registering mixin config: geckolib.mixins.json
[11Oct2025 15:37:02.601] [main/DEBUG] [mixin/]: Adding mixin platform agents for container SecureJarResource(playeranimator)
[11Oct2025 15:37:02.601] [main/DEBUG] [mixin/]: Instancing new MixinPlatformAgentMinecraftForge for SecureJarResource(playeranimator)
[11Oct2025 15:37:02.601] [main/DEBUG] [mixin/]: MixinPlatformAgentMinecraftForge rejected container SecureJarResource(playeranimator)
[11Oct2025 15:37:02.602] [main/DEBUG] [mixin/]: Instancing new MixinPlatformAgentDefault for SecureJarResource(playeranimator)
[11Oct2025 15:37:02.602] [main/DEBUG] [mixin/]: MixinPlatformAgentDefault accepted container SecureJarResource(playeranimator)
[11Oct2025 15:37:02.602] [main/DEBUG] [mixin/]: Processing prepare() for PlatformAgent[MixinPlatformAgentDefault:SecureJarResource(playeranimator)]
[11Oct2025 15:37:02.602] [main/DEBUG] [mixin/]: Registering mixin config: playerAnimator-common.mixins.json
[11Oct2025 15:37:02.603] [main/DEBUG] [mixin/]: Compatibility level JAVA_16 specified by playerAnimator-common.mixins.json is higher than the maximum level supported by this version of mixin (JAVA_13).
[11Oct2025 15:37:02.604] [main/DEBUG] [mixin/]: Adding mixin platform agents for container SecureJarResource(tacz)
[11Oct2025 15:37:02.605] [main/DEBUG] [mixin/]: Instancing new MixinPlatformAgentMinecraftForge for SecureJarResource(tacz)
[11Oct2025 15:37:02.605] [main/DEBUG] [mixin/]: MixinPlatformAgentMinecraftForge rejected container SecureJarResource(tacz)
[11Oct2025 15:37:02.605] [main/DEBUG] [mixin/]: Instancing new MixinPlatformAgentDefault for SecureJarResource(tacz)
[11Oct2025 15:37:02.605] [main/DEBUG] [mixin/]: MixinPlatformAgentDefault accepted container SecureJarResource(tacz)
[11Oct2025 15:37:02.605] [main/DEBUG] [mixin/]: Processing prepare() for PlatformAgent[MixinPlatformAgentDefault:SecureJarResource(tacz)]
[11Oct2025 15:37:02.605] [main/DEBUG] [mixin/]: Registering mixin config: tacz.mixins.json
[11Oct2025 15:37:02.607] [main/DEBUG] [mixin/]: Adding mixin platform agents for container SecureJarResource(caelus)
[11Oct2025 15:37:02.607] [main/DEBUG] [mixin/]: Instancing new MixinPlatformAgentMinecraftForge for SecureJarResource(caelus)
[11Oct2025 15:37:02.607] [main/DEBUG] [mixin/]: MixinPlatformAgentMinecraftForge rejected container SecureJarResource(caelus)
[11Oct2025 15:37:02.607] [main/DEBUG] [mixin/]: Instancing new MixinPlatformAgentDefault for SecureJarResource(caelus)
[11Oct2025 15:37:02.607] [main/DEBUG] [mixin/]: MixinPlatformAgentDefault accepted container SecureJarResource(caelus)
[11Oct2025 15:37:02.607] [main/DEBUG] [mixin/]: Processing prepare() for PlatformAgent[MixinPlatformAgentDefault:SecureJarResource(caelus)]
[11Oct2025 15:37:02.607] [main/DEBUG] [mixin/]: Registering mixin config: caelus.mixins.json
[11Oct2025 15:37:02.609] [main/DEBUG] [mixin/]: Adding mixin platform agents for container SecureJarResource(obscure_api)
[11Oct2025 15:37:02.609] [main/DEBUG] [mixin/]: Instancing new MixinPlatformAgentMinecraftForge for SecureJarResource(obscure_api)
[11Oct2025 15:37:02.609] [main/DEBUG] [mixin/]: MixinPlatformAgentMinecraftForge rejected container SecureJarResource(obscure_api)
[11Oct2025 15:37:02.609] [main/DEBUG] [mixin/]: Instancing new MixinPlatformAgentDefault for SecureJarResource(obscure_api)
[11Oct2025 15:37:02.609] [main/DEBUG] [mixin/]: MixinPlatformAgentDefault accepted container SecureJarResource(obscure_api)
[11Oct2025 15:37:02.610] [main/DEBUG] [mixin/]: Processing prepare() for PlatformAgent[MixinPlatformAgentDefault:SecureJarResource(obscure_api)]
[11Oct2025 15:37:02.610] [main/DEBUG] [mixin/]: Registering mixin config: obscure_api.mixins.json
[11Oct2025 15:37:02.612] [main/DEBUG] [mixin/]: Adding mixin platform agents for container SecureJarResource(curios)
[11Oct2025 15:37:02.612] [main/DEBUG] [mixin/]: Instancing new MixinPlatformAgentMinecraftForge for SecureJarResource(curios)
[11Oct2025 15:37:02.612] [main/DEBUG] [mixin/]: MixinPlatformAgentMinecraftForge rejected container SecureJarResource(curios)
[11Oct2025 15:37:02.612] [main/DEBUG] [mixin/]: Instancing new MixinPlatformAgentDefault for SecureJarResource(curios)
[11Oct2025 15:37:02.612] [main/DEBUG] [mixin/]: MixinPlatformAgentDefault accepted container SecureJarResource(curios)
[11Oct2025 15:37:02.612] [main/DEBUG] [mixin/]: Processing prepare() for PlatformAgent[MixinPlatformAgentDefault:SecureJarResource(curios)]
[11Oct2025 15:37:02.612] [main/DEBUG] [mixin/]: Registering mixin config: curios.mixins.json
[11Oct2025 15:37:02.614] [main/DEBUG] [mixin/]: Adding mixin platform agents for container SecureJarResource(apotheotic_additions)
[11Oct2025 15:37:02.615] [main/DEBUG] [mixin/]: Instancing new MixinPlatformAgentMinecraftForge for SecureJarResource(apotheotic_additions)
[11Oct2025 15:37:02.615] [main/DEBUG] [mixin/]: MixinPlatformAgentMinecraftForge rejected container SecureJarResource(apotheotic_additions)
[11Oct2025 15:37:02.615] [main/DEBUG] [mixin/]: Instancing new MixinPlatformAgentDefault for SecureJarResource(apotheotic_additions)
[11Oct2025 15:37:02.615] [main/DEBUG] [mixin/]: MixinPlatformAgentDefault accepted container SecureJarResource(apotheotic_additions)
[11Oct2025 15:37:02.615] [main/DEBUG] [mixin/]: Processing prepare() for PlatformAgent[MixinPlatformAgentDefault:SecureJarResource(apotheotic_additions)]
[11Oct2025 15:37:02.615] [main/DEBUG] [mixin/]: Adding mixin platform agents for container SecureJarResource(placebo)
[11Oct2025 15:37:02.615] [main/DEBUG] [mixin/]: Instancing new MixinPlatformAgentMinecraftForge for SecureJarResource(placebo)
[11Oct2025 15:37:02.615] [main/DEBUG] [mixin/]: MixinPlatformAgentMinecraftForge rejected container SecureJarResource(placebo)
[11Oct2025 15:37:02.615] [main/DEBUG] [mixin/]: Instancing new MixinPlatformAgentDefault for SecureJarResource(placebo)
[11Oct2025 15:37:02.615] [main/DEBUG] [mixin/]: MixinPlatformAgentDefault accepted container SecureJarResource(placebo)
[11Oct2025 15:37:02.615] [main/DEBUG] [mixin/]: Processing prepare() for PlatformAgent[MixinPlatformAgentDefault:SecureJarResource(placebo)]
[11Oct2025 15:37:02.615] [main/DEBUG] [mixin/]: Registering mixin config: placebo.mixins.json
[11Oct2025 15:37:02.617] [main/DEBUG] [mixin/]: Adding mixin platform agents for container SecureJarResource(attributeslib)
[11Oct2025 15:37:02.617] [main/DEBUG] [mixin/]: Instancing new MixinPlatformAgentMinecraftForge for SecureJarResource(attributeslib)
[11Oct2025 15:37:02.618] [main/DEBUG] [mixin/]: MixinPlatformAgentMinecraftForge rejected container SecureJarResource(attributeslib)
[11Oct2025 15:37:02.618] [main/DEBUG] [mixin/]: Instancing new MixinPlatformAgentDefault for SecureJarResource(attributeslib)
[11Oct2025 15:37:02.618] [main/DEBUG] [mixin/]: MixinPlatformAgentDefault accepted container SecureJarResource(attributeslib)
[11Oct2025 15:37:02.618] [main/DEBUG] [mixin/]: Processing prepare() for PlatformAgent[MixinPlatformAgentDefault:SecureJarResource(attributeslib)]
[11Oct2025 15:37:02.618] [main/DEBUG] [mixin/]: Registering mixin config: attributeslib.mixins.json
[11Oct2025 15:37:02.620] [main/DEBUG] [mixin/]: Adding mixin platform agents for container SecureJarResource(irons_spellbooks)
[11Oct2025 15:37:02.620] [main/DEBUG] [mixin/]: Instancing new MixinPlatformAgentMinecraftForge for SecureJarResource(irons_spellbooks)
[11Oct2025 15:37:02.620] [main/DEBUG] [mixin/]: MixinPlatformAgentMinecraftForge rejected container SecureJarResource(irons_spellbooks)
[11Oct2025 15:37:02.620] [main/DEBUG] [mixin/]: Instancing new MixinPlatformAgentDefault for SecureJarResource(irons_spellbooks)
[11Oct2025 15:37:02.621] [main/DEBUG] [mixin/]: MixinPlatformAgentDefault accepted container SecureJarResource(irons_spellbooks)
[11Oct2025 15:37:02.621] [main/DEBUG] [mixin/]: Processing prepare() for PlatformAgent[MixinPlatformAgentDefault:SecureJarResource(irons_spellbooks)]
[11Oct2025 15:37:02.621] [main/DEBUG] [mixin/]: Registering mixin config: mixins.irons_spellbooks.json
[11Oct2025 15:37:02.623] [main/DEBUG] [mixin/]: Adding mixin platform agents for container SecureJarResource(apotheosis)
[11Oct2025 15:37:02.623] [main/DEBUG] [mixin/]: Instancing new MixinPlatformAgentMinecraftForge for SecureJarResource(apotheosis)
[11Oct2025 15:37:02.623] [main/DEBUG] [mixin/]: MixinPlatformAgentMinecraftForge rejected container SecureJarResource(apotheosis)
[11Oct2025 15:37:02.623] [main/DEBUG] [mixin/]: Instancing new MixinPlatformAgentDefault for SecureJarResource(apotheosis)
[11Oct2025 15:37:02.623] [main/DEBUG] [mixin/]: MixinPlatformAgentDefault accepted container SecureJarResource(apotheosis)
[11Oct2025 15:37:02.623] [main/DEBUG] [mixin/]: Processing prepare() for PlatformAgent[MixinPlatformAgentDefault:SecureJarResource(apotheosis)]
[11Oct2025 15:37:02.623] [main/DEBUG] [mixin/]: Registering mixin config: apotheosis.mixins.json
[11Oct2025 15:37:02.625] [main/DEBUG] [mixin/]: Adding mixin platform agents for container SecureJarResource(apotheosis_modern_ragnarok)
[11Oct2025 15:37:02.625] [main/DEBUG] [mixin/]: Instancing new MixinPlatformAgentMinecraftForge for SecureJarResource(apotheosis_modern_ragnarok)
[11Oct2025 15:37:02.625] [main/DEBUG] [mixin/]: MixinPlatformAgentMinecraftForge rejected container SecureJarResource(apotheosis_modern_ragnarok)
[11Oct2025 15:37:02.625] [main/DEBUG] [mixin/]: Instancing new MixinPlatformAgentDefault for SecureJarResource(apotheosis_modern_ragnarok)
[11Oct2025 15:37:02.625] [main/DEBUG] [mixin/]: MixinPlatformAgentDefault accepted container SecureJarResource(apotheosis_modern_ragnarok)
[11Oct2025 15:37:02.625] [main/DEBUG] [mixin/]: Processing prepare() for PlatformAgent[MixinPlatformAgentDefault:SecureJarResource(apotheosis_modern_ragnarok)]
[11Oct2025 15:37:02.625] [main/DEBUG] [mixin/]: Registering mixin config: apotheosis_modern_ragnarok.mixins.json
[11Oct2025 15:37:02.627] [main/DEBUG] [mixin/]: Compatibility level JAVA_8 specified by apotheosis_modern_ragnarok.mixins.json is lower than the default level supported by the current mixin service (JAVA_16).
[11Oct2025 15:37:02.628] [main/DEBUG] [mixin/]: Adding mixin platform agents for container SecureJarResource(forge)
[11Oct2025 15:37:02.628] [main/DEBUG] [mixin/]: Instancing new MixinPlatformAgentMinecraftForge for SecureJarResource(forge)
[11Oct2025 15:37:02.628] [main/DEBUG] [mixin/]: MixinPlatformAgentMinecraftForge rejected container SecureJarResource(forge)
[11Oct2025 15:37:02.628] [main/DEBUG] [mixin/]: Instancing new MixinPlatformAgentDefault for SecureJarResource(forge)
[11Oct2025 15:37:02.628] [main/DEBUG] [mixin/]: MixinPlatformAgentDefault accepted container SecureJarResource(forge)
[11Oct2025 15:37:02.628] [main/DEBUG] [mixin/]: Processing prepare() for PlatformAgent[MixinPlatformAgentDefault:SecureJarResource(forge)]
[11Oct2025 15:37:02.628] [main/DEBUG] [mixin/]: Adding mixin platform agents for container SecureJarResource(dummmmmmy)
[11Oct2025 15:37:02.628] [main/DEBUG] [mixin/]: Instancing new MixinPlatformAgentMinecraftForge for SecureJarResource(dummmmmmy)
[11Oct2025 15:37:02.628] [main/DEBUG] [mixin/]: MixinPlatformAgentMinecraftForge rejected container SecureJarResource(dummmmmmy)
[11Oct2025 15:37:02.628] [main/DEBUG] [mixin/]: Instancing new MixinPlatformAgentDefault for SecureJarResource(dummmmmmy)
[11Oct2025 15:37:02.628] [main/DEBUG] [mixin/]: MixinPlatformAgentDefault accepted container SecureJarResource(dummmmmmy)
[11Oct2025 15:37:02.628] [main/DEBUG] [mixin/]: Processing prepare() for PlatformAgent[MixinPlatformAgentDefault:SecureJarResource(dummmmmmy)]
[11Oct2025 15:37:02.628] [main/DEBUG] [mixin/]: Registering mixin config: dummmmmmy-common.mixins.json
[11Oct2025 15:37:02.630] [main/DEBUG] [mixin/]: Registering mixin config: dummmmmmy.mixins.json
[11Oct2025 15:37:02.633] [main/DEBUG] [mixin/]: Compatibility level JAVA_16 specified by dummmmmmy.mixins.json is higher than the maximum level supported by this version of mixin (JAVA_13).
[11Oct2025 15:37:02.634] [main/DEBUG] [mixin/]: Adding mixin platform agents for container SecureJarResource(aquamirae)
[11Oct2025 15:37:02.634] [main/DEBUG] [mixin/]: Instancing new MixinPlatformAgentMinecraftForge for SecureJarResource(aquamirae)
[11Oct2025 15:37:02.634] [main/DEBUG] [mixin/]: MixinPlatformAgentMinecraftForge rejected container SecureJarResource(aquamirae)
[11Oct2025 15:37:02.634] [main/DEBUG] [mixin/]: Instancing new MixinPlatformAgentDefault for SecureJarResource(aquamirae)
[11Oct2025 15:37:02.634] [main/DEBUG] [mixin/]: MixinPlatformAgentDefault accepted container SecureJarResource(aquamirae)
[11Oct2025 15:37:02.634] [main/DEBUG] [mixin/]: Processing prepare() for PlatformAgent[MixinPlatformAgentDefault:SecureJarResource(aquamirae)]
[11Oct2025 15:37:02.634] [main/DEBUG] [mixin/]: Registering mixin config: aquamirae.mixins.json
[11Oct2025 15:37:02.635] [main/DEBUG] [mixin/]: Compatibility level JAVA_8 specified by aquamirae.mixins.json is lower than the default level supported by the current mixin service (JAVA_16).
[11Oct2025 15:37:02.636] [main/DEBUG] [mixin/]: Adding mixin platform agents for container SecureJarResource(mclib)
[11Oct2025 15:37:02.637] [main/DEBUG] [mixin/]: Instancing new MixinPlatformAgentMinecraftForge for SecureJarResource(mclib)
[11Oct2025 15:37:02.637] [main/DEBUG] [mixin/]: MixinPlatformAgentMinecraftForge rejected container SecureJarResource(mclib)
[11Oct2025 15:37:02.637] [main/DEBUG] [mixin/]: Instancing new MixinPlatformAgentDefault for SecureJarResource(mclib)
[11Oct2025 15:37:02.637] [main/DEBUG] [mixin/]: MixinPlatformAgentDefault accepted container SecureJarResource(mclib)
[11Oct2025 15:37:02.637] [main/DEBUG] [mixin/]: Processing prepare() for PlatformAgent[MixinPlatformAgentDefault:SecureJarResource(mclib)]
[11Oct2025 15:37:02.637] [main/DEBUG] [mixin/]: Adding mixin platform agents for container SecureJarResource(luaj.jse.figura)
[11Oct2025 15:37:02.637] [main/DEBUG] [mixin/]: Instancing new MixinPlatformAgentMinecraftForge for SecureJarResource(luaj.jse.figura)
[11Oct2025 15:37:02.637] [main/DEBUG] [mixin/]: MixinPlatformAgentMinecraftForge rejected container SecureJarResource(luaj.jse.figura)
[11Oct2025 15:37:02.637] [main/DEBUG] [mixin/]: Instancing new MixinPlatformAgentDefault for SecureJarResource(luaj.jse.figura)
[11Oct2025 15:37:02.637] [main/DEBUG] [mixin/]: MixinPlatformAgentDefault accepted container SecureJarResource(luaj.jse.figura)
[11Oct2025 15:37:02.637] [main/DEBUG] [mixin/]: Processing prepare() for PlatformAgent[MixinPlatformAgentDefault:SecureJarResource(luaj.jse.figura)]
[11Oct2025 15:37:02.637] [main/DEBUG] [mixin/]: Adding mixin platform agents for container SecureJarResource(org.apache.bcel)
[11Oct2025 15:37:02.637] [main/DEBUG] [mixin/]: Instancing new MixinPlatformAgentMinecraftForge for SecureJarResource(org.apache.bcel)
[11Oct2025 15:37:02.637] [main/DEBUG] [mixin/]: MixinPlatformAgentMinecraftForge rejected container SecureJarResource(org.apache.bcel)
[11Oct2025 15:37:02.637] [main/DEBUG] [mixin/]: Instancing new MixinPlatformAgentDefault for SecureJarResource(org.apache.bcel)
[11Oct2025 15:37:02.637] [main/DEBUG] [mixin/]: MixinPlatformAgentDefault accepted container SecureJarResource(org.apache.bcel)
[11Oct2025 15:37:02.637] [main/DEBUG] [mixin/]: Processing prepare() for PlatformAgent[MixinPlatformAgentDefault:SecureJarResource(org.apache.bcel)]
[11Oct2025 15:37:02.637] [main/DEBUG] [mixin/]: Adding mixin platform agents for container SecureJarResource(luaj.core.figura)
[11Oct2025 15:37:02.637] [main/DEBUG] [mixin/]: Instancing new MixinPlatformAgentMinecraftForge for SecureJarResource(luaj.core.figura)
[11Oct2025 15:37:02.638] [main/DEBUG] [mixin/]: MixinPlatformAgentMinecraftForge rejected container SecureJarResource(luaj.core.figura)
[11Oct2025 15:37:02.638] [main/DEBUG] [mixin/]: Instancing new MixinPlatformAgentDefault for SecureJarResource(luaj.core.figura)
[11Oct2025 15:37:02.638] [main/DEBUG] [mixin/]: MixinPlatformAgentDefault accepted container SecureJarResource(luaj.core.figura)
[11Oct2025 15:37:02.638] [main/DEBUG] [mixin/]: Processing prepare() for PlatformAgent[MixinPlatformAgentDefault:SecureJarResource(luaj.core.figura)]
[11Oct2025 15:37:02.638] [main/DEBUG] [mixin/]: Adding mixin platform agents for container SecureJarResource(mixinextras)
[11Oct2025 15:37:02.638] [main/DEBUG] [mixin/]: Instancing new MixinPlatformAgentMinecraftForge for SecureJarResource(mixinextras)
[11Oct2025 15:37:02.638] [main/DEBUG] [mixin/]: MixinPlatformAgentMinecraftForge rejected container SecureJarResource(mixinextras)
[11Oct2025 15:37:02.638] [main/DEBUG] [mixin/]: Instancing new MixinPlatformAgentDefault for SecureJarResource(mixinextras)
[11Oct2025 15:37:02.638] [main/DEBUG] [mixin/]: MixinPlatformAgentDefault accepted container SecureJarResource(mixinextras)
[11Oct2025 15:37:02.638] [main/DEBUG] [mixin/]: Processing prepare() for PlatformAgent[MixinPlatformAgentDefault:SecureJarResource(mixinextras)]
[11Oct2025 15:37:02.638] [main/DEBUG] [mixin/]: Registering mixin config: mixinextras.init.mixins.json
[11Oct2025 15:37:02.640] [main/DEBUG] [mixin/]: Adding mixin platform agents for container SecureJarResource(MixinExtras)
[11Oct2025 15:37:02.640] [main/DEBUG] [mixin/]: Instancing new MixinPlatformAgentMinecraftForge for SecureJarResource(MixinExtras)
[11Oct2025 15:37:02.640] [main/DEBUG] [mixin/]: MixinPlatformAgentMinecraftForge rejected container SecureJarResource(MixinExtras)
[11Oct2025 15:37:02.640] [main/DEBUG] [mixin/]: Instancing new MixinPlatformAgentDefault for SecureJarResource(MixinExtras)
[11Oct2025 15:37:02.640] [main/DEBUG] [mixin/]: MixinPlatformAgentDefault accepted container SecureJarResource(MixinExtras)
[11Oct2025 15:37:02.640] [main/DEBUG] [mixin/]: Processing prepare() for PlatformAgent[MixinPlatformAgentDefault:SecureJarResource(MixinExtras)]
[11Oct2025 15:37:02.640] [main/DEBUG] [mixin/]: Adding mixin platform agents for container SecureJarResource(commons.math3)
[11Oct2025 15:37:02.640] [main/DEBUG] [mixin/]: Instancing new MixinPlatformAgentMinecraftForge for SecureJarResource(commons.math3)
[11Oct2025 15:37:02.640] [main/DEBUG] [mixin/]: MixinPlatformAgentMinecraftForge rejected container SecureJarResource(commons.math3)
[11Oct2025 15:37:02.641] [main/DEBUG] [mixin/]: Instancing new MixinPlatformAgentDefault for SecureJarResource(commons.math3)
[11Oct2025 15:37:02.641] [main/DEBUG] [mixin/]: MixinPlatformAgentDefault accepted container SecureJarResource(commons.math3)
[11Oct2025 15:37:02.641] [main/DEBUG] [mixin/]: Processing prepare() for PlatformAgent[MixinPlatformAgentDefault:SecureJarResource(commons.math3)]
[11Oct2025 15:37:02.641] [main/DEBUG] [mixin/]: inject() running with 28 agents
[11Oct2025 15:37:02.641] [main/DEBUG] [mixin/]: Processing inject() for PlatformAgent[MixinPlatformAgentDefault:ModLauncher Root Container(ModLauncher:4f56a0a2)]
[11Oct2025 15:37:02.641] [main/DEBUG] [mixin/]: Processing inject() for PlatformAgent[MixinPlatformAgentDefault:SecureJarResource(minecraft)]
[11Oct2025 15:37:02.641] [main/DEBUG] [mixin/]: Processing inject() for PlatformAgent[MixinPlatformAgentDefault:SecureJarResource(tslatentitystatus)]
[11Oct2025 15:37:02.641] [main/DEBUG] [mixin/]: Processing inject() for PlatformAgent[MixinPlatformAgentDefault:SecureJarResource(moonlight)]
[11Oct2025 15:37:02.641] [main/DEBUG] [mixin/]: Processing inject() for PlatformAgent[MixinPlatformAgentDefault:SecureJarResource(magitacz)]
[11Oct2025 15:37:02.641] [main/DEBUG] [mixin/]: Processing inject() for PlatformAgent[MixinPlatformAgentDefault:SecureJarResource(gunsmithlib)]
[11Oct2025 15:37:02.641] [main/DEBUG] [mixin/]: Processing inject() for PlatformAgent[MixinPlatformAgentDefault:SecureJarResource(geckolib)]
[11Oct2025 15:37:02.641] [main/DEBUG] [mixin/]: Processing inject() for PlatformAgent[MixinPlatformAgentDefault:SecureJarResource(playeranimator)]
[11Oct2025 15:37:02.641] [main/DEBUG] [mixin/]: Processing inject() for PlatformAgent[MixinPlatformAgentDefault:SecureJarResource(tacz)]
[11Oct2025 15:37:02.641] [main/DEBUG] [mixin/]: Processing inject() for PlatformAgent[MixinPlatformAgentDefault:SecureJarResource(caelus)]
[11Oct2025 15:37:02.641] [main/DEBUG] [mixin/]: Processing inject() for PlatformAgent[MixinPlatformAgentDefault:SecureJarResource(obscure_api)]
[11Oct2025 15:37:02.641] [main/DEBUG] [mixin/]: Processing inject() for PlatformAgent[MixinPlatformAgentDefault:SecureJarResource(curios)]
[11Oct2025 15:37:02.641] [main/DEBUG] [mixin/]: Processing inject() for PlatformAgent[MixinPlatformAgentDefault:SecureJarResource(apotheotic_additions)]
[11Oct2025 15:37:02.641] [main/DEBUG] [mixin/]: Processing inject() for PlatformAgent[MixinPlatformAgentDefault:SecureJarResource(placebo)]
[11Oct2025 15:37:02.641] [main/DEBUG] [mixin/]: Processing inject() for PlatformAgent[MixinPlatformAgentDefault:SecureJarResource(attributeslib)]
[11Oct2025 15:37:02.641] [main/DEBUG] [mixin/]: Processing inject() for PlatformAgent[MixinPlatformAgentDefault:SecureJarResource(irons_spellbooks)]
[11Oct2025 15:37:02.641] [main/DEBUG] [mixin/]: Processing inject() for PlatformAgent[MixinPlatformAgentDefault:SecureJarResource(apotheosis)]
[11Oct2025 15:37:02.642] [main/DEBUG] [mixin/]: Processing inject() for PlatformAgent[MixinPlatformAgentDefault:SecureJarResource(apotheosis_modern_ragnarok)]
[11Oct2025 15:37:02.642] [main/DEBUG] [mixin/]: Processing inject() for PlatformAgent[MixinPlatformAgentDefault:SecureJarResource(forge)]
[11Oct2025 15:37:02.642] [main/DEBUG] [mixin/]: Processing inject() for PlatformAgent[MixinPlatformAgentDefault:SecureJarResource(dummmmmmy)]
[11Oct2025 15:37:02.642] [main/DEBUG] [mixin/]: Processing inject() for PlatformAgent[MixinPlatformAgentDefault:SecureJarResource(aquamirae)]
[11Oct2025 15:37:02.642] [main/DEBUG] [mixin/]: Processing inject() for PlatformAgent[MixinPlatformAgentDefault:SecureJarResource(mclib)]
[11Oct2025 15:37:02.642] [main/DEBUG] [mixin/]: Processing inject() for PlatformAgent[MixinPlatformAgentDefault:SecureJarResource(luaj.jse.figura)]
[11Oct2025 15:37:02.642] [main/DEBUG] [mixin/]: Processing inject() for PlatformAgent[MixinPlatformAgentDefault:SecureJarResource(org.apache.bcel)]
[11Oct2025 15:37:02.642] [main/DEBUG] [mixin/]: Processing inject() for PlatformAgent[MixinPlatformAgentDefault:SecureJarResource(luaj.core.figura)]
[11Oct2025 15:37:02.642] [main/DEBUG] [mixin/]: Processing inject() for PlatformAgent[MixinPlatformAgentDefault:SecureJarResource(mixinextras)]
[11Oct2025 15:37:02.642] [main/DEBUG] [mixin/]: Processing inject() for PlatformAgent[MixinPlatformAgentDefault:SecureJarResource(MixinExtras)]
[11Oct2025 15:37:02.642] [main/DEBUG] [mixin/]: Processing inject() for PlatformAgent[MixinPlatformAgentDefault:SecureJarResource(commons.math3)]
[11Oct2025 15:37:02.643] [main/INFO] [cpw.mods.modlauncher.LaunchServiceHandler/MODLAUNCHER]: Launching target 'forgeclientuserdev' with arguments [--version, MOD_DEV, --gameDir, ., --assetsDir, C:\Users\Hell-\.gradle\caches\forge_gradle\assets, --assetIndex, 5]
[11Oct2025 15:37:02.774] [main/DEBUG] [mixin/]: Error cleaning class output directory: .mixin.out
[11Oct2025 15:37:02.776] [main/DEBUG] [mixin/]: Preparing mixins for MixinEnvironment[DEFAULT]
[11Oct2025 15:37:02.776] [main/DEBUG] [mixin/]: Selecting config magitacz.mixins.json
[11Oct2025 15:37:02.780] [main/WARN] [mixin/]: Reference map 'magitacz.refmap.json' for magitacz.mixins.json could not be read. If this is a development environment you can ignore this message
[11Oct2025 15:37:02.781] [main/DEBUG] [mixin/]: Selecting config tslatentitystatus.mixins.json
[11Oct2025 15:37:03.117] [main/INFO] [mixin/]: Remapping refMap tslatentitystatus.refmap.json using C:\Projects\magitacz-forge\build\createSrgToMcp\output.srg
[11Oct2025 15:37:03.117] [main/DEBUG] [mixin/]: Selecting config moonlight-common.mixins.json
[11Oct2025 15:37:03.130] [main/INFO] [mixin/]: Remapping refMap moonlight-common-refmap.json using C:\Projects\magitacz-forge\build\createSrgToMcp\output.srg
[11Oct2025 15:37:03.130] [main/DEBUG] [mixin/]: Selecting config moonlight.mixins.json
[11Oct2025 15:37:03.132] [main/INFO] [mixin/]: Remapping refMap moonlight-forge-refmap.json using C:\Projects\magitacz-forge\build\createSrgToMcp\output.srg
[11Oct2025 15:37:03.132] [main/DEBUG] [mixin/]: Selecting config gunsmithlib.mixins.json
[11Oct2025 15:37:03.134] [main/INFO] [mixin/]: Remapping refMap gunsmithlib.refmap.json using C:\Projects\magitacz-forge\build\createSrgToMcp\output.srg
[11Oct2025 15:37:03.134] [main/DEBUG] [mixin/]: Selecting config geckolib.mixins.json
[11Oct2025 15:37:03.135] [main/INFO] [mixin/]: Remapping refMap geckolib.refmap.json using C:\Projects\magitacz-forge\build\createSrgToMcp\output.srg
[11Oct2025 15:37:03.135] [main/DEBUG] [mixin/]: Selecting config playerAnimator-common.mixins.json
[11Oct2025 15:37:03.139] [main/INFO] [mixin/]: Remapping refMap player-animation-lib-minecraft_common-refmap.json using C:\Projects\magitacz-forge\build\createSrgToMcp\output.srg
[11Oct2025 15:37:03.139] [main/DEBUG] [mixin/]: Selecting config tacz.mixins.json
[11Oct2025 15:37:03.140] [main/INFO] [mixin/]: Remapping refMap tacz.refmap.json using C:\Projects\magitacz-forge\build\createSrgToMcp\output.srg
[11Oct2025 15:37:03.141] [main/DEBUG] [mixin/]: Selecting config caelus.mixins.json
[11Oct2025 15:37:03.142] [main/INFO] [mixin/]: Remapping refMap caelus.refmap.json using C:\Projects\magitacz-forge\build\createSrgToMcp\output.srg
[11Oct2025 15:37:03.142] [main/DEBUG] [mixin/]: Selecting config obscure_api.mixins.json
[11Oct2025 15:37:03.143] [main/INFO] [mixin/]: Remapping refMap obscure_api.refmap.json using C:\Projects\magitacz-forge\build\createSrgToMcp\output.srg
[11Oct2025 15:37:03.143] [main/DEBUG] [mixin/]: Selecting config curios.mixins.json
[11Oct2025 15:37:03.145] [main/INFO] [mixin/]: Remapping refMap curios.refmap.json using C:\Projects\magitacz-forge\build\createSrgToMcp\output.srg
[11Oct2025 15:37:03.145] [main/DEBUG] [mixin/]: Selecting config placebo.mixins.json
[11Oct2025 15:37:03.148] [main/INFO] [mixin/]: Remapping refMap placebo.refmap.json using C:\Projects\magitacz-forge\build\createSrgToMcp\output.srg
[11Oct2025 15:37:03.148] [main/DEBUG] [mixin/]: Selecting config attributeslib.mixins.json
[11Oct2025 15:37:03.151] [main/INFO] [mixin/]: Remapping refMap attributeslib.refmap.json using C:\Projects\magitacz-forge\build\createSrgToMcp\output.srg
[11Oct2025 15:37:03.151] [main/DEBUG] [mixin/]: Selecting config mixins.irons_spellbooks.json
[11Oct2025 15:37:03.153] [main/INFO] [mixin/]: Remapping refMap irons_spellbooks.refmap.json using C:\Projects\magitacz-forge\build\createSrgToMcp\output.srg
[11Oct2025 15:37:03.153] [main/DEBUG] [mixin/]: Selecting config apotheosis.mixins.json
[11Oct2025 15:37:03.155] [main/INFO] [mixin/]: Remapping refMap apotheosis.refmap.json using C:\Projects\magitacz-forge\build\createSrgToMcp\output.srg
[11Oct2025 15:37:03.155] [main/DEBUG] [mixin/]: Selecting config apotheosis_modern_ragnarok.mixins.json
[11Oct2025 15:37:03.157] [main/INFO] [mixin/]: Remapping refMap apotheosis_modern_ragnarok.refmap.json using C:\Projects\magitacz-forge\build\createSrgToMcp\output.srg
[11Oct2025 15:37:03.157] [main/DEBUG] [mixin/]: Selecting config dummmmmmy-common.mixins.json
[11Oct2025 15:37:03.159] [main/INFO] [mixin/]: Remapping refMap dummmmmmy-common-refmap.json using C:\Projects\magitacz-forge\build\createSrgToMcp\output.srg
[11Oct2025 15:37:03.159] [main/DEBUG] [mixin/]: Selecting config dummmmmmy.mixins.json
[11Oct2025 15:37:03.161] [main/DEBUG] [mixin/]: Selecting config aquamirae.mixins.json
[11Oct2025 15:37:03.164] [main/WARN] [mixin/]: Reference map 'Aquamirae.refmap.json' for aquamirae.mixins.json could not be read. If this is a development environment you can ignore this message
[11Oct2025 15:37:03.164] [main/DEBUG] [mixin/]: Selecting config mixinextras.init.mixins.json
[11Oct2025 15:37:03.257] [main/DEBUG] [MixinExtras|Service/]: com.llamalad7.mixinextras.service.MixinExtrasServiceImpl(version=0.5.0) is taking over from null
[11Oct2025 15:37:03.312] [main/DEBUG] [mixin/]: Registering new injector for @Inject with org.spongepowered.asm.mixin.injection.struct.CallbackInjectionInfo
[11Oct2025 15:37:03.314] [main/DEBUG] [mixin/]: Registering new injector for @ModifyArg with org.spongepowered.asm.mixin.injection.struct.ModifyArgInjectionInfo
[11Oct2025 15:37:03.316] [main/DEBUG] [mixin/]: Registering new injector for @ModifyArgs with org.spongepowered.asm.mixin.injection.struct.ModifyArgsInjectionInfo
[11Oct2025 15:37:03.318] [main/DEBUG] [mixin/]: Registering new injector for @Redirect with org.spongepowered.asm.mixin.injection.struct.RedirectInjectionInfo
[11Oct2025 15:37:03.321] [main/DEBUG] [mixin/]: Registering new injector for @ModifyVariable with org.spongepowered.asm.mixin.injection.struct.ModifyVariableInjectionInfo
[11Oct2025 15:37:03.324] [main/DEBUG] [mixin/]: Registering new injector for @ModifyConstant with org.spongepowered.asm.mixin.injection.struct.ModifyConstantInjectionInfo
[11Oct2025 15:37:03.342] [main/DEBUG] [mixin/]: Preparing magitacz.mixins.json (1)
[11Oct2025 15:37:03.379] [main/DEBUG] [mixin/]: Preparing tslatentitystatus.mixins.json (7)
[11Oct2025 15:37:03.572] [main/DEBUG] [mixin/]: Preparing moonlight-common.mixins.json (35)
[11Oct2025 15:37:03.855] [main/DEBUG] [net.minecraftforge.coremod.transformer.CoreModBaseTransformer/COREMOD]: Transforming net/minecraft/world/entity/npc/Villager
[11Oct2025 15:37:04.676] [main/DEBUG] [mixin/]: Preparing moonlight.mixins.json (11)
[11Oct2025 15:37:04.738] [main/DEBUG] [mixin/]: Preparing gunsmithlib.mixins.json (33)
[11Oct2025 15:37:04.817] [main/DEBUG] [net.minecraftforge.coremod.transformer.CoreModBaseTransformer/COREMOD]: Transforming net/minecraft/world/item/ItemStack
[11Oct2025 15:37:04.840] [main/DEBUG] [net.minecraftforge.coremod.transformer.CoreModBaseTransformer/COREMOD]: Transforming getEnchantmentLevel with desc (Lnet/minecraft/world/item/enchantment/Enchantment;)I
[11Oct2025 15:37:04.853] [main/INFO] [net.minecraftforge.coremod.CoreMod.placebo/COREMODLOG]: Patching IForgeItemStack#getEnchantmentLevel
[11Oct2025 15:37:04.891] [main/DEBUG] [net.minecraftforge.coremod.transformer.CoreModBaseTransformer/COREMOD]: Transforming getAllEnchantments with desc ()Ljava/util/Map;
[11Oct2025 15:37:04.903] [main/INFO] [net.minecraftforge.coremod.CoreMod.placebo/COREMODLOG]: Patching IForgeItemStack#getEnchantmentLevel
[11Oct2025 15:37:05.018] [main/DEBUG] [net.minecraftforge.coremod.transformer.CoreModBaseTransformer/COREMOD]: Transforming net/minecraft/world/level/block/StairBlock
[11Oct2025 15:37:05.068] [main/DEBUG] [mixin/]: Preparing geckolib.mixins.json (1)
[11Oct2025 15:37:05.072] [main/DEBUG] [mixin/]: Preparing playerAnimator-common.mixins.json (14)
[11Oct2025 15:37:05.141] [main/DEBUG] [mixin/]: Preparing tacz.mixins.json (14)
[11Oct2025 15:37:05.208] [main/DEBUG] [mixin/]: Preparing caelus.mixins.json (4)
[11Oct2025 15:37:05.221] [main/DEBUG] [mixin/]: Preparing obscure_api.mixins.json (6)
[11Oct2025 15:37:05.297] [main/DEBUG] [mixin/]: Preparing curios.mixins.json (13)
[11Oct2025 15:37:05.341] [main/DEBUG] [mixin/]: Preparing placebo.mixins.json (6)
[11Oct2025 15:37:05.362] [main/DEBUG] [mixin/]: Preparing attributeslib.mixins.json (17)
[11Oct2025 15:37:05.381] [main/DEBUG] [mixin/]: Preparing mixins.irons_spellbooks.json (20)
[11Oct2025 15:37:05.401] [main/DEBUG] [mixin/]: Preparing apotheosis.mixins.json (31)
[11Oct2025 15:37:05.428] [main/DEBUG] [net.minecraftforge.coremod.transformer.CoreModBaseTransformer/COREMOD]: Transforming net/minecraft/world/inventory/AnvilMenu
[11Oct2025 15:37:05.532] [main/INFO] [net.minecraftforge.coremod.CoreMod.apotheosis/COREMODLOG]: Replaced 2 calls to Enchantment#getMaxLevel() in net/minecraft/world/inventory/AnvilMenu
[11Oct2025 15:37:05.554] [main/WARN] [mixin/]: Error loading class: org/violetmoon/quark/content/tweaks/module/GoldToolsHaveFortuneModule (java.lang.ClassNotFoundException: org.violetmoon.quark.content.tweaks.module.GoldToolsHaveFortuneModule)
[11Oct2025 15:37:05.554] [main/DEBUG] [mixin/]: Skipping virtual target org.violetmoon.quark.content.tweaks.module.GoldToolsHaveFortuneModule for apotheosis.mixins.json:GoldToolsHaveFortuneModuleMixin
[11Oct2025 15:37:05.555] [main/DEBUG] [net.minecraftforge.coremod.transformer.CoreModBaseTransformer/COREMOD]: Transforming getEnchantmentLevel with desc (Lnet/minecraft/world/item/enchantment/Enchantment;)I
[11Oct2025 15:37:05.558] [main/INFO] [net.minecraftforge.coremod.CoreMod.placebo/COREMODLOG]: Patching IForgeItemStack#getEnchantmentLevel
[11Oct2025 15:37:05.559] [main/DEBUG] [net.minecraftforge.coremod.transformer.CoreModBaseTransformer/COREMOD]: Transforming getAllEnchantments with desc ()Ljava/util/Map;
[11Oct2025 15:37:05.560] [main/INFO] [net.minecraftforge.coremod.CoreMod.placebo/COREMODLOG]: Patching IForgeItemStack#getEnchantmentLevel
[11Oct2025 15:37:05.568] [main/WARN] [mixin/]: Error loading class: com/hollingsworth/arsnouveau/common/items/SpellCrossbow (java.lang.ClassNotFoundException: com.hollingsworth.arsnouveau.common.items.SpellCrossbow)
[11Oct2025 15:37:05.568] [main/DEBUG] [mixin/]: Skipping virtual target com.hollingsworth.arsnouveau.common.items.SpellCrossbow for apotheosis.mixins.json:SpellCrossbowMixin
[11Oct2025 15:37:05.582] [main/WARN] [mixin/]: Error loading class: org/violetmoon/quark/content/client/tooltip/AttributeTooltips (java.lang.ClassNotFoundException: org.violetmoon.quark.content.client.tooltip.AttributeTooltips)
[11Oct2025 15:37:05.582] [main/DEBUG] [mixin/]: Skipping virtual target org.violetmoon.quark.content.client.tooltip.AttributeTooltips for apotheosis.mixins.json:client.AttributeTooltipsMixin
[11Oct2025 15:37:05.584] [main/DEBUG] [mixin/]: Preparing apotheosis_modern_ragnarok.mixins.json (34)
[11Oct2025 15:37:05.603] [main/DEBUG] [net.minecraftforge.coremod.transformer.CoreModBaseTransformer/COREMOD]: Transforming net/minecraft/world/effect/MobEffectInstance
[11Oct2025 15:37:05.618] [main/DEBUG] [mixin/]: Preparing dummmmmmy-common.mixins.json (5)
[11Oct2025 15:37:05.621] [main/DEBUG] [mixin/]: Preparing dummmmmmy.mixins.json (0)
[11Oct2025 15:37:05.621] [main/DEBUG] [mixin/]: Preparing aquamirae.mixins.json (0)
[11Oct2025 15:37:05.621] [main/DEBUG] [mixin/]: Preparing mixinextras.init.mixins.json (0)
[11Oct2025 15:37:05.668] [main/DEBUG] [mixin/]: Inner class net/mehvahdjukaar/moonlight/core/mixins/forge/ItemMixin$1 in net/mehvahdjukaar/moonlight/core/mixins/forge/ItemMixin on net/minecraft/world/item/Item gets unique name net/minecraft/world/item/Item$Anonymous$8f099feaf1df4c649bbda736679f0924
[11Oct2025 15:37:05.695] [main/DEBUG] [mixin/]: Inner class com/obscuria/obscureapi/mixin/client/TitleScreenMixin$1 in com/obscuria/obscureapi/mixin/client/TitleScreenMixin on net/minecraft/client/gui/screens/TitleScreen gets unique name net/minecraft/client/gui/screens/TitleScreen$Anonymous$4bac6df82877415c97cd0635f5dea50c
[11Oct2025 15:37:05.716] [main/DEBUG] [mixin/]: Prepared 247 mixins in 2.939 sec (11.9ms avg) (0ms load, 0ms transform, 0ms plugin)
[11Oct2025 15:37:05.728] [main/INFO] [MixinExtras|Service/]: Initializing MixinExtras via com.llamalad7.mixinextras.service.MixinExtrasServiceImpl(version=0.5.0).
[11Oct2025 15:37:05.729] [main/DEBUG] [mixin/]: Registering new injector for @SugarWrapper with com.llamalad7.mixinextras.sugar.impl.SugarWrapperInjectionInfo
[11Oct2025 15:37:05.729] [main/DEBUG] [mixin/]: Registering new injector for @FactoryRedirectWrapper with com.llamalad7.mixinextras.wrapper.factory.FactoryRedirectWrapperInjectionInfo
[11Oct2025 15:37:05.730] [main/DEBUG] [mixin/]: Registering new injector for @ExpressionInjectorWrapper with com.llamalad7.mixinextras.expression.impl.wrapper.ExpressionInjectorWrapperInjectionInfo
[11Oct2025 15:37:05.753] [main/DEBUG] [mixin/]: Mixing client.GuiGraphicsAccessor from tslatentitystatus.mixins.json into net.minecraft.client.gui.GuiGraphics
[11Oct2025 15:37:05.809] [main/DEBUG] [mixin/]: Mixing client.MinecraftMixin from tslatentitystatus.mixins.json into net.minecraft.client.Minecraft
[11Oct2025 15:37:05.816] [main/DEBUG] [mixin/]: Mixing MinecraftMixin from moonlight-common.mixins.json into net.minecraft.client.Minecraft
[11Oct2025 15:37:05.834] [main/DEBUG] [mixin/]: Mixing MinecraftMixin from mixins.irons_spellbooks.json into net.minecraft.client.Minecraft
[11Oct2025 15:37:06.618] [main/DEBUG] [io.netty.util.internal.logging.InternalLoggerFactory/]: Using SLF4J as the default logging framework
[11Oct2025 15:37:06.621] [main/DEBUG] [io.netty.util.ResourceLeakDetector/]: -Dio.netty.leakDetection.level: simple
[11Oct2025 15:37:06.622] [main/DEBUG] [io.netty.util.ResourceLeakDetector/]: -Dio.netty.leakDetection.targetRecords: 4
[11Oct2025 15:37:06.746] [main/DEBUG] [oshi.util.FileUtil/]: No oshi.properties file found from ClassLoader cpw.mods.modlauncher.TransformingClassLoader@5bcec67e
[11Oct2025 15:37:07.126] [main/DEBUG] [oshi.util.FileUtil/]: No oshi.architecture.properties file found from ClassLoader cpw.mods.modlauncher.TransformingClassLoader@5bcec67e
[11Oct2025 15:37:07.620] [pool-4-thread-1/DEBUG] [mixin/]: Mixing BlockMixin from apotheosis.mixins.json into net.minecraft.world.level.block.Block
[11Oct2025 15:37:07.683] [pool-4-thread-1/DEBUG] [mixin/]: Mixing AccessorEntity from curios.mixins.json into net.minecraft.world.entity.Entity
[11Oct2025 15:37:07.688] [pool-4-thread-1/DEBUG] [mixin/]: Mixing EntityMixin from attributeslib.mixins.json into net.minecraft.world.entity.Entity
[11Oct2025 15:37:07.691] [pool-4-thread-1/DEBUG] [mixin/]: Mixing EntityMixin from mixins.irons_spellbooks.json into net.minecraft.world.entity.Entity
[11Oct2025 15:37:07.699] [pool-4-thread-1/DEBUG] [mixin/]: Mixing ClientEntityMixin from mixins.irons_spellbooks.json into net.minecraft.world.entity.Entity
[11Oct2025 15:37:07.748] [pool-4-thread-1/DEBUG] [mixin/]: Mixing IForgeEntityMixin from attributeslib.mixins.json into net.minecraftforge.common.extensions.IForgeEntity
[11Oct2025 15:37:07.762] [pool-4-thread-1/DEBUG] [mixin/]: Mixing common.LivingEntityMixin from tslatentitystatus.mixins.json into net.minecraft.world.entity.LivingEntity
[11Oct2025 15:37:07.766] [pool-4-thread-1/DEBUG] [mixin/]: Mixing MixinLivingEntity from gunsmithlib.mixins.json into net.minecraft.world.entity.LivingEntity
[11Oct2025 15:37:07.767] [pool-4-thread-1/DEBUG] [mixin/]: gunsmithlib.mixins.json:MixinLivingEntity: Class version 61 required is higher than the class version supported by the current version of Mixin (JAVA_8 supports class version 52)
[11Oct2025 15:37:07.768] [pool-4-thread-1/DEBUG] [mixin/]: Renaming synthetic method lambda$useSpecialSetHealthWhenNeeded$1(Lcom/llamalad7/mixinextras/injector/wrapoperation/Operation;Lnet/minecraft/world/entity/LivingEntity;F)V to md1e559f$lambda$useSpecialSetHealthWhenNeeded$1$0 in gunsmithlib.mixins.json:MixinLivingEntity
[11Oct2025 15:37:07.768] [pool-4-thread-1/DEBUG] [mixin/]: Renaming synthetic method lambda$useSpecialActuallyHurtWhenNeeded$0(Lcom/llamalad7/mixinextras/injector/wrapoperation/Operation;Lnet/minecraft/world/entity/LivingEntity;Lnet/minecraft/world/damagesource/DamageSource;F)V to md1e559f$lambda$useSpecialActuallyHurtWhenNeeded$0$1 in gunsmithlib.mixins.json:MixinLivingEntity
[11Oct2025 15:37:07.773] [pool-4-thread-1/DEBUG] [mixin/]: Mixing common.LivingEntityMixin from tacz.mixins.json into net.minecraft.world.entity.LivingEntity
[11Oct2025 15:37:07.776] [pool-4-thread-1/DEBUG] [mixin/]: Renaming synthetic method lambda$initialData$0()Lnet/minecraft/world/item/ItemStack; to md1e559f$lambda$initialData$0$2 in tacz.mixins.json:common.LivingEntityMixin
[11Oct2025 15:37:07.793] [pool-4-thread-1/DEBUG] [mixin/]: Mixing MixinLivingEntity from caelus.mixins.json into net.minecraft.world.entity.LivingEntity
[11Oct2025 15:37:07.794] [pool-4-thread-1/DEBUG] [mixin/]: Mixing MixinLivingEntity from curios.mixins.json into net.minecraft.world.entity.LivingEntity
[11Oct2025 15:37:07.795] [pool-4-thread-1/DEBUG] [mixin/]: Mixing LivingEntityMixin from attributeslib.mixins.json into net.minecraft.world.entity.LivingEntity
[11Oct2025 15:37:07.798] [pool-4-thread-1/DEBUG] [mixin/]: Mixing LivingEntityMixin from mixins.irons_spellbooks.json into net.minecraft.world.entity.LivingEntity
[11Oct2025 15:37:07.798] [pool-4-thread-1/DEBUG] [mixin/]: Renaming synthetic method lambda$static$1(Lnet/minecraft/world/entity/ai/attributes/Attribute;)Z to md1e559f$lambda$static$1$3 in mixins.irons_spellbooks.json:LivingEntityMixin
[11Oct2025 15:37:07.798] [pool-4-thread-1/DEBUG] [mixin/]: Renaming synthetic method lambda$static$0(Lnet/minecraft/world/entity/ai/attributes/Attribute;)Z to md1e559f$lambda$static$0$4 in mixins.irons_spellbooks.json:LivingEntityMixin
[11Oct2025 15:37:07.807] [pool-4-thread-1/DEBUG] [mixin/]: Mixing LivingEntityInvoker from apotheosis.mixins.json into net.minecraft.world.entity.LivingEntity
[11Oct2025 15:37:07.822] [pool-4-thread-1/DEBUG] [mixin/]: Mixing LivingEntityMixin from apotheosis.mixins.json into net.minecraft.world.entity.LivingEntity
[11Oct2025 15:37:07.825] [pool-4-thread-1/DEBUG] [mixin/]: Mixing MHFMixinLivingEntity from apotheosis.mixins.json into net.minecraft.world.entity.LivingEntity
[11Oct2025 15:37:07.828] [pool-4-thread-1/DEBUG] [mixin/]: Mixing minecraft.LivingEntityAccessor from apotheosis_modern_ragnarok.mixins.json into net.minecraft.world.entity.LivingEntity
[11Oct2025 15:37:07.828] [pool-4-thread-1/DEBUG] [mixin/]: apotheosis_modern_ragnarok.mixins.json:minecraft.LivingEntityAccessor: Class version 61 required is higher than the class version supported by the current version of Mixin (JAVA_8 supports class version 52)
[11Oct2025 15:37:07.828] [pool-4-thread-1/DEBUG] [mixin/]: Renaming @Accessor method getDataHealthId()Lnet/minecraft/network/syncher/EntityDataAccessor; to getDataHealthId_$md$1e559f$5 in apotheosis_modern_ragnarok.mixins.json:minecraft.LivingEntityAccessor
[11Oct2025 15:37:07.849] [pool-4-thread-1/DEBUG] [mixin/]: Mixing LivingEntityMixin from dummmmmmy-common.mixins.json into net.minecraft.world.entity.LivingEntity
[11Oct2025 15:37:07.851] [pool-4-thread-1/DEBUG] [mixin/]: Mixing minecraft.MixinLivingEntity from apotheosis_modern_ragnarok.mixins.json into net.minecraft.world.entity.LivingEntity
[11Oct2025 15:37:07.851] [pool-4-thread-1/DEBUG] [mixin/]: apotheosis_modern_ragnarok.mixins.json:minecraft.MixinLivingEntity: Class version 61 required is higher than the class version supported by the current version of Mixin (JAVA_8 supports class version 52)
[11Oct2025 15:37:07.853] [pool-4-thread-1/DEBUG] [mixin/]: Renaming synthetic method lambda$onLivingDamage$2(Lcom/llamalad7/mixinextras/injector/wrapoperation/Operation;Lnet/minecraft/world/entity/LivingEntity;Lnet/minecraft/world/damagesource/DamageSource;F)Ljava/lang/Float; to md1e559f$lambda$onLivingDamage$2$6 in apotheosis_modern_ragnarok.mixins.json:minecraft.MixinLivingEntity
[11Oct2025 15:37:07.853] [pool-4-thread-1/DEBUG] [mixin/]: Renaming synthetic method lambda$onLivingHurt$1(Lcom/llamalad7/mixinextras/injector/wrapoperation/Operation;Lnet/minecraft/world/entity/LivingEntity;Lnet/minecraft/world/damagesource/DamageSource;F)Ljava/lang/Float; to md1e559f$lambda$onLivingHurt$1$7 in apotheosis_modern_ragnarok.mixins.json:minecraft.MixinLivingEntity
[11Oct2025 15:37:07.853] [pool-4-thread-1/DEBUG] [mixin/]: Renaming synthetic method lambda$onLivingAttack$0(Lcom/llamalad7/mixinextras/injector/wrapoperation/Operation;Lnet/minecraft/world/entity/LivingEntity;Lnet/minecraft/world/damagesource/DamageSource;F)Z to md1e559f$lambda$onLivingAttack$0$8 in apotheosis_modern_ragnarok.mixins.json:minecraft.MixinLivingEntity
[11Oct2025 15:37:07.859] [pool-4-thread-1/DEBUG] [mixin/]: Mixing LivingEntityMixin from obscure_api.mixins.json into net.minecraft.world.entity.LivingEntity
[11Oct2025 15:37:07.878] [pool-4-thread-1/DEBUG] [net.minecraftforge.coremod.transformer.CoreModBaseTransformer/COREMOD]: Transforming net/minecraft/world/entity/EntityType
[11Oct2025 15:37:08.249] [pool-4-thread-1/DEBUG] [mixin/]: Mixing MixinPlayer from gunsmithlib.mixins.json into net.minecraft.world.entity.player.Player
[11Oct2025 15:37:08.249] [pool-4-thread-1/DEBUG] [mixin/]: gunsmithlib.mixins.json:MixinPlayer: Class version 61 required is higher than the class version supported by the current version of Mixin (JAVA_8 supports class version 52)
[11Oct2025 15:37:08.251] [pool-4-thread-1/DEBUG] [mixin/]: Mixing PlayerEntityMixin from playerAnimator-common.mixins.json into net.minecraft.world.entity.player.Player
[11Oct2025 15:37:08.251] [pool-4-thread-1/DEBUG] [mixin/]: playerAnimator-common.mixins.json:PlayerEntityMixin: Class version 61 required is higher than the class version supported by the current version of Mixin (JAVA_16 supports class version 60)
[11Oct2025 15:37:08.262] [pool-4-thread-1/DEBUG] [mixin/]: Mixing PlayerMixin from attributeslib.mixins.json into net.minecraft.world.entity.player.Player
[11Oct2025 15:37:08.264] [pool-4-thread-1/DEBUG] [mixin/]: Mixing PlayerMixin from mixins.irons_spellbooks.json into net.minecraft.world.entity.player.Player
[11Oct2025 15:37:08.265] [pool-4-thread-1/DEBUG] [mixin/]: Mixing PlayerMixin from dummmmmmy-common.mixins.json into net.minecraft.world.entity.player.Player
[11Oct2025 15:37:08.369] [pool-4-thread-1/DEBUG] [mixin/]: Mixing LevelAccessor from gunsmithlib.mixins.json into net.minecraft.world.level.Level
[11Oct2025 15:37:08.369] [pool-4-thread-1/DEBUG] [mixin/]: gunsmithlib.mixins.json:LevelAccessor: Class version 61 required is higher than the class version supported by the current version of Mixin (JAVA_8 supports class version 52)
[11Oct2025 15:37:08.390] [pool-4-thread-1/DEBUG] [mixin/]: Mixing ServerLevelMixin from moonlight-common.mixins.json into net.minecraft.server.level.ServerLevel
[11Oct2025 15:37:08.484] [pool-4-thread-1/DEBUG] [mixin/]: Mixing hacks.InterfaceDefaultImplInjectors$Item from apotheosis_modern_ragnarok.mixins.json into net.minecraft.world.item.Item
[11Oct2025 15:37:08.485] [pool-4-thread-1/DEBUG] [mixin/]: apotheosis_modern_ragnarok.mixins.json:hacks.InterfaceDefaultImplInjectors$Item: Class version 61 required is higher than the class version supported by the current version of Mixin (JAVA_8 supports class version 52)
[11Oct2025 15:37:08.485] [pool-4-thread-1/DEBUG] [mixin/]: Mixing ItemMixin from moonlight-common.mixins.json into net.minecraft.world.item.Item
[11Oct2025 15:37:08.487] [pool-4-thread-1/DEBUG] [mixin/]: Mixing ItemMixin from moonlight.mixins.json into net.minecraft.world.item.Item
[11Oct2025 15:37:08.489] [pool-4-thread-1/DEBUG] [mixin/]: Mixing ItemMixin from mixins.irons_spellbooks.json into net.minecraft.world.item.Item
[11Oct2025 15:37:08.491] [pool-4-thread-1/DEBUG] [mixin/]: Mixing ItemMixin from apotheosis.mixins.json into net.minecraft.world.item.Item
[11Oct2025 15:37:08.492] [pool-4-thread-1/DEBUG] [mixin/]: Mixing minecraft.MakeGunEnchantableMixin from apotheosis_modern_ragnarok.mixins.json into net.minecraft.world.item.Item
[11Oct2025 15:37:08.492] [pool-4-thread-1/DEBUG] [mixin/]: apotheosis_modern_ragnarok.mixins.json:minecraft.MakeGunEnchantableMixin: Class version 61 required is higher than the class version supported by the current version of Mixin (JAVA_8 supports class version 52)
[11Oct2025 15:37:08.492] [pool-4-thread-1/DEBUG] [mixin/]: Renaming synthetic method lambda$giveEnchantmentValue$1(Lmod/chloeprime/gunsmithlib/api/util/GunInfo;)Ljava/lang/Integer; to md1e559f$lambda$giveEnchantmentValue$1$0 in apotheosis_modern_ragnarok.mixins.json:minecraft.MakeGunEnchantableMixin
[11Oct2025 15:37:08.492] [pool-4-thread-1/DEBUG] [mixin/]: Renaming synthetic method lambda$giveEnchantmentValue$0(Lmod/chloeprime/apotheosismodernragnarok/common/gunpack/GunApothData;)Ljava/lang/Integer; to md1e559f$lambda$giveEnchantmentValue$0$1 in apotheosis_modern_ragnarok.mixins.json:minecraft.MakeGunEnchantableMixin
[11Oct2025 15:37:08.560] [pool-4-thread-1/DEBUG] [mixin/]: Mixing IForgeItemMixin from attributeslib.mixins.json into net.minecraftforge.common.extensions.IForgeItem
[11Oct2025 15:37:08.570] [pool-4-thread-1/DEBUG] [net.minecraftforge.coremod.transformer.CoreModBaseTransformer/COREMOD]: Transforming net/minecraft/world/entity/EntityType
[11Oct2025 15:37:08.648] [pool-4-thread-1/DEBUG] [mixin/]: Mixing MobEffectMixin from mixins.irons_spellbooks.json into net.minecraft.world.effect.MobEffect
[11Oct2025 15:37:08.664] [pool-4-thread-1/DEBUG] [mixin/]: Mixing EnchantmentMixin from apotheosis.mixins.json into net.minecraft.world.item.enchantment.Enchantment
[11Oct2025 15:37:08.664] [pool-4-thread-1/DEBUG] [mixin/]: Renaming synthetic method lambda$apoth_modifyEnchColorForAboveMaxLevel$0(Lnet/minecraft/network/chat/Style;)Lnet/minecraft/network/chat/Style; to md1e559f$lambda$apoth_modifyEnchColorForAboveMaxLevel$0$0 in apotheosis.mixins.json:EnchantmentMixin
[11Oct2025 15:37:08.706] [pool-4-thread-1/DEBUG] [mixin/]: Mixing AttributeMixin from attributeslib.mixins.json into net.minecraft.world.entity.ai.attributes.Attribute
[11Oct2025 15:37:08.768] [pool-4-thread-1/DEBUG] [net.minecraftforge.coremod.transformer.CoreModBaseTransformer/COREMOD]: Transforming net/minecraft/world/item/CreativeModeTabs
[11Oct2025 15:37:08.820] [pool-4-thread-1/INFO] [net.minecraftforge.coremod.CoreMod.apotheosis/COREMODLOG]: Replaced 2 calls to Enchantment#getMaxLevel() in net/minecraft/world/item/CreativeModeTabs
[11Oct2025 15:37:08.840] [pool-4-thread-1/DEBUG] [mixin/]: Mixing FireBlockMixin from moonlight.mixins.json into net.minecraft.world.level.block.FireBlock
[11Oct2025 15:37:09.080] [pool-4-thread-1/DEBUG] [net.minecraftforge.coremod.transformer.CoreModBaseTransformer/COREMOD]: Transforming net/minecraft/world/level/block/LiquidBlock
[11Oct2025 15:37:09.092] [pool-4-thread-1/DEBUG] [mixin/]: Mixing accessor.DispenserBlockAccessor from moonlight-common.mixins.json into net.minecraft.world.level.block.DispenserBlock
[11Oct2025 15:37:09.092] [pool-4-thread-1/DEBUG] [mixin/]: Renaming @Accessor method getDispenserRegistry()Ljava/util/Map; to getDispenserRegistry_$md$1e559f$0 in moonlight-common.mixins.json:accessor.DispenserBlockAccessor
[11Oct2025 15:37:09.113] [pool-4-thread-1/DEBUG] [net.minecraftforge.coremod.transformer.CoreModBaseTransformer/COREMOD]: Transforming net/minecraft/world/level/block/StairBlock
[11Oct2025 15:37:09.114] [pool-4-thread-1/DEBUG] [mixin/]: Mixing interactkey.StairBlockAccessor from gunsmithlib.mixins.json into net.minecraft.world.level.block.StairBlock
[11Oct2025 15:37:09.114] [pool-4-thread-1/DEBUG] [mixin/]: gunsmithlib.mixins.json:interactkey.StairBlockAccessor: Class version 61 required is higher than the class version supported by the current version of Mixin (JAVA_8 supports class version 52)
[11Oct2025 15:37:09.119] [pool-4-thread-1/DEBUG] [mixin/]: Mixing client.StairBlockAccessor from tacz.mixins.json into net.minecraft.world.level.block.StairBlock
[11Oct2025 15:37:09.123] [pool-4-thread-1/DEBUG] [mixin/]: Unexpected: Registered method invokeGetModelBlock()Lnet/minecraft/world/level/block/Block; in net.minecraft.world.level.block.StairBlock was not merged
[11Oct2025 15:37:09.199] [pool-4-thread-1/DEBUG] [net.minecraftforge.coremod.transformer.CoreModBaseTransformer/COREMOD]: Transforming net/minecraft/world/level/block/FlowerPotBlock
[11Oct2025 15:37:09.207] [pool-4-thread-1/DEBUG] [mixin/]: Mixing AnvilBlockMixin from placebo.mixins.json into net.minecraft.world.level.block.AnvilBlock
[11Oct2025 15:37:09.265] [pool-4-thread-1/DEBUG] [mixin/]: Mixing CandleBlockMixin from apotheosis.mixins.json into net.minecraft.world.level.block.CandleBlock
[11Oct2025 15:37:09.277] [pool-4-thread-1/DEBUG] [mixin/]: Mixing MixinPowderSnowBlock from curios.mixins.json into net.minecraft.world.level.block.PowderSnowBlock
[11Oct2025 15:37:09.479] [pool-4-thread-1/DEBUG] [mixin/]: Mixing FallingBlockEntityMixin from apotheosis.mixins.json into net.minecraft.world.entity.item.FallingBlockEntity
[11Oct2025 15:37:09.532] [pool-4-thread-1/DEBUG] [mixin/]: Mixing accessor.DispenserBlockEntityAccessor from moonlight-common.mixins.json into net.minecraft.world.level.block.entity.DispenserBlockEntity
[11Oct2025 15:37:09.695] [pool-4-thread-1/DEBUG] [mixin/]: Mixing PistonBlockEntityMixin from moonlight-common.mixins.json into net.minecraft.world.level.block.piston.PistonMovingBlockEntity
[11Oct2025 15:37:09.740] [pool-4-thread-1/DEBUG] [mixin/]: Mixing ServerPlayerMixin from moonlight-common.mixins.json into net.minecraft.server.level.ServerPlayer
[11Oct2025 15:37:09.741] [pool-4-thread-1/DEBUG] [mixin/]: Mixing common.ServerPlayerMixin from tacz.mixins.json into net.minecraft.server.level.ServerPlayer
[11Oct2025 15:37:09.779] [pool-4-thread-1/DEBUG] [mixin/]: Mixing AttributesMixin from mixins.irons_spellbooks.json into net.minecraft.world.entity.ai.attributes.Attributes
[11Oct2025 15:37:09.964] [pool-4-thread-1/DEBUG] [mixin/]: Mixing AbstractContainerMenuInvoker from placebo.mixins.json into net.minecraft.world.inventory.AbstractContainerMenu
[11Oct2025 15:37:10.069] [pool-4-thread-1/DEBUG] [mixin/]: Mixing EntityMixin from moonlight-common.mixins.json into net.minecraft.world.entity.Mob
[11Oct2025 15:37:10.069] [pool-4-thread-1/DEBUG] [mixin/]: Mixing MixinMob from gunsmithlib.mixins.json into net.minecraft.world.entity.Mob
[11Oct2025 15:37:10.070] [pool-4-thread-1/DEBUG] [mixin/]: gunsmithlib.mixins.json:MixinMob: Class version 61 required is higher than the class version supported by the current version of Mixin (JAVA_8 supports class version 52)
[11Oct2025 15:37:10.220] [pool-4-thread-1/DEBUG] [net.minecraftforge.coremod.transformer.CoreModBaseTransformer/COREMOD]: Transforming net/minecraft/world/item/ItemStack
[11Oct2025 15:37:10.221] [pool-4-thread-1/DEBUG] [mixin/]: Mixing ItemStackMixin from apotheosis.mixins.json into net.minecraft.world.item.ItemStack
[11Oct2025 15:37:10.222] [pool-4-thread-1/DEBUG] [mixin/]: Renaming synthetic method lambda$swapDura$2(DD)D to md1e559f$lambda$swapDura$2$0 in apotheosis.mixins.json:ItemStackMixin
[11Oct2025 15:37:10.222] [pool-4-thread-1/DEBUG] [mixin/]: Renaming synthetic method lambda$swapDura$1(Lnet/minecraft/server/level/ServerPlayer;Ldev/shadowsoffire/apotheosis/adventure/affix/AffixInstance;)D to md1e559f$lambda$swapDura$1$1 in apotheosis.mixins.json:ItemStackMixin
[11Oct2025 15:37:10.222] [pool-4-thread-1/DEBUG] [mixin/]: Renaming synthetic method lambda$apoth_affixItemName$0(Ldev/shadowsoffire/placebo/reload/DynamicHolder;Lnet/minecraft/network/chat/Style;)Lnet/minecraft/network/chat/Style; to md1e559f$lambda$apoth_affixItemName$0$2 in apotheosis.mixins.json:ItemStackMixin
[11Oct2025 15:37:10.234] [pool-4-thread-1/DEBUG] [mixin/]: Mixing MixinItemStack from gunsmithlib.mixins.json into net.minecraft.world.item.ItemStack
[11Oct2025 15:37:10.236] [pool-4-thread-1/DEBUG] [mixin/]: gunsmithlib.mixins.json:MixinItemStack: Class version 61 required is higher than the class version supported by the current version of Mixin (JAVA_8 supports class version 52)
[11Oct2025 15:37:10.237] [pool-4-thread-1/DEBUG] [mixin/]: Mixing ItemStackMixin from placebo.mixins.json into net.minecraft.world.item.ItemStack
[11Oct2025 15:37:10.238] [pool-4-thread-1/DEBUG] [mixin/]: Renaming synthetic method lambda$getOrCreate$0(Ljava/util/function/Function;Ljava/util/function/ToIntFunction;Lnet/minecraft/resources/ResourceLocation;)Ldev/shadowsoffire/placebo/util/CachedObject; to md1e559f$lambda$getOrCreate$0$3 in placebo.mixins.json:ItemStackMixin
[11Oct2025 15:37:10.241] [pool-4-thread-1/DEBUG] [mixin/]: Mixing ItemStackMixin from attributeslib.mixins.json into net.minecraft.world.item.ItemStack
[11Oct2025 15:37:10.242] [pool-4-thread-1/DEBUG] [mixin/]: Mixing ItemStackMixin from mixins.irons_spellbooks.json into net.minecraft.world.item.ItemStack
[11Oct2025 15:37:10.360] [pool-4-thread-1/DEBUG] [net.minecraftforge.coremod.transformer.CoreModBaseTransformer/COREMOD]: Transforming getEnchantmentLevel with desc (Lnet/minecraft/world/item/enchantment/Enchantment;)I
[11Oct2025 15:37:10.361] [pool-4-thread-1/INFO] [net.minecraftforge.coremod.CoreMod.placebo/COREMODLOG]: Patching IForgeItemStack#getEnchantmentLevel
[11Oct2025 15:37:10.361] [pool-4-thread-1/DEBUG] [net.minecraftforge.coremod.transformer.CoreModBaseTransformer/COREMOD]: Transforming getAllEnchantments with desc ()Ljava/util/Map;
[11Oct2025 15:37:10.361] [pool-4-thread-1/INFO] [net.minecraftforge.coremod.CoreMod.placebo/COREMODLOG]: Patching IForgeItemStack#getEnchantmentLevel
[11Oct2025 15:37:10.362] [pool-4-thread-1/DEBUG] [mixin/]: Mixing IForgeItemStackMixin from apotheosis.mixins.json into net.minecraftforge.common.extensions.IForgeItemStack
[11Oct2025 15:37:10.454] [pool-4-thread-1/DEBUG] [net.minecraftforge.coremod.transformer.CoreModBaseTransformer/COREMOD]: Transforming net/minecraft/world/inventory/AnvilMenu
[11Oct2025 15:37:10.469] [pool-4-thread-1/INFO] [net.minecraftforge.coremod.CoreMod.apotheosis/COREMODLOG]: Replaced 2 calls to Enchantment#getMaxLevel() in net/minecraft/world/inventory/AnvilMenu
[11Oct2025 15:37:10.469] [pool-4-thread-1/DEBUG] [mixin/]: Mixing AnvilMenuMixin from apotheosis.mixins.json into net.minecraft.world.inventory.AnvilMenu
[11Oct2025 15:37:10.859] [pool-4-thread-1/DEBUG] [mixin/]: Mixing SmithingMenuMixin from apotheosis.mixins.json into net.minecraft.world.inventory.SmithingMenu
[11Oct2025 15:37:11.027] [pool-4-thread-1/DEBUG] [mixin/]: Mixing LightningEntityMixin from moonlight-common.mixins.json into net.minecraft.world.entity.LightningBolt
[11Oct2025 15:37:11.100] [pool-4-thread-1/DEBUG] [net.minecraftforge.coremod.transformer.CoreModBaseTransformer/COREMOD]: Transforming net/minecraft/world/entity/animal/frog/Tadpole
[11Oct2025 15:37:11.144] [pool-4-thread-1/DEBUG] [mixin/]: Mixing BlockItemMixin from moonlight-common.mixins.json into net.minecraft.world.item.BlockItem
[11Oct2025 15:37:11.215] [pool-4-thread-1/DEBUG] [mixin/]: Mixing ArrowItemMixin from apotheosis.mixins.json into net.minecraft.world.item.ArrowItem
[11Oct2025 15:37:11.228] [pool-4-thread-1/DEBUG] [mixin/]: Mixing SwordItemMixin from dummmmmmy-common.mixins.json into net.minecraft.world.item.SwordItem
[11Oct2025 15:37:11.246] [pool-4-thread-1/DEBUG] [mixin/]: Mixing ToolItemMixin from dummmmmmy-common.mixins.json into net.minecraft.world.item.DiggerItem
[11Oct2025 15:37:11.266] [pool-4-thread-1/DEBUG] [net.minecraftforge.coremod.transformer.CoreModBaseTransformer/COREMOD]: Transforming net/minecraft/world/item/BucketItem
[11Oct2025 15:37:11.292] [pool-4-thread-1/DEBUG] [mixin/]: Mixing MapItemMixin from moonlight-common.mixins.json into net.minecraft.world.item.MapItem
[11Oct2025 15:37:11.294] [pool-4-thread-1/DEBUG] [mixin/]: Renaming synthetic method lambda$update$1(Lnet/minecraft/world/level/saveddata/maps/MapItemSavedData;Lnet/minecraft/world/entity/Entity;Ljava/util/concurrent/atomic/AtomicBoolean;Lnet/minecraft/resources/ResourceLocation;Lnet/mehvahdjukaar/moonlight/api/map/CustomMapData;)V to md1e559f$lambda$update$1$0 in moonlight-common.mixins.json:MapItemMixin
[11Oct2025 15:37:11.294] [pool-4-thread-1/DEBUG] [mixin/]: Renaming synthetic method lambda$appendHoverText$0(Lnet/minecraft/world/level/saveddata/maps/MapItemSavedData;Lnet/minecraft/world/item/ItemStack;Ljava/util/List;Lnet/minecraft/resources/ResourceLocation;Lnet/mehvahdjukaar/moonlight/api/map/CustomMapData;)V to md1e559f$lambda$appendHoverText$0$1 in moonlight-common.mixins.json:MapItemMixin
[11Oct2025 15:37:11.345] [pool-4-thread-1/DEBUG] [mixin/]: Mixing ShearItemMixin from moonlight-common.mixins.json into net.minecraft.world.item.ShearsItem
[11Oct2025 15:37:11.346] [pool-4-thread-1/DEBUG] [mixin/]: Mixing MixinShearsItem from curios.mixins.json into net.minecraft.world.item.ShearsItem
[11Oct2025 15:37:11.347] [pool-4-thread-1/DEBUG] [mixin/]: Mixing ShearsItemMixin from apotheosis.mixins.json into net.minecraft.world.item.ShearsItem
[11Oct2025 15:37:11.458] [pool-4-thread-1/DEBUG] [net.minecraftforge.coremod.transformer.CoreModBaseTransformer/COREMOD]: Transforming net/minecraft/world/item/EnchantedBookItem
[11Oct2025 15:37:11.464] [pool-4-thread-1/DEBUG] [mixin/]: Mixing ArmorStandFIxMixin from dummmmmmy-common.mixins.json into net.minecraft.world.item.ArmorStandItem
[11Oct2025 15:37:11.490] [pool-4-thread-1/DEBUG] [mixin/]: Mixing TridentItemMixin from mixins.irons_spellbooks.json into net.minecraft.world.item.TridentItem
[11Oct2025 15:37:11.492] [pool-4-thread-1/DEBUG] [mixin/]: Mixing TridentItemMixin from apotheosis.mixins.json into net.minecraft.world.item.TridentItem
[11Oct2025 15:37:11.504] [pool-4-thread-1/DEBUG] [mixin/]: Mixing CrossbowItemMixin from apotheosis.mixins.json into net.minecraft.world.item.CrossbowItem
[11Oct2025 15:37:12.618] [pool-4-thread-1/DEBUG] [mixin/]: Mixing MixinAreaEffectCloud from gunsmithlib.mixins.json into net.minecraft.world.entity.AreaEffectCloud
[11Oct2025 15:37:12.618] [pool-4-thread-1/DEBUG] [mixin/]: gunsmithlib.mixins.json:MixinAreaEffectCloud: Class version 61 required is higher than the class version supported by the current version of Mixin (JAVA_8 supports class version 52)
[11Oct2025 15:37:13.041] [Datafixer Bootstrap/INFO] [com.mojang.datafixers.DataFixerBuilder/]: 188 Datafixer optimizations took 436 milliseconds
[11Oct2025 15:37:13.245] [pool-4-thread-1/DEBUG] [mixin/]: Mixing TemptGoalMixin from apotheosis.mixins.json into net.minecraft.world.entity.ai.goal.TemptGoal
[11Oct2025 15:37:13.257] [pool-4-thread-1/DEBUG] [mixin/]: Mixing BeeGoalMixin from moonlight-common.mixins.json into net.minecraft.world.entity.animal.Bee$BeeGrowCropGoal
[11Oct2025 15:37:13.278] [pool-4-thread-1/DEBUG] [mixin/]: Mixing NearestAttackableTargetGoalMixin from attributeslib.mixins.json into net.minecraft.world.entity.ai.goal.target.NearestAttackableTargetGoal
[11Oct2025 15:37:13.328] [pool-4-thread-1/DEBUG] [net.minecraftforge.coremod.transformer.CoreModBaseTransformer/COREMOD]: Transforming net/minecraft/world/entity/monster/Spider
[11Oct2025 15:37:13.364] [pool-4-thread-1/DEBUG] [mixin/]: Mixing CreeperMixin from mixins.irons_spellbooks.json into net.minecraft.world.entity.monster.Creeper
[11Oct2025 15:37:13.386] [pool-4-thread-1/DEBUG] [net.minecraftforge.coremod.transformer.CoreModBaseTransformer/COREMOD]: Transforming net/minecraft/world/entity/monster/Zombie
[11Oct2025 15:37:13.406] [pool-4-thread-1/DEBUG] [net.minecraftforge.coremod.transformer.CoreModBaseTransformer/COREMOD]: Transforming net/minecraft/world/entity/monster/ZombieVillager
[11Oct2025 15:37:13.424] [pool-4-thread-1/DEBUG] [mixin/]: Mixing ThrownTridentMixin from attributeslib.mixins.json into net.minecraft.world.entity.projectile.ThrownTrident
[11Oct2025 15:37:13.426] [pool-4-thread-1/DEBUG] [mixin/]: Mixing ThrownTridentMixin from apotheosis.mixins.json into net.minecraft.world.entity.projectile.ThrownTrident
[11Oct2025 15:37:13.479] [pool-4-thread-1/DEBUG] [net.minecraftforge.coremod.transformer.CoreModBaseTransformer/COREMOD]: Transforming net/minecraft/world/entity/monster/Evoker$EvokerSummonSpellGoal
[11Oct2025 15:37:13.490] [pool-4-thread-1/DEBUG] [mixin/]: Mixing FixBlockPlaceContextMixin from moonlight-common.mixins.json into net.minecraft.world.item.context.BlockPlaceContext
[11Oct2025 15:37:13.568] [pool-4-thread-1/DEBUG] [mixin/]: Mixing SlimeMixin from apotheosis.mixins.json into net.minecraft.world.entity.monster.Slime
[11Oct2025 15:37:13.654] [pool-4-thread-1/DEBUG] [mixin/]: Mixing ThrownPotionMixin from moonlight-common.mixins.json into net.minecraft.world.entity.projectile.ThrownPotion
[11Oct2025 15:37:13.697] [pool-4-thread-1/DEBUG] [mixin/]: Mixing SheepMixin from apotheosis.mixins.json into net.minecraft.world.entity.animal.Sheep
[11Oct2025 15:37:13.726] [pool-4-thread-1/DEBUG] [net.minecraftforge.coremod.transformer.CoreModBaseTransformer/COREMOD]: Transforming net/minecraft/world/entity/animal/horse/SkeletonTrapGoal
[11Oct2025 15:37:13.760] [pool-4-thread-1/DEBUG] [net.minecraftforge.coremod.transformer.CoreModBaseTransformer/COREMOD]: Transforming net/minecraft/world/entity/monster/Strider
[11Oct2025 15:37:13.898] [pool-4-thread-1/DEBUG] [mixin/]: Mixing LevelChunkMixin from moonlight-common.mixins.json into net.minecraft.world.level.chunk.LevelChunk
[11Oct2025 15:37:13.949] [pool-4-thread-1/DEBUG] [net.minecraftforge.coremod.transformer.CoreModBaseTransformer/COREMOD]: Transforming net/minecraft/world/entity/npc/Villager
[11Oct2025 15:37:13.982] [pool-4-thread-1/DEBUG] [mixin/]: Mixing VillagerMixin from moonlight-common.mixins.json into net.minecraft.world.entity.npc.Villager
[11Oct2025 15:37:14.046] [pool-4-thread-1/DEBUG] [net.minecraftforge.coremod.transformer.CoreModBaseTransformer/COREMOD]: Transforming catchingFish with desc (Lnet/minecraft/core/BlockPos;)V
[11Oct2025 15:37:14.059] [pool-4-thread-1/INFO] [net.minecraftforge.coremod.CoreMod.apotheosis/COREMODLOG]: Patching FishingHook#catchingFish
[11Oct2025 15:37:14.087] [pool-4-thread-1/DEBUG] [net.minecraftforge.coremod.transformer.CoreModBaseTransformer/COREMOD]: Transforming net/minecraft/world/effect/MobEffectInstance
[11Oct2025 15:37:14.088] [pool-4-thread-1/DEBUG] [mixin/]: Mixing minecraft.MixinMobEffectInstance from apotheosis_modern_ragnarok.mixins.json into net.minecraft.world.effect.MobEffectInstance
[11Oct2025 15:37:14.088] [pool-4-thread-1/DEBUG] [mixin/]: apotheosis_modern_ragnarok.mixins.json:minecraft.MixinMobEffectInstance: Class version 61 required is higher than the class version supported by the current version of Mixin (JAVA_8 supports class version 52)
[11Oct2025 15:37:14.129] [pool-4-thread-1/DEBUG] [mixin/]: Mixing common.ServerGamePacketListenerImplMixin from tacz.mixins.json into net.minecraft.server.network.ServerGamePacketListenerImpl
[11Oct2025 15:37:14.130] [pool-4-thread-1/DEBUG] [mixin/]: Mixing common.ServerPlayNetHandlerMixin from tacz.mixins.json into net.minecraft.server.network.ServerGamePacketListenerImpl
[11Oct2025 15:37:14.347] [pool-4-thread-1/DEBUG] [mixin/]: Mixing MixinInventory from curios.mixins.json into net.minecraft.world.entity.player.Inventory
[11Oct2025 15:37:14.348] [pool-4-thread-1/DEBUG] [mixin/]: Mixing InventoryMixin from moonlight-common.mixins.json into net.minecraft.world.entity.player.Inventory
[11Oct2025 15:37:14.393] [pool-4-thread-1/DEBUG] [mixin/]: Mixing GrindstoneMenuSlotMixin from moonlight-common.mixins.json into net.minecraft.world.inventory.GrindstoneMenu$4
[11Oct2025 15:37:14.413] [pool-4-thread-1/DEBUG] [mixin/]: Mixing MapExtendingRecipeMixin from moonlight-common.mixins.json into net.minecraft.world.item.crafting.MapExtendingRecipe
[11Oct2025 15:37:14.516] [pool-4-thread-1/DEBUG] [net.minecraftforge.coremod.transformer.CoreModBaseTransformer/COREMOD]: Transforming net/minecraft/world/level/storage/loot/functions/EnchantRandomlyFunction
[11Oct2025 15:37:14.545] [pool-4-thread-1/INFO] [net.minecraftforge.coremod.CoreMod.apotheosis/COREMODLOG]: Replaced 1 calls to Enchantment#getMaxLevel() in net/minecraft/world/level/storage/loot/functions/EnchantRandomlyFunction
[11Oct2025 15:37:14.545] [pool-4-thread-1/INFO] [net.minecraftforge.coremod.CoreMod.apotheosis/COREMODLOG]: Replaced 1 calls to Enchantment#isDiscoverable() in net/minecraft/world/level/storage/loot/functions/EnchantRandomlyFunction
[11Oct2025 15:37:14.555] [pool-4-thread-1/DEBUG] [mixin/]: Mixing MixinApplyBonusCount from curios.mixins.json into net.minecraft.world.level.storage.loot.functions.ApplyBonusCount
[11Oct2025 15:37:14.838] [pool-4-thread-1/DEBUG] [net.minecraftforge.coremod.transformer.CoreModBaseTransformer/COREMOD]: Transforming net/minecraft/world/level/levelgen/structure/Structure
[11Oct2025 15:37:14.870] [pool-4-thread-1/DEBUG] [net.minecraftforge.coremod.transformer.CoreModBaseTransformer/COREMOD]: Transforming net/minecraft/world/level/levelgen/structure/structures/OceanRuinPieces$OceanRuinPiece
[11Oct2025 15:37:14.885] [pool-4-thread-1/DEBUG] [net.minecraftforge.coremod.transformer.CoreModBaseTransformer/COREMOD]: Transforming net/minecraft/world/level/levelgen/structure/structures/SwampHutPiece
[11Oct2025 15:37:14.895] [pool-4-thread-1/DEBUG] [net.minecraftforge.coremod.transformer.CoreModBaseTransformer/COREMOD]: Transforming net/minecraft/world/level/levelgen/structure/structures/OceanMonumentPieces$OceanMonumentPiece
[11Oct2025 15:37:14.908] [pool-4-thread-1/DEBUG] [net.minecraftforge.coremod.transformer.CoreModBaseTransformer/COREMOD]: Transforming net/minecraft/world/level/levelgen/structure/structures/WoodlandMansionPieces$WoodlandMansionPiece
[11Oct2025 15:37:15.010] [pool-4-thread-1/DEBUG] [net.minecraftforge.coremod.transformer.CoreModBaseTransformer/COREMOD]: Transforming net/minecraft/world/level/biome/Biome
[11Oct2025 15:37:15.201] [pool-4-thread-1/DEBUG] [net.minecraftforge.registries.GameData/REGISTRIES]: Creating vanilla freeze snapshot
[11Oct2025 15:37:15.206] [pool-4-thread-1/DEBUG] [net.minecraftforge.registries.ForgeRegistry/REGISTRIES]: Registry minecraft:block Sync: VANILLA -> ACTIVE
[11Oct2025 15:37:15.215] [pool-4-thread-1/DEBUG] [net.minecraftforge.registries.ForgeRegistry/REGISTRIES]: Registry minecraft:fluid Sync: VANILLA -> ACTIVE
[11Oct2025 15:37:15.216] [pool-4-thread-1/DEBUG] [net.minecraftforge.registries.ForgeRegistry/REGISTRIES]: Registry minecraft:item Sync: VANILLA -> ACTIVE
[11Oct2025 15:37:15.225] [pool-4-thread-1/DEBUG] [net.minecraftforge.registries.ForgeRegistry/REGISTRIES]: Registry minecraft:mob_effect Sync: VANILLA -> ACTIVE
[11Oct2025 15:37:15.225] [pool-4-thread-1/DEBUG] [net.minecraftforge.registries.ForgeRegistry/REGISTRIES]: Registry minecraft:sound_event Sync: VANILLA -> ACTIVE
[11Oct2025 15:37:15.233] [pool-4-thread-1/DEBUG] [net.minecraftforge.registries.ForgeRegistry/REGISTRIES]: Registry minecraft:potion Sync: VANILLA -> ACTIVE
[11Oct2025 15:37:15.233] [pool-4-thread-1/DEBUG] [net.minecraftforge.registries.ForgeRegistry/REGISTRIES]: Registry minecraft:enchantment Sync: VANILLA -> ACTIVE
[11Oct2025 15:37:15.233] [pool-4-thread-1/DEBUG] [net.minecraftforge.registries.ForgeRegistry/REGISTRIES]: Registry minecraft:entity_type Sync: VANILLA -> ACTIVE
[11Oct2025 15:37:15.234] [pool-4-thread-1/DEBUG] [net.minecraftforge.registries.ForgeRegistry/REGISTRIES]: Registry minecraft:block_entity_type Sync: VANILLA -> ACTIVE
[11Oct2025 15:37:15.235] [pool-4-thread-1/DEBUG] [net.minecraftforge.registries.ForgeRegistry/REGISTRIES]: Registry minecraft:particle_type Sync: VANILLA -> ACTIVE
[11Oct2025 15:37:15.235] [pool-4-thread-1/DEBUG] [net.minecraftforge.registries.ForgeRegistry/REGISTRIES]: Registry minecraft:menu Sync: VANILLA -> ACTIVE
[11Oct2025 15:37:15.235] [pool-4-thread-1/DEBUG] [net.minecraftforge.registries.ForgeRegistry/REGISTRIES]: Registry minecraft:painting_variant Sync: VANILLA -> ACTIVE
[11Oct2025 15:37:15.236] [pool-4-thread-1/DEBUG] [net.minecraftforge.registries.ForgeRegistry/REGISTRIES]: Registry minecraft:recipe_type Sync: VANILLA -> ACTIVE
[11Oct2025 15:37:15.236] [pool-4-thread-1/DEBUG] [net.minecraftforge.registries.ForgeRegistry/REGISTRIES]: Registry minecraft:recipe_serializer Sync: VANILLA -> ACTIVE
[11Oct2025 15:37:15.236] [pool-4-thread-1/DEBUG] [net.minecraftforge.registries.ForgeRegistry/REGISTRIES]: Registry minecraft:attribute Sync: VANILLA -> ACTIVE
[11Oct2025 15:37:15.236] [pool-4-thread-1/DEBUG] [net.minecraftforge.registries.ForgeRegistry/REGISTRIES]: Registry minecraft:stat_type Sync: VANILLA -> ACTIVE
[11Oct2025 15:37:15.236] [pool-4-thread-1/DEBUG] [net.minecraftforge.registries.ForgeRegistry/REGISTRIES]: Registry minecraft:command_argument_type Sync: VANILLA -> ACTIVE
[11Oct2025 15:37:15.237] [pool-4-thread-1/DEBUG] [net.minecraftforge.registries.ForgeRegistry/REGISTRIES]: Registry minecraft:villager_profession Sync: VANILLA -> ACTIVE
[11Oct2025 15:37:15.237] [pool-4-thread-1/DEBUG] [net.minecraftforge.registries.ForgeRegistry/REGISTRIES]: Registry minecraft:point_of_interest_type Sync: VANILLA -> ACTIVE
[11Oct2025 15:37:15.239] [pool-4-thread-1/DEBUG] [net.minecraftforge.registries.ForgeRegistry/REGISTRIES]: Registry minecraft:memory_module_type Sync: VANILLA -> ACTIVE
[11Oct2025 15:37:15.240] [pool-4-thread-1/DEBUG] [net.minecraftforge.registries.ForgeRegistry/REGISTRIES]: Registry minecraft:sensor_type Sync: VANILLA -> ACTIVE
[11Oct2025 15:37:15.240] [pool-4-thread-1/DEBUG] [net.minecraftforge.registries.ForgeRegistry/REGISTRIES]: Registry minecraft:schedule Sync: VANILLA -> ACTIVE
[11Oct2025 15:37:15.240] [pool-4-thread-1/DEBUG] [net.minecraftforge.registries.ForgeRegistry/REGISTRIES]: Registry minecraft:activity Sync: VANILLA -> ACTIVE
[11Oct2025 15:37:15.240] [pool-4-thread-1/DEBUG] [net.minecraftforge.registries.ForgeRegistry/REGISTRIES]: Registry minecraft:worldgen/carver Sync: VANILLA -> ACTIVE
[11Oct2025 15:37:15.240] [pool-4-thread-1/DEBUG] [net.minecraftforge.registries.ForgeRegistry/REGISTRIES]: Registry minecraft:worldgen/feature Sync: VANILLA -> ACTIVE
[11Oct2025 15:37:15.241] [pool-4-thread-1/DEBUG] [net.minecraftforge.registries.ForgeRegistry/REGISTRIES]: Registry minecraft:chunk_status Sync: VANILLA -> ACTIVE
[11Oct2025 15:37:15.241] [pool-4-thread-1/DEBUG] [net.minecraftforge.registries.ForgeRegistry/REGISTRIES]: Registry minecraft:worldgen/block_state_provider_type Sync: VANILLA -> ACTIVE
[11Oct2025 15:37:15.241] [pool-4-thread-1/DEBUG] [net.minecraftforge.registries.ForgeRegistry/REGISTRIES]: Registry minecraft:worldgen/foliage_placer_type Sync: VANILLA -> ACTIVE
[11Oct2025 15:37:15.241] [pool-4-thread-1/DEBUG] [net.minecraftforge.registries.ForgeRegistry/REGISTRIES]: Registry minecraft:worldgen/tree_decorator_type Sync: VANILLA -> ACTIVE
[11Oct2025 15:37:15.241] [pool-4-thread-1/DEBUG] [net.minecraftforge.registries.ForgeRegistry/REGISTRIES]: Registry minecraft:worldgen/biome Sync: VANILLA -> ACTIVE
[11Oct2025 15:37:15.249] [pool-4-thread-1/DEBUG] [net.minecraftforge.registries.GameData/REGISTRIES]: Vanilla freeze snapshot created
[11Oct2025 15:37:15.326] [pool-4-thread-1/DEBUG] [io.netty.util.internal.PlatformDependent0/]: -Dio.netty.noUnsafe: false
[11Oct2025 15:37:15.327] [pool-4-thread-1/DEBUG] [io.netty.util.internal.PlatformDependent0/]: Java version: 17
[11Oct2025 15:37:15.331] [pool-4-thread-1/DEBUG] [io.netty.util.internal.PlatformDependent0/]: sun.misc.Unsafe.theUnsafe: available
[11Oct2025 15:37:15.333] [pool-4-thread-1/DEBUG] [io.netty.util.internal.PlatformDependent0/]: sun.misc.Unsafe.copyMemory: available
[11Oct2025 15:37:15.334] [pool-4-thread-1/DEBUG] [io.netty.util.internal.PlatformDependent0/]: sun.misc.Unsafe.storeFence: available
[11Oct2025 15:37:15.335] [pool-4-thread-1/DEBUG] [io.netty.util.internal.PlatformDependent0/]: java.nio.Buffer.address: available
[11Oct2025 15:37:15.338] [pool-4-thread-1/DEBUG] [io.netty.util.internal.PlatformDependent0/]: direct buffer constructor: unavailable
java.lang.UnsupportedOperationException: Reflective setAccessible(true) disabled
	at io.netty.util.internal.ReflectionUtil.trySetAccessible(ReflectionUtil.java:31) ~[netty-common-4.1.82.Final.jar%23151!/:4.1.82.Final]
	at io.netty.util.internal.PlatformDependent0$5.run(PlatformDependent0.java:288) ~[netty-common-4.1.82.Final.jar%23151!/:4.1.82.Final]
	at java.security.AccessController.doPrivileged(AccessController.java:318) ~[?:?]
	at io.netty.util.internal.PlatformDependent0.<clinit>(PlatformDependent0.java:282) ~[netty-common-4.1.82.Final.jar%23151!/:4.1.82.Final]
	at io.netty.util.internal.PlatformDependent.isAndroid(PlatformDependent.java:333) ~[netty-common-4.1.82.Final.jar%23151!/:4.1.82.Final]
	at io.netty.util.internal.PlatformDependent.<clinit>(PlatformDependent.java:88) ~[netty-common-4.1.82.Final.jar%23151!/:4.1.82.Final]
	at io.netty.util.ConstantPool.<init>(ConstantPool.java:34) ~[netty-common-4.1.82.Final.jar%23151!/:4.1.82.Final]
	at io.netty.util.AttributeKey$1.<init>(AttributeKey.java:27) ~[netty-common-4.1.82.Final.jar%23151!/:4.1.82.Final]
	at io.netty.util.AttributeKey.<clinit>(AttributeKey.java:27) ~[netty-common-4.1.82.Final.jar%23151!/:4.1.82.Final]
	at net.minecraftforge.network.NetworkConstants.<clinit>(NetworkConstants.java:34) ~[forge-1.20.1-47.4.0_mapped_official_1.20.1.jar%23190%23197!/:?]
	at net.minecraftforge.network.NetworkHooks.init(NetworkHooks.java:52) ~[forge-1.20.1-47.4.0_mapped_official_1.20.1.jar%23190%23197!/:?]
	at net.minecraft.server.Bootstrap.bootStrap(Bootstrap.java:62) ~[forge-1.20.1-47.4.0_mapped_official_1.20.1.jar%23191!/:?]
	at net.minecraft.client.main.Main.lambda$main$0(Main.java:151) ~[forge-1.20.1-47.4.0_mapped_official_1.20.1.jar%23191!/:?]
	at java.util.concurrent.Executors$RunnableAdapter.call(Executors.java:539) ~[?:?]
	at java.util.concurrent.FutureTask.run(FutureTask.java:264) ~[?:?]
	at java.util.concurrent.ThreadPoolExecutor.runWorker(ThreadPoolExecutor.java:1136) ~[?:?]
	at java.util.concurrent.ThreadPoolExecutor$Worker.run(ThreadPoolExecutor.java:635) ~[?:?]
	at java.lang.Thread.run(Thread.java:840) ~[?:?]
[11Oct2025 15:37:15.347] [pool-4-thread-1/DEBUG] [io.netty.util.internal.PlatformDependent0/]: java.nio.Bits.unaligned: available, true
[11Oct2025 15:37:15.352] [pool-4-thread-1/DEBUG] [io.netty.util.internal.PlatformDependent0/]: jdk.internal.misc.Unsafe.allocateUninitializedArray(int): unavailable
java.lang.IllegalAccessException: class io.netty.util.internal.PlatformDependent0$7 (in module io.netty.common) cannot access class jdk.internal.misc.Unsafe (in module java.base) because module java.base does not export jdk.internal.misc to module io.netty.common
	at jdk.internal.reflect.Reflection.newIllegalAccessException(Reflection.java:392) ~[?:?]
	at java.lang.reflect.AccessibleObject.checkAccess(AccessibleObject.java:674) ~[?:?]
	at java.lang.reflect.Method.invoke(Method.java:561) ~[?:?]
	at io.netty.util.internal.PlatformDependent0$7.run(PlatformDependent0.java:410) ~[netty-common-4.1.82.Final.jar%23151!/:4.1.82.Final]
	at java.security.AccessController.doPrivileged(AccessController.java:318) ~[?:?]
	at io.netty.util.internal.PlatformDependent0.<clinit>(PlatformDependent0.java:401) ~[netty-common-4.1.82.Final.jar%23151!/:4.1.82.Final]
	at io.netty.util.internal.PlatformDependent.isAndroid(PlatformDependent.java:333) ~[netty-common-4.1.82.Final.jar%23151!/:4.1.82.Final]
	at io.netty.util.internal.PlatformDependent.<clinit>(PlatformDependent.java:88) ~[netty-common-4.1.82.Final.jar%23151!/:4.1.82.Final]
	at io.netty.util.ConstantPool.<init>(ConstantPool.java:34) ~[netty-common-4.1.82.Final.jar%23151!/:4.1.82.Final]
	at io.netty.util.AttributeKey$1.<init>(AttributeKey.java:27) ~[netty-common-4.1.82.Final.jar%23151!/:4.1.82.Final]
	at io.netty.util.AttributeKey.<clinit>(AttributeKey.java:27) ~[netty-common-4.1.82.Final.jar%23151!/:4.1.82.Final]
	at net.minecraftforge.network.NetworkConstants.<clinit>(NetworkConstants.java:34) ~[forge-1.20.1-47.4.0_mapped_official_1.20.1.jar%23190%23197!/:?]
	at net.minecraftforge.network.NetworkHooks.init(NetworkHooks.java:52) ~[forge-1.20.1-47.4.0_mapped_official_1.20.1.jar%23190%23197!/:?]
	at net.minecraft.server.Bootstrap.bootStrap(Bootstrap.java:62) ~[forge-1.20.1-47.4.0_mapped_official_1.20.1.jar%23191!/:?]
	at net.minecraft.client.main.Main.lambda$main$0(Main.java:151) ~[forge-1.20.1-47.4.0_mapped_official_1.20.1.jar%23191!/:?]
	at java.util.concurrent.Executors$RunnableAdapter.call(Executors.java:539) ~[?:?]
	at java.util.concurrent.FutureTask.run(FutureTask.java:264) ~[?:?]
	at java.util.concurrent.ThreadPoolExecutor.runWorker(ThreadPoolExecutor.java:1136) ~[?:?]
	at java.util.concurrent.ThreadPoolExecutor$Worker.run(ThreadPoolExecutor.java:635) ~[?:?]
	at java.lang.Thread.run(Thread.java:840) ~[?:?]
[11Oct2025 15:37:15.356] [pool-4-thread-1/DEBUG] [io.netty.util.internal.PlatformDependent0/]: java.nio.DirectByteBuffer.<init>(long, int): unavailable
[11Oct2025 15:37:15.356] [pool-4-thread-1/DEBUG] [io.netty.util.internal.PlatformDependent/]: sun.misc.Unsafe: available
[11Oct2025 15:37:15.357] [pool-4-thread-1/DEBUG] [io.netty.util.internal.PlatformDependent/]: maxDirectMemory: 12876513280 bytes (maybe)
[11Oct2025 15:37:15.358] [pool-4-thread-1/DEBUG] [io.netty.util.internal.PlatformDependent/]: -Dio.netty.tmpdir: C:\Users\Hell-\AppData\Local\Temp (java.io.tmpdir)
[11Oct2025 15:37:15.358] [pool-4-thread-1/DEBUG] [io.netty.util.internal.PlatformDependent/]: -Dio.netty.bitMode: 64 (sun.arch.data.model)
[11Oct2025 15:37:15.358] [pool-4-thread-1/DEBUG] [io.netty.util.internal.PlatformDependent/]: Platform: Windows
[11Oct2025 15:37:15.361] [pool-4-thread-1/DEBUG] [io.netty.util.internal.PlatformDependent/]: -Dio.netty.maxDirectMemory: -1 bytes
[11Oct2025 15:37:15.361] [pool-4-thread-1/DEBUG] [io.netty.util.internal.PlatformDependent/]: -Dio.netty.uninitializedArrayAllocationThreshold: -1
[11Oct2025 15:37:15.371] [pool-4-thread-1/DEBUG] [io.netty.util.internal.CleanerJava9/]: java.nio.ByteBuffer.cleaner(): available
[11Oct2025 15:37:15.372] [pool-4-thread-1/DEBUG] [io.netty.util.internal.PlatformDependent/]: -Dio.netty.noPreferDirect: false
[11Oct2025 15:37:15.496] [pool-4-thread-1/DEBUG] [mixin/]: Mixing client.ProjectileJoinWorldOwnerFixMixin from gunsmithlib.mixins.json into net.minecraftforge.network.PlayMessages$SpawnEntity
[11Oct2025 15:37:15.496] [pool-4-thread-1/DEBUG] [mixin/]: gunsmithlib.mixins.json:client.ProjectileJoinWorldOwnerFixMixin: Class version 61 required is higher than the class version supported by the current version of Mixin (JAVA_8 supports class version 52)
[11Oct2025 15:37:15.514] [pool-4-thread-1/DEBUG] [net.minecraftforge.network.NetworkHooks/]: Loading Network data for FML net version: FML3
[11Oct2025 15:37:15.796] [Render thread/DEBUG] [mixin/]: Mixing client.GuiMixin from obscure_api.mixins.json into net.minecraft.client.gui.Gui
[11Oct2025 15:37:15.821] [Render thread/DEBUG] [mixin/]: Mixing GuiMixin from mixins.irons_spellbooks.json into net.minecraft.client.gui.Gui
[11Oct2025 15:37:15.823] [Render thread/DEBUG] [mixin/]: Mixing client.GuiMixin from apotheosis.mixins.json into net.minecraft.client.gui.Gui
[11Oct2025 15:37:15.849] [Render thread/INFO] [mixin/]: BeforeConstant is searching for constants in method with descriptor (Lnet/minecraft/network/chat/Component;Z)V
[11Oct2025 15:37:15.849] [Render thread/INFO] [mixin/]:   BeforeConstant found INTEGER constant: value = 0, intValue = null
[11Oct2025 15:37:15.849] [Render thread/INFO] [mixin/]:     BeforeConstant found a matching constant TYPE at ordinal 0
[11Oct2025 15:37:15.849] [Render thread/INFO] [mixin/]:       BeforeConstant found Insn [ICONST_0] 
[11Oct2025 15:37:15.849] [Render thread/INFO] [mixin/]:   BeforeConstant found INTEGER constant: value = 60, intValue = null
[11Oct2025 15:37:15.849] [Render thread/INFO] [mixin/]:     BeforeConstant found a matching constant TYPE at ordinal 1
[11Oct2025 15:37:15.849] [Render thread/INFO] [mixin/]:       BeforeConstant found IntInsn 60
[11Oct2025 15:37:15.870] [Render thread/DEBUG] [mixin/]: Mixing client.TitleScreenMixin from obscure_api.mixins.json into net.minecraft.client.gui.screens.TitleScreen
[11Oct2025 15:37:15.873] [Render thread/DEBUG] [mixin/]: Renaming synthetic method lambda$init$0(Lnet/minecraft/client/gui/components/Button;)V to md1e559f$lambda$init$0$0 in obscure_api.mixins.json:client.TitleScreenMixin
[11Oct2025 15:37:15.898] [Render thread/DEBUG] [mixin/]: Mixing client.LocalPlayerMixin from tacz.mixins.json into net.minecraft.client.player.LocalPlayer
[11Oct2025 15:37:15.904] [Render thread/DEBUG] [mixin/]: Mixing MixinLocalPlayer from caelus.mixins.json into net.minecraft.client.player.LocalPlayer
[11Oct2025 15:37:15.906] [Render thread/DEBUG] [mixin/]: Mixing LocalPlayerMixin from mixins.irons_spellbooks.json into net.minecraft.client.player.LocalPlayer
[11Oct2025 15:37:15.964] [Render thread/DEBUG] [mixin/]: Mixing AbstractClientPlayerMixin from mixins.irons_spellbooks.json into net.minecraft.client.player.AbstractClientPlayer
[11Oct2025 15:37:15.983] [Render thread/DEBUG] [net.minecraftforge.coremod.transformer.CoreModBaseTransformer/COREMOD]: Transforming renderEffects with desc (Lnet/minecraft/client/gui/GuiGraphics;II)V
[11Oct2025 15:37:15.988] [Render thread/INFO] [net.minecraftforge.coremod.CoreMod.attributeslib/COREMODLOG]: Patching EffectRenderingInventoryScreen#renderEffects
[11Oct2025 15:37:15.992] [Render thread/DEBUG] [mixin/]: Mixing client.AbstractContainerScreenMixin from attributeslib.mixins.json into net.minecraft.client.gui.screens.inventory.AbstractContainerScreen
[11Oct2025 15:37:15.992] [Render thread/DEBUG] [mixin/]: Mixing client.AbstractContainerScreenMixin from apotheosis.mixins.json into net.minecraft.client.gui.screens.inventory.AbstractContainerScreen
[11Oct2025 15:37:16.011] [Render thread/DEBUG] [mixin/]: Mixing ConditionHackMixin from moonlight.mixins.json into net.minecraft.server.packs.resources.SimplePreparableReloadListener
[11Oct2025 15:37:16.104] [Render thread/WARN] [net.minecraft.server.packs.VanillaPackResourcesBuilder/]: Assets URL 'union:/C:/Users/Hell-/.gradle/caches/forge_gradle/minecraft_user_repo/net/minecraftforge/forge/1.20.1-47.4.0_mapped_official_1.20.1/forge-1.20.1-47.4.0_mapped_official_1.20.1.jar%23191!/assets/.mcassetsroot' uses unexpected schema
[11Oct2025 15:37:16.104] [Render thread/WARN] [net.minecraft.server.packs.VanillaPackResourcesBuilder/]: Assets URL 'union:/C:/Users/Hell-/.gradle/caches/forge_gradle/minecraft_user_repo/net/minecraftforge/forge/1.20.1-47.4.0_mapped_official_1.20.1/forge-1.20.1-47.4.0_mapped_official_1.20.1.jar%23191!/data/.mcassetsroot' uses unexpected schema
[11Oct2025 15:37:16.131] [Render thread/INFO] [com.mojang.authlib.yggdrasil.YggdrasilAuthenticationService/]: Environment: authHost='https://authserver.mojang.com', accountsHost='https://api.mojang.com', sessionHost='https://sessionserver.mojang.com', servicesHost='https://api.minecraftservices.com', name='PROD'
[11Oct2025 15:37:16.138] [Render thread/INFO] [net.minecraft.client.Minecraft/]: Setting user: Dev
[11Oct2025 15:37:16.157] [Render thread/DEBUG] [mixin/]: Mixing client.AbstractButtonMixin from tacz.mixins.json into net.minecraft.client.gui.components.AbstractButton
[11Oct2025 15:37:16.178] [Render thread/DEBUG] [mixin/]: Mixing client.ChatComponentMixin from placebo.mixins.json into net.minecraft.client.gui.components.ChatComponent
[11Oct2025 15:37:16.183] [Render thread/INFO] [mixin/]: BeforeConstant is searching for constants in method with descriptor (Lnet/minecraft/network/chat/Component;Lnet/minecraft/client/GuiMessageTag;)V
[11Oct2025 15:37:16.183] [Render thread/INFO] [mixin/]:   BeforeConstant found STRING constant: value = , stringValue = null
[11Oct2025 15:37:16.183] [Render thread/INFO] [mixin/]:     BeforeConstant found a matching constant TYPE at ordinal 0
[11Oct2025 15:37:16.183] [Render thread/INFO] [mixin/]:       BeforeConstant found LdcInsn 
[11Oct2025 15:37:16.183] [Render thread/INFO] [mixin/]:   BeforeConstant found STRING constant: value = \\r, stringValue = null
[11Oct2025 15:37:16.184] [Render thread/INFO] [mixin/]:     BeforeConstant found a matching constant TYPE at ordinal 1
[11Oct2025 15:37:16.184] [Render thread/INFO] [mixin/]:       BeforeConstant found LdcInsn \\r
[11Oct2025 15:37:16.184] [Render thread/INFO] [mixin/]:   BeforeConstant found STRING constant: value = 
, stringValue = null
[11Oct2025 15:37:16.184] [Render thread/INFO] [mixin/]:     BeforeConstant found a matching constant TYPE at ordinal 2
[11Oct2025 15:37:16.184] [Render thread/INFO] [mixin/]:       BeforeConstant found LdcInsn 

[11Oct2025 15:37:16.184] [Render thread/INFO] [mixin/]:   BeforeConstant found STRING constant: value = \\n, stringValue = null
[11Oct2025 15:37:16.184] [Render thread/INFO] [mixin/]:     BeforeConstant found a matching constant TYPE at ordinal 3
[11Oct2025 15:37:16.184] [Render thread/INFO] [mixin/]:       BeforeConstant found LdcInsn \\n
[11Oct2025 15:37:16.184] [Render thread/INFO] [mixin/]:   BeforeConstant found CLASS constant: value = Ljava/lang/String;, typeValue = null
[11Oct2025 15:37:16.184] [Render thread/INFO] [mixin/]:   BeforeConstant found STRING constant: value = [{}] [CHAT] {}, stringValue = null
[11Oct2025 15:37:16.184] [Render thread/INFO] [mixin/]:     BeforeConstant found a matching constant TYPE at ordinal 4
[11Oct2025 15:37:16.184] [Render thread/INFO] [mixin/]:       BeforeConstant found LdcInsn [{}] [CHAT] {}
[11Oct2025 15:37:16.184] [Render thread/INFO] [mixin/]:   BeforeConstant found STRING constant: value = [CHAT] {}, stringValue = null
[11Oct2025 15:37:16.184] [Render thread/INFO] [mixin/]:     BeforeConstant found a matching constant TYPE at ordinal 5
[11Oct2025 15:37:16.184] [Render thread/INFO] [mixin/]:       BeforeConstant found LdcInsn [CHAT] {}
[11Oct2025 15:37:16.288] [Render thread/INFO] [net.minecraft.client.Minecraft/]: Backend library: LWJGL version 3.3.1 build 7
[11Oct2025 15:37:16.360] [Render thread/DEBUG] [mixin/]: Mixing client.MouseHandlerMixin from tacz.mixins.json into net.minecraft.client.MouseHandler
[11Oct2025 15:37:16.572] [Render thread/DEBUG] [mixin/]: Mixing MultiPackResourceManagerMixin from moonlight-common.mixins.json into net.minecraft.server.packs.resources.MultiPackResourceManager
[11Oct2025 15:37:16.616] [Render thread/DEBUG] [net.minecraftforge.common.ForgeI18n/CORE]: Loading I18N data entries: 6434
[11Oct2025 15:37:16.642] [Render thread/DEBUG] [net.minecraftforge.fml.ModWorkManager/LOADING]: Using 16 threads for parallel mod-loading
[11Oct2025 15:37:16.650] [Render thread/DEBUG] [net.minecraftforge.fml.javafmlmod.FMLJavaModLanguageProvider/LOADING]: Loading FMLModContainer from classloader cpw.mods.modlauncher.TransformingClassLoader@5bcec67e - got cpw.mods.cl.ModuleClassLoader@5e1218b4
[11Oct2025 15:37:16.651] [Render thread/DEBUG] [net.minecraftforge.fml.javafmlmod.FMLModContainer/LOADING]: Creating FMLModContainer instance for net.tslat.tes.TES
[11Oct2025 15:37:16.653] [Render thread/DEBUG] [net.minecraftforge.fml.javafmlmod.FMLJavaModLanguageProvider/LOADING]: Loading FMLModContainer from classloader cpw.mods.modlauncher.TransformingClassLoader@5bcec67e - got cpw.mods.cl.ModuleClassLoader@5e1218b4
[11Oct2025 15:37:16.653] [Render thread/DEBUG] [net.minecraftforge.fml.javafmlmod.FMLModContainer/LOADING]: Creating FMLModContainer instance for net.mehvahdjukaar.moonlight.forge.MoonlightForge
[11Oct2025 15:37:16.653] [Render thread/DEBUG] [net.minecraftforge.fml.javafmlmod.FMLJavaModLanguageProvider/LOADING]: Loading FMLModContainer from classloader cpw.mods.modlauncher.TransformingClassLoader@5bcec67e - got cpw.mods.cl.ModuleClassLoader@5e1218b4
[11Oct2025 15:37:16.653] [Render thread/DEBUG] [net.minecraftforge.fml.javafmlmod.FMLModContainer/LOADING]: Creating FMLModContainer instance for net.playwright.magitacz.MagitaczMod
[11Oct2025 15:37:16.654] [Render thread/DEBUG] [net.minecraftforge.fml.javafmlmod.FMLJavaModLanguageProvider/LOADING]: Loading FMLModContainer from classloader cpw.mods.modlauncher.TransformingClassLoader@5bcec67e - got cpw.mods.cl.ModuleClassLoader@5e1218b4
[11Oct2025 15:37:16.654] [Render thread/DEBUG] [net.minecraftforge.fml.javafmlmod.FMLModContainer/LOADING]: Creating FMLModContainer instance for mod.chloeprime.gunsmithlib.GunsmithLib
[11Oct2025 15:37:16.655] [Render thread/DEBUG] [net.minecraftforge.fml.javafmlmod.FMLJavaModLanguageProvider/LOADING]: Loading FMLModContainer from classloader cpw.mods.modlauncher.TransformingClassLoader@5bcec67e - got cpw.mods.cl.ModuleClassLoader@5e1218b4
[11Oct2025 15:37:16.655] [Render thread/DEBUG] [net.minecraftforge.fml.javafmlmod.FMLModContainer/LOADING]: Creating FMLModContainer instance for software.bernie.example.GeckoLibMod
[11Oct2025 15:37:16.655] [Render thread/DEBUG] [net.minecraftforge.fml.javafmlmod.FMLJavaModLanguageProvider/LOADING]: Loading FMLModContainer from classloader cpw.mods.modlauncher.TransformingClassLoader@5bcec67e - got cpw.mods.cl.ModuleClassLoader@5e1218b4
[11Oct2025 15:37:16.655] [Render thread/DEBUG] [net.minecraftforge.fml.javafmlmod.FMLModContainer/LOADING]: Creating FMLModContainer instance for dev.kosmx.playerAnim.forge.ForgeModInterface
[11Oct2025 15:37:16.655] [Render thread/DEBUG] [net.minecraftforge.fml.javafmlmod.FMLJavaModLanguageProvider/LOADING]: Loading FMLModContainer from classloader cpw.mods.modlauncher.TransformingClassLoader@5bcec67e - got cpw.mods.cl.ModuleClassLoader@5e1218b4
[11Oct2025 15:37:16.656] [Render thread/DEBUG] [net.minecraftforge.fml.javafmlmod.FMLModContainer/LOADING]: Creating FMLModContainer instance for com.tacz.guns.GunMod
[11Oct2025 15:37:16.656] [Render thread/DEBUG] [net.minecraftforge.fml.javafmlmod.FMLJavaModLanguageProvider/LOADING]: Loading FMLModContainer from classloader cpw.mods.modlauncher.TransformingClassLoader@5bcec67e - got cpw.mods.cl.ModuleClassLoader@5e1218b4
[11Oct2025 15:37:16.656] [Render thread/DEBUG] [net.minecraftforge.fml.javafmlmod.FMLModContainer/LOADING]: Creating FMLModContainer instance for top.theillusivec4.caelus.Caelus
[11Oct2025 15:37:16.657] [Render thread/DEBUG] [net.minecraftforge.fml.javafmlmod.FMLJavaModLanguageProvider/LOADING]: Loading FMLModContainer from classloader cpw.mods.modlauncher.TransformingClassLoader@5bcec67e - got cpw.mods.cl.ModuleClassLoader@5e1218b4
[11Oct2025 15:37:16.657] [Render thread/DEBUG] [net.minecraftforge.fml.javafmlmod.FMLModContainer/LOADING]: Creating FMLModContainer instance for com.obscuria.obscureapi.ObscureAPI
[11Oct2025 15:37:16.658] [Render thread/DEBUG] [net.minecraftforge.fml.javafmlmod.FMLJavaModLanguageProvider/LOADING]: Loading FMLModContainer from classloader cpw.mods.modlauncher.TransformingClassLoader@5bcec67e - got cpw.mods.cl.ModuleClassLoader@5e1218b4
[11Oct2025 15:37:16.658] [Render thread/DEBUG] [net.minecraftforge.fml.javafmlmod.FMLModContainer/LOADING]: Creating FMLModContainer instance for top.theillusivec4.curios.Curios
[11Oct2025 15:37:16.658] [Render thread/DEBUG] [net.minecraftforge.fml.javafmlmod.FMLJavaModLanguageProvider/LOADING]: Loading FMLModContainer from classloader cpw.mods.modlauncher.TransformingClassLoader@5bcec67e - got cpw.mods.cl.ModuleClassLoader@5e1218b4
[11Oct2025 15:37:16.658] [Render thread/DEBUG] [net.minecraftforge.fml.javafmlmod.FMLModContainer/LOADING]: Creating FMLModContainer instance for net.mcreator.apotheoticadditions.ApotheoticAdditionsMod
[11Oct2025 15:37:16.659] [Render thread/DEBUG] [net.minecraftforge.fml.javafmlmod.FMLJavaModLanguageProvider/LOADING]: Loading FMLModContainer from classloader cpw.mods.modlauncher.TransformingClassLoader@5bcec67e - got cpw.mods.cl.ModuleClassLoader@5e1218b4
[11Oct2025 15:37:16.659] [Render thread/DEBUG] [net.minecraftforge.fml.javafmlmod.FMLModContainer/LOADING]: Creating FMLModContainer instance for dev.shadowsoffire.placebo.Placebo
[11Oct2025 15:37:16.659] [Render thread/DEBUG] [net.minecraftforge.fml.javafmlmod.FMLJavaModLanguageProvider/LOADING]: Loading FMLModContainer from classloader cpw.mods.modlauncher.TransformingClassLoader@5bcec67e - got cpw.mods.cl.ModuleClassLoader@5e1218b4
[11Oct2025 15:37:16.659] [Render thread/DEBUG] [net.minecraftforge.fml.javafmlmod.FMLModContainer/LOADING]: Creating FMLModContainer instance for dev.shadowsoffire.attributeslib.AttributesLib
[11Oct2025 15:37:16.660] [Render thread/DEBUG] [net.minecraftforge.fml.javafmlmod.FMLJavaModLanguageProvider/LOADING]: Loading FMLModContainer from classloader cpw.mods.modlauncher.TransformingClassLoader@5bcec67e - got cpw.mods.cl.ModuleClassLoader@5e1218b4
[11Oct2025 15:37:16.660] [Render thread/DEBUG] [net.minecraftforge.fml.javafmlmod.FMLModContainer/LOADING]: Creating FMLModContainer instance for io.redspace.ironsspellbooks.IronsSpellbooks
[11Oct2025 15:37:16.661] [Render thread/DEBUG] [net.minecraftforge.fml.javafmlmod.FMLJavaModLanguageProvider/LOADING]: Loading FMLModContainer from classloader cpw.mods.modlauncher.TransformingClassLoader@5bcec67e - got cpw.mods.cl.ModuleClassLoader@5e1218b4
[11Oct2025 15:37:16.661] [Render thread/DEBUG] [net.minecraftforge.fml.javafmlmod.FMLModContainer/LOADING]: Creating FMLModContainer instance for dev.shadowsoffire.apotheosis.Apotheosis
[11Oct2025 15:37:16.662] [Render thread/DEBUG] [net.minecraftforge.fml.javafmlmod.FMLJavaModLanguageProvider/LOADING]: Loading FMLModContainer from classloader cpw.mods.modlauncher.TransformingClassLoader@5bcec67e - got cpw.mods.cl.ModuleClassLoader@5e1218b4
[11Oct2025 15:37:16.662] [Render thread/DEBUG] [net.minecraftforge.fml.javafmlmod.FMLModContainer/LOADING]: Creating FMLModContainer instance for mod.chloeprime.apotheosismodernragnarok.ApotheosisModernRagnarok
[11Oct2025 15:37:16.662] [Render thread/DEBUG] [net.minecraftforge.fml.javafmlmod.FMLJavaModLanguageProvider/LOADING]: Loading FMLModContainer from classloader cpw.mods.modlauncher.TransformingClassLoader@5bcec67e - got cpw.mods.cl.ModuleClassLoader@5e1218b4
[11Oct2025 15:37:16.662] [Render thread/DEBUG] [net.minecraftforge.fml.javafmlmod.FMLModContainer/LOADING]: Creating FMLModContainer instance for net.minecraftforge.common.ForgeMod
[11Oct2025 15:37:16.665] [Render thread/DEBUG] [net.minecraftforge.fml.javafmlmod.FMLJavaModLanguageProvider/LOADING]: Loading FMLModContainer from classloader cpw.mods.modlauncher.TransformingClassLoader@5bcec67e - got cpw.mods.cl.ModuleClassLoader@5e1218b4
[11Oct2025 15:37:16.665] [Render thread/DEBUG] [net.minecraftforge.fml.javafmlmod.FMLModContainer/LOADING]: Creating FMLModContainer instance for net.mehvahdjukaar.dummmmmmy.forge.DummmmmmyForge
[11Oct2025 15:37:16.666] [Render thread/DEBUG] [net.minecraftforge.fml.javafmlmod.FMLJavaModLanguageProvider/LOADING]: Loading FMLModContainer from classloader cpw.mods.modlauncher.TransformingClassLoader@5bcec67e - got cpw.mods.cl.ModuleClassLoader@5e1218b4
[11Oct2025 15:37:16.666] [Render thread/DEBUG] [net.minecraftforge.fml.javafmlmod.FMLModContainer/LOADING]: Creating FMLModContainer instance for com.obscuria.aquamirae.Aquamirae
[11Oct2025 15:37:16.681] [modloading-worker-0/DEBUG] [mixin/]: Mixing MixinCaelusApi from caelus.mixins.json into top.theillusivec4.caelus.api.CaelusApi
[11Oct2025 15:37:16.682] [modloading-worker-0/DEBUG] [net.minecraftforge.fml.javafmlmod.AutomaticEventSubscriber/LOADING]: Attempting to inject @EventBusSubscriber classes into the eventbus for playeranimator
[11Oct2025 15:37:16.697] [modloading-worker-0/DEBUG] [net.minecraftforge.fml.javafmlmod.AutomaticEventSubscriber/LOADING]: Auto-subscribing dev.kosmx.playerAnim.forge.ForgeClientEvent to MOD
[11Oct2025 15:37:16.732] [modloading-worker-0/DEBUG] [mixin/]: Mixing apoth.MixinAttributeLibAttributeEvents from apotheosis_modern_ragnarok.mixins.json into dev.shadowsoffire.attributeslib.impl.AttributeEvents
[11Oct2025 15:37:16.732] [modloading-worker-0/DEBUG] [mixin/]: apotheosis_modern_ragnarok.mixins.json:apoth.MixinAttributeLibAttributeEvents: Class version 61 required is higher than the class version supported by the current version of Mixin (JAVA_8 supports class version 52)
[11Oct2025 15:37:16.736] [modloading-worker-0/DEBUG] [net.minecraftforge.fml.javafmlmod.AutomaticEventSubscriber/LOADING]: Attempting to inject @EventBusSubscriber classes into the eventbus for caelus
[11Oct2025 15:37:16.750] [modloading-worker-0/DEBUG] [mixin/]: Mixing FeatureRendererMixin from playerAnimator-common.mixins.json into net.minecraft.client.renderer.entity.layers.RenderLayer
[11Oct2025 15:37:16.750] [modloading-worker-0/DEBUG] [mixin/]: playerAnimator-common.mixins.json:FeatureRendererMixin: Class version 61 required is higher than the class version supported by the current version of Mixin (JAVA_16 supports class version 60)
[11Oct2025 15:37:16.775] [modloading-worker-0/DEBUG] [net.minecraftforge.fml.javafmlmod.AutomaticEventSubscriber/LOADING]: Attempting to inject @EventBusSubscriber classes into the eventbus for placebo
[11Oct2025 15:37:16.776] [modloading-worker-0/DEBUG] [net.minecraftforge.fml.javafmlmod.AutomaticEventSubscriber/LOADING]: Auto-subscribing dev.shadowsoffire.placebo.util.PlaceboTaskQueue to FORGE
[11Oct2025 15:37:16.786] [modloading-worker-0/DEBUG] [net.minecraftforge.fml.javafmlmod.AutomaticEventSubscriber/LOADING]: Auto-subscribing dev.shadowsoffire.placebo.patreon.PatreonPreview to FORGE
[11Oct2025 15:37:16.791] [modloading-worker-0/DEBUG] [net.minecraftforge.versions.forge.ForgeVersion/CORE]: Forge Version package package net.minecraftforge.versions.forge, Forge, version 47.4 from cpw.mods.modlauncher.TransformingClassLoader@5bcec67e
[11Oct2025 15:37:16.792] [modloading-worker-0/DEBUG] [net.minecraftforge.versions.forge.ForgeVersion/CORE]: Found Forge version 47.4.0
[11Oct2025 15:37:16.792] [modloading-worker-0/DEBUG] [net.minecraftforge.versions.forge.ForgeVersion/CORE]: Found Forge spec 47.4
[11Oct2025 15:37:16.792] [modloading-worker-0/DEBUG] [net.minecraftforge.versions.forge.ForgeVersion/CORE]: Found Forge group net.minecraftforge
[11Oct2025 15:37:16.792] [modloading-worker-0/DEBUG] [mixin/]: Mixing ServerResourcesMixin from placebo.mixins.json into net.minecraft.server.ReloadableServerResources
[11Oct2025 15:37:16.801] [modloading-worker-0/DEBUG] [net.minecraftforge.fml.javafmlmod.AutomaticEventSubscriber/LOADING]: Auto-subscribing dev.shadowsoffire.placebo.PlaceboClient to MOD
[11Oct2025 15:37:16.803] [modloading-worker-0/DEBUG] [net.minecraftforge.versions.mcp.MCPVersion/CORE]: MCP Version package package net.minecraftforge.versions.mcp, Minecraft, version 1.20.1 from cpw.mods.modlauncher.TransformingClassLoader@5bcec67e
[11Oct2025 15:37:16.804] [modloading-worker-0/DEBUG] [net.minecraftforge.versions.mcp.MCPVersion/CORE]: Found MC version information 1.20.1
[11Oct2025 15:37:16.804] [modloading-worker-0/DEBUG] [net.minecraftforge.versions.mcp.MCPVersion/CORE]: Found MCP version information 20230612.114412
[11Oct2025 15:37:16.804] [modloading-worker-0/DEBUG] [net.minecraftforge.fml.config.ConfigTracker/CONFIG]: Config file gunsmithlib-common.toml for gunsmithlib tracking
[11Oct2025 15:37:16.804] [modloading-worker-0/INFO] [net.minecraftforge.common.ForgeMod/FORGEMOD]: Forge mod loading, version 47.4.0, for MC 1.20.1 with MCP 20230612.114412
[11Oct2025 15:37:16.804] [modloading-worker-0/DEBUG] [net.minecraftforge.fml.config.ConfigTracker/CONFIG]: Config file magitacz-common.toml for magitacz tracking
[11Oct2025 15:37:16.804] [modloading-worker-0/DEBUG] [net.minecraftforge.fml.javafmlmod.AutomaticEventSubscriber/LOADING]: Attempting to inject @EventBusSubscriber classes into the eventbus for gunsmithlib
[11Oct2025 15:37:16.804] [modloading-worker-0/INFO] [net.minecraftforge.common.MinecraftForge/FORGE]: MinecraftForge v47.4.0 Initialized
[11Oct2025 15:37:16.804] [modloading-worker-0/DEBUG] [net.minecraftforge.fml.config.ConfigTracker/CONFIG]: Config file Obscuria/obscure-api-client.toml for obscure_api tracking
[11Oct2025 15:37:16.804] [modloading-worker-0/DEBUG] [net.minecraftforge.fml.config.ConfigTracker/CONFIG]: Config file tacz-common.toml for tacz tracking
[11Oct2025 15:37:16.804] [modloading-worker-0/DEBUG] [net.minecraftforge.fml.javafmlmod.AutomaticEventSubscriber/LOADING]: Auto-subscribing mod.chloeprime.gunsmithlib.common.util.RangefinderSupport to FORGE
[11Oct2025 15:37:16.812] [modloading-worker-0/DEBUG] [net.minecraftforge.fml.javafmlmod.AutomaticEventSubscriber/LOADING]: Auto-subscribing mod.chloeprime.gunsmithlib.common.gunpack_extension.shared.shield.ShieldBehavior to FORGE
[11Oct2025 15:37:16.814] [modloading-worker-0/DEBUG] [net.minecraftforge.fml.config.ConfigTracker/CONFIG]: Config file tacz-server.toml for tacz tracking
[11Oct2025 15:37:16.818] [modloading-worker-0/DEBUG] [mixin/]: Mixing GameTypeMixin from attributeslib.mixins.json into net.minecraft.world.level.GameType
[11Oct2025 15:37:16.818] [modloading-worker-0/DEBUG] [net.minecraftforge.fml.config.ConfigTracker/CONFIG]: Config file curios-client.toml for curios tracking
[11Oct2025 15:37:16.826] [modloading-worker-0/DEBUG] [mixin/]: Mixing DamageSourceMixin from apotheosis.mixins.json into net.minecraft.world.damagesource.DamageSource
[11Oct2025 15:37:16.828] [modloading-worker-0/DEBUG] [mixin/]: Mixing minecraft.MixinDamageSource from apotheosis_modern_ragnarok.mixins.json into net.minecraft.world.damagesource.DamageSource
[11Oct2025 15:37:16.828] [modloading-worker-0/DEBUG] [mixin/]: apotheosis_modern_ragnarok.mixins.json:minecraft.MixinDamageSource: Class version 61 required is higher than the class version supported by the current version of Mixin (JAVA_8 supports class version 52)
[11Oct2025 15:37:16.880] [modloading-worker-0/DEBUG] [net.minecraftforge.fml.config.ConfigTracker/CONFIG]: Config file tacz-client.toml for tacz tracking
[11Oct2025 15:37:16.891] [modloading-worker-0/DEBUG] [net.minecraftforge.fml.config.ConfigTracker/CONFIG]: Config file curios-common.toml for curios tracking
[11Oct2025 15:37:16.891] [modloading-worker-0/DEBUG] [net.minecraftforge.fml.config.ConfigTracker/CONFIG]: Config file curios-server.toml for curios tracking
[11Oct2025 15:37:16.891] [modloading-worker-0/DEBUG] [net.minecraftforge.fml.javafmlmod.AutomaticEventSubscriber/LOADING]: Attempting to inject @EventBusSubscriber classes into the eventbus for curios
[11Oct2025 15:37:16.892] [modloading-worker-0/DEBUG] [net.minecraftforge.fml.javafmlmod.AutomaticEventSubscriber/LOADING]: Auto-subscribing top.theillusivec4.curios.Curios$ClientProxy to MOD
[11Oct2025 15:37:16.894] [modloading-worker-0/DEBUG] [mixin/]: Mixing client.AnvilScreenMixin from apotheosis.mixins.json into net.minecraft.client.gui.screens.inventory.AnvilScreen
[11Oct2025 15:37:16.905] [modloading-worker-0/DEBUG] [mixin/]: Mixing client.EntityRendererMixin from tslatentitystatus.mixins.json into net.minecraft.client.renderer.entity.EntityRenderer
[11Oct2025 15:37:16.906] [modloading-worker-0/DEBUG] [mixin/]: Mixing EntityRendererMixin from mixins.irons_spellbooks.json into net.minecraft.client.renderer.entity.EntityRenderer
[11Oct2025 15:37:16.906] [modloading-worker-0/DEBUG] [net.minecraftforge.fml.javafmlmod.AutomaticEventSubscriber/LOADING]: Auto-subscribing mod.chloeprime.gunsmithlib.common.gunpack_extension.shared.potion_effect.PotionEffectBehavior to FORGE
[11Oct2025 15:37:16.906] [modloading-worker-0/DEBUG] [mixin/]: Mixing minecraft.client.EntityRenderAccessor from apotheosis_modern_ragnarok.mixins.json into net.minecraft.client.renderer.entity.EntityRenderer
[11Oct2025 15:37:16.906] [modloading-worker-0/DEBUG] [mixin/]: apotheosis_modern_ragnarok.mixins.json:minecraft.client.EntityRenderAccessor: Class version 61 required is higher than the class version supported by the current version of Mixin (JAVA_8 supports class version 52)
[11Oct2025 15:37:16.909] [modloading-worker-0/DEBUG] [net.minecraftforge.fml.config.ConfigTracker/CONFIG]: Config file tslatentitystatus-common.toml for tslatentitystatus tracking
[11Oct2025 15:37:16.929] [modloading-worker-0/DEBUG] [mixin/]: Mixing firstPerson.LivingEntityRendererMixin from playerAnimator-common.mixins.json into net.minecraft.client.renderer.entity.LivingEntityRenderer
[11Oct2025 15:37:16.929] [modloading-worker-0/DEBUG] [mixin/]: playerAnimator-common.mixins.json:firstPerson.LivingEntityRendererMixin: Class version 61 required is higher than the class version supported by the current version of Mixin (JAVA_16 supports class version 60)
[11Oct2025 15:37:16.930] [modloading-worker-0/DEBUG] [mixin/]: Renaming synthetic method lambda$filterLayers$0(Ljava/lang/Object;)Z to md1e559f$lambda$filterLayers$0$0 in playerAnimator-common.mixins.json:firstPerson.LivingEntityRendererMixin
[11Oct2025 15:37:16.930] [modloading-worker-0/DEBUG] [net.minecraftforge.fml.javafmlmod.AutomaticEventSubscriber/LOADING]: Attempting to inject @EventBusSubscriber classes into the eventbus for apotheotic_additions
[11Oct2025 15:37:16.956] [modloading-worker-0/DEBUG] [net.minecraftforge.fml.javafmlmod.AutomaticEventSubscriber/LOADING]: Attempting to inject @EventBusSubscriber classes into the eventbus for tslatentitystatus
[11Oct2025 15:37:16.958] [modloading-worker-0/DEBUG] [net.minecraftforge.fml.javafmlmod.AutomaticEventSubscriber/LOADING]: Auto-subscribing mod.chloeprime.gunsmithlib.common.gunpack_extension.shared.fire_control.FireControlBehavior to FORGE
[11Oct2025 15:37:16.961] [modloading-worker-0/DEBUG] [mixin/]: Mixing AttributeInstanceAccessor from attributeslib.mixins.json into net.minecraft.world.entity.ai.attributes.AttributeInstance
[11Oct2025 15:37:16.968] [modloading-worker-0/DEBUG] [net.minecraftforge.fml.javafmlmod.AutomaticEventSubscriber/LOADING]: Auto-subscribing mod.chloeprime.gunsmithlib.common.gunpack_extension.shared.fire_control.FireControlAttributes to FORGE
[11Oct2025 15:37:16.968] [modloading-worker-0/DEBUG] [net.minecraftforge.fml.javafmlmod.AutomaticEventSubscriber/LOADING]: Auto-subscribing mod.chloeprime.gunsmithlib.common.gunpack_extension.shared.attribute.GunAttachmentAttributeAggregator to FORGE
[11Oct2025 15:37:16.970] [modloading-worker-0/DEBUG] [net.minecraftforge.fml.config.ConfigTracker/CONFIG]: Config file apotheosis_modern_ragnarok-common.toml for apotheosis_modern_ragnarok tracking
[11Oct2025 15:37:16.974] [modloading-worker-0/DEBUG] [net.minecraftforge.fml.config.ConfigTracker/CONFIG]: Config file apotheosis_modern_ragnarok-client.toml for apotheosis_modern_ragnarok tracking
[11Oct2025 15:37:16.975] [modloading-worker-0/DEBUG] [net.minecraftforge.fml.javafmlmod.AutomaticEventSubscriber/LOADING]: Attempting to inject @EventBusSubscriber classes into the eventbus for apotheosis_modern_ragnarok
[11Oct2025 15:37:16.976] [modloading-worker-0/DEBUG] [net.minecraftforge.fml.javafmlmod.AutomaticEventSubscriber/LOADING]: Auto-subscribing mod.chloeprime.apotheosismodernragnarok.data.AMRDatagen to MOD
[11Oct2025 15:37:16.985] [modloading-worker-0/DEBUG] [net.minecraftforge.fml.javafmlmod.AutomaticEventSubscriber/LOADING]: Auto-subscribing mod.chloeprime.gunsmithlib.common.gunpack_extension.gun.energy.EnergyWeaponBehavior to FORGE
[11Oct2025 15:37:16.991] [modloading-worker-0/DEBUG] [net.minecraftforge.fml.javafmlmod.AutomaticEventSubscriber/LOADING]: Auto-subscribing mod.chloeprime.apotheosismodernragnarok.common.util.PostureSystem to FORGE
[11Oct2025 15:37:16.997] [modloading-worker-0/DEBUG] [net.minecraftforge.fml.javafmlmod.AutomaticEventSubscriber/LOADING]: Auto-subscribing mod.chloeprime.apotheosismodernragnarok.common.util.PostureSystem$AttributeAttacher to MOD
[11Oct2025 15:37:17.000] [modloading-worker-0/DEBUG] [net.minecraftforge.fml.javafmlmod.AutomaticEventSubscriber/LOADING]: Auto-subscribing mod.chloeprime.apotheosismodernragnarok.common.loot.DefaultLootInjections to FORGE
[11Oct2025 15:37:17.010] [modloading-worker-0/DEBUG] [net.minecraftforge.fml.javafmlmod.AutomaticEventSubscriber/LOADING]: Attempting to inject @EventBusSubscriber classes into the eventbus for obscure_api
[11Oct2025 15:37:17.011] [modloading-worker-0/DEBUG] [net.minecraftforge.fml.javafmlmod.AutomaticEventSubscriber/LOADING]: Auto-subscribing com.obscuria.obscureapi.registry.ObscureAPICommands to FORGE
[11Oct2025 15:37:17.014] [modloading-worker-0/DEBUG] [mixin/]: Mixing minecraft.LootTableAccessor from apotheosis_modern_ragnarok.mixins.json into net.minecraft.world.level.storage.loot.LootTable
[11Oct2025 15:37:17.014] [modloading-worker-0/DEBUG] [mixin/]: apotheosis_modern_ragnarok.mixins.json:minecraft.LootTableAccessor: Class version 61 required is higher than the class version supported by the current version of Mixin (JAVA_8 supports class version 52)
[11Oct2025 15:37:17.022] [modloading-worker-0/DEBUG] [net.minecraftforge.fml.javafmlmod.AutomaticEventSubscriber/LOADING]: Auto-subscribing com.obscuria.obscureapi.network.ReloadMessage to MOD
[11Oct2025 15:37:17.025] [modloading-worker-0/DEBUG] [net.minecraftforge.fml.javafmlmod.AutomaticEventSubscriber/LOADING]: Auto-subscribing mod.chloeprime.gunsmithlib.common.gunpack_extension.gun.energy.EnergyWeaponBehavior$CapAttacher to FORGE
[11Oct2025 15:37:17.028] [modloading-worker-0/DEBUG] [net.minecraftforge.fml.javafmlmod.AutomaticEventSubscriber/LOADING]: Auto-subscribing com.obscuria.obscureapi.network.PlayerDataCapability to MOD
[11Oct2025 15:37:17.028] [modloading-worker-0/DEBUG] [net.minecraftforge.fml.javafmlmod.AutomaticEventSubscriber/LOADING]: Auto-subscribing mod.chloeprime.gunsmithlib.common.gunpack_extension.gun.OverheatFeedback to FORGE
[11Oct2025 15:37:17.032] [modloading-worker-0/DEBUG] [net.minecraftforge.fml.javafmlmod.AutomaticEventSubscriber/LOADING]: Auto-subscribing mod.chloeprime.apotheosismodernragnarok.common.gem.framework.GemInjector to FORGE
[11Oct2025 15:37:17.032] [modloading-worker-0/DEBUG] [net.minecraftforge.fml.javafmlmod.AutomaticEventSubscriber/LOADING]: Auto-subscribing mod.chloeprime.gunsmithlib.common.compat.CapabilityBasedModCompat to FORGE
[11Oct2025 15:37:17.035] [modloading-worker-0/DEBUG] [net.minecraftforge.fml.javafmlmod.AutomaticEventSubscriber/LOADING]: Auto-subscribing mod.chloeprime.apotheosismodernragnarok.common.gem.content.PotionWhenShootBonus to FORGE
[11Oct2025 15:37:17.036] [modloading-worker-0/DEBUG] [mixin/]: Mixing apoth.EnderSurgeGemCompatMixin from apotheosis_modern_ragnarok.mixins.json into dev.shadowsoffire.apotheosis.adventure.socket.gem.bonus.GemBonus
[11Oct2025 15:37:17.036] [modloading-worker-0/DEBUG] [mixin/]: apotheosis_modern_ragnarok.mixins.json:apoth.EnderSurgeGemCompatMixin: Class version 61 required is higher than the class version supported by the current version of Mixin (JAVA_8 supports class version 52)
[11Oct2025 15:37:17.037] [modloading-worker-0/DEBUG] [net.minecraftforge.fml.javafmlmod.AutomaticEventSubscriber/LOADING]: Attempting to inject @EventBusSubscriber classes into the eventbus for geckolib
[11Oct2025 15:37:17.038] [modloading-worker-0/DEBUG] [net.minecraftforge.fml.javafmlmod.AutomaticEventSubscriber/LOADING]: Auto-subscribing software.bernie.example.GeckoLibMod to FORGE
[11Oct2025 15:37:17.038] [modloading-worker-0/DEBUG] [net.minecraftforge.fml.javafmlmod.AutomaticEventSubscriber/LOADING]: Auto-subscribing software.bernie.example.CommonListener to MOD
[11Oct2025 15:37:17.045] [modloading-worker-0/DEBUG] [net.minecraftforge.fml.javafmlmod.AutomaticEventSubscriber/LOADING]: Auto-subscribing mod.chloeprime.gunsmithlib.common.MiscAttributeAdapter to FORGE
[11Oct2025 15:37:17.050] [modloading-worker-0/DEBUG] [net.minecraftforge.fml.javafmlmod.AutomaticEventSubscriber/LOADING]: Auto-subscribing software.bernie.example.ClientListener to MOD
[11Oct2025 15:37:17.055] [modloading-worker-0/DEBUG] [net.minecraftforge.fml.javafmlmod.AutomaticEventSubscriber/LOADING]: Auto-subscribing mod.chloeprime.gunsmithlib.common.MiscAttributeAdapter$AttributeAttacher to MOD
[11Oct2025 15:37:17.059] [modloading-worker-0/DEBUG] [net.minecraftforge.fml.javafmlmod.AutomaticEventSubscriber/LOADING]: Auto-subscribing com.obscuria.obscureapi.network.PlayerDataCapability$PlayerDataProvider to FORGE
[11Oct2025 15:37:17.059] [modloading-worker-0/DEBUG] [net.minecraftforge.fml.config.ConfigTracker/CONFIG]: Config file forge-client.toml for forge tracking
[11Oct2025 15:37:17.059] [modloading-worker-0/DEBUG] [net.minecraftforge.fml.config.ConfigTracker/CONFIG]: Config file forge-server.toml for forge tracking
[11Oct2025 15:37:17.059] [modloading-worker-0/DEBUG] [net.minecraftforge.fml.ModLoadingContext/]: Attempted to register an empty config for type COMMON on mod forge
[11Oct2025 15:37:17.061] [modloading-worker-0/DEBUG] [net.minecraftforge.fml.javafmlmod.AutomaticEventSubscriber/LOADING]: Auto-subscribing mod.chloeprime.gunsmithlib.common.BulletCreateEventDistributor to FORGE
[11Oct2025 15:37:17.064] [modloading-worker-0/DEBUG] [net.minecraftforge.fml.javafmlmod.AutomaticEventSubscriber/LOADING]: Auto-subscribing mod.chloeprime.gunsmithlib.client.laser.MagicLaserRenderer to MOD
[11Oct2025 15:37:17.064] [modloading-worker-0/DEBUG] [net.minecraftforge.fml.javafmlmod.AutomaticEventSubscriber/LOADING]: Auto-subscribing com.obscuria.obscureapi.network.PlayerDataCapability$EventBusHandlers to FORGE
[11Oct2025 15:37:17.074] [modloading-worker-0/DEBUG] [mixin/]: Mixing MixinModernKineticGunItem from gunsmithlib.mixins.json into com.tacz.guns.item.ModernKineticGunItem
[11Oct2025 15:37:17.074] [modloading-worker-0/DEBUG] [mixin/]: gunsmithlib.mixins.json:MixinModernKineticGunItem: Class version 61 required is higher than the class version supported by the current version of Mixin (JAVA_8 supports class version 52)
[11Oct2025 15:37:17.075] [modloading-worker-0/DEBUG] [mixin/]: Renaming synthetic method lambda$configuredEnergyWeaponLockHeatForeverUntilReload$0(Lcom/tacz/guns/entity/shooter/ShooterDataHolder;Lmod/chloeprime/gunsmithlib/common/gunpack_extension/gun/energy/EnergyWeaponData$Runtime;)V to md1e559f$lambda$configuredEnergyWeaponLockHeatForeverUntilReload$0$0 in gunsmithlib.mixins.json:MixinModernKineticGunItem
[11Oct2025 15:37:17.075] [modloading-worker-0/DEBUG] [mixin/]: Mixing tacz.MixinModernKineticGunItem from apotheosis_modern_ragnarok.mixins.json into com.tacz.guns.item.ModernKineticGunItem
[11Oct2025 15:37:17.076] [modloading-worker-0/DEBUG] [mixin/]: apotheosis_modern_ragnarok.mixins.json:tacz.MixinModernKineticGunItem: Class version 61 required is higher than the class version supported by the current version of Mixin (JAVA_8 supports class version 52)
[11Oct2025 15:37:17.095] [modloading-worker-0/DEBUG] [mixin/]: Mixing MixinAbstractGunItem from gunsmithlib.mixins.json into com.tacz.guns.api.item.gun.AbstractGunItem
[11Oct2025 15:37:17.095] [modloading-worker-0/DEBUG] [mixin/]: gunsmithlib.mixins.json:MixinAbstractGunItem: Class version 61 required is higher than the class version supported by the current version of Mixin (JAVA_8 supports class version 52)
[11Oct2025 15:37:17.096] [modloading-worker-0/DEBUG] [mixin/]: Mixing tacz.MixinAbstractGunItem from apotheosis_modern_ragnarok.mixins.json into com.tacz.guns.api.item.gun.AbstractGunItem
[11Oct2025 15:37:17.096] [modloading-worker-0/DEBUG] [mixin/]: apotheosis_modern_ragnarok.mixins.json:tacz.MixinAbstractGunItem: Class version 61 required is higher than the class version supported by the current version of Mixin (JAVA_8 supports class version 52)
[11Oct2025 15:37:17.111] [modloading-worker-0/DEBUG] [net.minecraftforge.fml.javafmlmod.AutomaticEventSubscriber/LOADING]: Auto-subscribing mod.chloeprime.gunsmithlib.client.laser.LaserManager to FORGE
[11Oct2025 15:37:17.116] [modloading-worker-0/DEBUG] [net.minecraftforge.fml.javafmlmod.AutomaticEventSubscriber/LOADING]: Auto-subscribing com.obscuria.obscureapi.network.AnimationStopMessage to MOD
[11Oct2025 15:37:17.122] [modloading-worker-0/DEBUG] [net.minecraftforge.fml.javafmlmod.AutomaticEventSubscriber/LOADING]: Auto-subscribing com.obscuria.obscureapi.network.AnimationPlayMessage to MOD
[11Oct2025 15:37:17.127] [modloading-worker-0/DEBUG] [mixin/]: Mixing client.LevelRendererMixin from tslatentitystatus.mixins.json into net.minecraft.client.renderer.LevelRenderer
[11Oct2025 15:37:17.130] [modloading-worker-0/DEBUG] [mixin/]: Mixing firstPerson.LevelRendererMixin from playerAnimator-common.mixins.json into net.minecraft.client.renderer.LevelRenderer
[11Oct2025 15:37:17.131] [modloading-worker-0/DEBUG] [mixin/]: playerAnimator-common.mixins.json:firstPerson.LevelRendererMixin: Class version 61 required is higher than the class version supported by the current version of Mixin (JAVA_16 supports class version 60)
[11Oct2025 15:37:17.197] [modloading-worker-0/DEBUG] [net.minecraftforge.fml.javafmlmod.AutomaticEventSubscriber/LOADING]: Auto-subscribing com.obscuria.obscureapi.client.ObscureAPIRenderers to MOD
[11Oct2025 15:37:17.201] [modloading-worker-0/DEBUG] [net.minecraftforge.fml.javafmlmod.AutomaticEventSubscriber/LOADING]: Auto-subscribing com.obscuria.obscureapi.client.ObscureAPILayers to MOD
[11Oct2025 15:37:17.204] [modloading-worker-0/DEBUG] [net.minecraftforge.fml.javafmlmod.AutomaticEventSubscriber/LOADING]: Auto-subscribing com.obscuria.obscureapi.ObscureAPIClient$ModEvents to MOD
[11Oct2025 15:37:17.210] [modloading-worker-0/DEBUG] [net.minecraftforge.fml.javafmlmod.AutomaticEventSubscriber/LOADING]: Auto-subscribing com.obscuria.obscureapi.ObscureAPIClient$ForgeEvents to FORGE
[11Oct2025 15:37:17.230] [modloading-worker-0/DEBUG] [net.minecraftforge.fml.javafmlmod.AutomaticEventSubscriber/LOADING]: Attempting to inject @EventBusSubscriber classes into the eventbus for attributeslib
[11Oct2025 15:37:17.238] [modloading-worker-0/DEBUG] [mixin/]: Mixing firstPerson.CameraAccessor from playerAnimator-common.mixins.json into net.minecraft.client.Camera
[11Oct2025 15:37:17.238] [modloading-worker-0/DEBUG] [mixin/]: playerAnimator-common.mixins.json:firstPerson.CameraAccessor: Class version 61 required is higher than the class version supported by the current version of Mixin (JAVA_16 supports class version 60)
[11Oct2025 15:37:17.241] [modloading-worker-0/DEBUG] [net.minecraftforge.fml.javafmlmod.AutomaticEventSubscriber/LOADING]: Attempting to inject @EventBusSubscriber classes into the eventbus for forge
[11Oct2025 15:37:17.241] [modloading-worker-0/DEBUG] [net.minecraftforge.fml.javafmlmod.AutomaticEventSubscriber/LOADING]: Auto-subscribing net.minecraftforge.common.ForgeSpawnEggItem$CommonHandler to MOD
[11Oct2025 15:37:17.243] [modloading-worker-0/DEBUG] [mixin/]: Mixing CaptainCorneliaMixin from magitacz.mixins.json into com.obscuria.aquamirae.common.entities.CaptainCornelia
[11Oct2025 15:37:17.252] [modloading-worker-0/DEBUG] [net.minecraftforge.fml.javafmlmod.AutomaticEventSubscriber/LOADING]: Auto-subscribing net.minecraftforge.common.ForgeSpawnEggItem$ColorRegisterHandler to MOD
[11Oct2025 15:37:17.256] [modloading-worker-0/DEBUG] [net.minecraftforge.fml.javafmlmod.AutomaticEventSubscriber/LOADING]: Auto-subscribing mod.chloeprime.gunsmithlib.client.eventhandler.CantAimWhenGunItemIsInCooldown to FORGE
[11Oct2025 15:37:17.266] [modloading-worker-0/DEBUG] [net.minecraftforge.fml.javafmlmod.AutomaticEventSubscriber/LOADING]: Auto-subscribing mod.chloeprime.gunsmithlib.client.GunsmithLibClient to MOD
[11Oct2025 15:37:17.266] [modloading-worker-0/DEBUG] [mixin/]: Mixing apoth.MeleeGunIsSwordMixin from apotheosis_modern_ragnarok.mixins.json into dev.shadowsoffire.apotheosis.adventure.loot.LootCategory
[11Oct2025 15:37:17.267] [modloading-worker-0/DEBUG] [mixin/]: apotheosis_modern_ragnarok.mixins.json:apoth.MeleeGunIsSwordMixin: Class version 61 required is higher than the class version supported by the current version of Mixin (JAVA_8 supports class version 52)
[11Oct2025 15:37:17.267] [modloading-worker-0/DEBUG] [mixin/]: Renaming synthetic method lambda$overrideLootCategory$1(Lmod/chloeprime/apotheosismodernragnarok/common/gunpack/GunApothData;)Ljava/lang/Object; to md1e559f$lambda$overrideLootCategory$1$0 in apotheosis_modern_ragnarok.mixins.json:apoth.MeleeGunIsSwordMixin
[11Oct2025 15:37:17.267] [modloading-worker-0/DEBUG] [mixin/]: Renaming synthetic method lambda$overrideLootCategory$0(Lcom/tacz/guns/resource/pojo/data/gun/GunData;)Ljava/util/Optional; to md1e559f$lambda$overrideLootCategory$0$1 in apotheosis_modern_ragnarok.mixins.json:apoth.MeleeGunIsSwordMixin
[11Oct2025 15:37:17.268] [modloading-worker-0/DEBUG] [mixin/]: Mixing apoth.MixinLootCategory from apotheosis_modern_ragnarok.mixins.json into dev.shadowsoffire.apotheosis.adventure.loot.LootCategory
[11Oct2025 15:37:17.268] [modloading-worker-0/DEBUG] [net.minecraftforge.fml.config.ConfigTracker/CONFIG]: Config file dummmmmmy-client.toml for dummmmmmy tracking
[11Oct2025 15:37:17.268] [modloading-worker-0/DEBUG] [mixin/]: apotheosis_modern_ragnarok.mixins.json:apoth.MixinLootCategory: Class version 61 required is higher than the class version supported by the current version of Mixin (JAVA_8 supports class version 52)
[11Oct2025 15:37:17.268] [modloading-worker-0/DEBUG] [mixin/]: Renaming synthetic method lambda$gunpackOverride$0(Lorg/spongepowered/asm/mixin/injection/callback/CallbackInfoReturnable;Lmod/chloeprime/apotheosismodernragnarok/common/gunpack/GunApothData;)V to md1e559f$lambda$gunpackOverride$0$2 in apotheosis_modern_ragnarok.mixins.json:apoth.MixinLootCategory
[11Oct2025 15:37:17.270] [modloading-worker-0/DEBUG] [net.minecraftforge.fml.javafmlmod.AutomaticEventSubscriber/LOADING]: Auto-subscribing net.minecraftforge.client.model.data.ModelDataManager to FORGE
[11Oct2025 15:37:17.300] [modloading-worker-0/DEBUG] [net.minecraftforge.fml.javafmlmod.AutomaticEventSubscriber/LOADING]: Auto-subscribing mod.chloeprime.gunsmithlib.client.FireControlVisuals to FORGE
[11Oct2025 15:37:17.306] [modloading-worker-0/DEBUG] [net.minecraftforge.fml.javafmlmod.AutomaticEventSubscriber/LOADING]: Auto-subscribing net.minecraftforge.client.ForgeHooksClient$ClientEvents to MOD
[11Oct2025 15:37:17.307] [modloading-worker-0/DEBUG] [net.minecraftforge.fml.config.ConfigTracker/CONFIG]: Config file dummmmmmy-common.toml for dummmmmmy tracking
[11Oct2025 15:37:17.309] [modloading-worker-0/DEBUG] [net.minecraftforge.fml.javafmlmod.AutomaticEventSubscriber/LOADING]: Auto-subscribing mod.chloeprime.gunsmithlib.client.ClientNetworkHandler to FORGE
[11Oct2025 15:37:17.334] [modloading-worker-0/DEBUG] [net.minecraftforge.fml.javafmlmod.AutomaticEventSubscriber/LOADING]: Auto-subscribing net.minecraftforge.client.ClientForgeMod to MOD
[11Oct2025 15:37:17.348] [modloading-worker-0/DEBUG] [mixin/]: Mixing apoth.GemInstanceAccessor from apotheosis_modern_ragnarok.mixins.json into dev.shadowsoffire.apotheosis.adventure.socket.gem.GemInstance
[11Oct2025 15:37:17.348] [modloading-worker-0/DEBUG] [mixin/]: apotheosis_modern_ragnarok.mixins.json:apoth.GemInstanceAccessor: Class version 61 required is higher than the class version supported by the current version of Mixin (JAVA_8 supports class version 52)
[11Oct2025 15:37:17.375] [modloading-worker-0/DEBUG] [net.minecraftforge.fml.javafmlmod.AutomaticEventSubscriber/LOADING]: Auto-subscribing mod.chloeprime.apotheosismodernragnarok.common.eventhandlers.TelepathicAffixAdapter to FORGE
[11Oct2025 15:37:17.378] [modloading-worker-0/DEBUG] [net.minecraftforge.fml.javafmlmod.AutomaticEventSubscriber/LOADING]: Attempting to inject @EventBusSubscriber classes into the eventbus for dummmmmmy
[11Oct2025 15:37:17.381] [modloading-worker-0/DEBUG] [net.minecraftforge.fml.javafmlmod.AutomaticEventSubscriber/LOADING]: Auto-subscribing mod.chloeprime.apotheosismodernragnarok.common.eventhandlers.MiscEnchantmentAdapter to FORGE
[11Oct2025 15:37:17.384] [modloading-worker-0/DEBUG] [net.minecraftforge.fml.javafmlmod.AutomaticEventSubscriber/LOADING]: Auto-subscribing mod.chloeprime.apotheosismodernragnarok.common.eventhandlers.MiscAttributesAdapter to FORGE
[11Oct2025 15:37:17.387] [modloading-worker-0/DEBUG] [net.minecraftforge.fml.javafmlmod.AutomaticEventSubscriber/LOADING]: Auto-subscribing mod.chloeprime.apotheosismodernragnarok.common.eventhandlers.LeftButtonMeleeFix to FORGE
[11Oct2025 15:37:17.394] [modloading-worker-0/DEBUG] [net.minecraftforge.fml.javafmlmod.AutomaticEventSubscriber/LOADING]: Auto-subscribing mod.chloeprime.apotheosismodernragnarok.common.eventhandlers.GunCritFix to FORGE
[11Oct2025 15:37:17.398] [modloading-worker-0/DEBUG] [net.minecraftforge.fml.config.ConfigTracker/CONFIG]: Config file moonlight-common.toml for moonlight tracking
[11Oct2025 15:37:17.400] [modloading-worker-0/DEBUG] [net.minecraftforge.fml.javafmlmod.AutomaticEventSubscriber/LOADING]: Auto-subscribing mod.chloeprime.apotheosismodernragnarok.common.eventhandlers.GunAffixTrigger to FORGE
[11Oct2025 15:37:17.409] [modloading-worker-0/DEBUG] [net.minecraftforge.fml.javafmlmod.AutomaticEventSubscriber/LOADING]: Auto-subscribing mod.chloeprime.apotheosismodernragnarok.common.eventhandlers.ElementalDamagesOnLeftButtonMeleeWeapons to FORGE
[11Oct2025 15:37:17.411] [modloading-worker-0/DEBUG] [net.minecraftforge.fml.javafmlmod.AutomaticEventSubscriber/LOADING]: Auto-subscribing mod.chloeprime.apotheosismodernragnarok.common.eventhandlers.ElementalDamages to FORGE
[11Oct2025 15:37:17.414] [modloading-worker-0/DEBUG] [net.minecraftforge.fml.javafmlmod.AutomaticEventSubscriber/LOADING]: Auto-subscribing mod.chloeprime.apotheosismodernragnarok.common.enchantment.PerfectBlockEnchantment to FORGE
[11Oct2025 15:37:17.419] [modloading-worker-0/DEBUG] [net.minecraftforge.fml.javafmlmod.AutomaticEventSubscriber/LOADING]: Auto-subscribing mod.chloeprime.apotheosismodernragnarok.common.enchantment.GunEnchantmentHooks to FORGE
[11Oct2025 15:37:17.423] [modloading-worker-0/DEBUG] [net.minecraftforge.fml.javafmlmod.AutomaticEventSubscriber/LOADING]: Auto-subscribing mod.chloeprime.apotheosismodernragnarok.common.enchantment.AttributedGunEnchantmentBase to FORGE
[11Oct2025 15:37:17.424] [modloading-worker-0/DEBUG] [net.minecraftforge.fml.javafmlmod.AutomaticEventSubscriber/LOADING]: Auto-subscribing mod.chloeprime.apotheosismodernragnarok.common.affix.content.MagicalShotAffix to FORGE
[11Oct2025 15:37:17.461] [modloading-worker-0/DEBUG] [net.minecraftforge.fml.javafmlmod.AutomaticEventSubscriber/LOADING]: Attempting to inject @EventBusSubscriber classes into the eventbus for tacz
[11Oct2025 15:37:17.462] [modloading-worker-0/DEBUG] [net.minecraftforge.fml.javafmlmod.AutomaticEventSubscriber/LOADING]: Auto-subscribing com.tacz.guns.resource.CommonAssetsManager to FORGE
[11Oct2025 15:37:17.476] [modloading-worker-0/DEBUG] [mixin/]: Mixing apoth.AffixAdaptableMixin$Potion from apotheosis_modern_ragnarok.mixins.json into dev.shadowsoffire.apotheosis.adventure.affix.effect.PotionAffix
[11Oct2025 15:37:17.477] [modloading-worker-0/DEBUG] [mixin/]: apotheosis_modern_ragnarok.mixins.json:apoth.AffixAdaptableMixin$Potion: Class version 61 required is higher than the class version supported by the current version of Mixin (JAVA_8 supports class version 52)
[11Oct2025 15:37:17.477] [modloading-worker-0/DEBUG] [mixin/]: Renaming synthetic method lambda$onGunshotKill$1(Ldev/shadowsoffire/apotheosis/adventure/affix/AffixInstance;Lnet/minecraft/world/entity/LivingEntity;)V to md1e559f$lambda$onGunshotKill$1$0 in apotheosis_modern_ragnarok.mixins.json:apoth.AffixAdaptableMixin$Potion
[11Oct2025 15:37:17.477] [modloading-worker-0/DEBUG] [mixin/]: Renaming synthetic method lambda$onGunshotPost$0(Ldev/shadowsoffire/apotheosis/adventure/affix/AffixInstance;Lnet/minecraft/world/entity/LivingEntity;)V to md1e559f$lambda$onGunshotPost$0$1 in apotheosis_modern_ragnarok.mixins.json:apoth.AffixAdaptableMixin$Potion
[11Oct2025 15:37:17.503] [modloading-worker-0/DEBUG] [mixin/]: Mixing apoth.MagicDamageReductionFixMixin from apotheosis_modern_ragnarok.mixins.json into dev.shadowsoffire.apotheosis.adventure.affix.effect.DamageReductionAffix$DamageType
[11Oct2025 15:37:17.503] [modloading-worker-0/DEBUG] [mixin/]: apotheosis_modern_ragnarok.mixins.json:apoth.MagicDamageReductionFixMixin: Class version 61 required is higher than the class version supported by the current version of Mixin (JAVA_8 supports class version 52)
[11Oct2025 15:37:17.511] [modloading-worker-0/DEBUG] [mixin/]: Mixing MixinGunData from gunsmithlib.mixins.json into com.tacz.guns.resource.pojo.data.gun.GunData
[11Oct2025 15:37:17.512] [modloading-worker-0/DEBUG] [mixin/]: gunsmithlib.mixins.json:MixinGunData: Class version 61 required is higher than the class version supported by the current version of Mixin (JAVA_8 supports class version 52)
[11Oct2025 15:37:17.513] [modloading-worker-0/DEBUG] [mixin/]: Mixing tacz.gunpack.MixinGunData from apotheosis_modern_ragnarok.mixins.json into com.tacz.guns.resource.pojo.data.gun.GunData
[11Oct2025 15:37:17.513] [modloading-worker-0/DEBUG] [mixin/]: apotheosis_modern_ragnarok.mixins.json:tacz.gunpack.MixinGunData: Class version 61 required is higher than the class version supported by the current version of Mixin (JAVA_8 supports class version 52)
[11Oct2025 15:37:17.535] [modloading-worker-0/DEBUG] [mixin/]: Mixing MixinAttachmentData from gunsmithlib.mixins.json into com.tacz.guns.resource.pojo.data.attachment.AttachmentData
[11Oct2025 15:37:17.535] [modloading-worker-0/DEBUG] [mixin/]: gunsmithlib.mixins.json:MixinAttachmentData: Class version 61 required is higher than the class version supported by the current version of Mixin (JAVA_8 supports class version 52)
[11Oct2025 15:37:17.545] [modloading-worker-0/DEBUG] [net.minecraftforge.fml.javafmlmod.AutomaticEventSubscriber/LOADING]: Attempting to inject @EventBusSubscriber classes into the eventbus for apotheosis
[11Oct2025 15:37:17.545] [modloading-worker-0/DEBUG] [net.minecraftforge.fml.javafmlmod.AutomaticEventSubscriber/LOADING]: Auto-subscribing dev.shadowsoffire.apotheosis.village.wanderer.WandererReplacements to MOD
[11Oct2025 15:37:17.553] [modloading-worker-0/DEBUG] [net.minecraftforge.fml.javafmlmod.AutomaticEventSubscriber/LOADING]: Auto-subscribing com.tacz.guns.init.ModRecipe to MOD
[11Oct2025 15:37:17.553] [modloading-worker-0/DEBUG] [net.minecraftforge.fml.javafmlmod.AutomaticEventSubscriber/LOADING]: Auto-subscribing com.tacz.guns.init.ModItems to MOD
[11Oct2025 15:37:17.553] [modloading-worker-0/DEBUG] [net.minecraftforge.fml.javafmlmod.AutomaticEventSubscriber/LOADING]: Auto-subscribing com.tacz.guns.init.CompatRegistry to MOD
[11Oct2025 15:37:17.554] [modloading-worker-0/DEBUG] [net.minecraftforge.fml.config.ConfigTracker/CONFIG]: Config file moonlight-client.toml for moonlight tracking
[11Oct2025 15:37:17.555] [modloading-worker-0/DEBUG] [net.minecraftforge.fml.javafmlmod.AutomaticEventSubscriber/LOADING]: Auto-subscribing com.tacz.guns.init.CommonRegistry to MOD
[11Oct2025 15:37:17.557] [modloading-worker-0/DEBUG] [net.minecraftforge.fml.javafmlmod.AutomaticEventSubscriber/LOADING]: Auto-subscribing dev.shadowsoffire.apotheosis.adventure.loot.ShieldBreakerTest to FORGE
[11Oct2025 15:37:17.558] [modloading-worker-0/DEBUG] [net.minecraftforge.fml.javafmlmod.AutomaticEventSubscriber/LOADING]: Auto-subscribing dev.shadowsoffire.apotheosis.adventure.client.AdventureModuleClient$ModBusSub to MOD
[11Oct2025 15:37:17.560] [modloading-worker-0/DEBUG] [net.minecraftforge.fml.javafmlmod.AutomaticEventSubscriber/LOADING]: Auto-subscribing com.tacz.guns.init.CommandRegistry to FORGE
[11Oct2025 15:37:17.561] [modloading-worker-0/DEBUG] [net.minecraftforge.fml.javafmlmod.AutomaticEventSubscriber/LOADING]: Auto-subscribing com.tacz.guns.init.CapabilityRegistry to MOD
[11Oct2025 15:37:17.562] [modloading-worker-0/DEBUG] [net.minecraftforge.fml.javafmlmod.AutomaticEventSubscriber/LOADING]: Auto-subscribing com.tacz.guns.event.TravelToDimensionEvent to FORGE
[11Oct2025 15:37:17.567] [modloading-worker-0/DEBUG] [net.minecraftforge.fml.javafmlmod.AutomaticEventSubscriber/LOADING]: Auto-subscribing com.tacz.guns.event.SyncedEntityDataEvent to FORGE
[11Oct2025 15:37:17.576] [modloading-worker-0/DEBUG] [net.minecraftforge.fml.javafmlmod.AutomaticEventSubscriber/LOADING]: Auto-subscribing com.tacz.guns.event.SyncBaseTimestamp to FORGE
[11Oct2025 15:37:17.579] [modloading-worker-0/DEBUG] [net.minecraftforge.fml.javafmlmod.AutomaticEventSubscriber/LOADING]: Auto-subscribing com.tacz.guns.event.ServerTickEvent to FORGE
[11Oct2025 15:37:17.581] [modloading-worker-0/DEBUG] [net.minecraftforge.fml.javafmlmod.AutomaticEventSubscriber/LOADING]: Auto-subscribing com.tacz.guns.event.PreventGunClick to FORGE
[11Oct2025 15:37:17.587] [modloading-worker-0/DEBUG] [net.minecraftforge.fml.javafmlmod.AutomaticEventSubscriber/LOADING]: Auto-subscribing com.tacz.guns.event.PlayerRespawnEvent to FORGE
[11Oct2025 15:37:17.589] [modloading-worker-0/DEBUG] [net.minecraftforge.fml.javafmlmod.AutomaticEventSubscriber/LOADING]: Auto-subscribing com.tacz.guns.event.LoadingConfigEvent to MOD
[11Oct2025 15:37:17.591] [modloading-worker-0/DEBUG] [net.minecraftforge.fml.javafmlmod.AutomaticEventSubscriber/LOADING]: Auto-subscribing com.tacz.guns.event.KnockbackChange to FORGE
[11Oct2025 15:37:17.594] [modloading-worker-0/DEBUG] [mixin/]: Mixing apoth.AffixAdaptableMixin$Telepathic from apotheosis_modern_ragnarok.mixins.json into dev.shadowsoffire.apotheosis.adventure.affix.effect.TelepathicAffix
[11Oct2025 15:37:17.595] [modloading-worker-0/DEBUG] [mixin/]: apotheosis_modern_ragnarok.mixins.json:apoth.AffixAdaptableMixin$Telepathic: Class version 61 required is higher than the class version supported by the current version of Mixin (JAVA_8 supports class version 52)
[11Oct2025 15:37:17.611] [modloading-worker-0/DEBUG] [net.minecraftforge.fml.javafmlmod.AutomaticEventSubscriber/LOADING]: Auto-subscribing com.tacz.guns.event.HitboxHelperEvent to FORGE
[11Oct2025 15:37:17.616] [modloading-worker-0/DEBUG] [net.minecraftforge.fml.javafmlmod.AutomaticEventSubscriber/LOADING]: Auto-subscribing com.tacz.guns.event.EntityDamageEvent to FORGE
[11Oct2025 15:37:17.618] [modloading-worker-0/DEBUG] [net.minecraftforge.fml.javafmlmod.AutomaticEventSubscriber/LOADING]: Auto-subscribing com.tacz.guns.event.ammo.DestroyGlassBlock to FORGE
[11Oct2025 15:37:17.623] [modloading-worker-0/DEBUG] [mixin/]: Mixing tacz.MixinEntityKineticBulletHigh from apotheosis_modern_ragnarok.mixins.json into com.tacz.guns.entity.EntityKineticBullet
[11Oct2025 15:37:17.623] [modloading-worker-0/DEBUG] [mixin/]: apotheosis_modern_ragnarok.mixins.json:tacz.MixinEntityKineticBulletHigh: Class version 61 required is higher than the class version supported by the current version of Mixin (JAVA_8 supports class version 52)
[11Oct2025 15:37:17.624] [modloading-worker-0/DEBUG] [mixin/]: Mixing AlternativeArmorPierceFormulaMixin from gunsmithlib.mixins.json into com.tacz.guns.entity.EntityKineticBullet
[11Oct2025 15:37:17.624] [modloading-worker-0/DEBUG] [mixin/]: gunsmithlib.mixins.json:AlternativeArmorPierceFormulaMixin: Class version 61 required is higher than the class version supported by the current version of Mixin (JAVA_8 supports class version 52)
[11Oct2025 15:37:17.625] [modloading-worker-0/DEBUG] [mixin/]: Mixing EntityKineticBulletAccessor from gunsmithlib.mixins.json into com.tacz.guns.entity.EntityKineticBullet
[11Oct2025 15:37:17.625] [modloading-worker-0/DEBUG] [mixin/]: gunsmithlib.mixins.json:EntityKineticBulletAccessor: Class version 61 required is higher than the class version supported by the current version of Mixin (JAVA_8 supports class version 52)
[11Oct2025 15:37:17.630] [modloading-worker-0/DEBUG] [mixin/]: Mixing MixinBullet from gunsmithlib.mixins.json into com.tacz.guns.entity.EntityKineticBullet
[11Oct2025 15:37:17.630] [modloading-worker-0/DEBUG] [mixin/]: gunsmithlib.mixins.json:MixinBullet: Class version 61 required is higher than the class version supported by the current version of Mixin (JAVA_8 supports class version 52)
[11Oct2025 15:37:17.643] [modloading-worker-0/DEBUG] [mixin/]: Renaming synthetic method lambda$useSpecialHurtByTag$0(Lcom/llamalad7/mixinextras/injector/wrapoperation/Operation;Lnet/minecraft/world/entity/Entity;Lnet/minecraft/world/damagesource/DamageSource;F)Z to md1e559f$lambda$useSpecialHurtByTag$0$0 in gunsmithlib.mixins.json:MixinBullet
[11Oct2025 15:37:17.645] [modloading-worker-0/DEBUG] [mixin/]: Mixing tacz.EntityKineticBulletAccessor from apotheosis_modern_ragnarok.mixins.json into com.tacz.guns.entity.EntityKineticBullet
[11Oct2025 15:37:17.646] [modloading-worker-0/DEBUG] [mixin/]: apotheosis_modern_ragnarok.mixins.json:tacz.EntityKineticBulletAccessor: Class version 61 required is higher than the class version supported by the current version of Mixin (JAVA_8 supports class version 52)
[11Oct2025 15:37:17.651] [modloading-worker-0/DEBUG] [mixin/]: Mixing tacz.MixinEntityKineticBullet from apotheosis_modern_ragnarok.mixins.json into com.tacz.guns.entity.EntityKineticBullet
[11Oct2025 15:37:17.651] [modloading-worker-0/DEBUG] [mixin/]: apotheosis_modern_ragnarok.mixins.json:tacz.MixinEntityKineticBullet: Class version 61 required is higher than the class version supported by the current version of Mixin (JAVA_8 supports class version 52)
[11Oct2025 15:37:17.763] [modloading-worker-0/DEBUG] [net.minecraftforge.fml.javafmlmod.AutomaticEventSubscriber/LOADING]: Auto-subscribing com.tacz.guns.event.ammo.BellRing to FORGE
[11Oct2025 15:37:17.764] [modloading-worker-0/DEBUG] [net.minecraftforge.fml.javafmlmod.AutomaticEventSubscriber/LOADING]: Attempting to inject @EventBusSubscriber classes into the eventbus for moonlight
[11Oct2025 15:37:17.764] [modloading-worker-0/DEBUG] [net.minecraftforge.fml.javafmlmod.AutomaticEventSubscriber/LOADING]: Auto-subscribing net.mehvahdjukaar.moonlight.forge.MoonlightForgeClient to FORGE
[11Oct2025 15:37:17.765] [modloading-worker-0/DEBUG] [net.minecraftforge.fml.javafmlmod.AutomaticEventSubscriber/LOADING]: Auto-subscribing mod.chloeprime.apotheosismodernragnarok.common.affix.content.ExplosionOnHeadshotAffix to FORGE
[11Oct2025 15:37:17.766] [modloading-worker-0/DEBUG] [net.minecraftforge.fml.javafmlmod.AutomaticEventSubscriber/LOADING]: Auto-subscribing com.tacz.guns.client.input.ZoomKey to FORGE
[11Oct2025 15:37:17.768] [modloading-worker-0/DEBUG] [net.minecraftforge.fml.config.ConfigTracker/CONFIG]: Config file Obscuria/aquamirae-common.toml for aquamirae tracking
[11Oct2025 15:37:17.770] [modloading-worker-0/DEBUG] [net.minecraftforge.fml.config.ConfigTracker/CONFIG]: Config file Obscuria/aquamirae-client.toml for aquamirae tracking
[11Oct2025 15:37:17.772] [modloading-worker-0/DEBUG] [net.minecraftforge.fml.javafmlmod.AutomaticEventSubscriber/LOADING]: Auto-subscribing com.tacz.guns.client.input.ShootKey to FORGE
[11Oct2025 15:37:17.779] [modloading-worker-0/DEBUG] [net.minecraftforge.fml.javafmlmod.AutomaticEventSubscriber/LOADING]: Auto-subscribing com.tacz.guns.client.input.ReloadKey to FORGE
[11Oct2025 15:37:17.779] [modloading-worker-0/DEBUG] [net.minecraftforge.fml.javafmlmod.AutomaticEventSubscriber/LOADING]: Auto-subscribing mod.chloeprime.apotheosismodernragnarok.common.affix.content.BulletSaverAffix to FORGE
[11Oct2025 15:37:17.784] [modloading-worker-0/INFO] [net.playwright.magitacz.MagitaczMod/]: HELLO THERE:{ads=com.tacz.guns.resource.modifier.custom.AdsModifier@fa7bf71, ammo_speed=com.tacz.guns.resource.modifier.custom.AmmoSpeedModifier@4c23bd1, armor_ignore=com.tacz.guns.resource.modifier.custom.ArmorIgnoreModifier@43c121c7, damage=com.tacz.guns.resource.modifier.custom.DamageModifier@5b69589b, effective_range=com.tacz.guns.resource.modifier.custom.EffectiveRangeModifier@698728b0, explosion=com.tacz.guns.resource.modifier.custom.ExplosionModifier@7c0e8ae2, head_shot=com.tacz.guns.resource.modifier.custom.HeadShotModifier@360b43bd, ignite=com.tacz.guns.resource.modifier.custom.IgniteModifier@27376867, inaccuracy=com.tacz.guns.resource.modifier.custom.InaccuracyModifier@77a51699, knockback=com.tacz.guns.resource.modifier.custom.KnockbackModifier@7f74cb15, pierce=com.tacz.guns.resource.modifier.custom.PierceModifier@130e79ed, recoil=com.tacz.guns.resource.modifier.custom.RecoilModifier@f665fbb, rpm=com.tacz.guns.resource.modifier.custom.RpmModifier@50a89110, silence=com.tacz.guns.resource.modifier.custom.SilenceModifier@95dc473, weight_modifier=com.tacz.guns.resource.modifier.custom.WeightModifier@69fc15a4, movement_speed=com.tacz.guns.resource.modifier.custom.ExtraMovementModifier@545a04a7, spell=net.playwright.magitacz.attachment_modifiers.SpellModifier@40ee3f2d}
[11Oct2025 15:37:17.784] [modloading-worker-0/DEBUG] [net.minecraftforge.fml.javafmlmod.AutomaticEventSubscriber/LOADING]: Attempting to inject @EventBusSubscriber classes into the eventbus for magitacz
[11Oct2025 15:37:17.784] [modloading-worker-0/DEBUG] [net.minecraftforge.fml.javafmlmod.AutomaticEventSubscriber/LOADING]: Auto-subscribing net.playwright.magitacz.Config to MOD
[11Oct2025 15:37:17.785] [modloading-worker-0/DEBUG] [net.minecraftforge.fml.javafmlmod.AutomaticEventSubscriber/LOADING]: Auto-subscribing com.tacz.guns.client.input.RefitKey to FORGE
[11Oct2025 15:37:17.785] [modloading-worker-0/DEBUG] [net.minecraftforge.fml.javafmlmod.AutomaticEventSubscriber/LOADING]: Auto-subscribing net.playwright.magitacz.datagen.loot.MagitaczDataGen to MOD
[11Oct2025 15:37:17.786] [modloading-worker-0/DEBUG] [net.minecraftforge.fml.javafmlmod.AutomaticEventSubscriber/LOADING]: Auto-subscribing mod.chloeprime.apotheosismodernragnarok.common.affix.content.ArmorSquashAffix to FORGE
[11Oct2025 15:37:17.786] [modloading-worker-0/DEBUG] [net.minecraftforge.fml.javafmlmod.AutomaticEventSubscriber/LOADING]: Attempting to inject @EventBusSubscriber classes into the eventbus for aquamirae
[11Oct2025 15:37:17.787] [modloading-worker-0/DEBUG] [net.minecraftforge.fml.javafmlmod.AutomaticEventSubscriber/LOADING]: Auto-subscribing com.obscuria.aquamirae.registry.AquamiraeParticles to MOD
[11Oct2025 15:37:17.788] [modloading-worker-0/DEBUG] [net.minecraftforge.fml.javafmlmod.AutomaticEventSubscriber/LOADING]: Auto-subscribing net.playwright.magitacz.events.AddSpellToolTipImageEvent to FORGE
[11Oct2025 15:37:17.789] [modloading-worker-0/DEBUG] [net.minecraftforge.fml.javafmlmod.AutomaticEventSubscriber/LOADING]: Auto-subscribing com.tacz.guns.client.input.MeleeKey to FORGE
[11Oct2025 15:37:17.790] [modloading-worker-0/DEBUG] [net.minecraftforge.fml.javafmlmod.AutomaticEventSubscriber/LOADING]: Auto-subscribing com.obscuria.aquamirae.registry.AquamiraeEntities to MOD
[11Oct2025 15:37:17.791] [modloading-worker-0/DEBUG] [net.minecraftforge.fml.javafmlmod.AutomaticEventSubscriber/LOADING]: Auto-subscribing net.playwright.magitacz.events.BulletDamageResistanceEvent to FORGE
[11Oct2025 15:37:17.792] [modloading-worker-0/DEBUG] [net.minecraftforge.fml.javafmlmod.AutomaticEventSubscriber/LOADING]: Auto-subscribing com.tacz.guns.client.input.InteractKey to FORGE
[11Oct2025 15:37:17.793] [modloading-worker-0/DEBUG] [net.minecraftforge.fml.javafmlmod.AutomaticEventSubscriber/LOADING]: Auto-subscribing com.obscuria.aquamirae.registry.AquamiraeCreativeTab to MOD
[11Oct2025 15:37:17.793] [modloading-worker-0/DEBUG] [net.minecraftforge.fml.javafmlmod.AutomaticEventSubscriber/LOADING]: Auto-subscribing com.obscuria.aquamirae.network.ScrollMessage to MOD
[11Oct2025 15:37:17.793] [modloading-worker-0/DEBUG] [net.minecraftforge.fml.javafmlmod.AutomaticEventSubscriber/LOADING]: Auto-subscribing net.playwright.magitacz.events.CastSpellOnHurtEvent to FORGE
[11Oct2025 15:37:17.795] [modloading-worker-0/DEBUG] [net.minecraftforge.fml.javafmlmod.AutomaticEventSubscriber/LOADING]: Auto-subscribing mod.chloeprime.apotheosismodernragnarok.common.CommonConfig to MOD
[11Oct2025 15:37:17.795] [modloading-worker-0/DEBUG] [net.minecraftforge.fml.javafmlmod.AutomaticEventSubscriber/LOADING]: Auto-subscribing com.tacz.guns.client.input.InspectKey to FORGE
[11Oct2025 15:37:17.796] [modloading-worker-0/DEBUG] [net.minecraftforge.fml.javafmlmod.AutomaticEventSubscriber/LOADING]: Auto-subscribing mod.chloeprime.apotheosismodernragnarok.client.fx.ExecutionFeedback to FORGE
[11Oct2025 15:37:17.797] [modloading-worker-0/DEBUG] [net.minecraftforge.fml.javafmlmod.AutomaticEventSubscriber/LOADING]: Auto-subscribing com.obscuria.aquamirae.common.recipes.SpectralPotionRecipe to MOD
[11Oct2025 15:37:17.797] [modloading-worker-0/DEBUG] [net.minecraftforge.fml.javafmlmod.AutomaticEventSubscriber/LOADING]: Auto-subscribing com.tacz.guns.client.input.FireSelectKey to FORGE
[11Oct2025 15:37:17.798] [modloading-worker-0/DEBUG] [net.minecraftforge.fml.javafmlmod.AutomaticEventSubscriber/LOADING]: Auto-subscribing net.playwright.magitacz.events.CastSpellOnKillEvent to FORGE
[11Oct2025 15:37:17.800] [modloading-worker-0/DEBUG] [net.minecraftforge.fml.javafmlmod.AutomaticEventSubscriber/LOADING]: Auto-subscribing com.obscuria.aquamirae.common.recipes.PotionOfTenacityRecipe to MOD
[11Oct2025 15:37:17.801] [modloading-worker-0/DEBUG] [net.minecraftforge.fml.javafmlmod.AutomaticEventSubscriber/LOADING]: Auto-subscribing mod.chloeprime.apotheosismodernragnarok.client.fx.ExecutionFeedback$ParticleRegistrar to MOD
[11Oct2025 15:37:17.801] [modloading-worker-0/DEBUG] [net.minecraftforge.fml.javafmlmod.AutomaticEventSubscriber/LOADING]: Auto-subscribing com.tacz.guns.client.input.CrawlKey to FORGE
[11Oct2025 15:37:17.801] [modloading-worker-0/DEBUG] [net.minecraftforge.fml.javafmlmod.AutomaticEventSubscriber/LOADING]: Auto-subscribing net.playwright.magitacz.events.CastSpellOnShootEvent to FORGE
[11Oct2025 15:37:17.803] [modloading-worker-0/DEBUG] [net.minecraftforge.fml.javafmlmod.AutomaticEventSubscriber/LOADING]: Auto-subscribing com.obscuria.aquamirae.common.items.armor.TerribleArmorItem to FORGE
[11Oct2025 15:37:17.803] [modloading-worker-0/DEBUG] [net.minecraftforge.fml.javafmlmod.AutomaticEventSubscriber/LOADING]: Auto-subscribing com.tacz.guns.client.input.ConfigKey to FORGE
[11Oct2025 15:37:17.803] [modloading-worker-0/DEBUG] [net.minecraftforge.fml.javafmlmod.AutomaticEventSubscriber/LOADING]: Auto-subscribing mod.chloeprime.apotheosismodernragnarok.client.PostureRenderer to FORGE
[11Oct2025 15:37:17.804] [modloading-worker-0/DEBUG] [net.minecraftforge.fml.javafmlmod.AutomaticEventSubscriber/LOADING]: Auto-subscribing net.playwright.magitacz.events.ElementalBulletOnShoot to FORGE
[11Oct2025 15:37:17.805] [modloading-worker-0/DEBUG] [net.minecraftforge.fml.javafmlmod.AutomaticEventSubscriber/LOADING]: Auto-subscribing com.tacz.guns.client.input.AimKey to FORGE
[11Oct2025 15:37:17.807] [modloading-worker-0/DEBUG] [net.minecraftforge.fml.javafmlmod.AutomaticEventSubscriber/LOADING]: Auto-subscribing net.playwright.magitacz.loot.LootInjections to FORGE
[11Oct2025 15:37:17.807] [modloading-worker-0/DEBUG] [net.minecraftforge.fml.javafmlmod.AutomaticEventSubscriber/LOADING]: Auto-subscribing mod.chloeprime.apotheosismodernragnarok.client.MagicalShotAffixVisuals to MOD
[11Oct2025 15:37:17.808] [modloading-worker-0/DEBUG] [net.minecraftforge.fml.javafmlmod.AutomaticEventSubscriber/LOADING]: Auto-subscribing com.tacz.guns.client.init.ParticleFactoryRegistry to MOD
[11Oct2025 15:37:17.810] [modloading-worker-0/DEBUG] [net.minecraftforge.fml.javafmlmod.AutomaticEventSubscriber/LOADING]: Auto-subscribing net.playwright.magitacz.MagitaczMod$ClientModEvents to MOD
[11Oct2025 15:37:17.811] [modloading-worker-0/DEBUG] [net.minecraftforge.fml.javafmlmod.AutomaticEventSubscriber/LOADING]: Auto-subscribing com.tacz.guns.client.init.ModEntitiesRender to MOD
[11Oct2025 15:37:17.811] [modloading-worker-0/DEBUG] [net.minecraftforge.fml.javafmlmod.AutomaticEventSubscriber/LOADING]: Auto-subscribing com.obscuria.aquamirae.common.items.RuneOfTheStormItem to FORGE
[11Oct2025 15:37:17.812] [modloading-worker-0/DEBUG] [net.minecraftforge.fml.javafmlmod.AutomaticEventSubscriber/LOADING]: Auto-subscribing com.obscuria.aquamirae.client.AquamiraeRenderers to MOD
[11Oct2025 15:37:17.812] [modloading-worker-0/DEBUG] [net.minecraftforge.fml.javafmlmod.AutomaticEventSubscriber/LOADING]: Auto-subscribing com.tacz.guns.client.init.ModContainerScreen to MOD
[11Oct2025 15:37:17.812] [modloading-worker-0/DEBUG] [net.minecraftforge.fml.javafmlmod.AutomaticEventSubscriber/LOADING]: Auto-subscribing net.playwright.magitacz.Utils.test to FORGE
[11Oct2025 15:37:17.813] [modloading-worker-0/DEBUG] [net.minecraftforge.fml.javafmlmod.AutomaticEventSubscriber/LOADING]: Auto-subscribing com.tacz.guns.client.init.ClientSetupEvent to MOD
[11Oct2025 15:37:17.814] [modloading-worker-0/DEBUG] [net.minecraftforge.fml.javafmlmod.AutomaticEventSubscriber/LOADING]: Auto-subscribing mod.chloeprime.apotheosismodernragnarok.client.FreezeEffectVisuals to FORGE
[11Oct2025 15:37:17.817] [modloading-worker-0/DEBUG] [net.minecraftforge.fml.javafmlmod.AutomaticEventSubscriber/LOADING]: Auto-subscribing com.tacz.guns.client.gui.GunRefitScreen to FORGE
[11Oct2025 15:37:17.817] [modloading-worker-0/DEBUG] [net.minecraftforge.fml.javafmlmod.AutomaticEventSubscriber/LOADING]: Auto-subscribing com.obscuria.aquamirae.client.AquamiraeLayers to MOD
[11Oct2025 15:37:17.818] [modloading-worker-0/DEBUG] [net.minecraftforge.fml.javafmlmod.AutomaticEventSubscriber/LOADING]: Auto-subscribing com.obscuria.aquamirae.AquamiraeClient$ModEvents to MOD
[11Oct2025 15:37:17.821] [modloading-worker-0/DEBUG] [net.minecraftforge.fml.config.ConfigTracker/CONFIG]: Config file irons_spellbooks-client.toml for irons_spellbooks tracking
[11Oct2025 15:37:17.822] [modloading-worker-0/DEBUG] [net.minecraftforge.fml.javafmlmod.AutomaticEventSubscriber/LOADING]: Auto-subscribing com.obscuria.aquamirae.AquamiraeClient$ForgeEvents to FORGE
[11Oct2025 15:37:17.829] [modloading-worker-0/DEBUG] [net.minecraftforge.fml.javafmlmod.AutomaticEventSubscriber/LOADING]: Auto-subscribing com.tacz.guns.client.event.TooltipEvent to FORGE
[11Oct2025 15:37:17.832] [modloading-worker-0/DEBUG] [net.minecraftforge.fml.javafmlmod.AutomaticEventSubscriber/LOADING]: Auto-subscribing com.tacz.guns.client.event.TickAnimationEvent to FORGE
[11Oct2025 15:37:17.832] [modloading-worker-0/DEBUG] [net.minecraftforge.fml.javafmlmod.AutomaticEventSubscriber/LOADING]: Auto-subscribing mod.chloeprime.apotheosismodernragnarok.client.ClientNetworkHandler to FORGE
[11Oct2025 15:37:17.835] [modloading-worker-0/DEBUG] [net.minecraftforge.fml.javafmlmod.AutomaticEventSubscriber/LOADING]: Auto-subscribing com.tacz.guns.client.event.RenderHeadShotAABB to FORGE
[11Oct2025 15:37:17.837] [modloading-worker-0/DEBUG] [net.minecraftforge.fml.javafmlmod.AutomaticEventSubscriber/LOADING]: Auto-subscribing com.tacz.guns.client.event.RenderCrosshairEvent to FORGE
[11Oct2025 15:37:17.847] [modloading-worker-0/DEBUG] [net.minecraftforge.fml.javafmlmod.AutomaticEventSubscriber/LOADING]: Auto-subscribing com.tacz.guns.client.event.ReloadResourceEvent to MOD
[11Oct2025 15:37:17.849] [modloading-worker-0/DEBUG] [net.minecraftforge.fml.javafmlmod.AutomaticEventSubscriber/LOADING]: Auto-subscribing com.tacz.guns.client.event.RefreshClonePlayerDataEvent to FORGE
[11Oct2025 15:37:17.850] [modloading-worker-0/DEBUG] [net.minecraftforge.fml.javafmlmod.AutomaticEventSubscriber/LOADING]: Auto-subscribing com.tacz.guns.client.event.PreventsHotbarEvent to FORGE
[11Oct2025 15:37:17.852] [modloading-worker-0/DEBUG] [net.minecraftforge.fml.javafmlmod.AutomaticEventSubscriber/LOADING]: Auto-subscribing com.tacz.guns.client.event.PlayGunSoundEvent to FORGE
[11Oct2025 15:37:17.858] [modloading-worker-0/DEBUG] [mixin/]: Mixing minecraft.client.MixinSoundEngine from apotheosis_modern_ragnarok.mixins.json into net.minecraft.client.sounds.SoundEngine
[11Oct2025 15:37:17.858] [modloading-worker-0/DEBUG] [mixin/]: apotheosis_modern_ragnarok.mixins.json:minecraft.client.MixinSoundEngine: Class version 61 required is higher than the class version supported by the current version of Mixin (JAVA_8 supports class version 52)
[11Oct2025 15:37:17.860] [modloading-worker-0/DEBUG] [net.minecraftforge.fml.config.ConfigTracker/CONFIG]: Config file irons_spellbooks-server.toml for irons_spellbooks tracking
[11Oct2025 15:37:17.862] [modloading-worker-0/DEBUG] [net.minecraftforge.fml.javafmlmod.AutomaticEventSubscriber/LOADING]: Attempting to inject @EventBusSubscriber classes into the eventbus for irons_spellbooks
[11Oct2025 15:37:17.863] [modloading-worker-0/DEBUG] [net.minecraftforge.fml.javafmlmod.AutomaticEventSubscriber/LOADING]: Auto-subscribing io.redspace.ironsspellbooks.worldgen.VillageAddition to FORGE
[11Oct2025 15:37:17.872] [modloading-worker-0/DEBUG] [net.minecraftforge.fml.javafmlmod.AutomaticEventSubscriber/LOADING]: Auto-subscribing io.redspace.ironsspellbooks.setup.PlayerAnimationTrigger to FORGE
[11Oct2025 15:37:17.877] [modloading-worker-0/DEBUG] [net.minecraftforge.fml.javafmlmod.AutomaticEventSubscriber/LOADING]: Auto-subscribing com.tacz.guns.client.event.PlayerHurtByGunEvent to FORGE
[11Oct2025 15:37:17.877] [modloading-worker-0/DEBUG] [net.minecraftforge.fml.javafmlmod.AutomaticEventSubscriber/LOADING]: Auto-subscribing io.redspace.ironsspellbooks.setup.DataHandling to FORGE
[11Oct2025 15:37:17.878] [modloading-worker-0/DEBUG] [net.minecraftforge.fml.javafmlmod.AutomaticEventSubscriber/LOADING]: Auto-subscribing com.tacz.guns.client.event.PlayerEnterWorld to FORGE
[11Oct2025 15:37:17.879] [modloading-worker-0/DEBUG] [net.minecraftforge.fml.javafmlmod.AutomaticEventSubscriber/LOADING]: Auto-subscribing com.tacz.guns.client.event.InventoryEvent to FORGE
[11Oct2025 15:37:17.880] [modloading-worker-0/DEBUG] [net.minecraftforge.fml.javafmlmod.AutomaticEventSubscriber/LOADING]: Auto-subscribing io.redspace.ironsspellbooks.setup.CommonSetup to MOD
[11Oct2025 15:37:17.882] [modloading-worker-0/DEBUG] [net.minecraftforge.fml.javafmlmod.AutomaticEventSubscriber/LOADING]: Auto-subscribing com.tacz.guns.client.event.FirstPersonRenderGunEvent to FORGE
[11Oct2025 15:37:17.882] [modloading-worker-0/DEBUG] [net.minecraftforge.fml.javafmlmod.AutomaticEventSubscriber/LOADING]: Auto-subscribing io.redspace.ironsspellbooks.setup.ClientSetup to MOD
[11Oct2025 15:37:17.892] [modloading-worker-0/DEBUG] [mixin/]: Mixing tacz.client.BlueMuzzleFlashMixin$CaptureState from apotheosis_modern_ragnarok.mixins.json into com.tacz.guns.client.model.BedrockGunModel
[11Oct2025 15:37:17.892] [modloading-worker-0/DEBUG] [mixin/]: apotheosis_modern_ragnarok.mixins.json:tacz.client.BlueMuzzleFlashMixin$CaptureState: Class version 61 required is higher than the class version supported by the current version of Mixin (JAVA_8 supports class version 52)
[11Oct2025 15:37:17.911] [modloading-worker-0/DEBUG] [net.minecraftforge.fml.javafmlmod.AutomaticEventSubscriber/LOADING]: Auto-subscribing io.redspace.ironsspellbooks.registries.OverlayRegistry to FORGE
[11Oct2025 15:37:17.912] [modloading-worker-0/DEBUG] [net.minecraftforge.fml.javafmlmod.AutomaticEventSubscriber/LOADING]: Auto-subscribing io.redspace.ironsspellbooks.registries.CreativeTabRegistry to MOD
[11Oct2025 15:37:17.912] [modloading-worker-0/DEBUG] [net.minecraftforge.fml.javafmlmod.AutomaticEventSubscriber/LOADING]: Auto-subscribing io.redspace.ironsspellbooks.registries.CommandRegistry to FORGE
[11Oct2025 15:37:17.915] [modloading-worker-0/DEBUG] [net.minecraftforge.fml.javafmlmod.AutomaticEventSubscriber/LOADING]: Auto-subscribing io.redspace.ironsspellbooks.player.ServerPlayerEvents to FORGE
[11Oct2025 15:37:17.918] [modloading-worker-0/DEBUG] [net.minecraftforge.fml.javafmlmod.AutomaticEventSubscriber/LOADING]: Auto-subscribing com.tacz.guns.client.event.FirstPersonRenderEvent to FORGE
[11Oct2025 15:37:17.920] [modloading-worker-0/DEBUG] [net.minecraftforge.fml.javafmlmod.AutomaticEventSubscriber/LOADING]: Auto-subscribing com.tacz.guns.client.event.ClientPreventGunClick to FORGE
[11Oct2025 15:37:17.924] [modloading-worker-0/DEBUG] [net.minecraftforge.fml.javafmlmod.AutomaticEventSubscriber/LOADING]: Auto-subscribing com.tacz.guns.client.event.ClientHitMark to FORGE
[11Oct2025 15:37:17.925] [modloading-worker-0/DEBUG] [net.minecraftforge.fml.javafmlmod.AutomaticEventSubscriber/LOADING]: Auto-subscribing com.tacz.guns.client.event.CameraSetupEvent to FORGE
[11Oct2025 15:37:17.926] [modloading-worker-0/DEBUG] [mixin/]: Mixing client.RecoilAttributeMixin from gunsmithlib.mixins.json into com.tacz.guns.client.event.CameraSetupEvent
[11Oct2025 15:37:17.926] [modloading-worker-0/DEBUG] [mixin/]: gunsmithlib.mixins.json:client.RecoilAttributeMixin: Class version 61 required is higher than the class version supported by the current version of Mixin (JAVA_8 supports class version 52)
[11Oct2025 15:37:17.950] [modloading-worker-0/DEBUG] [mixin/]: Mixing GameRendererMixin from moonlight-common.mixins.json into net.minecraft.client.renderer.GameRenderer
[11Oct2025 15:37:17.951] [modloading-worker-0/DEBUG] [mixin/]: Mixing client.GameRendererMixin from tslatentitystatus.mixins.json into net.minecraft.client.renderer.GameRenderer
[11Oct2025 15:37:17.952] [modloading-worker-0/DEBUG] [mixin/]: Mixing client.GameRendererMixin from tacz.mixins.json into net.minecraft.client.renderer.GameRenderer
[11Oct2025 15:37:18.003] [modloading-worker-0/DEBUG] [net.minecraftforge.fml.javafmlmod.AutomaticEventSubscriber/LOADING]: Auto-subscribing io.redspace.ironsspellbooks.player.KeyMappings to MOD
[11Oct2025 15:37:18.005] [modloading-worker-0/DEBUG] [net.minecraftforge.fml.javafmlmod.AutomaticEventSubscriber/LOADING]: Auto-subscribing com.tacz.guns.client.animation.screen.RefitTransform to FORGE
[11Oct2025 15:37:18.005] [modloading-worker-0/DEBUG] [net.minecraftforge.fml.javafmlmod.AutomaticEventSubscriber/LOADING]: Auto-subscribing io.redspace.ironsspellbooks.player.ClientPlayerEvents to FORGE
[11Oct2025 15:37:18.010] [modloading-worker-0/DEBUG] [net.minecraftforge.fml.javafmlmod.AutomaticEventSubscriber/LOADING]: Auto-subscribing io.redspace.ironsspellbooks.player.ClientInputEvents to FORGE
[11Oct2025 15:37:18.013] [modloading-worker-0/DEBUG] [net.minecraftforge.fml.javafmlmod.AutomaticEventSubscriber/LOADING]: Auto-subscribing io.redspace.ironsspellbooks.player.AdditionalWanderingTrades to FORGE
[11Oct2025 15:37:18.015] [modloading-worker-0/DEBUG] [net.minecraftforge.fml.javafmlmod.AutomaticEventSubscriber/LOADING]: Auto-subscribing io.redspace.ironsspellbooks.loot.LootDebugEvents to FORGE
[11Oct2025 15:37:18.016] [modloading-worker-0/DEBUG] [net.minecraftforge.fml.javafmlmod.AutomaticEventSubscriber/LOADING]: Auto-subscribing io.redspace.ironsspellbooks.entity.spells.EarthquakeAoe to FORGE
[11Oct2025 15:37:18.030] [modloading-worker-0/DEBUG] [net.minecraftforge.fml.javafmlmod.AutomaticEventSubscriber/LOADING]: Auto-subscribing io.redspace.ironsspellbooks.entity.mobs.wizards.WizardAIEvents to FORGE
[11Oct2025 15:37:18.034] [modloading-worker-0/DEBUG] [net.minecraftforge.fml.javafmlmod.AutomaticEventSubscriber/LOADING]: Auto-subscribing io.redspace.ironsspellbooks.entity.mobs.dead_king_boss.DeadKingMusicManager to FORGE
[11Oct2025 15:37:18.037] [modloading-worker-0/DEBUG] [net.minecraftforge.fml.javafmlmod.AutomaticEventSubscriber/LOADING]: Auto-subscribing io.redspace.ironsspellbooks.effect.guiding_bolt.GuidingBoltManager to FORGE
[11Oct2025 15:37:18.039] [modloading-worker-0/DEBUG] [net.minecraftforge.fml.javafmlmod.AutomaticEventSubscriber/LOADING]: Auto-subscribing io.redspace.ironsspellbooks.effect.ThunderstormEffect to FORGE
[11Oct2025 15:37:18.040] [modloading-worker-0/DEBUG] [mixin/]: Mixing AttributeMapMixin from attributeslib.mixins.json into net.minecraft.world.entity.ai.attributes.AttributeMap
[11Oct2025 15:37:18.040] [modloading-worker-0/DEBUG] [mixin/]: Renaming synthetic method lambda$setAttributesUpdating$0(Lnet/minecraft/world/entity/ai/attributes/Attribute;Lcom/mojang/datafixers/util/Pair;)V to md1e559f$lambda$setAttributesUpdating$0$0 in attributeslib.mixins.json:AttributeMapMixin
[11Oct2025 15:37:18.050] [modloading-worker-0/DEBUG] [net.minecraftforge.fml.javafmlmod.AutomaticEventSubscriber/LOADING]: Auto-subscribing io.redspace.ironsspellbooks.effect.OakskinEffect to FORGE
[11Oct2025 15:37:18.051] [modloading-worker-0/DEBUG] [net.minecraftforge.fml.javafmlmod.AutomaticEventSubscriber/LOADING]: Auto-subscribing io.redspace.ironsspellbooks.effect.GluttonyEffect to FORGE
[11Oct2025 15:37:18.052] [modloading-worker-0/DEBUG] [net.minecraftforge.fml.javafmlmod.AutomaticEventSubscriber/LOADING]: Auto-subscribing io.redspace.ironsspellbooks.effect.EchoingStrikesEffect to FORGE
[11Oct2025 15:37:18.053] [modloading-worker-0/DEBUG] [net.minecraftforge.fml.javafmlmod.AutomaticEventSubscriber/LOADING]: Auto-subscribing io.redspace.ironsspellbooks.effect.BlightEffect to FORGE
[11Oct2025 15:37:18.054] [modloading-worker-0/DEBUG] [net.minecraftforge.fml.javafmlmod.AutomaticEventSubscriber/LOADING]: Auto-subscribing io.redspace.ironsspellbooks.datagen.DataGenerators to MOD
[11Oct2025 15:37:18.054] [modloading-worker-0/DEBUG] [net.minecraftforge.fml.javafmlmod.AutomaticEventSubscriber/LOADING]: Auto-subscribing io.redspace.ironsspellbooks.damage.DamageSources to FORGE
[11Oct2025 15:37:18.056] [modloading-worker-0/DEBUG] [net.minecraftforge.fml.javafmlmod.AutomaticEventSubscriber/LOADING]: Auto-subscribing io.redspace.ironsspellbooks.api.util.CameraShakeManager to FORGE
[11Oct2025 15:37:18.058] [modloading-worker-0/DEBUG] [net.minecraftforge.fml.javafmlmod.AutomaticEventSubscriber/LOADING]: Auto-subscribing io.redspace.ironsspellbooks.api.registry.AttributeRegistry to MOD
[11Oct2025 15:37:18.098] [Render thread/DEBUG] [net.minecraftforge.registries.ObjectHolderRegistry/REGISTRIES]: Processing ObjectHolder annotations
[11Oct2025 15:37:18.122] [Render thread/DEBUG] [net.minecraftforge.registries.ObjectHolderRegistry/REGISTRIES]: Found 4937 ObjectHolder annotations
[11Oct2025 15:37:18.127] [Render thread/DEBUG] [net.minecraftforge.common.capabilities.CapabilityManager/CAPABILITIES]: Attempting to automatically register: Lnet/minecraftforge/energy/IEnergyStorage;
[11Oct2025 15:37:18.128] [Render thread/DEBUG] [net.minecraftforge.common.capabilities.CapabilityManager/CAPABILITIES]: Attempting to automatically register: Lnet/minecraftforge/fluids/capability/IFluidHandler;
[11Oct2025 15:37:18.128] [Render thread/DEBUG] [net.minecraftforge.common.capabilities.CapabilityManager/CAPABILITIES]: Attempting to automatically register: Lnet/minecraftforge/fluids/capability/IFluidHandlerItem;
[11Oct2025 15:37:18.128] [Render thread/DEBUG] [net.minecraftforge.common.capabilities.CapabilityManager/CAPABILITIES]: Attempting to automatically register: Lnet/minecraftforge/items/IItemHandler;
[11Oct2025 15:37:18.138] [Render thread/DEBUG] [net.minecraftforge.registries.GameData/REGISTRIES]: Unfreezing vanilla registries
[11Oct2025 15:37:18.154] [Render thread/DEBUG] [net.minecraftforge.registries.GameData/REGISTRIES]: Applying holder lookups: minecraft:sound_event
[11Oct2025 15:37:18.161] [Render thread/DEBUG] [net.minecraftforge.registries.GameData/REGISTRIES]: Holder lookups applied: minecraft:sound_event
[11Oct2025 15:37:18.163] [Render thread/DEBUG] [net.minecraftforge.registries.GameData/REGISTRIES]: Applying holder lookups: minecraft:fluid
[11Oct2025 15:37:18.165] [Render thread/DEBUG] [net.minecraftforge.registries.GameData/REGISTRIES]: Holder lookups applied: minecraft:fluid
[11Oct2025 15:37:18.189] [Render thread/DEBUG] [net.minecraftforge.registries.ForgeRegistry/REGISTRIES]: Registry minecraft:block Override: minecraft:anvil Block{minecraft:anvil} -> Block{minecraft:air}
[11Oct2025 15:37:18.190] [Render thread/DEBUG] [net.minecraftforge.registries.ForgeRegistry/REGISTRIES]: Registry minecraft:block Override: minecraft:chipped_anvil Block{minecraft:chipped_anvil} -> Block{minecraft:air}
[11Oct2025 15:37:18.190] [Render thread/DEBUG] [net.minecraftforge.registries.ForgeRegistry/REGISTRIES]: Registry minecraft:block Override: minecraft:damaged_anvil Block{minecraft:damaged_anvil} -> Block{minecraft:air}
[11Oct2025 15:37:18.197] [Render thread/DEBUG] [net.minecraftforge.registries.ForgeRegistry/REGISTRIES]: Registry minecraft:block Override: minecraft:enchanting_table Block{minecraft:enchanting_table} -> Block{minecraft:air}
[11Oct2025 15:37:18.199] [Render thread/DEBUG] [net.minecraftforge.registries.ForgeRegistry/REGISTRIES]: Registry minecraft:item Override: minecraft:enchanting_table enchanting_table -> air
[11Oct2025 15:37:18.265] [Render thread/DEBUG] [net.minecraftforge.registries.ForgeRegistry/REGISTRIES]: Registry minecraft:block Override: minecraft:spawner Block{minecraft:spawner} -> Block{minecraft:air}
[11Oct2025 15:37:18.267] [Render thread/DEBUG] [net.minecraftforge.registries.ForgeRegistry/REGISTRIES]: Registry minecraft:block Override: minecraft:cactus Block{minecraft:cactus} -> Block{minecraft:air}
[11Oct2025 15:37:18.267] [Render thread/DEBUG] [net.minecraftforge.registries.ForgeRegistry/REGISTRIES]: Registry minecraft:item Override: minecraft:cactus cactus -> air
[11Oct2025 15:37:18.267] [Render thread/DEBUG] [net.minecraftforge.registries.ForgeRegistry/REGISTRIES]: Registry minecraft:block Override: minecraft:sugar_cane Block{minecraft:sugar_cane} -> Block{minecraft:air}
[11Oct2025 15:37:18.268] [Render thread/DEBUG] [net.minecraftforge.registries.ForgeRegistry/REGISTRIES]: Registry minecraft:item Override: minecraft:sugar_cane sugar_cane -> air
[11Oct2025 15:37:18.268] [Render thread/DEBUG] [net.minecraftforge.registries.ForgeRegistry/REGISTRIES]: Registry minecraft:block Override: minecraft:bamboo Block{minecraft:bamboo} -> Block{minecraft:air}
[11Oct2025 15:37:18.268] [Render thread/DEBUG] [net.minecraftforge.registries.ForgeRegistry/REGISTRIES]: Registry minecraft:item Override: minecraft:bamboo bamboo -> air
[11Oct2025 15:37:18.269] [Render thread/DEBUG] [net.minecraftforge.registries.ForgeRegistry/REGISTRIES]: Registry minecraft:block Override: minecraft:fletching_table Block{minecraft:fletching_table} -> Block{minecraft:air}
[11Oct2025 15:37:18.269] [Render thread/DEBUG] [net.minecraftforge.registries.ForgeRegistry/REGISTRIES]: Registry minecraft:item Override: minecraft:fletching_table fletching_table -> air
[11Oct2025 15:37:18.307] [Render thread/DEBUG] [net.minecraftforge.registries.GameData/REGISTRIES]: Applying holder lookups: minecraft:block
[11Oct2025 15:37:18.310] [Render thread/DEBUG] [net.minecraftforge.registries.GameData/REGISTRIES]: Holder lookups applied: minecraft:block
[11Oct2025 15:37:18.333] [Render thread/INFO] [Moonlight/]: Initialized block sets in 22ms
[11Oct2025 15:37:18.341] [Render thread/DEBUG] [net.minecraftforge.registries.GameData/REGISTRIES]: Applying holder lookups: minecraft:attribute
[11Oct2025 15:37:18.342] [Render thread/DEBUG] [net.minecraftforge.registries.GameData/REGISTRIES]: Holder lookups applied: minecraft:attribute
[11Oct2025 15:37:18.396] [Render thread/DEBUG] [net.minecraftforge.registries.GameData/REGISTRIES]: Applying holder lookups: minecraft:mob_effect
[11Oct2025 15:37:18.397] [Render thread/DEBUG] [net.minecraftforge.registries.GameData/REGISTRIES]: Holder lookups applied: minecraft:mob_effect
[11Oct2025 15:37:18.436] [Render thread/DEBUG] [net.minecraftforge.registries.GameData/REGISTRIES]: Applying holder lookups: minecraft:particle_type
[11Oct2025 15:37:18.438] [Render thread/DEBUG] [net.minecraftforge.registries.GameData/REGISTRIES]: Holder lookups applied: minecraft:particle_type
[11Oct2025 15:37:18.462] [Render thread/DEBUG] [io.netty.util.internal.InternalThreadLocalMap/]: -Dio.netty.threadLocalMap.stringBuilder.initialSize: 1024
[11Oct2025 15:37:18.462] [Render thread/DEBUG] [io.netty.util.internal.InternalThreadLocalMap/]: -Dio.netty.threadLocalMap.stringBuilder.maxSize: 4096
[11Oct2025 15:37:18.466] [Render thread/DEBUG] [io.netty.util.internal.ThreadLocalRandom/]: -Dio.netty.initialSeedUniquifier: 0xea2695c592c3b855
[11Oct2025 15:37:18.472] [Render thread/DEBUG] [mixin/]: Mixing ThirdPersonRendererMixin from moonlight-common.mixins.json into net.minecraft.client.model.HumanoidModel
[11Oct2025 15:37:18.476] [Render thread/DEBUG] [mixin/]: Mixing BipedEntityModelMixin from playerAnimator-common.mixins.json into net.minecraft.client.model.HumanoidModel
[11Oct2025 15:37:18.476] [Render thread/DEBUG] [mixin/]: playerAnimator-common.mixins.json:BipedEntityModelMixin: Class version 61 required is higher than the class version supported by the current version of Mixin (JAVA_16 supports class version 60)
[11Oct2025 15:37:18.476] [Render thread/DEBUG] [mixin/]: Renaming synthetic method lambda$renderToBuffer$3(Lcom/mojang/blaze3d/vertex/PoseStack;Lcom/mojang/blaze3d/vertex/VertexConsumer;IIFFFFLnet/minecraft/client/model/geom/ModelPart;)V to md1e559f$lambda$renderToBuffer$3$0 in playerAnimator-common.mixins.json:BipedEntityModelMixin
[11Oct2025 15:37:18.476] [Render thread/DEBUG] [mixin/]: Renaming synthetic method lambda$renderToBuffer$2(Lcom/mojang/blaze3d/vertex/PoseStack;Lcom/mojang/blaze3d/vertex/VertexConsumer;IIFFFFLnet/minecraft/client/model/geom/ModelPart;)V to md1e559f$lambda$renderToBuffer$2$1 in playerAnimator-common.mixins.json:BipedEntityModelMixin
[11Oct2025 15:37:18.477] [Render thread/DEBUG] [mixin/]: Renaming synthetic method lambda$renderToBuffer$1(Lcom/mojang/blaze3d/vertex/PoseStack;Lcom/mojang/blaze3d/vertex/VertexConsumer;IIFFFFLnet/minecraft/client/model/geom/ModelPart;)V to md1e559f$lambda$renderToBuffer$1$2 in playerAnimator-common.mixins.json:BipedEntityModelMixin
[11Oct2025 15:37:18.477] [Render thread/DEBUG] [mixin/]: Renaming synthetic method lambda$renderToBuffer$0(Lcom/mojang/blaze3d/vertex/PoseStack;Lcom/mojang/blaze3d/vertex/VertexConsumer;IIFFFFLnet/minecraft/client/model/geom/ModelPart;)V to md1e559f$lambda$renderToBuffer$0$3 in playerAnimator-common.mixins.json:BipedEntityModelMixin
[11Oct2025 15:37:18.479] [Render thread/DEBUG] [mixin/]: Mixing client.HumanoidModelMixin from tacz.mixins.json into net.minecraft.client.model.HumanoidModel
[11Oct2025 15:37:18.552] [Render thread/DEBUG] [software.bernie.geckolib.GeckoLib/]: Registered SyncedAnimatable for class software.bernie.example.item.JackInTheBoxItem
[11Oct2025 15:37:18.586] [Render thread/DEBUG] [net.minecraftforge.registries.ForgeRegistry/REGISTRIES]: Registry minecraft:item Override: minecraft:anvil anvil -> air
[11Oct2025 15:37:18.586] [Render thread/DEBUG] [net.minecraftforge.registries.ForgeRegistry/REGISTRIES]: Registry minecraft:item Override: minecraft:chipped_anvil chipped_anvil -> air
[11Oct2025 15:37:18.586] [Render thread/DEBUG] [net.minecraftforge.registries.ForgeRegistry/REGISTRIES]: Registry minecraft:item Override: minecraft:damaged_anvil damaged_anvil -> air
[11Oct2025 15:37:18.588] [Render thread/DEBUG] [net.minecraftforge.registries.ForgeRegistry/REGISTRIES]: Registry minecraft:item Override: minecraft:spawner spawner -> air
[11Oct2025 15:37:18.670] [Render thread/DEBUG] [net.minecraftforge.registries.GameData/REGISTRIES]: Applying holder lookups: minecraft:item
[11Oct2025 15:37:18.672] [Render thread/DEBUG] [net.minecraftforge.registries.GameData/REGISTRIES]: Holder lookups applied: minecraft:item
[11Oct2025 15:37:18.757] [Render thread/DEBUG] [net.minecraftforge.registries.GameData/REGISTRIES]: Applying holder lookups: minecraft:entity_type
[11Oct2025 15:37:18.759] [Render thread/DEBUG] [net.minecraftforge.registries.GameData/REGISTRIES]: Holder lookups applied: minecraft:entity_type
[11Oct2025 15:37:18.759] [Render thread/DEBUG] [net.minecraftforge.registries.GameData/REGISTRIES]: Applying holder lookups: minecraft:sensor_type
[11Oct2025 15:37:18.760] [Render thread/DEBUG] [net.minecraftforge.registries.GameData/REGISTRIES]: Holder lookups applied: minecraft:sensor_type
[11Oct2025 15:37:18.761] [Render thread/DEBUG] [net.minecraftforge.registries.GameData/REGISTRIES]: Applying holder lookups: minecraft:memory_module_type
[11Oct2025 15:37:18.761] [Render thread/DEBUG] [net.minecraftforge.registries.GameData/REGISTRIES]: Holder lookups applied: minecraft:memory_module_type
[11Oct2025 15:37:18.763] [Render thread/DEBUG] [net.minecraftforge.registries.GameData/REGISTRIES]: Applying holder lookups: minecraft:potion
[11Oct2025 15:37:18.764] [Render thread/DEBUG] [net.minecraftforge.registries.GameData/REGISTRIES]: Holder lookups applied: minecraft:potion
[11Oct2025 15:37:18.764] [Render thread/DEBUG] [net.minecraftforge.registries.GameData/REGISTRIES]: Applying holder lookups: minecraft:game_event
[11Oct2025 15:37:18.766] [Render thread/DEBUG] [net.minecraftforge.registries.GameData/REGISTRIES]: Holder lookups applied: minecraft:game_event
[11Oct2025 15:37:18.769] [Render thread/DEBUG] [net.minecraftforge.registries.ForgeRegistry/REGISTRIES]: Registry minecraft:enchantment Override: minecraft:bane_of_arthropods net.minecraft.world.item.enchantment.DamageEnchantment@21f02214 -> dev.shadowsoffire.apotheosis.ench.replacements.BaneEnchant@2ba9ed19
[11Oct2025 15:37:18.769] [Render thread/DEBUG] [net.minecraftforge.registries.ForgeRegistry/REGISTRIES]: Registry minecraft:enchantment Override: minecraft:smite net.minecraft.world.item.enchantment.DamageEnchantment@75964bfa -> dev.shadowsoffire.apotheosis.ench.replacements.BaneEnchant@3293030b
[11Oct2025 15:37:18.769] [Render thread/DEBUG] [net.minecraftforge.registries.ForgeRegistry/REGISTRIES]: Registry minecraft:enchantment Override: minecraft:sharpness net.minecraft.world.item.enchantment.DamageEnchantment@2df86dfc -> dev.shadowsoffire.apotheosis.ench.replacements.BaneEnchant@1b53e6fc
[11Oct2025 15:37:18.769] [Render thread/DEBUG] [net.minecraftforge.registries.ForgeRegistry/REGISTRIES]: Registry minecraft:enchantment Override: minecraft:protection net.minecraft.world.item.enchantment.ProtectionEnchantment@6da8c432 -> dev.shadowsoffire.apotheosis.ench.replacements.DefenseEnchant@4e3d36c2
[11Oct2025 15:37:18.769] [Render thread/DEBUG] [net.minecraftforge.registries.ForgeRegistry/REGISTRIES]: Registry minecraft:enchantment Override: minecraft:fire_protection net.minecraft.world.item.enchantment.ProtectionEnchantment@2bb69a17 -> dev.shadowsoffire.apotheosis.ench.replacements.DefenseEnchant@4add4dff
[11Oct2025 15:37:18.769] [Render thread/DEBUG] [net.minecraftforge.registries.ForgeRegistry/REGISTRIES]: Registry minecraft:enchantment Override: minecraft:blast_protection net.minecraft.world.item.enchantment.ProtectionEnchantment@4fe507f2 -> dev.shadowsoffire.apotheosis.ench.replacements.DefenseEnchant@25dc2c0
[11Oct2025 15:37:18.769] [Render thread/DEBUG] [net.minecraftforge.registries.ForgeRegistry/REGISTRIES]: Registry minecraft:enchantment Override: minecraft:projectile_protection net.minecraft.world.item.enchantment.ProtectionEnchantment@72c3964c -> dev.shadowsoffire.apotheosis.ench.replacements.DefenseEnchant@192ecf8
[11Oct2025 15:37:18.769] [Render thread/DEBUG] [net.minecraftforge.registries.ForgeRegistry/REGISTRIES]: Registry minecraft:enchantment Override: minecraft:feather_falling net.minecraft.world.item.enchantment.ProtectionEnchantment@79cd8532 -> dev.shadowsoffire.apotheosis.ench.replacements.DefenseEnchant@263e512e
[11Oct2025 15:37:18.776] [Render thread/DEBUG] [mixin/]: Mixing accessor.BrainAccessor from moonlight-common.mixins.json into net.minecraft.world.entity.ai.Brain
[11Oct2025 15:37:18.794] [Render thread/DEBUG] [net.minecraftforge.registries.GameData/REGISTRIES]: Applying holder lookups: minecraft:enchantment
[11Oct2025 15:37:18.795] [Render thread/DEBUG] [net.minecraftforge.registries.GameData/REGISTRIES]: Holder lookups applied: minecraft:enchantment
[11Oct2025 15:37:18.805] [Render thread/DEBUG] [net.minecraftforge.registries.GameData/REGISTRIES]: Applying holder lookups: minecraft:block_entity_type
[11Oct2025 15:37:18.806] [Render thread/DEBUG] [net.minecraftforge.registries.GameData/REGISTRIES]: Holder lookups applied: minecraft:block_entity_type
[11Oct2025 15:37:18.806] [Render thread/DEBUG] [net.minecraftforge.registries.GameData/REGISTRIES]: Applying holder lookups: minecraft:painting_variant
[11Oct2025 15:37:18.807] [Render thread/DEBUG] [net.minecraftforge.registries.GameData/REGISTRIES]: Holder lookups applied: minecraft:painting_variant
[11Oct2025 15:37:18.808] [Render thread/DEBUG] [net.minecraftforge.registries.GameData/REGISTRIES]: Applying holder lookups: minecraft:stat_type
[11Oct2025 15:37:18.808] [Render thread/DEBUG] [net.minecraftforge.registries.GameData/REGISTRIES]: Holder lookups applied: minecraft:stat_type
[11Oct2025 15:37:18.808] [Render thread/DEBUG] [net.minecraftforge.registries.GameData/REGISTRIES]: Applying holder lookups: minecraft:custom_stat
[11Oct2025 15:37:18.809] [Render thread/DEBUG] [net.minecraftforge.registries.GameData/REGISTRIES]: Holder lookups applied: minecraft:custom_stat
[11Oct2025 15:37:18.809] [Render thread/DEBUG] [net.minecraftforge.registries.GameData/REGISTRIES]: Applying holder lookups: minecraft:chunk_status
[11Oct2025 15:37:18.809] [Render thread/DEBUG] [net.minecraftforge.registries.GameData/REGISTRIES]: Holder lookups applied: minecraft:chunk_status
[11Oct2025 15:37:18.809] [Render thread/DEBUG] [net.minecraftforge.registries.GameData/REGISTRIES]: Applying holder lookups: minecraft:rule_test
[11Oct2025 15:37:18.809] [Render thread/DEBUG] [net.minecraftforge.registries.GameData/REGISTRIES]: Holder lookups applied: minecraft:rule_test
[11Oct2025 15:37:18.809] [Render thread/DEBUG] [net.minecraftforge.registries.GameData/REGISTRIES]: Applying holder lookups: minecraft:rule_block_entity_modifier
[11Oct2025 15:37:18.810] [Render thread/DEBUG] [net.minecraftforge.registries.GameData/REGISTRIES]: Holder lookups applied: minecraft:rule_block_entity_modifier
[11Oct2025 15:37:18.810] [Render thread/DEBUG] [net.minecraftforge.registries.GameData/REGISTRIES]: Applying holder lookups: minecraft:pos_rule_test
[11Oct2025 15:37:18.810] [Render thread/DEBUG] [net.minecraftforge.registries.GameData/REGISTRIES]: Holder lookups applied: minecraft:pos_rule_test
[11Oct2025 15:37:18.826] [Render thread/DEBUG] [net.minecraftforge.registries.GameData/REGISTRIES]: Applying holder lookups: minecraft:menu
[11Oct2025 15:37:18.827] [Render thread/DEBUG] [net.minecraftforge.registries.GameData/REGISTRIES]: Holder lookups applied: minecraft:menu
[11Oct2025 15:37:18.827] [Render thread/DEBUG] [placebo/]: Registered 5 recipe types.
[11Oct2025 15:37:18.827] [Render thread/DEBUG] [net.minecraftforge.registries.GameData/REGISTRIES]: Applying holder lookups: minecraft:recipe_type
[11Oct2025 15:37:18.828] [Render thread/DEBUG] [net.minecraftforge.registries.GameData/REGISTRIES]: Holder lookups applied: minecraft:recipe_type
[11Oct2025 15:37:18.862] [Render thread/DEBUG] [net.minecraftforge.registries.GameData/REGISTRIES]: Applying holder lookups: minecraft:recipe_serializer
[11Oct2025 15:37:18.863] [Render thread/DEBUG] [net.minecraftforge.registries.GameData/REGISTRIES]: Holder lookups applied: minecraft:recipe_serializer
[11Oct2025 15:37:18.863] [Render thread/DEBUG] [net.minecraftforge.registries.GameData/REGISTRIES]: Applying holder lookups: minecraft:position_source_type
[11Oct2025 15:37:18.865] [Render thread/DEBUG] [net.minecraftforge.registries.GameData/REGISTRIES]: Holder lookups applied: minecraft:position_source_type
[11Oct2025 15:37:18.869] [Render thread/DEBUG] [net.minecraftforge.registries.GameData/REGISTRIES]: Applying holder lookups: minecraft:command_argument_type
[11Oct2025 15:37:18.870] [Render thread/DEBUG] [net.minecraftforge.registries.GameData/REGISTRIES]: Holder lookups applied: minecraft:command_argument_type
[11Oct2025 15:37:18.871] [Render thread/DEBUG] [net.minecraftforge.registries.GameData/REGISTRIES]: Applying holder lookups: minecraft:villager_type
[11Oct2025 15:37:18.871] [Render thread/DEBUG] [net.minecraftforge.registries.GameData/REGISTRIES]: Holder lookups applied: minecraft:villager_type
[11Oct2025 15:37:18.871] [Render thread/DEBUG] [net.minecraftforge.registries.GameData/REGISTRIES]: Applying holder lookups: minecraft:villager_profession
[11Oct2025 15:37:18.871] [Render thread/DEBUG] [net.minecraftforge.registries.GameData/REGISTRIES]: Holder lookups applied: minecraft:villager_profession
[11Oct2025 15:37:18.872] [Render thread/DEBUG] [net.minecraftforge.registries.GameData/REGISTRIES]: Applying holder lookups: minecraft:point_of_interest_type
[11Oct2025 15:37:18.872] [Render thread/DEBUG] [net.minecraftforge.registries.GameData/REGISTRIES]: Holder lookups applied: minecraft:point_of_interest_type
[11Oct2025 15:37:18.872] [Render thread/DEBUG] [net.minecraftforge.registries.GameData/REGISTRIES]: Applying holder lookups: minecraft:schedule
[11Oct2025 15:37:18.873] [Render thread/DEBUG] [net.minecraftforge.registries.GameData/REGISTRIES]: Holder lookups applied: minecraft:schedule
[11Oct2025 15:37:18.873] [Render thread/DEBUG] [net.minecraftforge.registries.GameData/REGISTRIES]: Applying holder lookups: minecraft:activity
[11Oct2025 15:37:18.873] [Render thread/DEBUG] [net.minecraftforge.registries.GameData/REGISTRIES]: Holder lookups applied: minecraft:activity
[11Oct2025 15:37:18.877] [Render thread/DEBUG] [net.minecraftforge.registries.GameData/REGISTRIES]: Applying holder lookups: minecraft:loot_pool_entry_type
[11Oct2025 15:37:18.878] [Render thread/DEBUG] [net.minecraftforge.registries.GameData/REGISTRIES]: Holder lookups applied: minecraft:loot_pool_entry_type
[11Oct2025 15:37:18.882] [Render thread/DEBUG] [net.minecraftforge.registries.GameData/REGISTRIES]: Applying holder lookups: minecraft:loot_function_type
[11Oct2025 15:37:18.883] [Render thread/DEBUG] [net.minecraftforge.registries.GameData/REGISTRIES]: Holder lookups applied: minecraft:loot_function_type
[11Oct2025 15:37:18.892] [Render thread/DEBUG] [net.minecraftforge.registries.GameData/REGISTRIES]: Applying holder lookups: minecraft:loot_condition_type
[11Oct2025 15:37:18.893] [Render thread/DEBUG] [net.minecraftforge.registries.GameData/REGISTRIES]: Holder lookups applied: minecraft:loot_condition_type
[11Oct2025 15:37:18.894] [Render thread/DEBUG] [net.minecraftforge.registries.GameData/REGISTRIES]: Applying holder lookups: minecraft:loot_number_provider_type
[11Oct2025 15:37:18.895] [Render thread/DEBUG] [net.minecraftforge.registries.GameData/REGISTRIES]: Holder lookups applied: minecraft:loot_number_provider_type
[11Oct2025 15:37:18.895] [Render thread/DEBUG] [net.minecraftforge.registries.GameData/REGISTRIES]: Applying holder lookups: minecraft:loot_nbt_provider_type
[11Oct2025 15:37:18.895] [Render thread/DEBUG] [net.minecraftforge.registries.GameData/REGISTRIES]: Holder lookups applied: minecraft:loot_nbt_provider_type
[11Oct2025 15:37:18.896] [Render thread/DEBUG] [net.minecraftforge.registries.GameData/REGISTRIES]: Applying holder lookups: minecraft:loot_score_provider_type
[11Oct2025 15:37:18.896] [Render thread/DEBUG] [net.minecraftforge.registries.GameData/REGISTRIES]: Holder lookups applied: minecraft:loot_score_provider_type
[11Oct2025 15:37:18.896] [Render thread/DEBUG] [net.minecraftforge.registries.GameData/REGISTRIES]: Applying holder lookups: minecraft:float_provider_type
[11Oct2025 15:37:18.897] [Render thread/DEBUG] [net.minecraftforge.registries.GameData/REGISTRIES]: Holder lookups applied: minecraft:float_provider_type
[11Oct2025 15:37:18.897] [Render thread/DEBUG] [net.minecraftforge.registries.GameData/REGISTRIES]: Applying holder lookups: minecraft:int_provider_type
[11Oct2025 15:37:18.897] [Render thread/DEBUG] [net.minecraftforge.registries.GameData/REGISTRIES]: Holder lookups applied: minecraft:int_provider_type
[11Oct2025 15:37:18.897] [Render thread/DEBUG] [net.minecraftforge.registries.GameData/REGISTRIES]: Applying holder lookups: minecraft:height_provider_type
[11Oct2025 15:37:18.898] [Render thread/DEBUG] [net.minecraftforge.registries.GameData/REGISTRIES]: Holder lookups applied: minecraft:height_provider_type
[11Oct2025 15:37:18.898] [Render thread/DEBUG] [net.minecraftforge.registries.GameData/REGISTRIES]: Applying holder lookups: minecraft:block_predicate_type
[11Oct2025 15:37:18.898] [Render thread/DEBUG] [net.minecraftforge.registries.GameData/REGISTRIES]: Holder lookups applied: minecraft:block_predicate_type
[11Oct2025 15:37:18.898] [Render thread/DEBUG] [net.minecraftforge.registries.GameData/REGISTRIES]: Applying holder lookups: minecraft:worldgen/carver
[11Oct2025 15:37:18.899] [Render thread/DEBUG] [net.minecraftforge.registries.GameData/REGISTRIES]: Holder lookups applied: minecraft:worldgen/carver
[11Oct2025 15:37:18.905] [Render thread/DEBUG] [net.minecraftforge.registries.GameData/REGISTRIES]: Applying holder lookups: minecraft:worldgen/feature
[11Oct2025 15:37:18.906] [Render thread/DEBUG] [net.minecraftforge.registries.GameData/REGISTRIES]: Holder lookups applied: minecraft:worldgen/feature
[11Oct2025 15:37:18.909] [Render thread/DEBUG] [net.minecraftforge.registries.GameData/REGISTRIES]: Applying holder lookups: minecraft:worldgen/structure_processor
[11Oct2025 15:37:18.909] [Render thread/DEBUG] [net.minecraftforge.registries.GameData/REGISTRIES]: Holder lookups applied: minecraft:worldgen/structure_processor
[11Oct2025 15:37:18.910] [Render thread/DEBUG] [net.minecraftforge.registries.GameData/REGISTRIES]: Applying holder lookups: minecraft:worldgen/structure_placement
[11Oct2025 15:37:18.911] [Render thread/DEBUG] [net.minecraftforge.registries.GameData/REGISTRIES]: Holder lookups applied: minecraft:worldgen/structure_placement
[11Oct2025 15:37:18.911] [Render thread/DEBUG] [net.minecraftforge.registries.GameData/REGISTRIES]: Applying holder lookups: minecraft:worldgen/structure_piece
[11Oct2025 15:37:18.911] [Render thread/DEBUG] [net.minecraftforge.registries.GameData/REGISTRIES]: Holder lookups applied: minecraft:worldgen/structure_piece
[11Oct2025 15:37:18.911] [Render thread/DEBUG] [net.minecraftforge.registries.GameData/REGISTRIES]: Applying holder lookups: minecraft:worldgen/structure_type
[11Oct2025 15:37:18.911] [Render thread/DEBUG] [net.minecraftforge.registries.GameData/REGISTRIES]: Holder lookups applied: minecraft:worldgen/structure_type
[11Oct2025 15:37:18.912] [Render thread/DEBUG] [net.minecraftforge.registries.GameData/REGISTRIES]: Applying holder lookups: minecraft:worldgen/placement_modifier_type
[11Oct2025 15:37:18.912] [Render thread/DEBUG] [net.minecraftforge.registries.GameData/REGISTRIES]: Holder lookups applied: minecraft:worldgen/placement_modifier_type
[11Oct2025 15:37:18.912] [Render thread/DEBUG] [net.minecraftforge.registries.GameData/REGISTRIES]: Applying holder lookups: minecraft:worldgen/block_state_provider_type
[11Oct2025 15:37:18.912] [Render thread/DEBUG] [net.minecraftforge.registries.GameData/REGISTRIES]: Holder lookups applied: minecraft:worldgen/block_state_provider_type
[11Oct2025 15:37:18.912] [Render thread/DEBUG] [net.minecraftforge.registries.GameData/REGISTRIES]: Applying holder lookups: minecraft:worldgen/foliage_placer_type
[11Oct2025 15:37:18.912] [Render thread/DEBUG] [net.minecraftforge.registries.GameData/REGISTRIES]: Holder lookups applied: minecraft:worldgen/foliage_placer_type
[11Oct2025 15:37:18.912] [Render thread/DEBUG] [net.minecraftforge.registries.GameData/REGISTRIES]: Applying holder lookups: minecraft:worldgen/trunk_placer_type
[11Oct2025 15:37:18.912] [Render thread/DEBUG] [net.minecraftforge.registries.GameData/REGISTRIES]: Holder lookups applied: minecraft:worldgen/trunk_placer_type
[11Oct2025 15:37:18.914] [Render thread/DEBUG] [net.minecraftforge.registries.GameData/REGISTRIES]: Applying holder lookups: minecraft:worldgen/root_placer_type
[11Oct2025 15:37:18.915] [Render thread/DEBUG] [net.minecraftforge.registries.GameData/REGISTRIES]: Holder lookups applied: minecraft:worldgen/root_placer_type
[11Oct2025 15:37:18.915] [Render thread/DEBUG] [net.minecraftforge.registries.GameData/REGISTRIES]: Applying holder lookups: minecraft:worldgen/tree_decorator_type
[11Oct2025 15:37:18.916] [Render thread/DEBUG] [net.minecraftforge.registries.GameData/REGISTRIES]: Holder lookups applied: minecraft:worldgen/tree_decorator_type
[11Oct2025 15:37:18.916] [Render thread/DEBUG] [net.minecraftforge.registries.GameData/REGISTRIES]: Applying holder lookups: minecraft:worldgen/feature_size_type
[11Oct2025 15:37:18.916] [Render thread/DEBUG] [net.minecraftforge.registries.GameData/REGISTRIES]: Holder lookups applied: minecraft:worldgen/feature_size_type
[11Oct2025 15:37:18.916] [Render thread/DEBUG] [net.minecraftforge.registries.GameData/REGISTRIES]: Applying holder lookups: minecraft:worldgen/biome_source
[11Oct2025 15:37:18.917] [Render thread/DEBUG] [net.minecraftforge.registries.GameData/REGISTRIES]: Holder lookups applied: minecraft:worldgen/biome_source
[11Oct2025 15:37:18.917] [Render thread/DEBUG] [net.minecraftforge.registries.GameData/REGISTRIES]: Applying holder lookups: minecraft:worldgen/chunk_generator
[11Oct2025 15:37:18.917] [Render thread/DEBUG] [net.minecraftforge.registries.GameData/REGISTRIES]: Holder lookups applied: minecraft:worldgen/chunk_generator
[11Oct2025 15:37:18.917] [Render thread/DEBUG] [net.minecraftforge.registries.GameData/REGISTRIES]: Applying holder lookups: minecraft:worldgen/material_condition
[11Oct2025 15:37:18.917] [Render thread/DEBUG] [net.minecraftforge.registries.GameData/REGISTRIES]: Holder lookups applied: minecraft:worldgen/material_condition
[11Oct2025 15:37:18.918] [Render thread/DEBUG] [net.minecraftforge.registries.GameData/REGISTRIES]: Applying holder lookups: minecraft:worldgen/material_rule
[11Oct2025 15:37:18.918] [Render thread/DEBUG] [net.minecraftforge.registries.GameData/REGISTRIES]: Holder lookups applied: minecraft:worldgen/material_rule
[11Oct2025 15:37:18.918] [Render thread/DEBUG] [net.minecraftforge.registries.GameData/REGISTRIES]: Applying holder lookups: minecraft:worldgen/density_function_type
[11Oct2025 15:37:18.918] [Render thread/DEBUG] [net.minecraftforge.registries.GameData/REGISTRIES]: Holder lookups applied: minecraft:worldgen/density_function_type
[11Oct2025 15:37:18.919] [Render thread/DEBUG] [net.minecraftforge.registries.GameData/REGISTRIES]: Applying holder lookups: minecraft:worldgen/structure_pool_element
[11Oct2025 15:37:18.920] [Render thread/DEBUG] [net.minecraftforge.registries.GameData/REGISTRIES]: Holder lookups applied: minecraft:worldgen/structure_pool_element
[11Oct2025 15:37:18.921] [Render thread/DEBUG] [net.minecraftforge.registries.GameData/REGISTRIES]: Applying holder lookups: minecraft:cat_variant
[11Oct2025 15:37:18.921] [Render thread/DEBUG] [net.minecraftforge.registries.GameData/REGISTRIES]: Holder lookups applied: minecraft:cat_variant
[11Oct2025 15:37:18.921] [Render thread/DEBUG] [net.minecraftforge.registries.GameData/REGISTRIES]: Applying holder lookups: minecraft:frog_variant
[11Oct2025 15:37:18.921] [Render thread/DEBUG] [net.minecraftforge.registries.GameData/REGISTRIES]: Holder lookups applied: minecraft:frog_variant
[11Oct2025 15:37:18.922] [Render thread/DEBUG] [net.minecraftforge.registries.GameData/REGISTRIES]: Applying holder lookups: minecraft:banner_pattern
[11Oct2025 15:37:18.922] [Render thread/DEBUG] [net.minecraftforge.registries.GameData/REGISTRIES]: Holder lookups applied: minecraft:banner_pattern
[11Oct2025 15:37:18.922] [Render thread/DEBUG] [net.minecraftforge.registries.GameData/REGISTRIES]: Applying holder lookups: minecraft:instrument
[11Oct2025 15:37:18.922] [Render thread/DEBUG] [net.minecraftforge.registries.GameData/REGISTRIES]: Holder lookups applied: minecraft:instrument
[11Oct2025 15:37:18.923] [Render thread/DEBUG] [net.minecraftforge.registries.GameData/REGISTRIES]: Applying holder lookups: minecraft:decorated_pot_patterns
[11Oct2025 15:37:18.923] [Render thread/DEBUG] [net.minecraftforge.registries.GameData/REGISTRIES]: Holder lookups applied: minecraft:decorated_pot_patterns
[11Oct2025 15:37:18.947] [Render thread/DEBUG] [net.minecraftforge.registries.GameData/REGISTRIES]: Applying holder lookups: minecraft:creative_mode_tab
[11Oct2025 15:37:18.952] [Render thread/DEBUG] [net.minecraftforge.registries.GameData/REGISTRIES]: Holder lookups applied: minecraft:creative_mode_tab
[11Oct2025 15:37:19.020] [Render thread/DEBUG] [net.minecraftforge.registries.GameData/REGISTRIES]: Applying holder lookups: forge:biome_modifier_serializers
[11Oct2025 15:37:19.021] [Render thread/DEBUG] [net.minecraftforge.registries.GameData/REGISTRIES]: Holder lookups applied: forge:biome_modifier_serializers
[11Oct2025 15:37:19.023] [Render thread/DEBUG] [net.minecraftforge.registries.GameData/REGISTRIES]: Applying holder lookups: forge:display_contexts
[11Oct2025 15:37:19.024] [Render thread/DEBUG] [net.minecraftforge.registries.GameData/REGISTRIES]: Holder lookups applied: forge:display_contexts
[11Oct2025 15:37:19.025] [Render thread/DEBUG] [net.minecraftforge.registries.GameData/REGISTRIES]: Applying holder lookups: forge:entity_data_serializers
[11Oct2025 15:37:19.026] [Render thread/DEBUG] [net.minecraftforge.registries.GameData/REGISTRIES]: Holder lookups applied: forge:entity_data_serializers
[11Oct2025 15:37:19.032] [Render thread/DEBUG] [net.minecraftforge.registries.GameData/REGISTRIES]: Applying holder lookups: forge:fluid_type
[11Oct2025 15:37:19.033] [Render thread/DEBUG] [net.minecraftforge.registries.GameData/REGISTRIES]: Holder lookups applied: forge:fluid_type
[11Oct2025 15:37:19.041] [Render thread/DEBUG] [net.minecraftforge.registries.GameData/REGISTRIES]: Applying holder lookups: forge:global_loot_modifier_serializers
[11Oct2025 15:37:19.042] [Render thread/DEBUG] [net.minecraftforge.registries.GameData/REGISTRIES]: Holder lookups applied: forge:global_loot_modifier_serializers
[11Oct2025 15:37:19.048] [Render thread/DEBUG] [net.minecraftforge.registries.GameData/REGISTRIES]: Applying holder lookups: forge:holder_set_type
[11Oct2025 15:37:19.049] [Render thread/DEBUG] [net.minecraftforge.registries.GameData/REGISTRIES]: Holder lookups applied: forge:holder_set_type
[11Oct2025 15:37:19.050] [Render thread/DEBUG] [net.minecraftforge.registries.GameData/REGISTRIES]: Applying holder lookups: forge:structure_modifier_serializers
[11Oct2025 15:37:19.050] [Render thread/DEBUG] [net.minecraftforge.registries.GameData/REGISTRIES]: Holder lookups applied: forge:structure_modifier_serializers
[11Oct2025 15:37:19.051] [Render thread/DEBUG] [net.minecraftforge.registries.GameData/REGISTRIES]: Applying holder lookups: irons_spellbooks:schools
[11Oct2025 15:37:19.051] [Render thread/DEBUG] [net.minecraftforge.registries.GameData/REGISTRIES]: Holder lookups applied: irons_spellbooks:schools
[11Oct2025 15:37:19.052] [Render thread/DEBUG] [net.minecraftforge.registries.GameData/REGISTRIES]: Applying holder lookups: irons_spellbooks:spells
[11Oct2025 15:37:19.052] [Render thread/DEBUG] [net.minecraftforge.registries.GameData/REGISTRIES]: Holder lookups applied: irons_spellbooks:spells
[11Oct2025 15:37:19.052] [Render thread/DEBUG] [net.minecraftforge.registries.GameData/REGISTRIES]: Applying holder lookups: minecraft:worldgen/biome
[11Oct2025 15:37:19.052] [Render thread/DEBUG] [net.minecraftforge.registries.GameData/REGISTRIES]: Holder lookups applied: minecraft:worldgen/biome
[11Oct2025 15:37:19.055] [Render thread/DEBUG] [mixin/]: Mixing ForgeHooksMixin from apotheosis.mixins.json into net.minecraftforge.common.ForgeHooks
[11Oct2025 15:37:19.252] [Render thread/DEBUG] [io.redspace.ironsspellbooks.IronsSpellbooks/]: addPackFinders
[11Oct2025 15:37:19.315] [Render thread/DEBUG] [net.minecraftforge.client.loading.ClientModLoader/CORE]: Generating PackInfo named mod:tslatentitystatus for mod file C:\Users\Hell-\.gradle\caches\forge_gradle\deobf_dependencies\net\tslat\tes\TES-forge-1.20.1\1.5.1_mapped_official_1.20.1\TES-forge-1.20.1-1.5.1_mapped_official_1.20.1.jar
[11Oct2025 15:37:19.315] [Render thread/DEBUG] [net.minecraftforge.client.loading.ClientModLoader/CORE]: Generating PackInfo named mod:moonlight for mod file C:\Users\Hell-\.gradle\caches\forge_gradle\deobf_dependencies\curse\maven\selene-499980\6380635_mapped_official_1.20.1\selene-499980-6380635_mapped_official_1.20.1.jar
[11Oct2025 15:37:19.323] [Render thread/DEBUG] [net.minecraftforge.client.loading.ClientModLoader/CORE]: Generating PackInfo named mod:magitacz for mod file C:\Projects\magitacz-forge\build\resources\main
[11Oct2025 15:37:19.323] [Render thread/DEBUG] [net.minecraftforge.client.loading.ClientModLoader/CORE]: Generating PackInfo named mod:gunsmithlib for mod file C:\Users\Hell-\.gradle\caches\forge_gradle\deobf_dependencies\curse\maven\gunsmith-lib-1264058\7049169_mapped_official_1.20.1\gunsmith-lib-1264058-7049169_mapped_official_1.20.1.jar
[11Oct2025 15:37:19.323] [Render thread/DEBUG] [net.minecraftforge.client.loading.ClientModLoader/CORE]: Generating PackInfo named mod:geckolib for mod file C:\Users\Hell-\.gradle\caches\forge_gradle\deobf_dependencies\software\bernie\geckolib\geckolib-forge-1.20.1\4.4.9_mapped_official_1.20.1\geckolib-forge-1.20.1-4.4.9_mapped_official_1.20.1.jar
[11Oct2025 15:37:19.324] [Render thread/DEBUG] [net.minecraftforge.client.loading.ClientModLoader/CORE]: Generating PackInfo named mod:playeranimator for mod file C:\Users\Hell-\.gradle\caches\forge_gradle\deobf_dependencies\dev\kosmx\player-anim\player-animation-lib-forge\1.0.2-rc1+1.20_mapped_official_1.20.1\player-animation-lib-forge-1.0.2-rc1+1.20_mapped_official_1.20.1.jar
[11Oct2025 15:37:19.324] [Render thread/DEBUG] [net.minecraftforge.client.loading.ClientModLoader/CORE]: Generating PackInfo named mod:tacz for mod file C:\Users\Hell-\.gradle\caches\forge_gradle\deobf_dependencies\curse\maven\timeless-and-classics-zero-1028108\6654541_mapped_official_1.20.1\timeless-and-classics-zero-1028108-6654541_mapped_official_1.20.1.jar
[11Oct2025 15:37:19.324] [Render thread/DEBUG] [net.minecraftforge.client.loading.ClientModLoader/CORE]: Generating PackInfo named mod:caelus for mod file C:\Users\Hell-\.gradle\caches\forge_gradle\deobf_dependencies\top\theillusivec4\caelus\caelus-forge\3.2.0+1.20.1_mapped_official_1.20.1\caelus-forge-3.2.0+1.20.1_mapped_official_1.20.1.jar
[11Oct2025 15:37:19.324] [Render thread/DEBUG] [net.minecraftforge.client.loading.ClientModLoader/CORE]: Generating PackInfo named mod:obscure_api for mod file C:\Users\Hell-\.gradle\caches\forge_gradle\deobf_dependencies\curse\maven\obscure-api-638417\4616364_mapped_official_1.20.1\obscure-api-638417-4616364_mapped_official_1.20.1.jar
[11Oct2025 15:37:19.325] [Render thread/DEBUG] [net.minecraftforge.client.loading.ClientModLoader/CORE]: Generating PackInfo named mod:curios for mod file C:\Users\Hell-\.gradle\caches\forge_gradle\deobf_dependencies\top\theillusivec4\curios\curios-forge\5.14.1+1.20.1_mapped_official_1.20.1\curios-forge-5.14.1+1.20.1_mapped_official_1.20.1.jar
[11Oct2025 15:37:19.325] [Render thread/DEBUG] [net.minecraftforge.client.loading.ClientModLoader/CORE]: Generating PackInfo named mod:apotheotic_additions for mod file C:\Users\Hell-\.gradle\caches\forge_gradle\deobf_dependencies\curse\maven\apotheotic-additions-924640\6393313_mapped_official_1.20.1\apotheotic-additions-924640-6393313_mapped_official_1.20.1.jar
[11Oct2025 15:37:19.325] [Render thread/DEBUG] [net.minecraftforge.client.loading.ClientModLoader/CORE]: Generating PackInfo named mod:placebo for mod file C:\Users\Hell-\.gradle\caches\forge_gradle\deobf_dependencies\dev\shadowsoffire\Placebo\1.20.1-8.6.3_mapped_official_1.20.1\Placebo-1.20.1-8.6.3_mapped_official_1.20.1.jar
[11Oct2025 15:37:19.325] [Render thread/DEBUG] [net.minecraftforge.client.loading.ClientModLoader/CORE]: Generating PackInfo named mod:attributeslib for mod file C:\Users\Hell-\.gradle\caches\forge_gradle\deobf_dependencies\curse\maven\apothic-attributes-898963\5634071_mapped_official_1.20.1\apothic-attributes-898963-5634071_mapped_official_1.20.1.jar
[11Oct2025 15:37:19.326] [Render thread/DEBUG] [net.minecraftforge.client.loading.ClientModLoader/CORE]: Generating PackInfo named mod:irons_spellbooks for mod file C:\Users\Hell-\.gradle\caches\forge_gradle\deobf_dependencies\io\redspace\ironsspellbooks\irons_spellbooks\1.20.1-3.4.0.9_mapped_official_1.20.1\irons_spellbooks-1.20.1-3.4.0.9_mapped_official_1.20.1.jar
[11Oct2025 15:37:19.326] [Render thread/DEBUG] [net.minecraftforge.client.loading.ClientModLoader/CORE]: Generating PackInfo named mod:apotheosis for mod file C:\Users\Hell-\.gradle\caches\forge_gradle\deobf_dependencies\dev\shadowsoffire\Apotheosis\1.20.1-7.4.8_mapped_official_1.20.1\Apotheosis-1.20.1-7.4.8_mapped_official_1.20.1.jar
[11Oct2025 15:37:19.326] [Render thread/DEBUG] [net.minecraftforge.client.loading.ClientModLoader/CORE]: Generating PackInfo named mod:apotheosis_modern_ragnarok for mod file C:\Users\Hell-\.gradle\caches\forge_gradle\deobf_dependencies\curse\maven\apotheosis-modern-ragnarok-966582\6956142_mapped_official_1.20.1\apotheosis-modern-ragnarok-966582-6956142_mapped_official_1.20.1.jar
[11Oct2025 15:37:19.326] [Render thread/DEBUG] [net.minecraftforge.client.loading.ClientModLoader/CORE]: Generating PackInfo named mod:forge for mod file /
[11Oct2025 15:37:19.326] [Render thread/DEBUG] [net.minecraftforge.client.loading.ClientModLoader/CORE]: Generating PackInfo named mod:dummmmmmy for mod file C:\Users\Hell-\.gradle\caches\forge_gradle\deobf_dependencies\curse\maven\mmmmmmmmmmmm-225738\6237015_mapped_official_1.20.1\mmmmmmmmmmmm-225738-6237015_mapped_official_1.20.1.jar
[11Oct2025 15:37:19.327] [Render thread/DEBUG] [net.minecraftforge.client.loading.ClientModLoader/CORE]: Generating PackInfo named mod:aquamirae for mod file C:\Users\Hell-\.gradle\caches\forge_gradle\deobf_dependencies\curse\maven\ob-aquamirae-536254\7039863_mapped_official_1.20.1\ob-aquamirae-536254-7039863_mapped_official_1.20.1.jar
[11Oct2025 15:37:19.338] [Render thread/DEBUG] [net.minecraftforge.fml.config.ConfigTracker/CONFIG]: Config file tacz-pre.toml for minecraft tracking
[11Oct2025 15:37:19.339] [Render thread/DEBUG] [net.minecraftforge.fml.config.ConfigFileTypeHandler/CONFIG]: Built TOML config for C:\Projects\magitacz-forge\run\tacz\tacz-pre.toml
[11Oct2025 15:37:19.347] [Render thread/DEBUG] [net.minecraftforge.fml.config.ConfigFileTypeHandler/CONFIG]: Loaded TOML config file C:\Projects\magitacz-forge\run\tacz\tacz-pre.toml
[11Oct2025 15:37:19.352] [Render thread/DEBUG] [net.minecraftforge.fml.config.ConfigFileTypeHandler/CONFIG]: Watching TOML config file C:\Projects\magitacz-forge\run\tacz\tacz-pre.toml for changes
[11Oct2025 15:37:19.353] [Render thread/INFO] [tacz/GunPackFinder]: Start scanning for gun packs in C:\Projects\magitacz-forge\run\tacz
[11Oct2025 15:37:19.364] [Render thread/INFO] [tacz/GunPackFinder]: - playwrights_gunpack, Main namespace: playwrights_gunpack
[11Oct2025 15:37:19.372] [Render thread/INFO] [tacz/GunPackFinder]: - tacz_default_gun, Main namespace: tacz
[11Oct2025 15:37:19.372] [Render thread/INFO] [tacz/GunPackFinder]: Found 2 possible gunpack(s) and added them to resource set.
[11Oct2025 15:37:19.810] [Render thread/DEBUG] [mixin/]: Mixing ClientLanguagesMixin from moonlight-common.mixins.json into net.minecraft.client.resources.language.ClientLanguage
[11Oct2025 15:37:19.810] [Render thread/DEBUG] [mixin/]: Renaming synthetic method lambda$addEntries$0(Lnet/mehvahdjukaar/moonlight/api/events/AfterLanguageLoadEvent;Lnet/mehvahdjukaar/moonlight/api/set/BlockTypeRegistry;)V to md1e559f$lambda$addEntries$0$0 in moonlight-common.mixins.json:ClientLanguagesMixin
[11Oct2025 15:37:19.811] [Render thread/DEBUG] [mixin/]: Mixing client.LanguageMixin from tacz.mixins.json into net.minecraft.client.resources.language.ClientLanguage
[11Oct2025 15:37:19.826] [Render thread/DEBUG] [mixin/]: Mixing client.TextureManagerMixin from geckolib.mixins.json into net.minecraft.client.renderer.texture.TextureManager
[11Oct2025 15:37:19.835] [Render thread/DEBUG] [mixin/]: Mixing DynamicTextureMixin from moonlight-common.mixins.json into net.minecraft.client.renderer.texture.DynamicTexture
[11Oct2025 15:37:19.867] [Render thread/DEBUG] [mixin/]: Mixing DataFixLevelStorageSourceMixin from mixins.irons_spellbooks.json into net.minecraft.world.level.storage.LevelStorageSource
[11Oct2025 15:37:19.997] [Render thread/DEBUG] [mixin/]: Mixing client.EntityRenderDispatcherMixin from tslatentitystatus.mixins.json into net.minecraft.client.renderer.entity.EntityRenderDispatcher
[11Oct2025 15:37:19.997] [Render thread/DEBUG] [mixin/]: Mixing firstPerson.EntityRenderDispatcherMixin from playerAnimator-common.mixins.json into net.minecraft.client.renderer.entity.EntityRenderDispatcher
[11Oct2025 15:37:19.998] [Render thread/DEBUG] [mixin/]: playerAnimator-common.mixins.json:firstPerson.EntityRenderDispatcherMixin: Class version 61 required is higher than the class version supported by the current version of Mixin (JAVA_16 supports class version 60)
[11Oct2025 15:37:20.067] [Render thread/DEBUG] [mixin/]: Mixing ItemInHandRendererMixin from moonlight-common.mixins.json into net.minecraft.client.renderer.ItemInHandRenderer
[11Oct2025 15:37:20.068] [Render thread/DEBUG] [mixin/]: Mixing firstPerson.ItemInHandRendererMixin from playerAnimator-common.mixins.json into net.minecraft.client.renderer.ItemInHandRenderer
[11Oct2025 15:37:20.068] [Render thread/DEBUG] [mixin/]: playerAnimator-common.mixins.json:firstPerson.ItemInHandRendererMixin: Class version 61 required is higher than the class version supported by the current version of Mixin (JAVA_16 supports class version 60)
[11Oct2025 15:37:20.069] [Render thread/DEBUG] [mixin/]: Mixing client.ItemInHandRendererMixin from tacz.mixins.json into net.minecraft.client.renderer.ItemInHandRenderer
[11Oct2025 15:37:20.137] [Render thread/DEBUG] [mixin/]: Mixing MapRendererMixin from moonlight-common.mixins.json into net.minecraft.client.gui.MapRenderer
[11Oct2025 15:37:20.165] [Render thread/DEBUG] [mixin/]: Mixing ParticleMixin from mixins.irons_spellbooks.json into net.minecraft.client.particle.Particle
[11Oct2025 15:37:20.165] [Render thread/DEBUG] [mixin/]: Renaming synthetic method lambda$mixin$0(Ljava/util/List;Lio/redspace/ironsspellbooks/entity/spells/AbstractShieldEntity;)V to md1e559f$lambda$mixin$0$0 in mixins.irons_spellbooks.json:ParticleMixin
[11Oct2025 15:37:20.167] [Render thread/DEBUG] [mixin/]: Mixing minecraft.client.MixinParticle from apotheosis_modern_ragnarok.mixins.json into net.minecraft.client.particle.Particle
[11Oct2025 15:37:20.167] [Render thread/DEBUG] [mixin/]: apotheosis_modern_ragnarok.mixins.json:minecraft.client.MixinParticle: Class version 61 required is higher than the class version supported by the current version of Mixin (JAVA_8 supports class version 52)
[11Oct2025 15:37:20.278] [Render thread/DEBUG] [mixin/]: Mixing client.BossHealthOverlayMixin from obscure_api.mixins.json into net.minecraft.client.gui.components.BossHealthOverlay
[11Oct2025 15:37:20.321] [Render thread/INFO] [net.minecraftforge.gametest.ForgeGameTestHooks/]: Enabled Gametest Namespaces: [magitacz]
[11Oct2025 15:37:20.328] [Render thread/DEBUG] [mixin/]: Mixing client.MixinGunDisplayInstance from gunsmithlib.mixins.json into com.tacz.guns.client.resource.GunDisplayInstance
[11Oct2025 15:37:20.329] [Render thread/DEBUG] [mixin/]: gunsmithlib.mixins.json:client.MixinGunDisplayInstance: Class version 61 required is higher than the class version supported by the current version of Mixin (JAVA_8 supports class version 52)
[11Oct2025 15:37:20.339] [Render thread/DEBUG] [mixin/]: Mixing client.MixinLuaAnimationConstant from gunsmithlib.mixins.json into com.tacz.guns.api.vmlib.LuaAnimationConstant
[11Oct2025 15:37:20.339] [Render thread/DEBUG] [mixin/]: gunsmithlib.mixins.json:client.MixinLuaAnimationConstant: Class version 61 required is higher than the class version supported by the current version of Mixin (JAVA_8 supports class version 52)
[11Oct2025 15:37:20.358] [Render thread/DEBUG] [mixin/]: Mixing client.MixinGunDisplay from gunsmithlib.mixins.json into com.tacz.guns.client.resource.pojo.display.gun.GunDisplay
[11Oct2025 15:37:20.358] [Render thread/DEBUG] [mixin/]: gunsmithlib.mixins.json:client.MixinGunDisplay: Class version 61 required is higher than the class version supported by the current version of Mixin (JAVA_8 supports class version 52)
[11Oct2025 15:37:20.394] [Render thread/DEBUG] [mixin/]: Mixing PlayerRendererMixin from playerAnimator-common.mixins.json into net.minecraft.client.renderer.entity.player.PlayerRenderer
[11Oct2025 15:37:20.395] [Render thread/DEBUG] [mixin/]: playerAnimator-common.mixins.json:PlayerRendererMixin: Class version 61 required is higher than the class version supported by the current version of Mixin (JAVA_16 supports class version 60)
[11Oct2025 15:37:20.436] [Render thread/DEBUG] [mixin/]: Mixing HeldItemMixin from playerAnimator-common.mixins.json into net.minecraft.client.renderer.entity.layers.ItemInHandLayer
[11Oct2025 15:37:20.436] [Render thread/DEBUG] [mixin/]: playerAnimator-common.mixins.json:HeldItemMixin: Class version 61 required is higher than the class version supported by the current version of Mixin (JAVA_16 supports class version 60)
[11Oct2025 15:37:20.439] [Render thread/DEBUG] [mixin/]: Mixing client.ItemInHandLayerMixin from tacz.mixins.json into net.minecraft.client.renderer.entity.layers.ItemInHandLayer
[11Oct2025 15:37:20.475] [Render thread/DEBUG] [mixin/]: Mixing ArmorFeatureRendererMixin from playerAnimator-common.mixins.json into net.minecraft.client.renderer.entity.layers.HumanoidArmorLayer
[11Oct2025 15:37:20.475] [Render thread/DEBUG] [mixin/]: playerAnimator-common.mixins.json:ArmorFeatureRendererMixin: Class version 61 required is higher than the class version supported by the current version of Mixin (JAVA_16 supports class version 60)
[11Oct2025 15:37:20.634] [Render thread/DEBUG] [mixin/]: Mixing client.MixinClientGunTooltip from gunsmithlib.mixins.json into com.tacz.guns.client.tooltip.ClientGunTooltip
[11Oct2025 15:37:20.635] [Render thread/DEBUG] [mixin/]: gunsmithlib.mixins.json:client.MixinClientGunTooltip: Class version 61 required is higher than the class version supported by the current version of Mixin (JAVA_8 supports class version 52)
[11Oct2025 15:37:20.670] [Render thread/DEBUG] [mixin/]: Mixing client.MixinGunHudOverlay from gunsmithlib.mixins.json into com.tacz.guns.client.gui.overlay.GunHudOverlay
[11Oct2025 15:37:20.670] [Render thread/DEBUG] [mixin/]: gunsmithlib.mixins.json:client.MixinGunHudOverlay: Class version 61 required is higher than the class version supported by the current version of Mixin (JAVA_8 supports class version 52)
[11Oct2025 15:37:20.670] [Render thread/DEBUG] [mixin/]: Renaming synthetic method lambda$energyWeaponShowHeat$0(Lcom/llamalad7/mixinextras/injector/wrapoperation/Operation;Lnet/minecraft/client/gui/GuiGraphics;Lnet/minecraft/client/gui/Font;Ljava/lang/String;FFIZ)I to md1e559f$lambda$energyWeaponShowHeat$0$0 in gunsmithlib.mixins.json:client.MixinGunHudOverlay
[11Oct2025 15:37:20.710] [Render thread/DEBUG] [mixin/]: Mixing client.MixinHeatBarOverlay from gunsmithlib.mixins.json into com.tacz.guns.client.gui.overlay.HeatBarOverlay
[11Oct2025 15:37:20.710] [Render thread/DEBUG] [mixin/]: gunsmithlib.mixins.json:client.MixinHeatBarOverlay: Class version 61 required is higher than the class version supported by the current version of Mixin (JAVA_8 supports class version 52)
[11Oct2025 15:37:20.710] [Render thread/DEBUG] [mixin/]: Renaming synthetic method lambda$disableHeatBarIfConfigured$0(Lcom/tacz/guns/client/resource/GunDisplayInstance;)Lmod/chloeprime/gunsmithlib/client/gunpack_extension/EnhancedGunDisplay; to md1e559f$lambda$disableHeatBarIfConfigured$0$0 in gunsmithlib.mixins.json:client.MixinHeatBarOverlay
[11Oct2025 15:37:20.805] [Render thread/INFO] [net.minecraft.server.packs.resources.ReloadableResourceManager/]: Reloading ResourceManager: vanilla, tacz_resources, mod_resources, Moonlight Mods Dynamic Assets
[11Oct2025 15:37:20.814] [Render thread/INFO] [Moonlight/]: Generated runtime CLIENT_RESOURCES for pack Moonlight Mods Dynamic Assets (moonlight) in: 2 ms (debug resource dump on)
[11Oct2025 15:37:20.824] [modloading-worker-0/DEBUG] [net.minecraftforge.fml.config.ConfigTracker/CONFIG]: Loading configs type CLIENT
[11Oct2025 15:37:20.824] [modloading-worker-0/DEBUG] [net.minecraftforge.fml.config.ConfigFileTypeHandler/CONFIG]: Built TOML config for C:\Projects\magitacz-forge\run\config\Obscuria\obscure-api-client.toml
[11Oct2025 15:37:20.848] [modloading-worker-0/DEBUG] [net.minecraftforge.fml.config.ConfigFileTypeHandler/CONFIG]: Loaded TOML config file C:\Projects\magitacz-forge\run\config\Obscuria\obscure-api-client.toml
[11Oct2025 15:37:20.849] [modloading-worker-0/DEBUG] [net.minecraftforge.fml.config.ConfigFileTypeHandler/CONFIG]: Watching TOML config file C:\Projects\magitacz-forge\run\config\Obscuria\obscure-api-client.toml for changes
[11Oct2025 15:37:20.850] [Thread-17/DEBUG] [net.minecraftforge.fml.config.ConfigFileTypeHandler/CONFIG]: Config file Obscuria/obscure-api-client.toml changed, sending notifies
[11Oct2025 15:37:20.850] [modloading-worker-0/DEBUG] [net.minecraftforge.fml.config.ConfigFileTypeHandler/CONFIG]: Built TOML config for C:\Projects\magitacz-forge\run\config\curios-client.toml
[11Oct2025 15:37:20.853] [Thread-17/DEBUG] [net.minecraftforge.fml.config.ConfigFileTypeHandler/CONFIG]: Config file Obscuria/obscure-api-client.toml changed, sending notifies
[11Oct2025 15:37:20.861] [modloading-worker-0/DEBUG] [net.minecraftforge.fml.config.ConfigFileTypeHandler/CONFIG]: Loaded TOML config file C:\Projects\magitacz-forge\run\config\curios-client.toml
[11Oct2025 15:37:20.874] [modloading-worker-0/DEBUG] [net.minecraftforge.fml.config.ConfigFileTypeHandler/CONFIG]: Watching TOML config file C:\Projects\magitacz-forge\run\config\curios-client.toml for changes
[11Oct2025 15:37:20.875] [modloading-worker-0/DEBUG] [net.minecraftforge.fml.config.ConfigFileTypeHandler/CONFIG]: Built TOML config for C:\Projects\magitacz-forge\run\config\tacz-client.toml
[11Oct2025 15:37:20.889] [modloading-worker-0/DEBUG] [net.minecraftforge.fml.config.ConfigFileTypeHandler/CONFIG]: Loaded TOML config file C:\Projects\magitacz-forge\run\config\tacz-client.toml
[11Oct2025 15:37:20.889] [modloading-worker-0/DEBUG] [net.minecraftforge.fml.config.ConfigFileTypeHandler/CONFIG]: Watching TOML config file C:\Projects\magitacz-forge\run\config\tacz-client.toml for changes
[11Oct2025 15:37:20.891] [modloading-worker-0/DEBUG] [net.minecraftforge.fml.config.ConfigFileTypeHandler/CONFIG]: Built TOML config for C:\Projects\magitacz-forge\run\config\apotheosis_modern_ragnarok-client.toml
[11Oct2025 15:37:20.904] [modloading-worker-0/DEBUG] [net.minecraftforge.fml.config.ConfigFileTypeHandler/CONFIG]: Loaded TOML config file C:\Projects\magitacz-forge\run\config\apotheosis_modern_ragnarok-client.toml
[11Oct2025 15:37:20.904] [modloading-worker-0/DEBUG] [net.minecraftforge.fml.config.ConfigFileTypeHandler/CONFIG]: Watching TOML config file C:\Projects\magitacz-forge\run\config\apotheosis_modern_ragnarok-client.toml for changes
[11Oct2025 15:37:20.906] [modloading-worker-0/DEBUG] [net.minecraftforge.fml.config.ConfigFileTypeHandler/CONFIG]: Built TOML config for C:\Projects\magitacz-forge\run\config\forge-client.toml
[11Oct2025 15:37:20.917] [modloading-worker-0/DEBUG] [net.minecraftforge.fml.config.ConfigFileTypeHandler/CONFIG]: Loaded TOML config file C:\Projects\magitacz-forge\run\config\forge-client.toml
[11Oct2025 15:37:20.918] [modloading-worker-0/DEBUG] [net.minecraftforge.fml.config.ConfigFileTypeHandler/CONFIG]: Watching TOML config file C:\Projects\magitacz-forge\run\config\forge-client.toml for changes
[11Oct2025 15:37:20.918] [modloading-worker-0/DEBUG] [net.minecraftforge.common.ForgeConfig/FORGEMOD]: Loaded forge config file forge-client.toml
[11Oct2025 15:37:20.919] [modloading-worker-0/DEBUG] [net.minecraftforge.fml.config.ConfigFileTypeHandler/CONFIG]: Built TOML config for C:\Projects\magitacz-forge\run\config\dummmmmmy-client.toml
[11Oct2025 15:37:20.931] [modloading-worker-0/DEBUG] [net.minecraftforge.fml.config.ConfigFileTypeHandler/CONFIG]: Loaded TOML config file C:\Projects\magitacz-forge\run\config\dummmmmmy-client.toml
[11Oct2025 15:37:20.932] [modloading-worker-0/DEBUG] [net.minecraftforge.fml.config.ConfigFileTypeHandler/CONFIG]: Watching TOML config file C:\Projects\magitacz-forge\run\config\dummmmmmy-client.toml for changes
[11Oct2025 15:37:20.936] [modloading-worker-0/DEBUG] [net.minecraftforge.fml.config.ConfigFileTypeHandler/CONFIG]: Built TOML config for C:\Projects\magitacz-forge\run\config\moonlight-client.toml
[11Oct2025 15:37:20.938] [modloading-worker-0/DEBUG] [net.minecraftforge.fml.config.ConfigFileTypeHandler/CONFIG]: Loaded TOML config file C:\Projects\magitacz-forge\run\config\moonlight-client.toml
[11Oct2025 15:37:20.938] [modloading-worker-0/DEBUG] [net.minecraftforge.fml.config.ConfigFileTypeHandler/CONFIG]: Watching TOML config file C:\Projects\magitacz-forge\run\config\moonlight-client.toml for changes
[11Oct2025 15:37:20.941] [Thread-17/DEBUG] [net.minecraftforge.fml.config.ConfigFileTypeHandler/CONFIG]: Config file dummmmmmy-client.toml changed, sending notifies
[11Oct2025 15:37:20.941] [modloading-worker-0/DEBUG] [net.minecraftforge.fml.config.ConfigFileTypeHandler/CONFIG]: Built TOML config for C:\Projects\magitacz-forge\run\config\Obscuria\aquamirae-client.toml
[11Oct2025 15:37:20.945] [Thread-17/DEBUG] [net.minecraftforge.fml.config.ConfigFileTypeHandler/CONFIG]: Config file moonlight-client.toml changed, sending notifies
[11Oct2025 15:37:20.958] [modloading-worker-0/DEBUG] [net.minecraftforge.fml.config.ConfigFileTypeHandler/CONFIG]: Loaded TOML config file C:\Projects\magitacz-forge\run\config\Obscuria\aquamirae-client.toml
[11Oct2025 15:37:20.959] [modloading-worker-0/DEBUG] [net.minecraftforge.fml.config.ConfigFileTypeHandler/CONFIG]: Watching TOML config file C:\Projects\magitacz-forge\run\config\Obscuria\aquamirae-client.toml for changes
[11Oct2025 15:37:20.960] [modloading-worker-0/DEBUG] [net.minecraftforge.fml.config.ConfigFileTypeHandler/CONFIG]: Built TOML config for C:\Projects\magitacz-forge\run\config\irons_spellbooks-client.toml
[11Oct2025 15:37:20.976] [modloading-worker-0/DEBUG] [net.minecraftforge.fml.config.ConfigFileTypeHandler/CONFIG]: Loaded TOML config file C:\Projects\magitacz-forge\run\config\irons_spellbooks-client.toml
[11Oct2025 15:37:20.976] [modloading-worker-0/DEBUG] [net.minecraftforge.fml.config.ConfigFileTypeHandler/CONFIG]: Watching TOML config file C:\Projects\magitacz-forge\run\config\irons_spellbooks-client.toml for changes
[11Oct2025 15:37:20.978] [modloading-worker-0/DEBUG] [net.minecraftforge.fml.config.ConfigTracker/CONFIG]: Loading configs type COMMON
[11Oct2025 15:37:20.978] [modloading-worker-0/DEBUG] [net.minecraftforge.fml.config.ConfigFileTypeHandler/CONFIG]: Built TOML config for C:\Projects\magitacz-forge\run\config\gunsmithlib-common.toml
[11Oct2025 15:37:20.981] [Thread-17/DEBUG] [net.minecraftforge.fml.config.ConfigFileTypeHandler/CONFIG]: Config file irons_spellbooks-client.toml changed, sending notifies
[11Oct2025 15:37:20.990] [modloading-worker-0/DEBUG] [net.minecraftforge.fml.config.ConfigFileTypeHandler/CONFIG]: Loaded TOML config file C:\Projects\magitacz-forge\run\config\gunsmithlib-common.toml
[11Oct2025 15:37:20.990] [modloading-worker-0/DEBUG] [net.minecraftforge.fml.config.ConfigFileTypeHandler/CONFIG]: Watching TOML config file C:\Projects\magitacz-forge\run\config\gunsmithlib-common.toml for changes
[11Oct2025 15:37:20.992] [modloading-worker-0/DEBUG] [net.minecraftforge.fml.config.ConfigFileTypeHandler/CONFIG]: Built TOML config for C:\Projects\magitacz-forge\run\config\magitacz-common.toml
[11Oct2025 15:37:21.003] [modloading-worker-0/DEBUG] [net.minecraftforge.fml.config.ConfigFileTypeHandler/CONFIG]: Loaded TOML config file C:\Projects\magitacz-forge\run\config\magitacz-common.toml
[11Oct2025 15:37:21.003] [modloading-worker-0/DEBUG] [net.minecraftforge.fml.config.ConfigFileTypeHandler/CONFIG]: Watching TOML config file C:\Projects\magitacz-forge\run\config\magitacz-common.toml for changes
[11Oct2025 15:37:21.005] [modloading-worker-0/DEBUG] [net.minecraftforge.fml.config.ConfigFileTypeHandler/CONFIG]: Built TOML config for C:\Projects\magitacz-forge\run\config\tacz-common.toml
[11Oct2025 15:37:21.017] [modloading-worker-0/DEBUG] [net.minecraftforge.fml.config.ConfigFileTypeHandler/CONFIG]: Loaded TOML config file C:\Projects\magitacz-forge\run\config\tacz-common.toml
[11Oct2025 15:37:21.017] [modloading-worker-0/DEBUG] [net.minecraftforge.fml.config.ConfigFileTypeHandler/CONFIG]: Watching TOML config file C:\Projects\magitacz-forge\run\config\tacz-common.toml for changes
[11Oct2025 15:37:21.018] [modloading-worker-0/DEBUG] [net.minecraftforge.fml.config.ConfigFileTypeHandler/CONFIG]: Built TOML config for C:\Projects\magitacz-forge\run\config\curios-common.toml
[11Oct2025 15:37:21.031] [modloading-worker-0/DEBUG] [net.minecraftforge.fml.config.ConfigFileTypeHandler/CONFIG]: Loaded TOML config file C:\Projects\magitacz-forge\run\config\curios-common.toml
[11Oct2025 15:37:21.032] [modloading-worker-0/DEBUG] [net.minecraftforge.fml.config.ConfigFileTypeHandler/CONFIG]: Watching TOML config file C:\Projects\magitacz-forge\run\config\curios-common.toml for changes
[11Oct2025 15:37:21.033] [modloading-worker-0/DEBUG] [net.minecraftforge.fml.config.ConfigFileTypeHandler/CONFIG]: Built TOML config for C:\Projects\magitacz-forge\run\config\tslatentitystatus-common.toml
[11Oct2025 15:37:21.051] [modloading-worker-0/DEBUG] [net.minecraftforge.fml.config.ConfigFileTypeHandler/CONFIG]: Loaded TOML config file C:\Projects\magitacz-forge\run\config\tslatentitystatus-common.toml
[11Oct2025 15:37:21.052] [modloading-worker-0/DEBUG] [net.minecraftforge.fml.config.ConfigFileTypeHandler/CONFIG]: Watching TOML config file C:\Projects\magitacz-forge\run\config\tslatentitystatus-common.toml for changes
[11Oct2025 15:37:21.060] [modloading-worker-0/DEBUG] [net.minecraftforge.fml.config.ConfigFileTypeHandler/CONFIG]: Built TOML config for C:\Projects\magitacz-forge\run\config\apotheosis_modern_ragnarok-common.toml
[11Oct2025 15:37:21.065] [Thread-17/DEBUG] [net.minecraftforge.fml.config.ConfigFileTypeHandler/CONFIG]: Config file tslatentitystatus-common.toml changed, sending notifies
[11Oct2025 15:37:21.073] [modloading-worker-0/DEBUG] [net.minecraftforge.fml.config.ConfigFileTypeHandler/CONFIG]: Loaded TOML config file C:\Projects\magitacz-forge\run\config\apotheosis_modern_ragnarok-common.toml
[11Oct2025 15:37:21.073] [modloading-worker-0/DEBUG] [net.minecraftforge.fml.config.ConfigFileTypeHandler/CONFIG]: Watching TOML config file C:\Projects\magitacz-forge\run\config\apotheosis_modern_ragnarok-common.toml for changes
[11Oct2025 15:37:21.075] [modloading-worker-0/DEBUG] [net.minecraftforge.fml.config.ConfigFileTypeHandler/CONFIG]: Built TOML config for C:\Projects\magitacz-forge\run\config\dummmmmmy-common.toml
[11Oct2025 15:37:21.076] [modloading-worker-0/DEBUG] [net.minecraftforge.fml.config.ConfigFileTypeHandler/CONFIG]: Loaded TOML config file C:\Projects\magitacz-forge\run\config\dummmmmmy-common.toml
[11Oct2025 15:37:21.077] [modloading-worker-0/DEBUG] [net.minecraftforge.fml.config.ConfigFileTypeHandler/CONFIG]: Watching TOML config file C:\Projects\magitacz-forge\run\config\dummmmmmy-common.toml for changes
[11Oct2025 15:37:21.078] [modloading-worker-0/DEBUG] [net.minecraftforge.fml.config.ConfigFileTypeHandler/CONFIG]: Built TOML config for C:\Projects\magitacz-forge\run\config\moonlight-common.toml
[11Oct2025 15:37:21.089] [modloading-worker-0/DEBUG] [net.minecraftforge.fml.config.ConfigFileTypeHandler/CONFIG]: Loaded TOML config file C:\Projects\magitacz-forge\run\config\moonlight-common.toml
[11Oct2025 15:37:21.089] [modloading-worker-0/DEBUG] [net.minecraftforge.fml.config.ConfigFileTypeHandler/CONFIG]: Watching TOML config file C:\Projects\magitacz-forge\run\config\moonlight-common.toml for changes
[11Oct2025 15:37:21.091] [modloading-worker-0/DEBUG] [net.minecraftforge.fml.config.ConfigFileTypeHandler/CONFIG]: Built TOML config for C:\Projects\magitacz-forge\run\config\Obscuria\aquamirae-common.toml
[11Oct2025 15:37:21.117] [modloading-worker-0/DEBUG] [net.minecraftforge.fml.config.ConfigFileTypeHandler/CONFIG]: Loaded TOML config file C:\Projects\magitacz-forge\run\config\Obscuria\aquamirae-common.toml
[11Oct2025 15:37:21.147] [modloading-worker-0/DEBUG] [net.minecraftforge.fml.config.ConfigFileTypeHandler/CONFIG]: Watching TOML config file C:\Projects\magitacz-forge\run\config\Obscuria\aquamirae-common.toml for changes
[11Oct2025 15:37:21.152] [Thread-17/DEBUG] [net.minecraftforge.fml.config.ConfigFileTypeHandler/CONFIG]: Config file Obscuria/aquamirae-common.toml changed, sending notifies
[11Oct2025 15:37:21.195] [Worker-Main-3/WARN] [net.minecraft.client.sounds.SoundManager/]: File irons_spellbooks:sounds/dead_king/music/drums.ogg does not exist, cannot add it to event irons_spellbooks:entity.dead_king.music.drum_loop
[11Oct2025 15:37:21.195] [Worker-Main-3/WARN] [net.minecraft.client.sounds.SoundManager/]: File irons_spellbooks:sounds/dead_king/music/finale.ogg does not exist, cannot add it to event irons_spellbooks:entity.dead_king.music.finale
[11Oct2025 15:37:21.349] [Worker-Main-9/INFO] [net.minecraft.client.gui.font.providers.UnihexProvider/]: Found unifont_all_no_pua-15.0.06.hex, loading
[11Oct2025 15:37:21.486] [Worker-Main-14/INFO] [net.playwright.magitacz.MagitaczMod/]: HELLO FROM COMMON SETUP
[11Oct2025 15:37:21.487] [Worker-Main-14/INFO] [net.playwright.magitacz.MagitaczMod/]: DIRT BLOCK >> minecraft:dirt
[11Oct2025 15:37:21.487] [Worker-Main-14/INFO] [net.playwright.magitacz.MagitaczMod/]: INJECTING DE SHITE
[11Oct2025 15:37:21.487] [Worker-Main-14/INFO] [net.playwright.magitacz.MagitaczMod/]: The magic number is... 42
[11Oct2025 15:37:21.490] [Worker-Main-14/INFO] [net.playwright.magitacz.MagitaczMod/]: ITEM >> iron_ingot
[11Oct2025 15:37:21.536] [Worker-Main-14/DEBUG] [mixin/]: Mixing MixinSlotAttribute from curios.mixins.json into top.theillusivec4.curios.api.SlotAttribute
[11Oct2025 15:37:21.547] [Worker-Main-14/DEBUG] [mixin/]: Mixing MixinCuriosApi from curios.mixins.json into top.theillusivec4.curios.api.CuriosApi
[11Oct2025 15:37:22.045] [Worker-Main-3/WARN] [net.minecraft.client.renderer.texture.SpriteContents/]: Unused frames in sprite apotheosis:items/gems/blood_lord: [9]
[11Oct2025 15:37:22.159] [Worker-Main-3/WARN] [net.minecraft.client.renderer.texture.SpriteContents/]: Unused frames in sprite irons_spellbooks:item/upgrade_orb_ender: [1, 5, 6, 7]
[11Oct2025 15:37:22.167] [Worker-Main-3/WARN] [net.minecraft.client.renderer.texture.SpriteContents/]: Unused frames in sprite irons_spellbooks:item/energized_core_energy: [11]
[11Oct2025 15:37:22.444] [Worker-Main-7/DEBUG] [mixin/]: Mixing apoth.MixinGem from apotheosis_modern_ragnarok.mixins.json into dev.shadowsoffire.apotheosis.adventure.socket.gem.Gem
[11Oct2025 15:37:22.445] [Worker-Main-7/DEBUG] [mixin/]: apotheosis_modern_ragnarok.mixins.json:apoth.MixinGem: Class version 61 required is higher than the class version supported by the current version of Mixin (JAVA_8 supports class version 52)
[11Oct2025 15:37:22.450] [Forge Version Check/INFO] [net.minecraftforge.fml.VersionChecker/]: [moonlight] Starting version check at https://raw.githubusercontent.com/MehVahdJukaar/Moonlight/multi-loader/forge/update.json
[11Oct2025 15:37:22.786] [Render thread/DEBUG] [net.minecraftforge.fml.DeferredWorkQueue/LOADING]: Dispatching synchronous work for work queue COMMON_SETUP: 22 jobs
[11Oct2025 15:37:22.817] [Render thread/INFO] [Moonlight/]: Initialized color sets in 20ms
[11Oct2025 15:37:23.142] [Forge Version Check/DEBUG] [net.minecraftforge.fml.VersionChecker/]: [moonlight] Received version check data:
{
  "homepage": "https://www.curseforge.com/minecraft/mc-mods/selene",
  "promos": {
    "1.19.2-latest": "1.19.2-2.3.7",
    "1.19.2-recommended": "1.19.2-2.3.7"
  }
}
[11Oct2025 15:37:23.144] [Render thread/INFO] [tacz/SYNCED_ENTITY_DATA_TAC_COPY]: Registered synced data key tacz:shoot_cool_down for minecraft:living_entity
[11Oct2025 15:37:23.144] [Render thread/INFO] [tacz/SYNCED_ENTITY_DATA_TAC_COPY]: Registered synced data key tacz:melee_cool_down for minecraft:living_entity
[11Oct2025 15:37:23.144] [Render thread/INFO] [tacz/SYNCED_ENTITY_DATA_TAC_COPY]: Registered synced data key tacz:reload_state for minecraft:living_entity
[11Oct2025 15:37:23.145] [Render thread/INFO] [tacz/SYNCED_ENTITY_DATA_TAC_COPY]: Registered synced data key tacz:aiming_progress for minecraft:living_entity
[11Oct2025 15:37:23.145] [Render thread/INFO] [tacz/SYNCED_ENTITY_DATA_TAC_COPY]: Registered synced data key tacz:draw_cool_down for minecraft:living_entity
[11Oct2025 15:37:23.145] [Render thread/INFO] [tacz/SYNCED_ENTITY_DATA_TAC_COPY]: Registered synced data key tacz:is_aiming for minecraft:living_entity
[11Oct2025 15:37:23.145] [Render thread/INFO] [tacz/SYNCED_ENTITY_DATA_TAC_COPY]: Registered synced data key tacz:sprint_time for minecraft:living_entity
[11Oct2025 15:37:23.145] [Render thread/INFO] [tacz/SYNCED_ENTITY_DATA_TAC_COPY]: Registered synced data key tacz:is_bolting for minecraft:living_entity
[11Oct2025 15:37:23.145] [Render thread/INFO] [tacz/SYNCED_ENTITY_DATA_TAC_COPY]: Registered synced data key tacz:throwable_using for minecraft:living_entity
[11Oct2025 15:37:23.145] [Forge Version Check/INFO] [net.minecraftforge.fml.VersionChecker/]: [moonlight] Found status: BETA Current: 1.20-2.13.81 Target: null
[11Oct2025 15:37:23.146] [Forge Version Check/INFO] [net.minecraftforge.fml.VersionChecker/]: [obscure_api] Starting version check at https://raw.githubusercontent.com/ObscuriaLithium/Home/main/obscure_api/versions.json
[11Oct2025 15:37:23.153] [Forge Version Check/DEBUG] [net.minecraftforge.fml.VersionChecker/]: [obscure_api] Received version check data:
404: Not Found
[11Oct2025 15:37:23.154] [Forge Version Check/WARN] [net.minecraftforge.fml.VersionChecker/]: Failed to process update information
com.google.gson.JsonSyntaxException: java.lang.IllegalStateException: Expected BEGIN_OBJECT but was NUMBER at line 1 column 4 path $
	at com.google.gson.Gson.fromJson(Gson.java:1226) ~[gson-2.10.jar%23130!/:?]
	at com.google.gson.Gson.fromJson(Gson.java:1124) ~[gson-2.10.jar%23130!/:?]
	at com.google.gson.Gson.fromJson(Gson.java:1034) ~[gson-2.10.jar%23130!/:?]
	at com.google.gson.Gson.fromJson(Gson.java:969) ~[gson-2.10.jar%23130!/:?]
	at net.minecraftforge.fml.VersionChecker$1.process(VersionChecker.java:186) ~[fmlcore-1.20.1-47.4.0.jar%23195!/:?]
	at java.lang.Iterable.forEach(Iterable.java:75) ~[?:?]
	at net.minecraftforge.fml.VersionChecker$1.run(VersionChecker.java:117) ~[fmlcore-1.20.1-47.4.0.jar%23195!/:?]
Caused by: java.lang.IllegalStateException: Expected BEGIN_OBJECT but was NUMBER at line 1 column 4 path $
	at com.google.gson.stream.JsonReader.beginObject(JsonReader.java:393) ~[gson-2.10.jar%23130!/:?]
	at com.google.gson.internal.bind.MapTypeAdapterFactory$Adapter.read(MapTypeAdapterFactory.java:182) ~[gson-2.10.jar%23130!/:?]
	at com.google.gson.internal.bind.MapTypeAdapterFactory$Adapter.read(MapTypeAdapterFactory.java:144) ~[gson-2.10.jar%23130!/:?]
	at com.google.gson.Gson.fromJson(Gson.java:1214) ~[gson-2.10.jar%23130!/:?]
	... 6 more
[11Oct2025 15:37:23.156] [Forge Version Check/INFO] [net.minecraftforge.fml.VersionChecker/]: [forge] Starting version check at https://files.minecraftforge.net/net/minecraftforge/forge/promotions_slim.json
[11Oct2025 15:37:23.288] [Render thread/DEBUG] [mixin/]: Mixing minecraft.LootPoolAccessor from apotheosis_modern_ragnarok.mixins.json into net.minecraft.world.level.storage.loot.LootPool
[11Oct2025 15:37:23.288] [Render thread/DEBUG] [mixin/]: apotheosis_modern_ragnarok.mixins.json:minecraft.LootPoolAccessor: Class version 61 required is higher than the class version supported by the current version of Mixin (JAVA_8 supports class version 52)
[11Oct2025 15:37:23.316] [Worker-Main-6/WARN] [net.minecraft.client.resources.model.ModelBakery/]: Unable to load model: 'magitacz:elementium#inventory' referenced from: magitacz:elementium#inventory: java.io.FileNotFoundException: magitacz:models/item/elementium.json
[11Oct2025 15:37:23.316] [Worker-Main-6/WARN] [net.minecraft.client.resources.model.ModelBakery/]: Unable to load model: 'magitacz:elementium_helmet#inventory' referenced from: magitacz:elementium_helmet#inventory: java.io.FileNotFoundException: magitacz:models/item/elementium_helmet.json
[11Oct2025 15:37:23.317] [Worker-Main-6/WARN] [net.minecraft.client.resources.model.ModelBakery/]: Unable to load model: 'magitacz:elementium_chestplate#inventory' referenced from: magitacz:elementium_chestplate#inventory: java.io.FileNotFoundException: magitacz:models/item/elementium_chestplate.json
[11Oct2025 15:37:23.317] [Worker-Main-6/WARN] [net.minecraft.client.resources.model.ModelBakery/]: Unable to load model: 'magitacz:elementium_leggings#inventory' referenced from: magitacz:elementium_leggings#inventory: java.io.FileNotFoundException: magitacz:models/item/elementium_leggings.json
[11Oct2025 15:37:23.317] [Worker-Main-6/WARN] [net.minecraft.client.resources.model.ModelBakery/]: Unable to load model: 'magitacz:elementium_boots#inventory' referenced from: magitacz:elementium_boots#inventory: java.io.FileNotFoundException: magitacz:models/item/elementium_boots.json
[11Oct2025 15:37:23.317] [Worker-Main-6/WARN] [net.minecraft.client.resources.model.ModelBakery/]: Unable to load model: 'magitacz:elementium_sword#inventory' referenced from: magitacz:elementium_sword#inventory: java.io.FileNotFoundException: magitacz:models/item/elementium_sword.json
[11Oct2025 15:37:23.317] [Worker-Main-6/WARN] [net.minecraft.client.resources.model.ModelBakery/]: Unable to load model: 'magitacz:raw_elementium#inventory' referenced from: magitacz:raw_elementium#inventory: java.io.FileNotFoundException: magitacz:models/item/raw_elementium.json
[11Oct2025 15:37:23.317] [Worker-Main-6/WARN] [net.minecraft.client.resources.model.ModelBakery/]: Unable to load model: 'magitacz:elementium_block#inventory' referenced from: magitacz:elementium_block#inventory: java.io.FileNotFoundException: magitacz:models/item/elementium_block.json
[11Oct2025 15:37:23.317] [Worker-Main-6/WARN] [net.minecraft.client.resources.model.ModelBakery/]: Unable to load model: 'magitacz:raw_elementium_block#inventory' referenced from: magitacz:raw_elementium_block#inventory: java.io.FileNotFoundException: magitacz:models/item/raw_elementium_block.json
[11Oct2025 15:37:23.333] [Forge Version Check/DEBUG] [net.minecraftforge.fml.VersionChecker/]: [forge] Received version check data:
{
  "homepage": "https://files.minecraftforge.net/net/minecraftforge/forge/",
  "promos": {
    "1.1-latest": "1.3.4.29",
    "1.2.3-latest": "1.4.1.64",
    "1.2.4-latest": "2.0.0.68",
    "1.2.5-latest": "3.4.9.171",
    "1.3.2-latest": "4.3.5.318",
    "1.4.0-latest": "5.0.0.326",
    "1.4.1-latest": "6.0.0.329",
    "1.4.2-latest": "6.0.1.355",
    "1.4.3-latest": "6.2.1.358",
    "1.4.4-latest": "6.3.0.378",
    "1.4.5-latest": "6.4.2.448",
    "1.4.6-latest": "6.5.0.489",
    "1.4.7-latest": "6.6.2.534",
    "1.5-latest": "7.7.0.598",
    "1.5.1-latest": "7.7.2.682",
    "1.5.2-latest": "7.8.1.738",
    "1.5.2-recommended": "7.8.1.738",
    "1.6.1-latest": "8.9.0.775",
    "1.6.2-latest": "9.10.1.871",
    "1.6.2-recommended": "9.10.1.871",
    "1.6.3-latest": "9.11.0.878",
    "1.6.4-latest": "9.11.1.1345",
    "1.6.4-recommended": "9.11.1.1345",
    "1.7.2-latest": "10.12.2.1161",
    "1.7.2-recommended": "10.12.2.1161",
    "1.7.10_pre4-latest": "10.12.2.1149",
    "1.7.10-latest": "10.13.4.1614",
    "1.7.10-recommended": "10.13.4.1614",
    "1.8-latest": "11.14.4.1577",
    "1.8-recommended": "11.14.4.1563",
    "1.8.8-latest": "11.15.0.1655",
    "1.8.9-latest": "11.15.1.2318",
    "1.8.9-recommended": "11.15.1.2318",
    "1.9-latest": "12.16.1.1938",
    "1.9-recommended": "12.16.1.1887",
    "1.9.4-latest": "12.17.0.2317",
    "1.9.4-recommended": "12.17.0.2317",
    "1.10-latest": "12.18.0.2000",
    "1.10.2-latest": "12.18.3.2511",
    "1.10.2-recommended": "12.18.3.2511",
    "1.11-latest": "13.19.1.2199",
    "1.11-recommended": "13.19.1.2189",
    "1.11.2-latest": "13.20.1.2588",
    "1.11.2-recommended": "13.20.1.2588",
    "1.12-latest": "14.21.1.2443",
    "1.12-recommended": "14.21.1.2387",
    "1.12.1-latest": "14.22.1.2485",
    "1.12.1-recommended": "14.22.1.2478",
    "1.12.2-latest": "14.23.5.2860",
    "1.12.2-recommended": "14.23.5.2859",
    "1.13.2-latest": "25.0.223",
    "1.14.2-latest": "26.0.63",
    "1.14.3-latest": "27.0.60",
    "1.14.4-latest": "28.2.26",
    "1.14.4-recommended": "28.2.26",
    "1.15-latest": "29.0.4",
    "1.15.1-latest": "30.0.51",
    "1.15.2-latest": "31.2.60",
    "1.15.2-recommended": "31.2.57",
    "1.16.1-latest": "32.0.108",
    "1.16.2-latest": "33.0.61",
    "1.16.3-latest": "34.1.42",
    "1.16.3-recommended": "34.1.0",
    "1.16.4-latest": "35.1.37",
    "1.16.4-recommended": "35.1.4",
    "1.16.5-latest": "36.2.42",
    "1.16.5-recommended": "36.2.34",
    "1.17.1-latest": "37.1.1",
    "1.17.1-recommended": "37.1.1",
    "1.18-latest": "38.0.17",
    "1.18.1-latest": "39.1.2",
    "1.18.1-recommended": "39.1.0",
    "1.18.2-recommended": "40.3.0",
    "1.18.2-latest": "40.3.11",
    "1.19-latest": "41.1.0",
    "1.19-recommended": "41.1.0",
    "1.19.1-latest": "42.0.9",
    "1.19.2-recommended": "43.5.0",
    "1.19.2-latest": "43.5.1",
    "1.19.3-latest": "44.1.23",
    "1.19.3-recommended": "44.1.0",
    "1.19.4-recommended": "45.4.0",
    "1.19.4-latest": "45.4.2",
    "1.20-latest": "46.0.14",
    "1.20.1-recommended": "47.4.0",
    "1.20.1-latest": "47.4.10",
    "1.20.2-latest": "48.1.0",
    "1.20.2-recommended": "48.1.0",
    "1.20.3-latest": "49.0.2",
    "1.20.4-latest": "49.2.2",
    "1.20.4-recommended": "49.2.0",
    "1.20.6-latest": "50.2.2",
    "1.20.6-recommended": "50.2.0",
    "1.21-latest": "51.0.33",
    "1.21.1-latest": "52.1.5",
    "1.21.1-recommended": "52.1.0",
    "1.21.3-latest": "53.1.4",
    "1.21.3-recommended": "53.1.0",
    "1.21.4-latest": "54.1.8",
    "1.21.4-recommended": "54.1.0",
    "1.21.5-latest": "55.1.2",
    "1.21.5-recommended": "55.1.0",
    "1.21.6-latest": "56.0.9",
    "1.21.7-latest": "57.0.3",
    "1.21.8-latest": "58.1.7",
    "1.21.8-recommended": "58.1.0",
    "1.21.9-latest": "59.0.5",
    "1.21.10-latest": "60.0.4"
  }
}
[11Oct2025 15:37:23.335] [Forge Version Check/INFO] [net.minecraftforge.fml.VersionChecker/]: [forge] Found status: UP_TO_DATE Current: 47.4.0 Target: null
[11Oct2025 15:37:23.335] [Forge Version Check/INFO] [net.minecraftforge.fml.VersionChecker/]: [aquamirae] Starting version check at https://raw.githubusercontent.com/ObscuriaLithium/Minecraft/main/aquamirae/versions.json
[11Oct2025 15:37:23.342] [Forge Version Check/DEBUG] [net.minecraftforge.fml.VersionChecker/]: [aquamirae] Received version check data:
{
  "homepage": "https://www.curseforge.com/minecraft/mc-mods/ob-aquamirae",
  "promos": {
    "1.20.1-latest": "6.1.0",
    "1.20.1-recommended": "6.1.0",
    "1.19.4-latest": "6.API15",
    "1.19.4-recommended": "6.API15",
    "1.19.3-latest": "5.api10",
    "1.19.3-recommended": "5.api10",
    "1.19.2-latest": "6.API15",
    "1.19.2-recommended": "6.API15",
    "1.18.2-latest": "5.api10",
    "1.18.2-recommended": "5.api10",
    "1.16.5-latest": "5.2.api10",
    "1.16.5-recommended": "5.2.api10"
  }
}
[11Oct2025 15:37:23.342] [Forge Version Check/INFO] [net.minecraftforge.fml.VersionChecker/]: [aquamirae] Found status: UP_TO_DATE Current: 6.1.0 Target: null
[11Oct2025 15:37:23.360] [Render thread/DEBUG] [mixin/]: Mixing LootTablesMixin from placebo.mixins.json into net.minecraft.world.level.storage.loot.LootDataManager
[11Oct2025 15:37:23.361] [Render thread/DEBUG] [mixin/]: Renaming synthetic method lambda$apply$0(Lnet/minecraft/world/level/storage/loot/LootDataId;Lnet/minecraft/world/level/storage/loot/LootTable;)V to md1e559f$lambda$apply$0$0 in placebo.mixins.json:LootTablesMixin
[11Oct2025 15:37:23.402] [Worker-Main-6/WARN] [net.minecraft.client.resources.model.ModelBakery/]: Unable to load model: 'irons_spellbooks:item/truthseeker_gui' referenced from: irons_spellbooks:item/truthseeker_gui: java.io.FileNotFoundException: irons_spellbooks:models/item/truthseeker_gui.json
[11Oct2025 15:37:23.402] [Worker-Main-6/WARN] [net.minecraft.client.resources.model.ModelBakery/]: Unable to load model: 'irons_spellbooks:item/magehunter_gui' referenced from: irons_spellbooks:item/magehunter_gui: java.io.FileNotFoundException: irons_spellbooks:models/item/magehunter_gui.json
[11Oct2025 15:37:23.403] [Worker-Main-6/WARN] [net.minecraft.client.resources.model.ModelBakery/]: Unable to load model: 'irons_spellbooks:item/truthseeker_normal' referenced from: irons_spellbooks:item/truthseeker_normal: java.io.FileNotFoundException: irons_spellbooks:models/item/truthseeker_normal.json
[11Oct2025 15:37:23.403] [Worker-Main-6/WARN] [net.minecraft.client.resources.model.ModelBakery/]: Unable to load model: 'irons_spellbooks:item/magehunter_normal' referenced from: irons_spellbooks:item/magehunter_normal: java.io.FileNotFoundException: irons_spellbooks:models/item/magehunter_normal.json
[11Oct2025 15:37:23.403] [Worker-Main-6/WARN] [net.minecraft.client.resources.model.ModelBakery/]: Unable to load model: 'irons_spellbooks:item/keeper_flamberge_gui' referenced from: irons_spellbooks:item/keeper_flamberge_gui: java.io.FileNotFoundException: irons_spellbooks:models/item/keeper_flamberge_gui.json
[11Oct2025 15:37:23.403] [Worker-Main-6/WARN] [net.minecraft.client.resources.model.ModelBakery/]: Unable to load model: 'irons_spellbooks:item/keeper_flamberge_normal' referenced from: irons_spellbooks:item/keeper_flamberge_normal: java.io.FileNotFoundException: irons_spellbooks:models/item/keeper_flamberge_normal.json
[11Oct2025 15:37:23.568] [Render thread/DEBUG] [net.minecraftforge.fml.DeferredWorkQueue/LOADING]: Synchronous work queue completed in 779.8 ms
[11Oct2025 15:37:23.571] [Worker-Main-8/INFO] [net.playwright.magitacz.MagitaczMod/]: HELLO FROM CLIENT SETUP
[11Oct2025 15:37:23.572] [Worker-Main-8/INFO] [net.playwright.magitacz.MagitaczMod/]: MINECRAFT NAME >> Dev
[11Oct2025 15:37:23.575] [Placebo Patreon Trail Loader/INFO] [placebo/]: Loading patreon trails data...
[11Oct2025 15:37:23.581] [Placebo Patreon Wing Loader/INFO] [placebo/]: Loading patreon wing data...
[11Oct2025 15:37:23.618] [Placebo Patreon Trail Loader/INFO] [placebo/]: Loaded 49 patreon trails.
[11Oct2025 15:37:23.619] [Placebo Patreon Wing Loader/INFO] [placebo/]: Loaded 43 patreon wings.
[11Oct2025 15:37:23.695] [Worker-Main-2/DEBUG] [mixin/]: Mixing client.EnchantmentScreenMixin from apotheosis.mixins.json into net.minecraft.client.gui.screens.inventory.EnchantmentScreen
[11Oct2025 15:37:23.854] [Render thread/DEBUG] [net.minecraftforge.fml.DeferredWorkQueue/LOADING]: Dispatching synchronous work for work queue SIDED_SETUP: 14 jobs
[11Oct2025 15:37:24.018] [Render thread/DEBUG] [net.minecraftforge.fml.DeferredWorkQueue/LOADING]: Synchronous work queue completed in 162.9 ms
[11Oct2025 15:37:24.488] [Worker-Main-6/DEBUG] [io.redspace.ironsspellbooks.IronsSpellbooks/]: replaceItemModels irons_spellbooks:scroll#inventory: class net.minecraft.client.resources.model.SimpleBakedModel
[11Oct2025 15:37:25.982] [Render thread/DEBUG] [mixin/]: Mixing minecraft.client.AbstractSoundInstanceAccessor from apotheosis_modern_ragnarok.mixins.json into net.minecraft.client.resources.sounds.AbstractSoundInstance
[11Oct2025 15:37:25.982] [Render thread/DEBUG] [mixin/]: apotheosis_modern_ragnarok.mixins.json:minecraft.client.AbstractSoundInstanceAccessor: Class version 61 required is higher than the class version supported by the current version of Mixin (JAVA_8 supports class version 52)
[11Oct2025 15:37:25.992] [Render thread/DEBUG] [mixin/]: Mixing minecraft.client.EntityBoundSoundInstanceAccessor from apotheosis_modern_ragnarok.mixins.json into net.minecraft.client.resources.sounds.EntityBoundSoundInstance
[11Oct2025 15:37:25.993] [Render thread/DEBUG] [mixin/]: apotheosis_modern_ragnarok.mixins.json:minecraft.client.EntityBoundSoundInstanceAccessor: Class version 61 required is higher than the class version supported by the current version of Mixin (JAVA_8 supports class version 52)
[11Oct2025 15:37:34.428] [Render thread/DEBUG] [net.minecraftforge.fml.DeferredWorkQueue/LOADING]: Dispatching synchronous work for work queue ENQUEUE_IMC: 4 jobs
[11Oct2025 15:37:34.430] [Render thread/DEBUG] [net.minecraftforge.fml.DeferredWorkQueue/LOADING]: Synchronous work queue completed in 2.037 ms
[11Oct2025 15:37:34.432] [Worker-Main-9/INFO] [io.redspace.ironsspellbooks.IronsSpellbooks/]: Got IMC []
[11Oct2025 15:37:34.501] [modloading-worker-0/DEBUG] [net.minecraftforge.registries.GameData/REGISTRIES]: Freezing registries
[11Oct2025 15:37:34.502] [modloading-worker-0/DEBUG] [net.minecraftforge.registries.ForgeRegistry/REGISTRIES]: Registry minecraft:block Sync: FROZEN -> ACTIVE
[11Oct2025 15:37:34.505] [modloading-worker-0/DEBUG] [net.minecraftforge.registries.ForgeRegistry/REGISTRIES]: Registry minecraft:block Override: minecraft:spawner Block{minecraft:spawner} -> Block{minecraft:spawner}
[11Oct2025 15:37:34.505] [modloading-worker-0/DEBUG] [net.minecraftforge.registries.ForgeRegistry/REGISTRIES]: Registry minecraft:block Override: minecraft:cactus Block{minecraft:cactus} -> Block{minecraft:cactus}
[11Oct2025 15:37:34.506] [modloading-worker-0/DEBUG] [net.minecraftforge.registries.ForgeRegistry/REGISTRIES]: Registry minecraft:block Override: minecraft:sugar_cane Block{minecraft:sugar_cane} -> Block{minecraft:sugar_cane}
[11Oct2025 15:37:34.506] [modloading-worker-0/DEBUG] [net.minecraftforge.registries.ForgeRegistry/REGISTRIES]: Registry minecraft:block Override: minecraft:enchanting_table Block{minecraft:enchanting_table} -> Block{minecraft:enchanting_table}
[11Oct2025 15:37:34.506] [modloading-worker-0/DEBUG] [net.minecraftforge.registries.ForgeRegistry/REGISTRIES]: Registry minecraft:block Override: minecraft:anvil Block{minecraft:anvil} -> Block{minecraft:anvil}
[11Oct2025 15:37:34.508] [modloading-worker-0/DEBUG] [net.minecraftforge.registries.ForgeRegistry/REGISTRIES]: Registry minecraft:block Override: minecraft:chipped_anvil Block{minecraft:chipped_anvil} -> Block{minecraft:chipped_anvil}
[11Oct2025 15:37:34.508] [modloading-worker-0/DEBUG] [net.minecraftforge.registries.ForgeRegistry/REGISTRIES]: Registry minecraft:block Override: minecraft:damaged_anvil Block{minecraft:damaged_anvil} -> Block{minecraft:damaged_anvil}
[11Oct2025 15:37:34.511] [modloading-worker-0/DEBUG] [net.minecraftforge.registries.ForgeRegistry/REGISTRIES]: Registry minecraft:block Override: minecraft:bamboo Block{minecraft:bamboo} -> Block{minecraft:bamboo}
[11Oct2025 15:37:34.511] [modloading-worker-0/DEBUG] [net.minecraftforge.registries.ForgeRegistry/REGISTRIES]: Registry minecraft:block Override: minecraft:fletching_table Block{minecraft:fletching_table} -> Block{minecraft:fletching_table}
[11Oct2025 15:37:34.514] [modloading-worker-0/DEBUG] [net.minecraftforge.registries.ForgeRegistry/REGISTRIES]: Registry minecraft:fluid Sync: FROZEN -> ACTIVE
[11Oct2025 15:37:34.514] [modloading-worker-0/DEBUG] [net.minecraftforge.registries.ForgeRegistry/REGISTRIES]: Registry minecraft:item Sync: FROZEN -> ACTIVE
[11Oct2025 15:37:34.515] [modloading-worker-0/DEBUG] [net.minecraftforge.registries.ForgeRegistry/REGISTRIES]: Registry minecraft:item Override: minecraft:sugar_cane sugar_cane -> sugar_cane
[11Oct2025 15:37:34.516] [modloading-worker-0/DEBUG] [net.minecraftforge.registries.ForgeRegistry/REGISTRIES]: Registry minecraft:item Override: minecraft:bamboo bamboo -> bamboo
[11Oct2025 15:37:34.516] [modloading-worker-0/DEBUG] [net.minecraftforge.registries.ForgeRegistry/REGISTRIES]: Registry minecraft:item Override: minecraft:spawner spawner -> spawner
[11Oct2025 15:37:34.516] [modloading-worker-0/DEBUG] [net.minecraftforge.registries.ForgeRegistry/REGISTRIES]: Registry minecraft:item Override: minecraft:cactus cactus -> cactus
[11Oct2025 15:37:34.517] [modloading-worker-0/DEBUG] [net.minecraftforge.registries.ForgeRegistry/REGISTRIES]: Registry minecraft:item Override: minecraft:enchanting_table enchanting_table -> enchanting_table
[11Oct2025 15:37:34.517] [modloading-worker-0/DEBUG] [net.minecraftforge.registries.ForgeRegistry/REGISTRIES]: Registry minecraft:item Override: minecraft:anvil anvil -> anvil
[11Oct2025 15:37:34.517] [modloading-worker-0/DEBUG] [net.minecraftforge.registries.ForgeRegistry/REGISTRIES]: Registry minecraft:item Override: minecraft:chipped_anvil chipped_anvil -> chipped_anvil
[11Oct2025 15:37:34.517] [modloading-worker-0/DEBUG] [net.minecraftforge.registries.ForgeRegistry/REGISTRIES]: Registry minecraft:item Override: minecraft:damaged_anvil damaged_anvil -> damaged_anvil
[11Oct2025 15:37:34.522] [modloading-worker-0/DEBUG] [net.minecraftforge.registries.ForgeRegistry/REGISTRIES]: Registry minecraft:item Override: minecraft:fletching_table fletching_table -> fletching_table
[11Oct2025 15:37:34.524] [modloading-worker-0/DEBUG] [net.minecraftforge.registries.ForgeRegistry/REGISTRIES]: Registry minecraft:mob_effect Sync: FROZEN -> ACTIVE
[11Oct2025 15:37:34.525] [modloading-worker-0/DEBUG] [net.minecraftforge.registries.ForgeRegistry/REGISTRIES]: Registry minecraft:sound_event Sync: FROZEN -> ACTIVE
[11Oct2025 15:37:34.532] [modloading-worker-0/DEBUG] [net.minecraftforge.registries.ForgeRegistry/REGISTRIES]: Registry minecraft:potion Sync: FROZEN -> ACTIVE
[11Oct2025 15:37:34.533] [modloading-worker-0/DEBUG] [net.minecraftforge.registries.ForgeRegistry/REGISTRIES]: Registry minecraft:enchantment Sync: FROZEN -> ACTIVE
[11Oct2025 15:37:34.533] [modloading-worker-0/DEBUG] [net.minecraftforge.registries.ForgeRegistry/REGISTRIES]: Registry minecraft:enchantment Override: minecraft:protection net.minecraft.world.item.enchantment.ProtectionEnchantment@6da8c432 -> dev.shadowsoffire.apotheosis.ench.replacements.DefenseEnchant@4e3d36c2
[11Oct2025 15:37:34.533] [modloading-worker-0/DEBUG] [net.minecraftforge.registries.ForgeRegistry/REGISTRIES]: Registry minecraft:enchantment Override: minecraft:fire_protection net.minecraft.world.item.enchantment.ProtectionEnchantment@2bb69a17 -> dev.shadowsoffire.apotheosis.ench.replacements.DefenseEnchant@4add4dff
[11Oct2025 15:37:34.533] [modloading-worker-0/DEBUG] [net.minecraftforge.registries.ForgeRegistry/REGISTRIES]: Registry minecraft:enchantment Override: minecraft:feather_falling net.minecraft.world.item.enchantment.ProtectionEnchantment@79cd8532 -> dev.shadowsoffire.apotheosis.ench.replacements.DefenseEnchant@263e512e
[11Oct2025 15:37:34.533] [modloading-worker-0/DEBUG] [net.minecraftforge.registries.ForgeRegistry/REGISTRIES]: Registry minecraft:enchantment Override: minecraft:blast_protection net.minecraft.world.item.enchantment.ProtectionEnchantment@4fe507f2 -> dev.shadowsoffire.apotheosis.ench.replacements.DefenseEnchant@25dc2c0
[11Oct2025 15:37:34.533] [modloading-worker-0/DEBUG] [net.minecraftforge.registries.ForgeRegistry/REGISTRIES]: Registry minecraft:enchantment Override: minecraft:projectile_protection net.minecraft.world.item.enchantment.ProtectionEnchantment@72c3964c -> dev.shadowsoffire.apotheosis.ench.replacements.DefenseEnchant@192ecf8
[11Oct2025 15:37:34.533] [modloading-worker-0/DEBUG] [net.minecraftforge.registries.ForgeRegistry/REGISTRIES]: Registry minecraft:enchantment Override: minecraft:sharpness net.minecraft.world.item.enchantment.DamageEnchantment@2df86dfc -> dev.shadowsoffire.apotheosis.ench.replacements.BaneEnchant@1b53e6fc
[11Oct2025 15:37:34.533] [modloading-worker-0/DEBUG] [net.minecraftforge.registries.ForgeRegistry/REGISTRIES]: Registry minecraft:enchantment Override: minecraft:smite net.minecraft.world.item.enchantment.DamageEnchantment@75964bfa -> dev.shadowsoffire.apotheosis.ench.replacements.BaneEnchant@3293030b
[11Oct2025 15:37:34.533] [modloading-worker-0/DEBUG] [net.minecraftforge.registries.ForgeRegistry/REGISTRIES]: Registry minecraft:enchantment Override: minecraft:bane_of_arthropods net.minecraft.world.item.enchantment.DamageEnchantment@21f02214 -> dev.shadowsoffire.apotheosis.ench.replacements.BaneEnchant@2ba9ed19
[11Oct2025 15:37:34.534] [modloading-worker-0/DEBUG] [net.minecraftforge.registries.ForgeRegistry/REGISTRIES]: Registry minecraft:entity_type Sync: FROZEN -> ACTIVE
[11Oct2025 15:37:34.535] [modloading-worker-0/DEBUG] [net.minecraftforge.registries.ForgeRegistry/REGISTRIES]: Registry minecraft:block_entity_type Sync: FROZEN -> ACTIVE
[11Oct2025 15:37:34.535] [modloading-worker-0/DEBUG] [net.minecraftforge.registries.ForgeRegistry/REGISTRIES]: Registry minecraft:particle_type Sync: FROZEN -> ACTIVE
[11Oct2025 15:37:34.536] [modloading-worker-0/DEBUG] [net.minecraftforge.registries.ForgeRegistry/REGISTRIES]: Registry minecraft:menu Sync: FROZEN -> ACTIVE
[11Oct2025 15:37:34.537] [modloading-worker-0/DEBUG] [net.minecraftforge.registries.ForgeRegistry/REGISTRIES]: Registry minecraft:painting_variant Sync: FROZEN -> ACTIVE
[11Oct2025 15:37:34.537] [modloading-worker-0/DEBUG] [net.minecraftforge.registries.ForgeRegistry/REGISTRIES]: Registry minecraft:recipe_type Sync: FROZEN -> ACTIVE
[11Oct2025 15:37:34.537] [modloading-worker-0/DEBUG] [net.minecraftforge.registries.ForgeRegistry/REGISTRIES]: Registry minecraft:recipe_serializer Sync: FROZEN -> ACTIVE
[11Oct2025 15:37:34.537] [modloading-worker-0/DEBUG] [net.minecraftforge.registries.ForgeRegistry/REGISTRIES]: Registry minecraft:attribute Sync: FROZEN -> ACTIVE
[11Oct2025 15:37:34.538] [modloading-worker-0/DEBUG] [net.minecraftforge.registries.ForgeRegistry/REGISTRIES]: Registry minecraft:stat_type Sync: FROZEN -> ACTIVE
[11Oct2025 15:37:34.538] [modloading-worker-0/DEBUG] [net.minecraftforge.registries.ForgeRegistry/REGISTRIES]: Registry minecraft:command_argument_type Sync: FROZEN -> ACTIVE
[11Oct2025 15:37:34.538] [modloading-worker-0/DEBUG] [net.minecraftforge.registries.ForgeRegistry/REGISTRIES]: Registry minecraft:villager_profession Sync: FROZEN -> ACTIVE
[11Oct2025 15:37:34.538] [modloading-worker-0/DEBUG] [net.minecraftforge.registries.ForgeRegistry/REGISTRIES]: Registry minecraft:point_of_interest_type Sync: FROZEN -> ACTIVE
[11Oct2025 15:37:34.540] [modloading-worker-0/DEBUG] [net.minecraftforge.registries.ForgeRegistry/REGISTRIES]: Registry minecraft:memory_module_type Sync: FROZEN -> ACTIVE
[11Oct2025 15:37:34.540] [modloading-worker-0/DEBUG] [net.minecraftforge.registries.ForgeRegistry/REGISTRIES]: Registry minecraft:sensor_type Sync: FROZEN -> ACTIVE
[11Oct2025 15:37:34.540] [modloading-worker-0/DEBUG] [net.minecraftforge.registries.ForgeRegistry/REGISTRIES]: Registry minecraft:schedule Sync: FROZEN -> ACTIVE
[11Oct2025 15:37:34.540] [modloading-worker-0/DEBUG] [net.minecraftforge.registries.ForgeRegistry/REGISTRIES]: Registry minecraft:activity Sync: FROZEN -> ACTIVE
[11Oct2025 15:37:34.541] [modloading-worker-0/DEBUG] [net.minecraftforge.registries.ForgeRegistry/REGISTRIES]: Registry minecraft:worldgen/carver Sync: FROZEN -> ACTIVE
[11Oct2025 15:37:34.541] [modloading-worker-0/DEBUG] [net.minecraftforge.registries.ForgeRegistry/REGISTRIES]: Registry minecraft:worldgen/feature Sync: FROZEN -> ACTIVE
[11Oct2025 15:37:34.541] [modloading-worker-0/DEBUG] [net.minecraftforge.registries.ForgeRegistry/REGISTRIES]: Registry minecraft:chunk_status Sync: FROZEN -> ACTIVE
[11Oct2025 15:37:34.541] [modloading-worker-0/DEBUG] [net.minecraftforge.registries.ForgeRegistry/REGISTRIES]: Registry minecraft:worldgen/block_state_provider_type Sync: FROZEN -> ACTIVE
[11Oct2025 15:37:34.541] [modloading-worker-0/DEBUG] [net.minecraftforge.registries.ForgeRegistry/REGISTRIES]: Registry minecraft:worldgen/foliage_placer_type Sync: FROZEN -> ACTIVE
[11Oct2025 15:37:34.541] [modloading-worker-0/DEBUG] [net.minecraftforge.registries.ForgeRegistry/REGISTRIES]: Registry minecraft:worldgen/tree_decorator_type Sync: FROZEN -> ACTIVE
[11Oct2025 15:37:34.542] [modloading-worker-0/DEBUG] [net.minecraftforge.registries.ForgeRegistry/REGISTRIES]: Registry minecraft:worldgen/biome Sync: FROZEN -> ACTIVE
[11Oct2025 15:37:34.542] [modloading-worker-0/DEBUG] [net.minecraftforge.registries.ForgeRegistry/REGISTRIES]: Registry irons_spellbooks:schools Sync: FROZEN -> ACTIVE
[11Oct2025 15:37:34.542] [modloading-worker-0/DEBUG] [net.minecraftforge.registries.ForgeRegistry/REGISTRIES]: Registry irons_spellbooks:spells Sync: FROZEN -> ACTIVE
[11Oct2025 15:37:34.542] [modloading-worker-0/DEBUG] [net.minecraftforge.registries.ForgeRegistry/REGISTRIES]: Registry forge:entity_data_serializers Sync: FROZEN -> ACTIVE
[11Oct2025 15:37:34.542] [modloading-worker-0/DEBUG] [net.minecraftforge.registries.ForgeRegistry/REGISTRIES]: Registry forge:global_loot_modifier_serializers Sync: FROZEN -> ACTIVE
[11Oct2025 15:37:34.542] [modloading-worker-0/DEBUG] [net.minecraftforge.registries.ForgeRegistry/REGISTRIES]: Registry forge:biome_modifier_serializers Sync: FROZEN -> ACTIVE
[11Oct2025 15:37:34.542] [modloading-worker-0/DEBUG] [net.minecraftforge.registries.ForgeRegistry/REGISTRIES]: Registry forge:fluid_type Sync: FROZEN -> ACTIVE
[11Oct2025 15:37:34.542] [modloading-worker-0/DEBUG] [net.minecraftforge.registries.ForgeRegistry/REGISTRIES]: Registry forge:structure_modifier_serializers Sync: FROZEN -> ACTIVE
[11Oct2025 15:37:34.542] [modloading-worker-0/DEBUG] [net.minecraftforge.registries.ForgeRegistry/REGISTRIES]: Registry forge:holder_set_type Sync: FROZEN -> ACTIVE
[11Oct2025 15:37:34.542] [modloading-worker-0/DEBUG] [net.minecraftforge.registries.ForgeRegistry/REGISTRIES]: Registry forge:display_contexts Sync: FROZEN -> ACTIVE
[11Oct2025 15:37:35.714] [modloading-worker-0/DEBUG] [net.minecraftforge.registries.GameData/REGISTRIES]: All registries frozen
[11Oct2025 15:37:35.812] [Render thread/DEBUG] [net.minecraftforge.common.ForgeI18n/CORE]: Loading I18N data entries: 10825
[11Oct2025 15:37:35.851] [Render thread/WARN] [net.minecraft.client.sounds.SoundEngine/]: Missing sound for event: minecraft:item.goat_horn.play
[11Oct2025 15:37:35.851] [Render thread/WARN] [net.minecraft.client.sounds.SoundEngine/]: Missing sound for event: minecraft:entity.goat.screaming.horn_break
[11Oct2025 15:37:35.939] [Render thread/INFO] [com.mojang.blaze3d.audio.Library/]: OpenAL initialized on device OpenAL Soft on Speakers (HyperX QuadCast)
[11Oct2025 15:37:35.940] [Render thread/INFO] [net.minecraft.client.sounds.SoundEngine/SOUNDS]: Sound engine started
[11Oct2025 15:37:36.191] [Render thread/INFO] [net.minecraft.client.renderer.texture.TextureAtlas/]: Created: 2048x1024x4 minecraft:textures/atlas/blocks.png-atlas
[11Oct2025 15:37:36.314] [Render thread/INFO] [net.minecraft.client.renderer.texture.TextureAtlas/]: Created: 256x256x4 minecraft:textures/atlas/signs.png-atlas
[11Oct2025 15:37:36.315] [Render thread/INFO] [net.minecraft.client.renderer.texture.TextureAtlas/]: Created: 512x512x4 minecraft:textures/atlas/banner_patterns.png-atlas
[11Oct2025 15:37:36.316] [Render thread/INFO] [net.minecraft.client.renderer.texture.TextureAtlas/]: Created: 512x512x4 minecraft:textures/atlas/shield_patterns.png-atlas
[11Oct2025 15:37:36.316] [Render thread/INFO] [net.minecraft.client.renderer.texture.TextureAtlas/]: Created: 1024x1024x4 minecraft:textures/atlas/armor_trims.png-atlas
[11Oct2025 15:37:36.320] [Render thread/INFO] [net.minecraft.client.renderer.texture.TextureAtlas/]: Created: 256x256x4 minecraft:textures/atlas/chest.png-atlas
[11Oct2025 15:37:36.325] [Render thread/INFO] [net.minecraft.client.renderer.texture.TextureAtlas/]: Created: 128x64x4 minecraft:textures/atlas/decorated_pot.png-atlas
[11Oct2025 15:37:36.325] [Render thread/INFO] [net.minecraft.client.renderer.texture.TextureAtlas/]: Created: 512x256x4 minecraft:textures/atlas/shulker_boxes.png-atlas
[11Oct2025 15:37:36.326] [Render thread/INFO] [net.minecraft.client.renderer.texture.TextureAtlas/]: Created: 512x256x4 minecraft:textures/atlas/beds.png-atlas
[11Oct2025 15:37:36.332] [Render thread/DEBUG] [mixin/]: Mixing client.PlayerModelMixin from tacz.mixins.json into net.minecraft.client.model.PlayerModel
[11Oct2025 15:37:36.334] [Render thread/DEBUG] [mixin/]: Mixing PlayerModelMixin from playerAnimator-common.mixins.json into net.minecraft.client.model.PlayerModel
[11Oct2025 15:37:36.334] [Render thread/DEBUG] [mixin/]: playerAnimator-common.mixins.json:PlayerModelMixin: Class version 61 required is higher than the class version supported by the current version of Mixin (JAVA_16 supports class version 60)
[11Oct2025 15:37:36.382] [Render thread/DEBUG] [mixin/]: Mixing SpinAttackEffectLayerMixin from mixins.irons_spellbooks.json into net.minecraft.client.renderer.entity.layers.SpinAttackEffectLayer
[11Oct2025 15:37:36.423] [Render thread/DEBUG] [mixin/]: Mixing ModelPartMixin from playerAnimator-common.mixins.json into net.minecraft.client.model.geom.ModelPart
[11Oct2025 15:37:36.423] [Render thread/DEBUG] [mixin/]: playerAnimator-common.mixins.json:ModelPartMixin: Class version 61 required is higher than the class version supported by the current version of Mixin (JAVA_16 supports class version 60)
[11Oct2025 15:37:36.498] [Render thread/DEBUG] [mixin/]: Mixing PlayerItemInHandLayerMixin from moonlight-common.mixins.json into net.minecraft.client.renderer.entity.layers.PlayerItemInHandLayer
[11Oct2025 15:37:36.507] [Render thread/DEBUG] [mixin/]: Mixing MixinCapeLayer from caelus.mixins.json into net.minecraft.client.renderer.entity.layers.CapeLayer
[11Oct2025 15:37:36.559] [Render thread/WARN] [net.minecraft.client.renderer.ShaderInstance/]: Shader rendertype_entity_translucent_emissive could not find sampler named Sampler2 in the specified shader program.
[11Oct2025 15:37:36.616] [Render thread/WARN] [net.minecraft.client.renderer.ShaderInstance/]: Shader moonlight:text_alpha_color could not find sampler named Sampler2 in the specified shader program.
[11Oct2025 15:37:36.616] [Render thread/WARN] [net.minecraft.client.renderer.ShaderInstance/]: Shader moonlight:text_alpha_color could not find uniform named IViewRotMat in the specified shader program.
[11Oct2025 15:37:36.633] [Render thread/INFO] [net.minecraft.client.renderer.texture.TextureAtlas/]: Created: 512x256x0 minecraft:textures/atlas/particles.png-atlas
[11Oct2025 15:37:36.636] [Render thread/INFO] [net.minecraft.client.renderer.texture.TextureAtlas/]: Created: 256x256x0 minecraft:textures/atlas/paintings.png-atlas
[11Oct2025 15:37:36.636] [Render thread/INFO] [net.minecraft.client.renderer.texture.TextureAtlas/]: Created: 512x256x0 minecraft:textures/atlas/mob_effects.png-atlas
[11Oct2025 15:37:36.645] [Render thread/INFO] [net.minecraft.client.renderer.texture.TextureAtlas/]: Created: 256x256x0 moonlight:textures/atlas/map_markers.png-atlas
[11Oct2025 15:37:38.080] [Render thread/DEBUG] [tacz/]: Molang is not supported: "math.cos(query.anim_time * 180) * -5"
[11Oct2025 15:37:38.080] [Render thread/DEBUG] [tacz/]: Molang is not supported: "math.sin(query.anim_time * 180) * 5"
[11Oct2025 15:37:38.080] [Render thread/DEBUG] [tacz/]: Molang is not supported: "math.sin(query.anim_time * 180) * -5"
[11Oct2025 15:37:38.080] [Render thread/DEBUG] [tacz/]: Molang is not supported: "math.sin(query.anim_time * 180) * 5"
[11Oct2025 15:37:38.080] [Render thread/DEBUG] [tacz/]: Molang is not supported: "math.cos(query.anim_time * 180) * -2"
[11Oct2025 15:37:38.080] [Render thread/DEBUG] [tacz/]: Molang is not supported: "math.cos(query.anim_time * 180) * -2"
[11Oct2025 15:37:38.080] [Render thread/DEBUG] [tacz/]: Molang is not supported: "math.cos(query.anim_time * 180) * -2"
[11Oct2025 15:37:38.099] [Render thread/DEBUG] [tacz/]: Molang is not supported: "math.cos(query.anim_time * 200) * 0.5"
[11Oct2025 15:37:38.099] [Render thread/DEBUG] [tacz/]: Molang is not supported: "(math.sin(query.anim_time * 200) * 0.5) + math.clamp(query.yaw_speed * -20, -20, 20)"
[11Oct2025 15:37:38.099] [Render thread/DEBUG] [tacz/]: Molang is not supported: "math.cos(query.anim_time * 100) * 0.5"
[11Oct2025 15:37:38.099] [Render thread/DEBUG] [tacz/]: Molang is not supported: "Math.clamp(query.distance_from_camera / 5, 1, 6)"
[11Oct2025 15:37:38.099] [Render thread/DEBUG] [tacz/]: Molang is not supported: "Math.clamp(query.distance_from_camera / 5, 1, 6)"
[11Oct2025 15:37:38.100] [Render thread/DEBUG] [tacz/]: Molang is not supported: "Math.clamp(query.distance_from_camera / 5, 1, 6)"
[11Oct2025 15:37:38.100] [Render thread/DEBUG] [tacz/]: Molang is not supported: "-35+math.sin(query.anim_time*400*query.actor_count)*25"
[11Oct2025 15:37:38.100] [Render thread/DEBUG] [tacz/]: Molang is not supported: "-35+math.sin(query.anim_time*300*query.actor_count)*20"
[11Oct2025 15:37:38.100] [Render thread/DEBUG] [tacz/]: Molang is not supported: "35+math.sin(query.anim_time*400*query.actor_count)*-25"
[11Oct2025 15:37:38.100] [Render thread/DEBUG] [tacz/]: Molang is not supported: "35+math.sin(query.anim_time*300*query.actor_count)*-20"
[11Oct2025 15:37:38.100] [Render thread/DEBUG] [tacz/]: Molang is not supported: "vector"
[11Oct2025 15:37:38.142] [Render thread/DEBUG] [tacz/]: Molang is not supported: "vector"
[11Oct2025 15:37:38.142] [Render thread/DEBUG] [tacz/]: Molang is not supported: "vector"
[11Oct2025 15:37:38.142] [Render thread/DEBUG] [tacz/]: Molang is not supported: "vector"
[11Oct2025 15:37:38.142] [Render thread/DEBUG] [tacz/]: Molang is not supported: "vector"
[11Oct2025 15:37:38.142] [Render thread/DEBUG] [tacz/]: Molang is not supported: "vector"
[11Oct2025 15:37:38.142] [Render thread/DEBUG] [tacz/]: Molang is not supported: "vector"
[11Oct2025 15:37:38.142] [Render thread/DEBUG] [tacz/]: Molang is not supported: "vector"
[11Oct2025 15:37:38.142] [Render thread/DEBUG] [tacz/]: Molang is not supported: "vector"
[11Oct2025 15:37:38.142] [Render thread/DEBUG] [tacz/]: Molang is not supported: "vector"
[11Oct2025 15:37:38.142] [Render thread/DEBUG] [tacz/]: Molang is not supported: "vector"
[11Oct2025 15:37:38.142] [Render thread/DEBUG] [tacz/]: Molang is not supported: "vector"
[11Oct2025 15:37:38.142] [Render thread/DEBUG] [tacz/]: Molang is not supported: "vector"
[11Oct2025 15:37:38.142] [Render thread/DEBUG] [tacz/]: Molang is not supported: "vector"
[11Oct2025 15:37:38.142] [Render thread/DEBUG] [tacz/]: Molang is not supported: "vector"
[11Oct2025 15:37:38.142] [Render thread/DEBUG] [tacz/]: Molang is not supported: "vector"
[11Oct2025 15:37:38.150] [Render thread/DEBUG] [tacz/]: Molang is not supported: "vector"
[11Oct2025 15:37:38.150] [Render thread/DEBUG] [tacz/]: Molang is not supported: "vector"
[11Oct2025 15:37:38.162] [Render thread/DEBUG] [tacz/]: Molang is not supported: "math.sin(query.anim_time*360)*2"
[11Oct2025 15:37:38.163] [Render thread/DEBUG] [tacz/]: Molang is not supported: "math.sin(query.anim_time*360)*-4"
[11Oct2025 15:37:38.163] [Render thread/DEBUG] [tacz/]: Molang is not supported: "-35+math.sin(query.anim_time*360+90)*-7"
[11Oct2025 15:37:38.163] [Render thread/DEBUG] [tacz/]: Molang is not supported: "math.cos(query.anim_time*360)*20"
[11Oct2025 15:37:38.163] [Render thread/DEBUG] [tacz/]: Molang is not supported: "math.sin(query.anim_time*360)*50-60"
[11Oct2025 15:37:38.163] [Render thread/DEBUG] [tacz/]: Molang is not supported: "math.cos(query.anim_time*360)*30+30"
[11Oct2025 15:37:38.163] [Render thread/DEBUG] [tacz/]: Molang is not supported: "math.cos(query.anim_time*360)*-5-5"
[11Oct2025 15:37:38.163] [Render thread/DEBUG] [tacz/]: Molang is not supported: "math.cos(query.anim_time*360)*15+15"
[11Oct2025 15:37:38.163] [Render thread/DEBUG] [tacz/]: Molang is not supported: "math.sin(query.anim_time*360+100)*5"
[11Oct2025 15:37:38.163] [Render thread/DEBUG] [tacz/]: Molang is not supported: "math.sin(query.anim_time*360+0)*5"
[11Oct2025 15:37:38.163] [Render thread/DEBUG] [tacz/]: Molang is not supported: "math.sin(query.anim_time*360+60)*5"
[11Oct2025 15:37:38.163] [Render thread/DEBUG] [tacz/]: Molang is not supported: "math.sin(query.anim_time*360+0)*-5"
[11Oct2025 15:37:38.163] [Render thread/DEBUG] [tacz/]: Molang is not supported: "math.cos(query.anim_time*360)*-20"
[11Oct2025 15:37:38.163] [Render thread/DEBUG] [tacz/]: Molang is not supported: "math.sin(query.anim_time*360)*-50+60"
[11Oct2025 15:37:38.163] [Render thread/DEBUG] [tacz/]: Molang is not supported: "math.cos(query.anim_time*360)*-30-30"
[11Oct2025 15:37:38.163] [Render thread/DEBUG] [tacz/]: Molang is not supported: "math.cos(query.anim_time*360)*-5-5"
[11Oct2025 15:37:38.163] [Render thread/DEBUG] [tacz/]: Molang is not supported: "math.cos(query.anim_time*360)*-15-15"
[11Oct2025 15:37:38.163] [Render thread/DEBUG] [tacz/]: Molang is not supported: "27.5+math.sin(query.anim_time*720)*1"
[11Oct2025 15:37:38.163] [Render thread/DEBUG] [tacz/]: Molang is not supported: "-40 + math.cos(query.anim_time*720)*-3"
[11Oct2025 15:37:38.163] [Render thread/DEBUG] [tacz/]: Molang is not supported: "60 + math.sin(query.anim_time*360)*15"
[11Oct2025 15:37:38.163] [Render thread/DEBUG] [tacz/]: Molang is not supported: "-37.5-math.cos(query.anim_time*360+30)*2"
[11Oct2025 15:37:38.163] [Render thread/DEBUG] [tacz/]: Molang is not supported: "5+math.sin(query.anim_time*360)*30"
[11Oct2025 15:37:38.163] [Render thread/DEBUG] [tacz/]: Molang is not supported: "5+math.sin(query.anim_time*360)*-12.5"
[11Oct2025 15:37:38.163] [Render thread/DEBUG] [tacz/]: Molang is not supported: "-85-math.cos(query.anim_time*360+30)*4"
[11Oct2025 15:37:38.163] [Render thread/DEBUG] [tacz/]: Molang is not supported: "-65-math.cos(query.anim_time*360+30)*3"
[11Oct2025 15:37:38.163] [Render thread/DEBUG] [tacz/]: Molang is not supported: "-60+math.sin(query.anim_time*360)*15"
[11Oct2025 15:37:38.163] [Render thread/DEBUG] [tacz/]: Molang is not supported: "40 + math.cos(query.anim_time*360)* -15"
[11Oct2025 15:37:38.163] [Render thread/DEBUG] [tacz/]: Molang is not supported: "65-math.cos(query.anim_time*360+30)*3"
[11Oct2025 15:37:38.163] [Render thread/DEBUG] [tacz/]: Molang is not supported: "85-math.cos(query.anim_time*360+30)*4"
[11Oct2025 15:37:38.163] [Render thread/DEBUG] [tacz/]: Molang is not supported: "37.5-math.cos(query.anim_time*360+30)*2"
[11Oct2025 15:37:38.163] [Render thread/DEBUG] [tacz/]: Molang is not supported: "-40 + math.cos(query.anim_time*360)* -15"
[11Oct2025 15:37:38.163] [Render thread/DEBUG] [tacz/]: Molang is not supported: "math.sin(query.anim_time*90+30)*-3"
[11Oct2025 15:37:38.163] [Render thread/DEBUG] [tacz/]: Molang is not supported: "math.sin(query.anim_time*90)*-3"
[11Oct2025 15:37:38.163] [Render thread/DEBUG] [tacz/]: Molang is not supported: "82.5+math.sin(query.anim_time*90)*-2"
[11Oct2025 15:37:38.163] [Render thread/DEBUG] [tacz/]: Molang is not supported: "-77.5+math.sin(query.anim_time*90)*-2"
[11Oct2025 15:37:38.163] [Render thread/DEBUG] [tacz/]: Molang is not supported: "vector"
[11Oct2025 15:37:38.163] [Render thread/DEBUG] [tacz/]: Molang is not supported: "vector"
[11Oct2025 15:37:38.163] [Render thread/DEBUG] [tacz/]: Molang is not supported: "vector"
[11Oct2025 15:37:38.163] [Render thread/DEBUG] [tacz/]: Molang is not supported: "vector"
[11Oct2025 15:37:38.163] [Render thread/DEBUG] [tacz/]: Molang is not supported: "vector"
[11Oct2025 15:37:38.163] [Render thread/DEBUG] [tacz/]: Molang is not supported: "vector"
[11Oct2025 15:37:38.163] [Render thread/DEBUG] [tacz/]: Molang is not supported: "vector"
[11Oct2025 15:37:38.163] [Render thread/DEBUG] [tacz/]: Molang is not supported: "vector"
[11Oct2025 15:37:38.163] [Render thread/DEBUG] [tacz/]: Molang is not supported: "vector"
[11Oct2025 15:37:38.163] [Render thread/DEBUG] [tacz/]: Molang is not supported: "vector"
[11Oct2025 15:37:38.163] [Render thread/DEBUG] [tacz/]: Molang is not supported: "vector"
[11Oct2025 15:37:38.163] [Render thread/DEBUG] [tacz/]: Molang is not supported: "vector"
[11Oct2025 15:37:38.165] [Render thread/DEBUG] [tacz/]: Molang is not supported: "vector"
[11Oct2025 15:37:38.175] [Render thread/DEBUG] [tacz/]: Molang is not supported: "vector"
[11Oct2025 15:37:38.175] [Render thread/DEBUG] [tacz/]: Molang is not supported: "vector"
[11Oct2025 15:37:38.175] [Render thread/DEBUG] [tacz/]: Molang is not supported: "vector"
[11Oct2025 15:37:38.175] [Render thread/DEBUG] [tacz/]: Molang is not supported: "vector"
[11Oct2025 15:37:38.176] [Render thread/DEBUG] [tacz/]: Molang is not supported: "vector"
[11Oct2025 15:37:38.176] [Render thread/DEBUG] [tacz/]: Molang is not supported: "vector"
[11Oct2025 15:37:38.176] [Render thread/DEBUG] [tacz/]: Molang is not supported: "vector"
[11Oct2025 15:37:38.176] [Render thread/DEBUG] [tacz/]: Molang is not supported: "vector"
[11Oct2025 15:37:38.176] [Render thread/DEBUG] [tacz/]: Molang is not supported: "vector"
[11Oct2025 15:37:38.176] [Render thread/DEBUG] [tacz/]: Molang is not supported: "vector"
[11Oct2025 15:37:38.176] [Render thread/DEBUG] [tacz/]: Molang is not supported: "vector"
[11Oct2025 15:37:38.176] [Render thread/DEBUG] [tacz/]: Molang is not supported: "vector"
[11Oct2025 15:37:38.176] [Render thread/DEBUG] [tacz/]: Molang is not supported: "vector"
[11Oct2025 15:37:38.176] [Render thread/DEBUG] [tacz/]: Molang is not supported: "vector"
[11Oct2025 15:37:38.176] [Render thread/DEBUG] [tacz/]: Molang is not supported: "vector"
[11Oct2025 15:37:38.176] [Render thread/DEBUG] [tacz/]: Molang is not supported: "vector"
[11Oct2025 15:37:38.176] [Render thread/DEBUG] [tacz/]: Molang is not supported: "vector"
[11Oct2025 15:37:38.176] [Render thread/DEBUG] [tacz/]: Molang is not supported: "vector"
[11Oct2025 15:37:38.176] [Render thread/DEBUG] [tacz/]: Molang is not supported: "vector"
[11Oct2025 15:37:38.176] [Render thread/DEBUG] [tacz/]: Molang is not supported: "vector"
[11Oct2025 15:37:38.176] [Render thread/DEBUG] [tacz/]: Molang is not supported: "vector"
[11Oct2025 15:37:38.176] [Render thread/DEBUG] [tacz/]: Molang is not supported: "vector"
[11Oct2025 15:37:38.176] [Render thread/DEBUG] [tacz/]: Molang is not supported: "vector"
[11Oct2025 15:37:38.176] [Render thread/DEBUG] [tacz/]: Molang is not supported: "vector"
[11Oct2025 15:37:38.176] [Render thread/DEBUG] [tacz/]: Molang is not supported: "vector"
[11Oct2025 15:37:38.176] [Render thread/DEBUG] [tacz/]: Molang is not supported: "vector"
[11Oct2025 15:37:38.188] [Render thread/DEBUG] [tacz/]: Molang is not supported: "vector"
[11Oct2025 15:37:38.188] [Render thread/DEBUG] [tacz/]: Molang is not supported: "vector"
[11Oct2025 15:37:38.188] [Render thread/DEBUG] [tacz/]: Molang is not supported: "vector"
[11Oct2025 15:37:38.188] [Render thread/DEBUG] [tacz/]: Molang is not supported: "vector"
[11Oct2025 15:37:38.188] [Render thread/DEBUG] [tacz/]: Molang is not supported: "vector"
[11Oct2025 15:37:38.188] [Render thread/DEBUG] [tacz/]: Molang is not supported: "vector"
[11Oct2025 15:37:38.188] [Render thread/DEBUG] [tacz/]: Molang is not supported: "vector"
[11Oct2025 15:37:38.189] [Render thread/DEBUG] [tacz/]: Molang is not supported: "vector"
[11Oct2025 15:37:38.191] [Render thread/DEBUG] [tacz/]: Molang is not supported: "vector"
[11Oct2025 15:37:38.191] [Render thread/DEBUG] [tacz/]: Molang is not supported: "vector"
[11Oct2025 15:37:38.191] [Render thread/DEBUG] [tacz/]: Molang is not supported: "vector"
[11Oct2025 15:37:38.191] [Render thread/DEBUG] [tacz/]: Molang is not supported: "vector"
[11Oct2025 15:37:38.191] [Render thread/DEBUG] [tacz/]: Molang is not supported: "vector"
[11Oct2025 15:37:38.191] [Render thread/DEBUG] [tacz/]: Molang is not supported: "vector"
[11Oct2025 15:37:38.196] [Render thread/DEBUG] [tacz/]: Molang is not supported: "vector"
[11Oct2025 15:37:38.196] [Render thread/DEBUG] [tacz/]: Molang is not supported: "vector"
[11Oct2025 15:37:38.196] [Render thread/DEBUG] [tacz/]: Molang is not supported: "vector"
[11Oct2025 15:37:38.196] [Render thread/DEBUG] [tacz/]: Molang is not supported: "vector"
[11Oct2025 15:37:38.196] [Render thread/DEBUG] [tacz/]: Molang is not supported: "vector"
[11Oct2025 15:37:38.196] [Render thread/DEBUG] [tacz/]: Molang is not supported: "vector"
[11Oct2025 15:37:38.196] [Render thread/DEBUG] [tacz/]: Molang is not supported: "vector"
[11Oct2025 15:37:38.196] [Render thread/DEBUG] [tacz/]: Molang is not supported: "vector"
[11Oct2025 15:37:38.196] [Render thread/DEBUG] [tacz/]: Molang is not supported: "vector"
[11Oct2025 15:37:38.196] [Render thread/DEBUG] [tacz/]: Molang is not supported: "vector"
[11Oct2025 15:37:38.196] [Render thread/DEBUG] [tacz/]: Molang is not supported: "vector"
[11Oct2025 15:37:38.196] [Render thread/DEBUG] [tacz/]: Molang is not supported: "vector"
[11Oct2025 15:37:38.196] [Render thread/DEBUG] [tacz/]: Molang is not supported: "vector"
[11Oct2025 15:37:38.196] [Render thread/DEBUG] [tacz/]: Molang is not supported: "vector"
[11Oct2025 15:37:38.196] [Render thread/DEBUG] [tacz/]: Molang is not supported: "vector"
[11Oct2025 15:37:38.196] [Render thread/DEBUG] [tacz/]: Molang is not supported: "vector"
[11Oct2025 15:37:38.196] [Render thread/DEBUG] [tacz/]: Molang is not supported: "vector"
[11Oct2025 15:37:38.197] [Render thread/DEBUG] [tacz/]: Molang is not supported: "vector"
[11Oct2025 15:37:38.197] [Render thread/DEBUG] [tacz/]: Molang is not supported: "vector"
[11Oct2025 15:37:38.197] [Render thread/DEBUG] [tacz/]: Molang is not supported: "vector"
[11Oct2025 15:37:38.197] [Render thread/DEBUG] [tacz/]: Molang is not supported: "vector"
[11Oct2025 15:37:38.197] [Render thread/DEBUG] [tacz/]: Molang is not supported: "vector"
[11Oct2025 15:37:38.197] [Render thread/DEBUG] [tacz/]: Molang is not supported: "vector"
[11Oct2025 15:37:38.197] [Render thread/DEBUG] [tacz/]: Molang is not supported: "vector"
[11Oct2025 15:37:38.197] [Render thread/DEBUG] [tacz/]: Molang is not supported: "vector"
[11Oct2025 15:37:38.197] [Render thread/DEBUG] [tacz/]: Molang is not supported: "vector"
[11Oct2025 15:37:38.197] [Render thread/DEBUG] [tacz/]: Molang is not supported: "vector"
[11Oct2025 15:37:38.197] [Render thread/DEBUG] [tacz/]: Molang is not supported: "vector"
[11Oct2025 15:37:38.197] [Render thread/DEBUG] [tacz/]: Molang is not supported: "vector"
[11Oct2025 15:37:38.197] [Render thread/DEBUG] [tacz/]: Molang is not supported: "vector"
[11Oct2025 15:37:38.197] [Render thread/DEBUG] [tacz/]: Molang is not supported: "vector"
[11Oct2025 15:37:38.197] [Render thread/DEBUG] [tacz/]: Molang is not supported: "vector"
[11Oct2025 15:37:38.197] [Render thread/DEBUG] [tacz/]: Molang is not supported: "vector"
[11Oct2025 15:37:38.197] [Render thread/DEBUG] [tacz/]: Molang is not supported: "vector"
[11Oct2025 15:37:38.197] [Render thread/DEBUG] [tacz/]: Molang is not supported: "vector"
[11Oct2025 15:37:38.197] [Render thread/DEBUG] [tacz/]: Molang is not supported: "vector"
[11Oct2025 15:37:38.197] [Render thread/DEBUG] [tacz/]: Molang is not supported: "vector"
[11Oct2025 15:37:38.197] [Render thread/DEBUG] [tacz/]: Molang is not supported: "vector"
[11Oct2025 15:37:38.197] [Render thread/DEBUG] [tacz/]: Molang is not supported: "vector"
[11Oct2025 15:37:38.197] [Render thread/DEBUG] [tacz/]: Molang is not supported: "vector"
[11Oct2025 15:37:38.197] [Render thread/DEBUG] [tacz/]: Molang is not supported: "vector"
[11Oct2025 15:37:38.197] [Render thread/DEBUG] [tacz/]: Molang is not supported: "vector"
[11Oct2025 15:37:38.197] [Render thread/DEBUG] [tacz/]: Molang is not supported: "vector"
[11Oct2025 15:37:38.197] [Render thread/DEBUG] [tacz/]: Molang is not supported: "vector"
[11Oct2025 15:37:38.197] [Render thread/DEBUG] [tacz/]: Molang is not supported: "vector"
[11Oct2025 15:37:38.198] [Render thread/DEBUG] [tacz/]: Molang is not supported: "vector"
[11Oct2025 15:37:38.198] [Render thread/DEBUG] [tacz/]: Molang is not supported: "vector"
[11Oct2025 15:37:38.198] [Render thread/DEBUG] [tacz/]: Molang is not supported: "vector"
[11Oct2025 15:37:38.198] [Render thread/DEBUG] [tacz/]: Molang is not supported: "vector"
[11Oct2025 15:37:38.198] [Render thread/DEBUG] [tacz/]: Molang is not supported: "vector"
[11Oct2025 15:37:38.198] [Render thread/DEBUG] [tacz/]: Molang is not supported: "vector"
[11Oct2025 15:37:38.198] [Render thread/DEBUG] [tacz/]: Molang is not supported: "vector"
[11Oct2025 15:37:38.198] [Render thread/DEBUG] [tacz/]: Molang is not supported: "vector"
[11Oct2025 15:37:38.198] [Render thread/DEBUG] [tacz/]: Molang is not supported: "vector"
[11Oct2025 15:37:38.198] [Render thread/DEBUG] [tacz/]: Molang is not supported: "vector"
[11Oct2025 15:37:38.198] [Render thread/DEBUG] [tacz/]: Molang is not supported: "vector"
[11Oct2025 15:37:38.198] [Render thread/DEBUG] [tacz/]: Molang is not supported: "vector"
[11Oct2025 15:37:38.198] [Render thread/DEBUG] [tacz/]: Molang is not supported: "vector"
[11Oct2025 15:37:38.198] [Render thread/DEBUG] [tacz/]: Molang is not supported: "vector"
[11Oct2025 15:37:38.198] [Render thread/DEBUG] [tacz/]: Molang is not supported: "vector"
[11Oct2025 15:37:38.198] [Render thread/DEBUG] [tacz/]: Molang is not supported: "vector"
[11Oct2025 15:37:38.198] [Render thread/DEBUG] [tacz/]: Molang is not supported: "vector"
[11Oct2025 15:37:38.198] [Render thread/DEBUG] [tacz/]: Molang is not supported: "vector"
[11Oct2025 15:37:38.198] [Render thread/DEBUG] [tacz/]: Molang is not supported: "vector"
[11Oct2025 15:37:38.198] [Render thread/DEBUG] [tacz/]: Molang is not supported: "vector"
[11Oct2025 15:37:38.198] [Render thread/DEBUG] [tacz/]: Molang is not supported: "vector"
[11Oct2025 15:37:38.198] [Render thread/DEBUG] [tacz/]: Molang is not supported: "vector"
[11Oct2025 15:37:38.198] [Render thread/DEBUG] [tacz/]: Molang is not supported: "vector"
[11Oct2025 15:37:38.198] [Render thread/DEBUG] [tacz/]: Molang is not supported: "vector"
[11Oct2025 15:37:38.198] [Render thread/DEBUG] [tacz/]: Molang is not supported: "vector"
[11Oct2025 15:37:38.198] [Render thread/DEBUG] [tacz/]: Molang is not supported: "vector"
[11Oct2025 15:37:38.198] [Render thread/DEBUG] [tacz/]: Molang is not supported: "vector"
[11Oct2025 15:37:38.198] [Render thread/DEBUG] [tacz/]: Molang is not supported: "vector"
[11Oct2025 15:37:38.198] [Render thread/DEBUG] [tacz/]: Molang is not supported: "vector"
[11Oct2025 15:37:38.198] [Render thread/DEBUG] [tacz/]: Molang is not supported: "vector"
[11Oct2025 15:37:38.198] [Render thread/DEBUG] [tacz/]: Molang is not supported: "vector"
[11Oct2025 15:37:38.199] [Render thread/DEBUG] [tacz/]: Molang is not supported: "vector"
[11Oct2025 15:37:38.199] [Render thread/DEBUG] [tacz/]: Molang is not supported: "vector"
[11Oct2025 15:37:38.199] [Render thread/DEBUG] [tacz/]: Molang is not supported: "vector"
[11Oct2025 15:37:38.199] [Render thread/DEBUG] [tacz/]: Molang is not supported: "vector"
[11Oct2025 15:37:38.199] [Render thread/DEBUG] [tacz/]: Molang is not supported: "vector"
[11Oct2025 15:37:38.199] [Render thread/DEBUG] [tacz/]: Molang is not supported: "vector"
[11Oct2025 15:37:38.199] [Render thread/DEBUG] [tacz/]: Molang is not supported: "vector"
[11Oct2025 15:37:38.199] [Render thread/DEBUG] [tacz/]: Molang is not supported: "vector"
[11Oct2025 15:37:38.199] [Render thread/DEBUG] [tacz/]: Molang is not supported: "vector"
[11Oct2025 15:37:38.199] [Render thread/DEBUG] [tacz/]: Molang is not supported: "vector"
[11Oct2025 15:37:38.199] [Render thread/DEBUG] [tacz/]: Molang is not supported: "vector"
[11Oct2025 15:37:38.199] [Render thread/DEBUG] [tacz/]: Molang is not supported: "vector"
[11Oct2025 15:37:38.199] [Render thread/DEBUG] [tacz/]: Molang is not supported: "vector"
[11Oct2025 15:37:38.199] [Render thread/DEBUG] [tacz/]: Molang is not supported: "vector"
[11Oct2025 15:37:38.199] [Render thread/DEBUG] [tacz/]: Molang is not supported: "vector"
[11Oct2025 15:37:38.199] [Render thread/DEBUG] [tacz/]: Molang is not supported: "vector"
[11Oct2025 15:37:38.199] [Render thread/DEBUG] [tacz/]: Molang is not supported: "vector"
[11Oct2025 15:37:38.199] [Render thread/DEBUG] [tacz/]: Molang is not supported: "vector"
[11Oct2025 15:37:38.199] [Render thread/DEBUG] [tacz/]: Molang is not supported: "vector"
[11Oct2025 15:37:38.199] [Render thread/DEBUG] [tacz/]: Molang is not supported: "vector"
[11Oct2025 15:37:38.202] [Render thread/DEBUG] [tacz/]: Molang is not supported: "vector"
[11Oct2025 15:37:38.202] [Render thread/DEBUG] [tacz/]: Molang is not supported: "vector"
[11Oct2025 15:37:38.202] [Render thread/DEBUG] [tacz/]: Molang is not supported: "vector"
[11Oct2025 15:37:38.202] [Render thread/DEBUG] [tacz/]: Molang is not supported: "vector"
[11Oct2025 15:37:38.202] [Render thread/DEBUG] [tacz/]: Molang is not supported: "vector"
[11Oct2025 15:37:38.202] [Render thread/DEBUG] [tacz/]: Molang is not supported: "vector"
[11Oct2025 15:37:38.202] [Render thread/DEBUG] [tacz/]: Molang is not supported: "vector"
[11Oct2025 15:37:38.202] [Render thread/DEBUG] [tacz/]: Molang is not supported: "vector"
[11Oct2025 15:37:38.202] [Render thread/DEBUG] [tacz/]: Molang is not supported: "vector"
[11Oct2025 15:37:38.202] [Render thread/DEBUG] [tacz/]: Molang is not supported: "vector"
[11Oct2025 15:37:38.202] [Render thread/DEBUG] [tacz/]: Molang is not supported: "vector"
[11Oct2025 15:37:38.202] [Render thread/DEBUG] [tacz/]: Molang is not supported: "vector"
[11Oct2025 15:37:38.202] [Render thread/DEBUG] [tacz/]: Molang is not supported: "vector"
[11Oct2025 15:37:38.202] [Render thread/DEBUG] [tacz/]: Molang is not supported: "vector"
[11Oct2025 15:37:38.202] [Render thread/DEBUG] [tacz/]: Molang is not supported: "vector"
[11Oct2025 15:37:38.202] [Render thread/DEBUG] [tacz/]: Molang is not supported: "vector"
[11Oct2025 15:37:38.202] [Render thread/DEBUG] [tacz/]: Molang is not supported: "vector"
[11Oct2025 15:37:38.202] [Render thread/DEBUG] [tacz/]: Molang is not supported: "vector"
[11Oct2025 15:37:38.202] [Render thread/DEBUG] [tacz/]: Molang is not supported: "vector"
[11Oct2025 15:37:38.202] [Render thread/DEBUG] [tacz/]: Molang is not supported: "vector"
[11Oct2025 15:37:38.202] [Render thread/DEBUG] [tacz/]: Molang is not supported: "vector"
[11Oct2025 15:37:38.202] [Render thread/DEBUG] [tacz/]: Molang is not supported: "vector"
[11Oct2025 15:37:38.202] [Render thread/DEBUG] [tacz/]: Molang is not supported: "vector"
[11Oct2025 15:37:38.202] [Render thread/DEBUG] [tacz/]: Molang is not supported: "vector"
[11Oct2025 15:37:38.202] [Render thread/DEBUG] [tacz/]: Molang is not supported: "vector"
[11Oct2025 15:37:38.202] [Render thread/DEBUG] [tacz/]: Molang is not supported: "vector"
[11Oct2025 15:37:38.202] [Render thread/DEBUG] [tacz/]: Molang is not supported: "vector"
[11Oct2025 15:37:38.202] [Render thread/DEBUG] [tacz/]: Molang is not supported: "vector"
[11Oct2025 15:37:38.202] [Render thread/DEBUG] [tacz/]: Molang is not supported: "vector"
[11Oct2025 15:37:38.203] [Render thread/DEBUG] [tacz/]: Molang is not supported: "vector"
[11Oct2025 15:37:38.203] [Render thread/DEBUG] [tacz/]: Molang is not supported: "vector"
[11Oct2025 15:37:38.203] [Render thread/DEBUG] [tacz/]: Molang is not supported: "vector"
[11Oct2025 15:37:38.203] [Render thread/DEBUG] [tacz/]: Molang is not supported: "vector"
[11Oct2025 15:37:38.203] [Render thread/DEBUG] [tacz/]: Molang is not supported: "vector"
[11Oct2025 15:37:38.203] [Render thread/DEBUG] [tacz/]: Molang is not supported: "vector"
[11Oct2025 15:37:38.475] [Render thread/DEBUG] [mixin/]: Generating mapped inner class net/minecraft/client/gui/screens/TitleScreen$Anonymous$4bac6df82877415c97cd0635f5dea50c (originally com/obscuria/obscureapi/mixin/client/TitleScreenMixin$1)
[11Oct2025 15:37:38.833] [Realms Notification Availability checker #1/INFO] [com.mojang.realmsclient.client.RealmsClient/]: Could not authorize you against Realms server: java.lang.RuntimeException: Failed to parse into SignedJWT: 0
[11Oct2025 15:38:56.425] [Render thread/DEBUG] [mixin/]: Mixing client.WorldSelectionListMixin from obscure_api.mixins.json into net.minecraft.client.gui.screens.worldselection.WorldSelectionList$WorldListEntry
[11Oct2025 15:38:57.261] [Render thread/DEBUG] [io.redspace.ironsspellbooks.IronsSpellbooks/]: addPackFinders
[11Oct2025 15:38:57.295] [Render thread/INFO] [net.minecraftforge.registries.GameData/REGISTRIES]: Injecting existing registry data into this CLIENT instance
[11Oct2025 15:38:57.314] [Render thread/DEBUG] [net.minecraftforge.registries.ForgeRegistry/REGISTRIES]: Registry minecraft:block: Fixed minecraft:block id mismatch apotheosis:augmenting_table: 1077 (init) -> 1039 (map).
[11Oct2025 15:38:57.315] [Render thread/DEBUG] [net.minecraftforge.registries.ForgeRegistry/REGISTRIES]: Registry minecraft:block: Fixed minecraft:block id mismatch apotheosis:beeshelf: 1043 (init) -> 1005 (map).
[11Oct2025 15:38:57.315] [Render thread/DEBUG] [net.minecraftforge.registries.ForgeRegistry/REGISTRIES]: Registry minecraft:block: Fixed minecraft:block id mismatch apotheosis:blazing_hellshelf: 1044 (init) -> 1006 (map).
[11Oct2025 15:38:57.315] [Render thread/DEBUG] [net.minecraftforge.registries.ForgeRegistry/REGISTRIES]: Registry minecraft:block: Fixed minecraft:block id mismatch apotheosis:boss_spawner: 1072 (init) -> 1034 (map).
[11Oct2025 15:38:57.315] [Render thread/DEBUG] [net.minecraftforge.registries.ForgeRegistry/REGISTRIES]: Registry minecraft:block: Fixed minecraft:block id mismatch apotheosis:crystal_seashelf: 1045 (init) -> 1007 (map).
[11Oct2025 15:38:57.315] [Render thread/DEBUG] [net.minecraftforge.registries.ForgeRegistry/REGISTRIES]: Registry minecraft:block: Fixed minecraft:block id mismatch apotheosis:deepshelf: 1046 (init) -> 1008 (map).
[11Oct2025 15:38:57.315] [Render thread/DEBUG] [net.minecraftforge.registries.ForgeRegistry/REGISTRIES]: Registry minecraft:block: Fixed minecraft:block id mismatch apotheosis:dormant_deepshelf: 1047 (init) -> 1009 (map).
[11Oct2025 15:38:57.315] [Render thread/DEBUG] [net.minecraftforge.registries.ForgeRegistry/REGISTRIES]: Registry minecraft:block: Fixed minecraft:block id mismatch apotheosis:draconic_endshelf: 1048 (init) -> 1010 (map).
[11Oct2025 15:38:57.315] [Render thread/DEBUG] [net.minecraftforge.registries.ForgeRegistry/REGISTRIES]: Registry minecraft:block: Fixed minecraft:block id mismatch apotheosis:echoing_deepshelf: 1049 (init) -> 1011 (map).
[11Oct2025 15:38:57.315] [Render thread/DEBUG] [net.minecraftforge.registries.ForgeRegistry/REGISTRIES]: Registry minecraft:block: Fixed minecraft:block id mismatch apotheosis:echoing_sculkshelf: 1050 (init) -> 1012 (map).
[11Oct2025 15:38:57.315] [Render thread/DEBUG] [net.minecraftforge.registries.ForgeRegistry/REGISTRIES]: Registry minecraft:block: Fixed minecraft:block id mismatch apotheosis:ender_library: 1051 (init) -> 1013 (map).
[11Oct2025 15:38:57.316] [Render thread/DEBUG] [net.minecraftforge.registries.ForgeRegistry/REGISTRIES]: Registry minecraft:block: Fixed minecraft:block id mismatch apotheosis:endshelf: 1052 (init) -> 1014 (map).
[11Oct2025 15:38:57.316] [Render thread/DEBUG] [net.minecraftforge.registries.ForgeRegistry/REGISTRIES]: Registry minecraft:block: Fixed minecraft:block id mismatch apotheosis:filtering_shelf: 1070 (init) -> 1032 (map).
[11Oct2025 15:38:57.316] [Render thread/DEBUG] [net.minecraftforge.registries.ForgeRegistry/REGISTRIES]: Registry minecraft:block: Fixed minecraft:block id mismatch apotheosis:gem_cutting_table: 1076 (init) -> 1038 (map).
[11Oct2025 15:38:57.316] [Render thread/DEBUG] [net.minecraftforge.registries.ForgeRegistry/REGISTRIES]: Registry minecraft:block: Fixed minecraft:block id mismatch apotheosis:glowing_hellshelf: 1053 (init) -> 1015 (map).
[11Oct2025 15:38:57.316] [Render thread/DEBUG] [net.minecraftforge.registries.ForgeRegistry/REGISTRIES]: Registry minecraft:block: Fixed minecraft:block id mismatch apotheosis:heart_seashelf: 1054 (init) -> 1016 (map).
[11Oct2025 15:38:57.316] [Render thread/DEBUG] [net.minecraftforge.registries.ForgeRegistry/REGISTRIES]: Registry minecraft:block: Fixed minecraft:block id mismatch apotheosis:hellshelf: 1055 (init) -> 1017 (map).
[11Oct2025 15:38:57.316] [Render thread/DEBUG] [net.minecraftforge.registries.ForgeRegistry/REGISTRIES]: Registry minecraft:block: Fixed minecraft:block id mismatch apotheosis:infused_hellshelf: 1056 (init) -> 1018 (map).
[11Oct2025 15:38:57.316] [Render thread/DEBUG] [net.minecraftforge.registries.ForgeRegistry/REGISTRIES]: Registry minecraft:block: Fixed minecraft:block id mismatch apotheosis:infused_seashelf: 1057 (init) -> 1019 (map).
[11Oct2025 15:38:57.316] [Render thread/DEBUG] [net.minecraftforge.registries.ForgeRegistry/REGISTRIES]: Registry minecraft:block: Fixed minecraft:block id mismatch apotheosis:library: 1058 (init) -> 1020 (map).
[11Oct2025 15:38:57.316] [Render thread/DEBUG] [net.minecraftforge.registries.ForgeRegistry/REGISTRIES]: Registry minecraft:block: Fixed minecraft:block id mismatch apotheosis:melonshelf: 1059 (init) -> 1021 (map).
[11Oct2025 15:38:57.316] [Render thread/DEBUG] [net.minecraftforge.registries.ForgeRegistry/REGISTRIES]: Registry minecraft:block: Fixed minecraft:block id mismatch apotheosis:pearl_endshelf: 1060 (init) -> 1022 (map).
[11Oct2025 15:38:57.316] [Render thread/DEBUG] [net.minecraftforge.registries.ForgeRegistry/REGISTRIES]: Registry minecraft:block: Fixed minecraft:block id mismatch apotheosis:rectifier: 1061 (init) -> 1023 (map).
[11Oct2025 15:38:57.317] [Render thread/DEBUG] [net.minecraftforge.registries.ForgeRegistry/REGISTRIES]: Registry minecraft:block: Fixed minecraft:block id mismatch apotheosis:rectifier_t2: 1062 (init) -> 1024 (map).
[11Oct2025 15:38:57.317] [Render thread/DEBUG] [net.minecraftforge.registries.ForgeRegistry/REGISTRIES]: Registry minecraft:block: Fixed minecraft:block id mismatch apotheosis:rectifier_t3: 1063 (init) -> 1025 (map).
[11Oct2025 15:38:57.317] [Render thread/DEBUG] [net.minecraftforge.registries.ForgeRegistry/REGISTRIES]: Registry minecraft:block: Fixed minecraft:block id mismatch apotheosis:reforging_table: 1074 (init) -> 1036 (map).
[11Oct2025 15:38:57.317] [Render thread/DEBUG] [net.minecraftforge.registries.ForgeRegistry/REGISTRIES]: Registry minecraft:block: Fixed minecraft:block id mismatch apotheosis:salvaging_table: 1075 (init) -> 1037 (map).
[11Oct2025 15:38:57.317] [Render thread/DEBUG] [net.minecraftforge.registries.ForgeRegistry/REGISTRIES]: Registry minecraft:block: Fixed minecraft:block id mismatch apotheosis:seashelf: 1064 (init) -> 1026 (map).
[11Oct2025 15:38:57.317] [Render thread/DEBUG] [net.minecraftforge.registries.ForgeRegistry/REGISTRIES]: Registry minecraft:block: Fixed minecraft:block id mismatch apotheosis:sightshelf: 1065 (init) -> 1027 (map).
[11Oct2025 15:38:57.317] [Render thread/DEBUG] [net.minecraftforge.registries.ForgeRegistry/REGISTRIES]: Registry minecraft:block: Fixed minecraft:block id mismatch apotheosis:sightshelf_t2: 1066 (init) -> 1028 (map).
[11Oct2025 15:38:57.317] [Render thread/DEBUG] [net.minecraftforge.registries.ForgeRegistry/REGISTRIES]: Registry minecraft:block: Fixed minecraft:block id mismatch apotheosis:simple_reforging_table: 1073 (init) -> 1035 (map).
[11Oct2025 15:38:57.317] [Render thread/DEBUG] [net.minecraftforge.registries.ForgeRegistry/REGISTRIES]: Registry minecraft:block: Fixed minecraft:block id mismatch apotheosis:soul_touched_deepshelf: 1067 (init) -> 1029 (map).
[11Oct2025 15:38:57.317] [Render thread/DEBUG] [net.minecraftforge.registries.ForgeRegistry/REGISTRIES]: Registry minecraft:block: Fixed minecraft:block id mismatch apotheosis:soul_touched_sculkshelf: 1068 (init) -> 1030 (map).
[11Oct2025 15:38:57.317] [Render thread/DEBUG] [net.minecraftforge.registries.ForgeRegistry/REGISTRIES]: Registry minecraft:block: Fixed minecraft:block id mismatch apotheosis:stoneshelf: 1069 (init) -> 1031 (map).
[11Oct2025 15:38:57.317] [Render thread/DEBUG] [net.minecraftforge.registries.ForgeRegistry/REGISTRIES]: Registry minecraft:block: Fixed minecraft:block id mismatch apotheosis:treasure_shelf: 1071 (init) -> 1033 (map).
[11Oct2025 15:38:57.318] [Render thread/DEBUG] [net.minecraftforge.registries.ForgeRegistry/REGISTRIES]: Registry minecraft:block: Fixed minecraft:block id mismatch apotheotic_additions:gilded_aerogel_skyshelf: 1028 (init) -> 1083 (map).
[11Oct2025 15:38:57.318] [Render thread/DEBUG] [net.minecraftforge.registries.ForgeRegistry/REGISTRIES]: Registry minecraft:block: Fixed minecraft:block id mismatch apotheotic_additions:hollowed_barrel_shelf: 1029 (init) -> 1084 (map).
[11Oct2025 15:38:57.318] [Render thread/DEBUG] [net.minecraftforge.registries.ForgeRegistry/REGISTRIES]: Registry minecraft:block: Fixed minecraft:block id mismatch apotheotic_additions:infused_skyshelf: 1027 (init) -> 1082 (map).
[11Oct2025 15:38:57.318] [Render thread/DEBUG] [net.minecraftforge.registries.ForgeRegistry/REGISTRIES]: Registry minecraft:block: Fixed minecraft:block id mismatch apotheotic_additions:infused_thornshelf: 1032 (init) -> 1087 (map).
[11Oct2025 15:38:57.318] [Render thread/DEBUG] [net.minecraftforge.registries.ForgeRegistry/REGISTRIES]: Registry minecraft:block: Fixed minecraft:block id mismatch apotheotic_additions:luminous_glass: 1023 (init) -> 1078 (map).
[11Oct2025 15:38:57.318] [Render thread/DEBUG] [net.minecraftforge.registries.ForgeRegistry/REGISTRIES]: Registry minecraft:block: Fixed minecraft:block id mismatch apotheotic_additions:luminous_glass_pane: 1024 (init) -> 1079 (map).
[11Oct2025 15:38:57.318] [Render thread/DEBUG] [net.minecraftforge.registries.ForgeRegistry/REGISTRIES]: Registry minecraft:block: Fixed minecraft:block id mismatch apotheotic_additions:nuclear_barrel_shelf: 1030 (init) -> 1085 (map).
[11Oct2025 15:38:57.318] [Render thread/DEBUG] [net.minecraftforge.registries.ForgeRegistry/REGISTRIES]: Registry minecraft:block: Fixed minecraft:block id mismatch apotheotic_additions:occult_thornshelf: 1033 (init) -> 1088 (map).
[11Oct2025 15:38:57.318] [Render thread/DEBUG] [net.minecraftforge.registries.ForgeRegistry/REGISTRIES]: Registry minecraft:block: Fixed minecraft:block id mismatch apotheotic_additions:sacrificial_shelf: 1013 (init) -> 1068 (map).
[11Oct2025 15:38:57.318] [Render thread/DEBUG] [net.minecraftforge.registries.ForgeRegistry/REGISTRIES]: Registry minecraft:block: Fixed minecraft:block id mismatch apotheotic_additions:scrap_brick: 1017 (init) -> 1072 (map).
[11Oct2025 15:38:57.318] [Render thread/DEBUG] [net.minecraftforge.registries.ForgeRegistry/REGISTRIES]: Registry minecraft:block: Fixed minecraft:block id mismatch apotheotic_additions:scrap_brick_slab: 1021 (init) -> 1076 (map).
[11Oct2025 15:38:57.318] [Render thread/DEBUG] [net.minecraftforge.registries.ForgeRegistry/REGISTRIES]: Registry minecraft:block: Fixed minecraft:block id mismatch apotheotic_additions:scrap_brick_stairs: 1022 (init) -> 1077 (map).
[11Oct2025 15:38:57.318] [Render thread/DEBUG] [net.minecraftforge.registries.ForgeRegistry/REGISTRIES]: Registry minecraft:block: Fixed minecraft:block id mismatch apotheotic_additions:scrap_carved: 1020 (init) -> 1075 (map).
[11Oct2025 15:38:57.318] [Render thread/DEBUG] [net.minecraftforge.registries.ForgeRegistry/REGISTRIES]: Registry minecraft:block: Fixed minecraft:block id mismatch apotheotic_additions:scrap_pillar: 1018 (init) -> 1073 (map).
[11Oct2025 15:38:57.318] [Render thread/DEBUG] [net.minecraftforge.registries.ForgeRegistry/REGISTRIES]: Registry minecraft:block: Fixed minecraft:block id mismatch apotheotic_additions:scrap_rough: 1019 (init) -> 1074 (map).
[11Oct2025 15:38:57.318] [Render thread/DEBUG] [net.minecraftforge.registries.ForgeRegistry/REGISTRIES]: Registry minecraft:block: Fixed minecraft:block id mismatch apotheotic_additions:terra_shelf: 1016 (init) -> 1071 (map).
[11Oct2025 15:38:57.318] [Render thread/DEBUG] [net.minecraftforge.registries.ForgeRegistry/REGISTRIES]: Registry minecraft:block: Fixed minecraft:block id mismatch apotheotic_additions:thornshelf: 1031 (init) -> 1086 (map).
[11Oct2025 15:38:57.318] [Render thread/DEBUG] [net.minecraftforge.registries.ForgeRegistry/REGISTRIES]: Registry minecraft:block: Fixed minecraft:block id mismatch apotheotic_additions:timeworn_fabric: 1025 (init) -> 1080 (map).
[11Oct2025 15:38:57.318] [Render thread/DEBUG] [net.minecraftforge.registries.ForgeRegistry/REGISTRIES]: Registry minecraft:block: Fixed minecraft:block id mismatch apotheotic_additions:timeworn_fancy: 1026 (init) -> 1081 (map).
[11Oct2025 15:38:57.319] [Render thread/DEBUG] [net.minecraftforge.registries.ForgeRegistry/REGISTRIES]: Registry minecraft:block: Fixed minecraft:block id mismatch apotheotic_additions:void_shelf: 1015 (init) -> 1070 (map).
[11Oct2025 15:38:57.319] [Render thread/DEBUG] [net.minecraftforge.registries.ForgeRegistry/REGISTRIES]: Registry minecraft:block: Fixed minecraft:block id mismatch apotheotic_additions:wavebinders_shelf: 1014 (init) -> 1069 (map).
[11Oct2025 15:38:57.319] [Render thread/DEBUG] [net.minecraftforge.registries.ForgeRegistry/REGISTRIES]: Registry minecraft:block: Fixed minecraft:block id mismatch aquamirae:elodea: 1085 (init) -> 1064 (map).
[11Oct2025 15:38:57.319] [Render thread/DEBUG] [net.minecraftforge.registries.ForgeRegistry/REGISTRIES]: Registry minecraft:block: Fixed minecraft:block id mismatch aquamirae:frozen_chest: 1083 (init) -> 1062 (map).
[11Oct2025 15:38:57.319] [Render thread/DEBUG] [net.minecraftforge.registries.ForgeRegistry/REGISTRIES]: Registry minecraft:block: Fixed minecraft:block id mismatch aquamirae:golden_moth_in_a_jar: 1082 (init) -> 1061 (map).
[11Oct2025 15:38:57.319] [Render thread/DEBUG] [net.minecraftforge.registries.ForgeRegistry/REGISTRIES]: Registry minecraft:block: Fixed minecraft:block id mismatch aquamirae:luminescent_bubble: 1087 (init) -> 1066 (map).
[11Oct2025 15:38:57.319] [Render thread/DEBUG] [net.minecraftforge.registries.ForgeRegistry/REGISTRIES]: Registry minecraft:block: Fixed minecraft:block id mismatch aquamirae:luminescent_lamp: 1084 (init) -> 1063 (map).
[11Oct2025 15:38:57.319] [Render thread/DEBUG] [net.minecraftforge.registries.ForgeRegistry/REGISTRIES]: Registry minecraft:block: Fixed minecraft:block id mismatch aquamirae:oxygelium: 1086 (init) -> 1065 (map).
[11Oct2025 15:38:57.319] [Render thread/DEBUG] [net.minecraftforge.registries.ForgeRegistry/REGISTRIES]: Registry minecraft:block: Fixed minecraft:block id mismatch aquamirae:painting_anglerfish: 1078 (init) -> 1057 (map).
[11Oct2025 15:38:57.319] [Render thread/DEBUG] [net.minecraftforge.registries.ForgeRegistry/REGISTRIES]: Registry minecraft:block: Fixed minecraft:block id mismatch aquamirae:painting_aurora: 1081 (init) -> 1060 (map).
[11Oct2025 15:38:57.319] [Render thread/DEBUG] [net.minecraftforge.registries.ForgeRegistry/REGISTRIES]: Registry minecraft:block: Fixed minecraft:block id mismatch aquamirae:painting_oxygelium: 1079 (init) -> 1058 (map).
[11Oct2025 15:38:57.319] [Render thread/DEBUG] [net.minecraftforge.registries.ForgeRegistry/REGISTRIES]: Registry minecraft:block: Fixed minecraft:block id mismatch aquamirae:painting_tortured_soul: 1080 (init) -> 1059 (map).
[11Oct2025 15:38:57.319] [Render thread/DEBUG] [net.minecraftforge.registries.ForgeRegistry/REGISTRIES]: Registry minecraft:block: Fixed minecraft:block id mismatch aquamirae:wisteria_niveis: 1088 (init) -> 1067 (map).
[11Oct2025 15:38:57.319] [Render thread/DEBUG] [net.minecraftforge.registries.ForgeRegistry/REGISTRIES]: Registry minecraft:block: Fixed minecraft:block id mismatch geckolib:fertilizer: 1006 (init) -> 1041 (map).
[11Oct2025 15:38:57.319] [Render thread/DEBUG] [net.minecraftforge.registries.ForgeRegistry/REGISTRIES]: Registry minecraft:block: Fixed minecraft:block id mismatch geckolib:gecko_habitat: 1005 (init) -> 1040 (map).
[11Oct2025 15:38:57.319] [Render thread/DEBUG] [net.minecraftforge.registries.ForgeRegistry/REGISTRIES]: Registry minecraft:block: Fixed minecraft:block id mismatch irons_spellbooks:alchemist_cauldron: 1041 (init) -> 1049 (map).
[11Oct2025 15:38:57.319] [Render thread/DEBUG] [net.minecraftforge.registries.ForgeRegistry/REGISTRIES]: Registry minecraft:block: Fixed minecraft:block id mismatch irons_spellbooks:arcane_anvil: 1038 (init) -> 1046 (map).
[11Oct2025 15:38:57.319] [Render thread/DEBUG] [net.minecraftforge.registries.ForgeRegistry/REGISTRIES]: Registry minecraft:block: Fixed minecraft:block id mismatch irons_spellbooks:arcane_debris: 1039 (init) -> 1047 (map).
[11Oct2025 15:38:57.319] [Render thread/DEBUG] [net.minecraftforge.registries.ForgeRegistry/REGISTRIES]: Registry minecraft:block: Fixed minecraft:block id mismatch irons_spellbooks:armor_pile: 1040 (init) -> 1048 (map).
[11Oct2025 15:38:57.319] [Render thread/DEBUG] [net.minecraftforge.registries.ForgeRegistry/REGISTRIES]: Registry minecraft:block: Fixed minecraft:block id mismatch irons_spellbooks:blood_cauldron: 1037 (init) -> 1045 (map).
[11Oct2025 15:38:57.319] [Render thread/DEBUG] [net.minecraftforge.registries.ForgeRegistry/REGISTRIES]: Registry minecraft:block: Fixed minecraft:block id mismatch irons_spellbooks:firefly_jar: 1042 (init) -> 1050 (map).
[11Oct2025 15:38:57.319] [Render thread/DEBUG] [net.minecraftforge.registries.ForgeRegistry/REGISTRIES]: Registry minecraft:block: Fixed minecraft:block id mismatch irons_spellbooks:inscription_table: 1034 (init) -> 1042 (map).
[11Oct2025 15:38:57.320] [Render thread/DEBUG] [net.minecraftforge.registries.ForgeRegistry/REGISTRIES]: Registry minecraft:block: Fixed minecraft:block id mismatch irons_spellbooks:pedestal: 1036 (init) -> 1044 (map).
[11Oct2025 15:38:57.320] [Render thread/DEBUG] [net.minecraftforge.registries.ForgeRegistry/REGISTRIES]: Registry minecraft:block: Fixed minecraft:block id mismatch irons_spellbooks:scroll_forge: 1035 (init) -> 1043 (map).
[11Oct2025 15:38:57.320] [Render thread/DEBUG] [net.minecraftforge.registries.ForgeRegistry/REGISTRIES]: Registry minecraft:block Override: minecraft:anvil Block{minecraft:anvil} -> Block{minecraft:anvil}
[11Oct2025 15:38:57.321] [Render thread/DEBUG] [net.minecraftforge.registries.ForgeRegistry/REGISTRIES]: Registry minecraft:block Override: minecraft:bamboo Block{minecraft:bamboo} -> Block{minecraft:bamboo}
[11Oct2025 15:38:57.321] [Render thread/DEBUG] [net.minecraftforge.registries.ForgeRegistry/REGISTRIES]: Registry minecraft:block Override: minecraft:cactus Block{minecraft:cactus} -> Block{minecraft:cactus}
[11Oct2025 15:38:57.322] [Render thread/DEBUG] [net.minecraftforge.registries.ForgeRegistry/REGISTRIES]: Registry minecraft:block Override: minecraft:chipped_anvil Block{minecraft:chipped_anvil} -> Block{minecraft:chipped_anvil}
[11Oct2025 15:38:57.323] [Render thread/DEBUG] [net.minecraftforge.registries.ForgeRegistry/REGISTRIES]: Registry minecraft:block Override: minecraft:damaged_anvil Block{minecraft:damaged_anvil} -> Block{minecraft:damaged_anvil}
[11Oct2025 15:38:57.323] [Render thread/DEBUG] [net.minecraftforge.registries.ForgeRegistry/REGISTRIES]: Registry minecraft:block Override: minecraft:enchanting_table Block{minecraft:enchanting_table} -> Block{minecraft:enchanting_table}
[11Oct2025 15:38:57.323] [Render thread/DEBUG] [net.minecraftforge.registries.ForgeRegistry/REGISTRIES]: Registry minecraft:block Override: minecraft:fletching_table Block{minecraft:fletching_table} -> Block{minecraft:fletching_table}
[11Oct2025 15:38:57.326] [Render thread/DEBUG] [net.minecraftforge.registries.ForgeRegistry/REGISTRIES]: Registry minecraft:block Override: minecraft:spawner Block{minecraft:spawner} -> Block{minecraft:spawner}
[11Oct2025 15:38:57.327] [Render thread/DEBUG] [net.minecraftforge.registries.ForgeRegistry/REGISTRIES]: Registry minecraft:block Override: minecraft:sugar_cane Block{minecraft:sugar_cane} -> Block{minecraft:sugar_cane}
[11Oct2025 15:38:57.328] [Render thread/DEBUG] [net.minecraftforge.registries.ForgeRegistry/REGISTRIES]: Registry minecraft:block: Fixed minecraft:block id mismatch tacz:gun_smith_table: 1007 (init) -> 1051 (map).
[11Oct2025 15:38:57.328] [Render thread/DEBUG] [net.minecraftforge.registries.ForgeRegistry/REGISTRIES]: Registry minecraft:block: Fixed minecraft:block id mismatch tacz:statue: 1012 (init) -> 1056 (map).
[11Oct2025 15:38:57.328] [Render thread/DEBUG] [net.minecraftforge.registries.ForgeRegistry/REGISTRIES]: Registry minecraft:block: Fixed minecraft:block id mismatch tacz:target: 1011 (init) -> 1055 (map).
[11Oct2025 15:38:57.328] [Render thread/DEBUG] [net.minecraftforge.registries.ForgeRegistry/REGISTRIES]: Registry minecraft:block: Fixed minecraft:block id mismatch tacz:workbench_a: 1008 (init) -> 1052 (map).
[11Oct2025 15:38:57.328] [Render thread/DEBUG] [net.minecraftforge.registries.ForgeRegistry/REGISTRIES]: Registry minecraft:block: Fixed minecraft:block id mismatch tacz:workbench_b: 1009 (init) -> 1053 (map).
[11Oct2025 15:38:57.328] [Render thread/DEBUG] [net.minecraftforge.registries.ForgeRegistry/REGISTRIES]: Registry minecraft:block: Fixed minecraft:block id mismatch tacz:workbench_c: 1010 (init) -> 1054 (map).
[11Oct2025 15:38:57.328] [Render thread/DEBUG] [net.minecraftforge.registries.ForgeRegistry/REGISTRIES]: Registry minecraft:enchantment: Fixed minecraft:enchantment id mismatch apotheosis:bane_of_illagers: 43 (init) -> 70 (map).
[11Oct2025 15:38:57.328] [Render thread/DEBUG] [net.minecraftforge.registries.ForgeRegistry/REGISTRIES]: Registry minecraft:enchantment: Fixed minecraft:enchantment id mismatch apotheosis:berserkers_fury: 45 (init) -> 40 (map).
[11Oct2025 15:38:57.328] [Render thread/DEBUG] [net.minecraftforge.registries.ForgeRegistry/REGISTRIES]: Registry minecraft:enchantment: Fixed minecraft:enchantment id mismatch apotheosis:capturing: 44 (init) -> 71 (map).
[11Oct2025 15:38:57.329] [Render thread/DEBUG] [net.minecraftforge.registries.ForgeRegistry/REGISTRIES]: Registry minecraft:enchantment: Fixed minecraft:enchantment id mismatch apotheosis:chainsaw: 46 (init) -> 41 (map).
[11Oct2025 15:38:57.329] [Render thread/DEBUG] [net.minecraftforge.registries.ForgeRegistry/REGISTRIES]: Registry minecraft:enchantment: Fixed minecraft:enchantment id mismatch apotheosis:chromatic: 47 (init) -> 42 (map).
[11Oct2025 15:38:57.329] [Render thread/DEBUG] [net.minecraftforge.registries.ForgeRegistry/REGISTRIES]: Registry minecraft:enchantment: Fixed minecraft:enchantment id mismatch apotheosis:crescendo: 48 (init) -> 43 (map).
[11Oct2025 15:38:57.329] [Render thread/DEBUG] [net.minecraftforge.registries.ForgeRegistry/REGISTRIES]: Registry minecraft:enchantment: Fixed minecraft:enchantment id mismatch apotheosis:earths_boon: 49 (init) -> 44 (map).
[11Oct2025 15:38:57.329] [Render thread/DEBUG] [net.minecraftforge.registries.ForgeRegistry/REGISTRIES]: Registry minecraft:enchantment: Fixed minecraft:enchantment id mismatch apotheosis:endless_quiver: 50 (init) -> 45 (map).
[11Oct2025 15:38:57.329] [Render thread/DEBUG] [net.minecraftforge.registries.ForgeRegistry/REGISTRIES]: Registry minecraft:enchantment: Fixed minecraft:enchantment id mismatch apotheosis:exploitation: 51 (init) -> 46 (map).
[11Oct2025 15:38:57.329] [Render thread/DEBUG] [net.minecraftforge.registries.ForgeRegistry/REGISTRIES]: Registry minecraft:enchantment: Fixed minecraft:enchantment id mismatch apotheosis:growth_serum: 52 (init) -> 47 (map).
[11Oct2025 15:38:57.329] [Render thread/DEBUG] [net.minecraftforge.registries.ForgeRegistry/REGISTRIES]: Registry minecraft:enchantment: Fixed minecraft:enchantment id mismatch apotheosis:icy_thorns: 53 (init) -> 48 (map).
[11Oct2025 15:38:57.329] [Render thread/DEBUG] [net.minecraftforge.registries.ForgeRegistry/REGISTRIES]: Registry minecraft:enchantment: Fixed minecraft:enchantment id mismatch apotheosis:infusion: 54 (init) -> 49 (map).
[11Oct2025 15:38:57.329] [Render thread/DEBUG] [net.minecraftforge.registries.ForgeRegistry/REGISTRIES]: Registry minecraft:enchantment: Fixed minecraft:enchantment id mismatch apotheosis:knowledge: 55 (init) -> 50 (map).
[11Oct2025 15:38:57.329] [Render thread/DEBUG] [net.minecraftforge.registries.ForgeRegistry/REGISTRIES]: Registry minecraft:enchantment: Fixed minecraft:enchantment id mismatch apotheosis:life_mending: 56 (init) -> 51 (map).
[11Oct2025 15:38:57.329] [Render thread/DEBUG] [net.minecraftforge.registries.ForgeRegistry/REGISTRIES]: Registry minecraft:enchantment: Fixed minecraft:enchantment id mismatch apotheosis:miners_fervor: 57 (init) -> 52 (map).
[11Oct2025 15:38:57.329] [Render thread/DEBUG] [net.minecraftforge.registries.ForgeRegistry/REGISTRIES]: Registry minecraft:enchantment: Fixed minecraft:enchantment id mismatch apotheosis:natures_blessing: 58 (init) -> 53 (map).
[11Oct2025 15:38:57.329] [Render thread/DEBUG] [net.minecraftforge.registries.ForgeRegistry/REGISTRIES]: Registry minecraft:enchantment: Fixed minecraft:enchantment id mismatch apotheosis:obliteration: 59 (init) -> 54 (map).
[11Oct2025 15:38:57.329] [Render thread/DEBUG] [net.minecraftforge.registries.ForgeRegistry/REGISTRIES]: Registry minecraft:enchantment: Fixed minecraft:enchantment id mismatch apotheosis:rebounding: 60 (init) -> 55 (map).
[11Oct2025 15:38:57.329] [Render thread/DEBUG] [net.minecraftforge.registries.ForgeRegistry/REGISTRIES]: Registry minecraft:enchantment: Fixed minecraft:enchantment id mismatch apotheosis:reflective: 61 (init) -> 56 (map).
[11Oct2025 15:38:57.329] [Render thread/DEBUG] [net.minecraftforge.registries.ForgeRegistry/REGISTRIES]: Registry minecraft:enchantment: Fixed minecraft:enchantment id mismatch apotheosis:scavenger: 62 (init) -> 57 (map).
[11Oct2025 15:38:57.329] [Render thread/DEBUG] [net.minecraftforge.registries.ForgeRegistry/REGISTRIES]: Registry minecraft:enchantment: Fixed minecraft:enchantment id mismatch apotheosis:shield_bash: 63 (init) -> 58 (map).
[11Oct2025 15:38:57.329] [Render thread/DEBUG] [net.minecraftforge.registries.ForgeRegistry/REGISTRIES]: Registry minecraft:enchantment: Fixed minecraft:enchantment id mismatch apotheosis:spearfishing: 64 (init) -> 59 (map).
[11Oct2025 15:38:57.329] [Render thread/DEBUG] [net.minecraftforge.registries.ForgeRegistry/REGISTRIES]: Registry minecraft:enchantment: Fixed minecraft:enchantment id mismatch apotheosis:splitting: 65 (init) -> 60 (map).
[11Oct2025 15:38:57.329] [Render thread/DEBUG] [net.minecraftforge.registries.ForgeRegistry/REGISTRIES]: Registry minecraft:enchantment: Fixed minecraft:enchantment id mismatch apotheosis:stable_footing: 66 (init) -> 61 (map).
[11Oct2025 15:38:57.329] [Render thread/DEBUG] [net.minecraftforge.registries.ForgeRegistry/REGISTRIES]: Registry minecraft:enchantment: Fixed minecraft:enchantment id mismatch apotheosis:tempting: 67 (init) -> 62 (map).
[11Oct2025 15:38:57.329] [Render thread/DEBUG] [net.minecraftforge.registries.ForgeRegistry/REGISTRIES]: Registry minecraft:enchantment: Fixed minecraft:enchantment id mismatch apotheosis_modern_ragnarok:emergency_protector: 69 (init) -> 64 (map).
[11Oct2025 15:38:57.329] [Render thread/DEBUG] [net.minecraftforge.registries.ForgeRegistry/REGISTRIES]: Registry minecraft:enchantment: Fixed minecraft:enchantment id mismatch apotheosis_modern_ragnarok:last_stand: 72 (init) -> 67 (map).
[11Oct2025 15:38:57.329] [Render thread/DEBUG] [net.minecraftforge.registries.ForgeRegistry/REGISTRIES]: Registry minecraft:enchantment: Fixed minecraft:enchantment id mismatch apotheosis_modern_ragnarok:perfect_block: 74 (init) -> 69 (map).
[11Oct2025 15:38:57.330] [Render thread/DEBUG] [net.minecraftforge.registries.ForgeRegistry/REGISTRIES]: Registry minecraft:enchantment: Fixed minecraft:enchantment id mismatch apotheosis_modern_ragnarok:projection_magic: 73 (init) -> 68 (map).
[11Oct2025 15:38:57.330] [Render thread/DEBUG] [net.minecraftforge.registries.ForgeRegistry/REGISTRIES]: Registry minecraft:enchantment: Fixed minecraft:enchantment id mismatch apotheosis_modern_ragnarok:riptide_warhead: 70 (init) -> 65 (map).
[11Oct2025 15:38:57.330] [Render thread/DEBUG] [net.minecraftforge.registries.ForgeRegistry/REGISTRIES]: Registry minecraft:enchantment: Fixed minecraft:enchantment id mismatch apotheosis_modern_ragnarok:stability: 68 (init) -> 63 (map).
[11Oct2025 15:38:57.330] [Render thread/DEBUG] [net.minecraftforge.registries.ForgeRegistry/REGISTRIES]: Registry minecraft:enchantment: Fixed minecraft:enchantment id mismatch apotheosis_modern_ragnarok:survival_instinct: 71 (init) -> 66 (map).
[11Oct2025 15:38:57.330] [Render thread/DEBUG] [net.minecraftforge.registries.ForgeRegistry/REGISTRIES]: Registry minecraft:enchantment Override: minecraft:bane_of_arthropods net.minecraft.world.item.enchantment.DamageEnchantment@21f02214 -> dev.shadowsoffire.apotheosis.ench.replacements.BaneEnchant@2ba9ed19
[11Oct2025 15:38:57.330] [Render thread/DEBUG] [net.minecraftforge.registries.ForgeRegistry/REGISTRIES]: Registry minecraft:enchantment Override: minecraft:blast_protection net.minecraft.world.item.enchantment.ProtectionEnchantment@4fe507f2 -> dev.shadowsoffire.apotheosis.ench.replacements.DefenseEnchant@25dc2c0
[11Oct2025 15:38:57.330] [Render thread/DEBUG] [net.minecraftforge.registries.ForgeRegistry/REGISTRIES]: Registry minecraft:enchantment Override: minecraft:feather_falling net.minecraft.world.item.enchantment.ProtectionEnchantment@79cd8532 -> dev.shadowsoffire.apotheosis.ench.replacements.DefenseEnchant@263e512e
[11Oct2025 15:38:57.330] [Render thread/DEBUG] [net.minecraftforge.registries.ForgeRegistry/REGISTRIES]: Registry minecraft:enchantment Override: minecraft:fire_protection net.minecraft.world.item.enchantment.ProtectionEnchantment@2bb69a17 -> dev.shadowsoffire.apotheosis.ench.replacements.DefenseEnchant@4add4dff
[11Oct2025 15:38:57.330] [Render thread/DEBUG] [net.minecraftforge.registries.ForgeRegistry/REGISTRIES]: Registry minecraft:enchantment Override: minecraft:projectile_protection net.minecraft.world.item.enchantment.ProtectionEnchantment@72c3964c -> dev.shadowsoffire.apotheosis.ench.replacements.DefenseEnchant@192ecf8
[11Oct2025 15:38:57.330] [Render thread/DEBUG] [net.minecraftforge.registries.ForgeRegistry/REGISTRIES]: Registry minecraft:enchantment Override: minecraft:protection net.minecraft.world.item.enchantment.ProtectionEnchantment@6da8c432 -> dev.shadowsoffire.apotheosis.ench.replacements.DefenseEnchant@4e3d36c2
[11Oct2025 15:38:57.330] [Render thread/DEBUG] [net.minecraftforge.registries.ForgeRegistry/REGISTRIES]: Registry minecraft:enchantment Override: minecraft:sharpness net.minecraft.world.item.enchantment.DamageEnchantment@2df86dfc -> dev.shadowsoffire.apotheosis.ench.replacements.BaneEnchant@1b53e6fc
[11Oct2025 15:38:57.330] [Render thread/DEBUG] [net.minecraftforge.registries.ForgeRegistry/REGISTRIES]: Registry minecraft:enchantment Override: minecraft:smite net.minecraft.world.item.enchantment.DamageEnchantment@75964bfa -> dev.shadowsoffire.apotheosis.ench.replacements.BaneEnchant@3293030b
[11Oct2025 15:38:57.330] [Render thread/DEBUG] [net.minecraftforge.registries.ForgeRegistry/REGISTRIES]: Registry minecraft:enchantment: Fixed minecraft:enchantment id mismatch obscure_api:distance: 42 (init) -> 74 (map).
[11Oct2025 15:38:57.330] [Render thread/DEBUG] [net.minecraftforge.registries.ForgeRegistry/REGISTRIES]: Registry minecraft:enchantment: Fixed minecraft:enchantment id mismatch obscure_api:fast_spin: 41 (init) -> 73 (map).
[11Oct2025 15:38:57.330] [Render thread/DEBUG] [net.minecraftforge.registries.ForgeRegistry/REGISTRIES]: Registry minecraft:enchantment: Fixed minecraft:enchantment id mismatch obscure_api:mirror: 40 (init) -> 72 (map).
[11Oct2025 15:38:57.330] [Render thread/DEBUG] [net.minecraftforge.registries.ForgeRegistry/REGISTRIES]: Registry minecraft:entity_type: Fixed minecraft:entity_type id mismatch apotheosis:broadhead_arrow: 139 (init) -> 209 (map).
[11Oct2025 15:38:57.331] [Render thread/DEBUG] [net.minecraftforge.registries.ForgeRegistry/REGISTRIES]: Registry minecraft:entity_type: Fixed minecraft:entity_type id mismatch apotheosis:explosive_arrow: 140 (init) -> 210 (map).
[11Oct2025 15:38:57.331] [Render thread/DEBUG] [net.minecraftforge.registries.ForgeRegistry/REGISTRIES]: Registry minecraft:entity_type: Fixed minecraft:entity_type id mismatch apotheosis:mining_arrow: 141 (init) -> 211 (map).
[11Oct2025 15:38:57.331] [Render thread/DEBUG] [net.minecraftforge.registries.ForgeRegistry/REGISTRIES]: Registry minecraft:entity_type: Fixed minecraft:entity_type id mismatch apotheosis:obsidian_arrow: 138 (init) -> 208 (map).
[11Oct2025 15:38:57.331] [Render thread/DEBUG] [net.minecraftforge.registries.ForgeRegistry/REGISTRIES]: Registry minecraft:entity_type: Fixed minecraft:entity_type id mismatch dummmmmmy:target_dummy: 213 (init) -> 207 (map).
[11Oct2025 15:38:57.331] [Render thread/DEBUG] [net.minecraftforge.registries.ForgeRegistry/REGISTRIES]: Registry minecraft:entity_type: Fixed minecraft:entity_type id mismatch geckolib:bat: 127 (init) -> 126 (map).
[11Oct2025 15:38:57.331] [Render thread/DEBUG] [net.minecraftforge.registries.ForgeRegistry/REGISTRIES]: Registry minecraft:entity_type: Fixed minecraft:entity_type id mismatch geckolib:bike: 128 (init) -> 127 (map).
[11Oct2025 15:38:57.331] [Render thread/DEBUG] [net.minecraftforge.registries.ForgeRegistry/REGISTRIES]: Registry minecraft:entity_type: Fixed minecraft:entity_type id mismatch geckolib:cool_kid: 133 (init) -> 132 (map).
[11Oct2025 15:38:57.331] [Render thread/DEBUG] [net.minecraftforge.registries.ForgeRegistry/REGISTRIES]: Registry minecraft:entity_type: Fixed minecraft:entity_type id mismatch geckolib:fake_glass: 132 (init) -> 131 (map).
[11Oct2025 15:38:57.331] [Render thread/DEBUG] [net.minecraftforge.registries.ForgeRegistry/REGISTRIES]: Registry minecraft:entity_type: Fixed minecraft:entity_type id mismatch geckolib:gremlin: 134 (init) -> 133 (map).
[11Oct2025 15:38:57.331] [Render thread/DEBUG] [net.minecraftforge.registries.ForgeRegistry/REGISTRIES]: Registry minecraft:entity_type: Fixed minecraft:entity_type id mismatch geckolib:mutant_zombie: 131 (init) -> 130 (map).
[11Oct2025 15:38:57.331] [Render thread/DEBUG] [net.minecraftforge.registries.ForgeRegistry/REGISTRIES]: Registry minecraft:entity_type: Fixed minecraft:entity_type id mismatch geckolib:parasite: 130 (init) -> 129 (map).
[11Oct2025 15:38:57.331] [Render thread/DEBUG] [net.minecraftforge.registries.ForgeRegistry/REGISTRIES]: Registry minecraft:entity_type: Fixed minecraft:entity_type id mismatch geckolib:race_car: 129 (init) -> 128 (map).
[11Oct2025 15:38:57.331] [Render thread/DEBUG] [net.minecraftforge.registries.ForgeRegistry/REGISTRIES]: Registry minecraft:entity_type: Fixed minecraft:entity_type id mismatch gunsmithlib:area_effect_cloud_3d: 126 (init) -> 212 (map).
[11Oct2025 15:38:57.331] [Render thread/DEBUG] [net.minecraftforge.registries.ForgeRegistry/REGISTRIES]: Registry minecraft:entity_type: Fixed minecraft:entity_type id mismatch irons_spellbooks:acid_orb: 185 (init) -> 177 (map).
[11Oct2025 15:38:57.331] [Render thread/DEBUG] [net.minecraftforge.registries.ForgeRegistry/REGISTRIES]: Registry minecraft:entity_type: Fixed minecraft:entity_type id mismatch irons_spellbooks:apothecarist: 209 (init) -> 201 (map).
[11Oct2025 15:38:57.331] [Render thread/DEBUG] [net.minecraftforge.registries.ForgeRegistry/REGISTRIES]: Registry minecraft:entity_type: Fixed minecraft:entity_type id mismatch irons_spellbooks:archevoker: 173 (init) -> 165 (map).
[11Oct2025 15:38:57.331] [Render thread/DEBUG] [net.minecraftforge.registries.ForgeRegistry/REGISTRIES]: Registry minecraft:entity_type: Fixed minecraft:entity_type id mismatch irons_spellbooks:arrow_volley: 205 (init) -> 197 (map).
[11Oct2025 15:38:57.331] [Render thread/DEBUG] [net.minecraftforge.registries.ForgeRegistry/REGISTRIES]: Registry minecraft:entity_type: Fixed minecraft:entity_type id mismatch irons_spellbooks:ball_lightning: 212 (init) -> 204 (map).
[11Oct2025 15:38:57.331] [Render thread/DEBUG] [net.minecraftforge.registries.ForgeRegistry/REGISTRIES]: Registry minecraft:entity_type: Fixed minecraft:entity_type id mismatch irons_spellbooks:black_hole: 187 (init) -> 179 (map).
[11Oct2025 15:38:57.331] [Render thread/DEBUG] [net.minecraftforge.registries.ForgeRegistry/REGISTRIES]: Registry minecraft:entity_type: Fixed minecraft:entity_type id mismatch irons_spellbooks:blood_needle: 188 (init) -> 180 (map).
[11Oct2025 15:38:57.331] [Render thread/DEBUG] [net.minecraftforge.registries.ForgeRegistry/REGISTRIES]: Registry minecraft:entity_type: Fixed minecraft:entity_type id mismatch irons_spellbooks:blood_slash: 146 (init) -> 138 (map).
[11Oct2025 15:38:57.331] [Render thread/DEBUG] [net.minecraftforge.registries.ForgeRegistry/REGISTRIES]: Registry minecraft:entity_type: Fixed minecraft:entity_type id mismatch irons_spellbooks:catacombs_zombie: 172 (init) -> 164 (map).
[11Oct2025 15:38:57.331] [Render thread/DEBUG] [net.minecraftforge.registries.ForgeRegistry/REGISTRIES]: Registry minecraft:entity_type: Fixed minecraft:entity_type id mismatch irons_spellbooks:chain_lightning: 199 (init) -> 191 (map).
[11Oct2025 15:38:57.331] [Render thread/DEBUG] [net.minecraftforge.registries.ForgeRegistry/REGISTRIES]: Registry minecraft:entity_type: Fixed minecraft:entity_type id mismatch irons_spellbooks:citadel_keeper: 175 (init) -> 167 (map).
[11Oct2025 15:38:57.331] [Render thread/DEBUG] [net.minecraftforge.registries.ForgeRegistry/REGISTRIES]: Registry minecraft:entity_type: Fixed minecraft:entity_type id mismatch irons_spellbooks:comet: 191 (init) -> 183 (map).
[11Oct2025 15:38:57.332] [Render thread/DEBUG] [net.minecraftforge.registries.ForgeRegistry/REGISTRIES]: Registry minecraft:entity_type: Fixed minecraft:entity_type id mismatch irons_spellbooks:cone_of_cold: 145 (init) -> 137 (map).
[11Oct2025 15:38:57.332] [Render thread/DEBUG] [net.minecraftforge.registries.ForgeRegistry/REGISTRIES]: Registry minecraft:entity_type: Fixed minecraft:entity_type id mismatch irons_spellbooks:creeper_head: 165 (init) -> 157 (map).
[11Oct2025 15:38:57.332] [Render thread/DEBUG] [net.minecraftforge.registries.ForgeRegistry/REGISTRIES]: Registry minecraft:entity_type: Fixed minecraft:entity_type id mismatch irons_spellbooks:cryomancer: 158 (init) -> 150 (map).
[11Oct2025 15:38:57.332] [Render thread/DEBUG] [net.minecraftforge.registries.ForgeRegistry/REGISTRIES]: Registry minecraft:entity_type: Fixed minecraft:entity_type id mismatch irons_spellbooks:cultist: 211 (init) -> 203 (map).
[11Oct2025 15:38:57.332] [Render thread/DEBUG] [net.minecraftforge.registries.ForgeRegistry/REGISTRIES]: Registry minecraft:entity_type: Fixed minecraft:entity_type id mismatch irons_spellbooks:dead_king: 170 (init) -> 162 (map).
[11Oct2025 15:38:57.332] [Render thread/DEBUG] [net.minecraftforge.registries.ForgeRegistry/REGISTRIES]: Registry minecraft:entity_type: Fixed minecraft:entity_type id mismatch irons_spellbooks:dead_king_corpse: 171 (init) -> 163 (map).
[11Oct2025 15:38:57.332] [Render thread/DEBUG] [net.minecraftforge.registries.ForgeRegistry/REGISTRIES]: Registry minecraft:entity_type: Fixed minecraft:entity_type id mismatch irons_spellbooks:debug_wizard: 152 (init) -> 144 (map).
[11Oct2025 15:38:57.332] [Render thread/DEBUG] [net.minecraftforge.registries.ForgeRegistry/REGISTRIES]: Registry minecraft:entity_type: Fixed minecraft:entity_type id mismatch irons_spellbooks:devour_jaw: 202 (init) -> 194 (map).
[11Oct2025 15:38:57.332] [Render thread/DEBUG] [net.minecraftforge.registries.ForgeRegistry/REGISTRIES]: Registry minecraft:entity_type: Fixed minecraft:entity_type id mismatch irons_spellbooks:dragon_breath: 151 (init) -> 143 (map).
[11Oct2025 15:38:57.332] [Render thread/DEBUG] [net.minecraftforge.registries.ForgeRegistry/REGISTRIES]: Registry minecraft:entity_type: Fixed minecraft:entity_type id mismatch irons_spellbooks:dragon_breath_pool: 180 (init) -> 172 (map).
[11Oct2025 15:38:57.332] [Render thread/DEBUG] [net.minecraftforge.registries.ForgeRegistry/REGISTRIES]: Registry minecraft:entity_type: Fixed minecraft:entity_type id mismatch irons_spellbooks:earthquake_aoe: 194 (init) -> 186 (map).
[11Oct2025 15:38:57.332] [Render thread/DEBUG] [net.minecraftforge.registries.ForgeRegistry/REGISTRIES]: Registry minecraft:entity_type: Fixed minecraft:entity_type id mismatch irons_spellbooks:echoing_strike: 210 (init) -> 202 (map).
[11Oct2025 15:38:57.332] [Render thread/DEBUG] [net.minecraftforge.registries.ForgeRegistry/REGISTRIES]: Registry minecraft:entity_type: Fixed minecraft:entity_type id mismatch irons_spellbooks:eldritch_blast: 201 (init) -> 193 (map).
[11Oct2025 15:38:57.332] [Render thread/DEBUG] [net.minecraftforge.registries.ForgeRegistry/REGISTRIES]: Registry minecraft:entity_type: Fixed minecraft:entity_type id mismatch irons_spellbooks:electrocute: 147 (init) -> 139 (map).
[11Oct2025 15:38:57.332] [Render thread/DEBUG] [net.minecraftforge.registries.ForgeRegistry/REGISTRIES]: Registry minecraft:entity_type: Fixed minecraft:entity_type id mismatch irons_spellbooks:fire_breath: 150 (init) -> 142 (map).
[11Oct2025 15:38:57.332] [Render thread/DEBUG] [net.minecraftforge.registries.ForgeRegistry/REGISTRIES]: Registry minecraft:entity_type: Fixed minecraft:entity_type id mismatch irons_spellbooks:fire_field: 189 (init) -> 181 (map).
[11Oct2025 15:38:57.332] [Render thread/DEBUG] [net.minecraftforge.registries.ForgeRegistry/REGISTRIES]: Registry minecraft:entity_type: Fixed minecraft:entity_type id mismatch irons_spellbooks:fireball: 168 (init) -> 160 (map).
[11Oct2025 15:38:57.332] [Render thread/DEBUG] [net.minecraftforge.registries.ForgeRegistry/REGISTRIES]: Registry minecraft:entity_type: Fixed minecraft:entity_type id mismatch irons_spellbooks:firebolt: 148 (init) -> 140 (map).
[11Oct2025 15:38:57.332] [Render thread/DEBUG] [net.minecraftforge.registries.ForgeRegistry/REGISTRIES]: Registry minecraft:entity_type: Fixed minecraft:entity_type id mismatch irons_spellbooks:firefly_swarm: 203 (init) -> 195 (map).
[11Oct2025 15:38:57.332] [Render thread/DEBUG] [net.minecraftforge.registries.ForgeRegistry/REGISTRIES]: Registry minecraft:entity_type: Fixed minecraft:entity_type id mismatch irons_spellbooks:flame_strike: 204 (init) -> 196 (map).
[11Oct2025 15:38:57.332] [Render thread/DEBUG] [net.minecraftforge.registries.ForgeRegistry/REGISTRIES]: Registry minecraft:entity_type: Fixed minecraft:entity_type id mismatch irons_spellbooks:frozen_humanoid: 166 (init) -> 158 (map).
[11Oct2025 15:38:57.332] [Render thread/DEBUG] [net.minecraftforge.registries.ForgeRegistry/REGISTRIES]: Registry minecraft:entity_type: Fixed minecraft:entity_type id mismatch irons_spellbooks:guiding_bolt: 197 (init) -> 189 (map).
[11Oct2025 15:38:57.332] [Render thread/DEBUG] [net.minecraftforge.registries.ForgeRegistry/REGISTRIES]: Registry minecraft:entity_type: Fixed minecraft:entity_type id mismatch irons_spellbooks:gust: 198 (init) -> 190 (map).
[11Oct2025 15:38:57.332] [Render thread/DEBUG] [net.minecraftforge.registries.ForgeRegistry/REGISTRIES]: Registry minecraft:entity_type: Fixed minecraft:entity_type id mismatch irons_spellbooks:healing_aoe: 193 (init) -> 185 (map).
[11Oct2025 15:38:57.332] [Render thread/DEBUG] [net.minecraftforge.registries.ForgeRegistry/REGISTRIES]: Registry minecraft:entity_type: Fixed minecraft:entity_type id mismatch irons_spellbooks:ice_block_projectile: 177 (init) -> 169 (map).
[11Oct2025 15:38:57.332] [Render thread/DEBUG] [net.minecraftforge.registries.ForgeRegistry/REGISTRIES]: Registry minecraft:entity_type: Fixed minecraft:entity_type id mismatch irons_spellbooks:icicle: 149 (init) -> 141 (map).
[11Oct2025 15:38:57.332] [Render thread/DEBUG] [net.minecraftforge.registries.ForgeRegistry/REGISTRIES]: Registry minecraft:entity_type: Fixed minecraft:entity_type id mismatch irons_spellbooks:lightning_lance: 159 (init) -> 151 (map).
[11Oct2025 15:38:57.332] [Render thread/DEBUG] [net.minecraftforge.registries.ForgeRegistry/REGISTRIES]: Registry minecraft:entity_type: Fixed minecraft:entity_type id mismatch irons_spellbooks:lightning_strike: 208 (init) -> 200 (map).
[11Oct2025 15:38:57.332] [Render thread/DEBUG] [net.minecraftforge.registries.ForgeRegistry/REGISTRIES]: Registry minecraft:entity_type: Fixed minecraft:entity_type id mismatch irons_spellbooks:magehunter_vindicator: 174 (init) -> 166 (map).
[11Oct2025 15:38:57.332] [Render thread/DEBUG] [net.minecraftforge.registries.ForgeRegistry/REGISTRIES]: Registry minecraft:entity_type: Fixed minecraft:entity_type id mismatch irons_spellbooks:magic_arrow: 164 (init) -> 156 (map).
[11Oct2025 15:38:57.332] [Render thread/DEBUG] [net.minecraftforge.registries.ForgeRegistry/REGISTRIES]: Registry minecraft:entity_type: Fixed minecraft:entity_type id mismatch irons_spellbooks:magic_missile: 144 (init) -> 136 (map).
[11Oct2025 15:38:57.332] [Render thread/DEBUG] [net.minecraftforge.registries.ForgeRegistry/REGISTRIES]: Registry minecraft:entity_type: Fixed minecraft:entity_type id mismatch irons_spellbooks:magma_ball: 190 (init) -> 182 (map).
[11Oct2025 15:38:57.332] [Render thread/DEBUG] [net.minecraftforge.registries.ForgeRegistry/REGISTRIES]: Registry minecraft:entity_type: Fixed minecraft:entity_type id mismatch irons_spellbooks:necromancer: 160 (init) -> 152 (map).
[11Oct2025 15:38:57.332] [Render thread/DEBUG] [net.minecraftforge.registries.ForgeRegistry/REGISTRIES]: Registry minecraft:entity_type: Fixed minecraft:entity_type id mismatch irons_spellbooks:poison_arrow: 182 (init) -> 174 (map).
[11Oct2025 15:38:57.333] [Render thread/DEBUG] [net.minecraftforge.registries.ForgeRegistry/REGISTRIES]: Registry minecraft:entity_type: Fixed minecraft:entity_type id mismatch irons_spellbooks:poison_breath: 181 (init) -> 173 (map).
[11Oct2025 15:38:57.333] [Render thread/DEBUG] [net.minecraftforge.registries.ForgeRegistry/REGISTRIES]: Registry minecraft:entity_type: Fixed minecraft:entity_type id mismatch irons_spellbooks:poison_cloud: 178 (init) -> 170 (map).
[11Oct2025 15:38:57.333] [Render thread/DEBUG] [net.minecraftforge.registries.ForgeRegistry/REGISTRIES]: Registry minecraft:entity_type: Fixed minecraft:entity_type id mismatch irons_spellbooks:poison_splash: 184 (init) -> 176 (map).
[11Oct2025 15:38:57.333] [Render thread/DEBUG] [net.minecraftforge.registries.ForgeRegistry/REGISTRIES]: Registry minecraft:entity_type: Fixed minecraft:entity_type id mismatch irons_spellbooks:portal: 206 (init) -> 198 (map).
[11Oct2025 15:38:57.333] [Render thread/DEBUG] [net.minecraftforge.registries.ForgeRegistry/REGISTRIES]: Registry minecraft:entity_type: Fixed minecraft:entity_type id mismatch irons_spellbooks:priest: 195 (init) -> 187 (map).
[11Oct2025 15:38:57.333] [Render thread/DEBUG] [net.minecraftforge.registries.ForgeRegistry/REGISTRIES]: Registry minecraft:entity_type: Fixed minecraft:entity_type id mismatch irons_spellbooks:pyromancer: 157 (init) -> 149 (map).
[11Oct2025 15:38:57.333] [Render thread/DEBUG] [net.minecraftforge.registries.ForgeRegistry/REGISTRIES]: Registry minecraft:entity_type: Fixed minecraft:entity_type id mismatch irons_spellbooks:ray_of_frost: 200 (init) -> 192 (map).
[11Oct2025 15:38:57.333] [Render thread/DEBUG] [net.minecraftforge.registries.ForgeRegistry/REGISTRIES]: Registry minecraft:entity_type: Fixed minecraft:entity_type id mismatch irons_spellbooks:root: 186 (init) -> 178 (map).
[11Oct2025 15:38:57.333] [Render thread/DEBUG] [net.minecraftforge.registries.ForgeRegistry/REGISTRIES]: Registry minecraft:entity_type: Fixed minecraft:entity_type id mismatch irons_spellbooks:sculk_tentacle: 176 (init) -> 168 (map).
[11Oct2025 15:38:57.333] [Render thread/DEBUG] [net.minecraftforge.registries.ForgeRegistry/REGISTRIES]: Registry minecraft:entity_type: Fixed minecraft:entity_type id mismatch irons_spellbooks:shield: 154 (init) -> 146 (map).
[11Oct2025 15:38:57.333] [Render thread/DEBUG] [net.minecraftforge.registries.ForgeRegistry/REGISTRIES]: Registry minecraft:entity_type: Fixed minecraft:entity_type id mismatch irons_spellbooks:small_fireball: 167 (init) -> 159 (map).
[11Oct2025 15:38:57.333] [Render thread/DEBUG] [net.minecraftforge.registries.ForgeRegistry/REGISTRIES]: Registry minecraft:entity_type: Fixed minecraft:entity_type id mismatch irons_spellbooks:small_magic_arrow: 183 (init) -> 175 (map).
[11Oct2025 15:38:57.333] [Render thread/DEBUG] [net.minecraftforge.registries.ForgeRegistry/REGISTRIES]: Registry minecraft:entity_type: Fixed minecraft:entity_type id mismatch irons_spellbooks:spectral_hammer: 143 (init) -> 135 (map).
[11Oct2025 15:38:57.333] [Render thread/DEBUG] [net.minecraftforge.registries.ForgeRegistry/REGISTRIES]: Registry minecraft:entity_type: Fixed minecraft:entity_type id mismatch irons_spellbooks:spectral_steed: 153 (init) -> 145 (map).
[11Oct2025 15:38:57.333] [Render thread/DEBUG] [net.minecraftforge.registries.ForgeRegistry/REGISTRIES]: Registry minecraft:entity_type: Fixed minecraft:entity_type id mismatch irons_spellbooks:stomp_aoe: 207 (init) -> 199 (map).
[11Oct2025 15:38:57.333] [Render thread/DEBUG] [net.minecraftforge.registries.ForgeRegistry/REGISTRIES]: Registry minecraft:entity_type: Fixed minecraft:entity_type id mismatch irons_spellbooks:summoned_polar_bear: 169 (init) -> 161 (map).
[11Oct2025 15:38:57.333] [Render thread/DEBUG] [net.minecraftforge.registries.ForgeRegistry/REGISTRIES]: Registry minecraft:entity_type: Fixed minecraft:entity_type id mismatch irons_spellbooks:summoned_skeleton: 162 (init) -> 154 (map).
[11Oct2025 15:38:57.333] [Render thread/DEBUG] [net.minecraftforge.registries.ForgeRegistry/REGISTRIES]: Registry minecraft:entity_type: Fixed minecraft:entity_type id mismatch irons_spellbooks:summoned_vex: 156 (init) -> 148 (map).
[11Oct2025 15:38:57.333] [Render thread/DEBUG] [net.minecraftforge.registries.ForgeRegistry/REGISTRIES]: Registry minecraft:entity_type: Fixed minecraft:entity_type id mismatch irons_spellbooks:summoned_zombie: 161 (init) -> 153 (map).
[11Oct2025 15:38:57.333] [Render thread/DEBUG] [net.minecraftforge.registries.ForgeRegistry/REGISTRIES]: Registry minecraft:entity_type: Fixed minecraft:entity_type id mismatch irons_spellbooks:sunbeam: 179 (init) -> 171 (map).
[11Oct2025 15:38:57.333] [Render thread/DEBUG] [net.minecraftforge.registries.ForgeRegistry/REGISTRIES]: Registry minecraft:entity_type: Fixed minecraft:entity_type id mismatch irons_spellbooks:target_area: 192 (init) -> 184 (map).
[11Oct2025 15:38:57.333] [Render thread/DEBUG] [net.minecraftforge.registries.ForgeRegistry/REGISTRIES]: Registry minecraft:entity_type: Fixed minecraft:entity_type id mismatch irons_spellbooks:visual_falling_block: 196 (init) -> 188 (map).
[11Oct2025 15:38:57.333] [Render thread/DEBUG] [net.minecraftforge.registries.ForgeRegistry/REGISTRIES]: Registry minecraft:entity_type: Fixed minecraft:entity_type id mismatch irons_spellbooks:wall_of_fire: 155 (init) -> 147 (map).
[11Oct2025 15:38:57.333] [Render thread/DEBUG] [net.minecraftforge.registries.ForgeRegistry/REGISTRIES]: Registry minecraft:entity_type: Fixed minecraft:entity_type id mismatch irons_spellbooks:wisp: 142 (init) -> 134 (map).
[11Oct2025 15:38:57.333] [Render thread/DEBUG] [net.minecraftforge.registries.ForgeRegistry/REGISTRIES]: Registry minecraft:entity_type: Fixed minecraft:entity_type id mismatch irons_spellbooks:wither_skull: 163 (init) -> 155 (map).
[11Oct2025 15:38:57.334] [Render thread/DEBUG] [net.minecraftforge.registries.ForgeRegistry/REGISTRIES]: Registry minecraft:entity_type: Fixed minecraft:entity_type id mismatch obscure_api:vfx: 137 (init) -> 213 (map).
[11Oct2025 15:38:57.334] [Render thread/DEBUG] [net.minecraftforge.registries.ForgeRegistry/REGISTRIES]: Registry minecraft:entity_type: Fixed minecraft:entity_type id mismatch tacz:bullet: 135 (init) -> 205 (map).
[11Oct2025 15:38:57.334] [Render thread/DEBUG] [net.minecraftforge.registries.ForgeRegistry/REGISTRIES]: Registry minecraft:entity_type: Fixed minecraft:entity_type id mismatch tacz:target_minecart: 136 (init) -> 206 (map).
[11Oct2025 15:38:57.334] [Render thread/DEBUG] [net.minecraftforge.registries.ForgeRegistry/REGISTRIES]: Registry minecraft:item: Fixed minecraft:item id mismatch apotheosis:ancient_material: 1555 (init) -> 1315 (map).
[11Oct2025 15:38:57.334] [Render thread/DEBUG] [net.minecraftforge.registries.ForgeRegistry/REGISTRIES]: Registry minecraft:item: Fixed minecraft:item id mismatch apotheosis:augmenting_table: 1568 (init) -> 1328 (map).
[11Oct2025 15:38:57.334] [Render thread/DEBUG] [net.minecraftforge.registries.ForgeRegistry/REGISTRIES]: Registry minecraft:item: Fixed minecraft:item id mismatch apotheosis:beeshelf: 1505 (init) -> 1265 (map).
[11Oct2025 15:38:57.334] [Render thread/DEBUG] [net.minecraftforge.registries.ForgeRegistry/REGISTRIES]: Registry minecraft:item: Fixed minecraft:item id mismatch apotheosis:blazing_hellshelf: 1506 (init) -> 1266 (map).
[11Oct2025 15:38:57.334] [Render thread/DEBUG] [net.minecraftforge.registries.ForgeRegistry/REGISTRIES]: Registry minecraft:item: Fixed minecraft:item id mismatch apotheosis:boots_tome: 1507 (init) -> 1267 (map).
[11Oct2025 15:38:57.334] [Render thread/DEBUG] [net.minecraftforge.registries.ForgeRegistry/REGISTRIES]: Registry minecraft:item: Fixed minecraft:item id mismatch apotheosis:boss_summoner: 1563 (init) -> 1323 (map).
[11Oct2025 15:38:57.334] [Render thread/DEBUG] [net.minecraftforge.registries.ForgeRegistry/REGISTRIES]: Registry minecraft:item: Fixed minecraft:item id mismatch apotheosis:bow_tome: 1508 (init) -> 1268 (map).
[11Oct2025 15:38:57.334] [Render thread/DEBUG] [net.minecraftforge.registries.ForgeRegistry/REGISTRIES]: Registry minecraft:item: Fixed minecraft:item id mismatch apotheosis:broadhead_arrow: 1335 (init) -> 1532 (map).
[11Oct2025 15:38:57.334] [Render thread/DEBUG] [net.minecraftforge.registries.ForgeRegistry/REGISTRIES]: Registry minecraft:item: Fixed minecraft:item id mismatch apotheosis:chestplate_tome: 1509 (init) -> 1269 (map).
[11Oct2025 15:38:57.334] [Render thread/DEBUG] [net.minecraftforge.registries.ForgeRegistry/REGISTRIES]: Registry minecraft:item: Fixed minecraft:item id mismatch apotheosis:common_material: 1550 (init) -> 1310 (map).
[11Oct2025 15:38:57.334] [Render thread/DEBUG] [net.minecraftforge.registries.ForgeRegistry/REGISTRIES]: Registry minecraft:item: Fixed minecraft:item id mismatch apotheosis:crystal_seashelf: 1510 (init) -> 1270 (map).
[11Oct2025 15:38:57.334] [Render thread/DEBUG] [net.minecraftforge.registries.ForgeRegistry/REGISTRIES]: Registry minecraft:item: Fixed minecraft:item id mismatch apotheosis:deepshelf: 1511 (init) -> 1271 (map).
[11Oct2025 15:38:57.335] [Render thread/DEBUG] [net.minecraftforge.registries.ForgeRegistry/REGISTRIES]: Registry minecraft:item: Fixed minecraft:item id mismatch apotheosis:diamond_mining_arrow: 1338 (init) -> 1535 (map).
[11Oct2025 15:38:57.335] [Render thread/DEBUG] [net.minecraftforge.registries.ForgeRegistry/REGISTRIES]: Registry minecraft:item: Fixed minecraft:item id mismatch apotheosis:dormant_deepshelf: 1512 (init) -> 1272 (map).
[11Oct2025 15:38:57.335] [Render thread/DEBUG] [net.minecraftforge.registries.ForgeRegistry/REGISTRIES]: Registry minecraft:item: Fixed minecraft:item id mismatch apotheosis:draconic_endshelf: 1513 (init) -> 1273 (map).
[11Oct2025 15:38:57.335] [Render thread/DEBUG] [net.minecraftforge.registries.ForgeRegistry/REGISTRIES]: Registry minecraft:item: Fixed minecraft:item id mismatch apotheosis:echoing_deepshelf: 1514 (init) -> 1274 (map).
[11Oct2025 15:38:57.335] [Render thread/DEBUG] [net.minecraftforge.registries.ForgeRegistry/REGISTRIES]: Registry minecraft:item: Fixed minecraft:item id mismatch apotheosis:echoing_sculkshelf: 1515 (init) -> 1275 (map).
[11Oct2025 15:38:57.335] [Render thread/DEBUG] [net.minecraftforge.registries.ForgeRegistry/REGISTRIES]: Registry minecraft:item: Fixed minecraft:item id mismatch apotheosis:ender_lead: 1331 (init) -> 1528 (map).
[11Oct2025 15:38:57.335] [Render thread/DEBUG] [net.minecraftforge.registries.ForgeRegistry/REGISTRIES]: Registry minecraft:item: Fixed minecraft:item id mismatch apotheosis:ender_library: 1516 (init) -> 1276 (map).
[11Oct2025 15:38:57.335] [Render thread/DEBUG] [net.minecraftforge.registries.ForgeRegistry/REGISTRIES]: Registry minecraft:item: Fixed minecraft:item id mismatch apotheosis:endshelf: 1517 (init) -> 1277 (map).
[11Oct2025 15:38:57.335] [Render thread/DEBUG] [net.minecraftforge.registries.ForgeRegistry/REGISTRIES]: Registry minecraft:item: Fixed minecraft:item id mismatch apotheosis:epic_material: 1553 (init) -> 1313 (map).
[11Oct2025 15:38:57.335] [Render thread/DEBUG] [net.minecraftforge.registries.ForgeRegistry/REGISTRIES]: Registry minecraft:item: Fixed minecraft:item id mismatch apotheosis:explosive_arrow: 1336 (init) -> 1533 (map).
[11Oct2025 15:38:57.335] [Render thread/DEBUG] [net.minecraftforge.registries.ForgeRegistry/REGISTRIES]: Registry minecraft:item: Fixed minecraft:item id mismatch apotheosis:extraction_tome: 1518 (init) -> 1278 (map).
[11Oct2025 15:38:57.335] [Render thread/DEBUG] [net.minecraftforge.registries.ForgeRegistry/REGISTRIES]: Registry minecraft:item: Fixed minecraft:item id mismatch apotheosis:filtering_shelf: 1548 (init) -> 1308 (map).
[11Oct2025 15:38:57.335] [Render thread/DEBUG] [net.minecraftforge.registries.ForgeRegistry/REGISTRIES]: Registry minecraft:item: Fixed minecraft:item id mismatch apotheosis:fishing_tome: 1519 (init) -> 1279 (map).
[11Oct2025 15:38:57.335] [Render thread/DEBUG] [net.minecraftforge.registries.ForgeRegistry/REGISTRIES]: Registry minecraft:item: Fixed minecraft:item id mismatch apotheosis:gem: 1569 (init) -> 1329 (map).
[11Oct2025 15:38:57.335] [Render thread/DEBUG] [net.minecraftforge.registries.ForgeRegistry/REGISTRIES]: Registry minecraft:item: Fixed minecraft:item id mismatch apotheosis:gem_cutting_table: 1567 (init) -> 1327 (map).
[11Oct2025 15:38:57.335] [Render thread/DEBUG] [net.minecraftforge.registries.ForgeRegistry/REGISTRIES]: Registry minecraft:item: Fixed minecraft:item id mismatch apotheosis:gem_dust: 1556 (init) -> 1316 (map).
[11Oct2025 15:38:57.335] [Render thread/DEBUG] [net.minecraftforge.registries.ForgeRegistry/REGISTRIES]: Registry minecraft:item: Fixed minecraft:item id mismatch apotheosis:gem_fused_slate: 1557 (init) -> 1317 (map).
[11Oct2025 15:38:57.335] [Render thread/DEBUG] [net.minecraftforge.registries.ForgeRegistry/REGISTRIES]: Registry minecraft:item: Fixed minecraft:item id mismatch apotheosis:glowing_hellshelf: 1520 (init) -> 1280 (map).
[11Oct2025 15:38:57.335] [Render thread/DEBUG] [net.minecraftforge.registries.ForgeRegistry/REGISTRIES]: Registry minecraft:item: Fixed minecraft:item id mismatch apotheosis:heart_seashelf: 1521 (init) -> 1281 (map).
[11Oct2025 15:38:57.335] [Render thread/DEBUG] [net.minecraftforge.registries.ForgeRegistry/REGISTRIES]: Registry minecraft:item: Fixed minecraft:item id mismatch apotheosis:hellshelf: 1522 (init) -> 1282 (map).
[11Oct2025 15:38:57.335] [Render thread/DEBUG] [net.minecraftforge.registries.ForgeRegistry/REGISTRIES]: Registry minecraft:item: Fixed minecraft:item id mismatch apotheosis:helmet_tome: 1523 (init) -> 1283 (map).
[11Oct2025 15:38:57.335] [Render thread/DEBUG] [net.minecraftforge.registries.ForgeRegistry/REGISTRIES]: Registry minecraft:item: Fixed minecraft:item id mismatch apotheosis:improved_scrap_tome: 1524 (init) -> 1284 (map).
[11Oct2025 15:38:57.335] [Render thread/DEBUG] [net.minecraftforge.registries.ForgeRegistry/REGISTRIES]: Registry minecraft:item: Fixed minecraft:item id mismatch apotheosis:inert_trident: 1525 (init) -> 1285 (map).
[11Oct2025 15:38:57.335] [Render thread/DEBUG] [net.minecraftforge.registries.ForgeRegistry/REGISTRIES]: Registry minecraft:item: Fixed minecraft:item id mismatch apotheosis:infused_breath: 1526 (init) -> 1286 (map).
[11Oct2025 15:38:57.335] [Render thread/DEBUG] [net.minecraftforge.registries.ForgeRegistry/REGISTRIES]: Registry minecraft:item: Fixed minecraft:item id mismatch apotheosis:infused_hellshelf: 1527 (init) -> 1287 (map).
[11Oct2025 15:38:57.335] [Render thread/DEBUG] [net.minecraftforge.registries.ForgeRegistry/REGISTRIES]: Registry minecraft:item: Fixed minecraft:item id mismatch apotheosis:infused_seashelf: 1528 (init) -> 1288 (map).
[11Oct2025 15:38:57.335] [Render thread/DEBUG] [net.minecraftforge.registries.ForgeRegistry/REGISTRIES]: Registry minecraft:item: Fixed minecraft:item id mismatch apotheosis:iron_mining_arrow: 1337 (init) -> 1534 (map).
[11Oct2025 15:38:57.335] [Render thread/DEBUG] [net.minecraftforge.registries.ForgeRegistry/REGISTRIES]: Registry minecraft:item: Fixed minecraft:item id mismatch apotheosis:leggings_tome: 1529 (init) -> 1289 (map).
[11Oct2025 15:38:57.335] [Render thread/DEBUG] [net.minecraftforge.registries.ForgeRegistry/REGISTRIES]: Registry minecraft:item: Fixed minecraft:item id mismatch apotheosis:library: 1530 (init) -> 1290 (map).
[11Oct2025 15:38:57.335] [Render thread/DEBUG] [net.minecraftforge.registries.ForgeRegistry/REGISTRIES]: Registry minecraft:item: Fixed minecraft:item id mismatch apotheosis:lucky_foot: 1332 (init) -> 1529 (map).
[11Oct2025 15:38:57.335] [Render thread/DEBUG] [net.minecraftforge.registries.ForgeRegistry/REGISTRIES]: Registry minecraft:item: Fixed minecraft:item id mismatch apotheosis:melonshelf: 1531 (init) -> 1291 (map).
[11Oct2025 15:38:57.335] [Render thread/DEBUG] [net.minecraftforge.registries.ForgeRegistry/REGISTRIES]: Registry minecraft:item: Fixed minecraft:item id mismatch apotheosis:mythic_material: 1554 (init) -> 1314 (map).
[11Oct2025 15:38:57.335] [Render thread/DEBUG] [net.minecraftforge.registries.ForgeRegistry/REGISTRIES]: Registry minecraft:item: Fixed minecraft:item id mismatch apotheosis:obsidian_arrow: 1334 (init) -> 1531 (map).
[11Oct2025 15:38:57.336] [Render thread/DEBUG] [net.minecraftforge.registries.ForgeRegistry/REGISTRIES]: Registry minecraft:item: Fixed minecraft:item id mismatch apotheosis:other_tome: 1532 (init) -> 1292 (map).
[11Oct2025 15:38:57.336] [Render thread/DEBUG] [net.minecraftforge.registries.ForgeRegistry/REGISTRIES]: Registry minecraft:item: Fixed minecraft:item id mismatch apotheosis:pearl_endshelf: 1533 (init) -> 1293 (map).
[11Oct2025 15:38:57.336] [Render thread/DEBUG] [net.minecraftforge.registries.ForgeRegistry/REGISTRIES]: Registry minecraft:item: Fixed minecraft:item id mismatch apotheosis:pickaxe_tome: 1534 (init) -> 1294 (map).
[11Oct2025 15:38:57.336] [Render thread/DEBUG] [net.minecraftforge.registries.ForgeRegistry/REGISTRIES]: Registry minecraft:item: Fixed minecraft:item id mismatch apotheosis:potion_charm: 1333 (init) -> 1530 (map).
[11Oct2025 15:38:57.336] [Render thread/DEBUG] [net.minecraftforge.registries.ForgeRegistry/REGISTRIES]: Registry minecraft:item: Fixed minecraft:item id mismatch apotheosis:prismatic_web: 1535 (init) -> 1295 (map).
[11Oct2025 15:38:57.336] [Render thread/DEBUG] [net.minecraftforge.registries.ForgeRegistry/REGISTRIES]: Registry minecraft:item: Fixed minecraft:item id mismatch apotheosis:rare_material: 1552 (init) -> 1312 (map).
[11Oct2025 15:38:57.336] [Render thread/DEBUG] [net.minecraftforge.registries.ForgeRegistry/REGISTRIES]: Registry minecraft:item: Fixed minecraft:item id mismatch apotheosis:rectifier: 1536 (init) -> 1296 (map).
[11Oct2025 15:38:57.336] [Render thread/DEBUG] [net.minecraftforge.registries.ForgeRegistry/REGISTRIES]: Registry minecraft:item: Fixed minecraft:item id mismatch apotheosis:rectifier_t2: 1537 (init) -> 1297 (map).
[11Oct2025 15:38:57.336] [Render thread/DEBUG] [net.minecraftforge.registries.ForgeRegistry/REGISTRIES]: Registry minecraft:item: Fixed minecraft:item id mismatch apotheosis:rectifier_t3: 1538 (init) -> 1298 (map).
[11Oct2025 15:38:57.336] [Render thread/DEBUG] [net.minecraftforge.registries.ForgeRegistry/REGISTRIES]: Registry minecraft:item: Fixed minecraft:item id mismatch apotheosis:reforging_table: 1565 (init) -> 1325 (map).
[11Oct2025 15:38:57.336] [Render thread/DEBUG] [net.minecraftforge.registries.ForgeRegistry/REGISTRIES]: Registry minecraft:item: Fixed minecraft:item id mismatch apotheosis:salvaging_table: 1566 (init) -> 1326 (map).
[11Oct2025 15:38:57.336] [Render thread/DEBUG] [net.minecraftforge.registries.ForgeRegistry/REGISTRIES]: Registry minecraft:item: Fixed minecraft:item id mismatch apotheosis:scrap_tome: 1539 (init) -> 1299 (map).
[11Oct2025 15:38:57.336] [Render thread/DEBUG] [net.minecraftforge.registries.ForgeRegistry/REGISTRIES]: Registry minecraft:item: Fixed minecraft:item id mismatch apotheosis:seashelf: 1540 (init) -> 1300 (map).
[11Oct2025 15:38:57.336] [Render thread/DEBUG] [net.minecraftforge.registries.ForgeRegistry/REGISTRIES]: Registry minecraft:item: Fixed minecraft:item id mismatch apotheosis:sightshelf: 1541 (init) -> 1301 (map).
[11Oct2025 15:38:57.336] [Render thread/DEBUG] [net.minecraftforge.registries.ForgeRegistry/REGISTRIES]: Registry minecraft:item: Fixed minecraft:item id mismatch apotheosis:sightshelf_t2: 1542 (init) -> 1302 (map).
[11Oct2025 15:38:57.336] [Render thread/DEBUG] [net.minecraftforge.registries.ForgeRegistry/REGISTRIES]: Registry minecraft:item: Fixed minecraft:item id mismatch apotheosis:sigil_of_enhancement: 1561 (init) -> 1321 (map).
[11Oct2025 15:38:57.336] [Render thread/DEBUG] [net.minecraftforge.registries.ForgeRegistry/REGISTRIES]: Registry minecraft:item: Fixed minecraft:item id mismatch apotheosis:sigil_of_rebirth: 1560 (init) -> 1320 (map).
[11Oct2025 15:38:57.336] [Render thread/DEBUG] [net.minecraftforge.registries.ForgeRegistry/REGISTRIES]: Registry minecraft:item: Fixed minecraft:item id mismatch apotheosis:sigil_of_socketing: 1558 (init) -> 1318 (map).
[11Oct2025 15:38:57.336] [Render thread/DEBUG] [net.minecraftforge.registries.ForgeRegistry/REGISTRIES]: Registry minecraft:item: Fixed minecraft:item id mismatch apotheosis:sigil_of_unnaming: 1562 (init) -> 1322 (map).
[11Oct2025 15:38:57.336] [Render thread/DEBUG] [net.minecraftforge.registries.ForgeRegistry/REGISTRIES]: Registry minecraft:item: Fixed minecraft:item id mismatch apotheosis:sigil_of_withdrawal: 1559 (init) -> 1319 (map).
[11Oct2025 15:38:57.336] [Render thread/DEBUG] [net.minecraftforge.registries.ForgeRegistry/REGISTRIES]: Registry minecraft:item: Fixed minecraft:item id mismatch apotheosis:simple_reforging_table: 1564 (init) -> 1324 (map).
[11Oct2025 15:38:57.336] [Render thread/DEBUG] [net.minecraftforge.registries.ForgeRegistry/REGISTRIES]: Registry minecraft:item: Fixed minecraft:item id mismatch apotheosis:soul_touched_deepshelf: 1543 (init) -> 1303 (map).
[11Oct2025 15:38:57.336] [Render thread/DEBUG] [net.minecraftforge.registries.ForgeRegistry/REGISTRIES]: Registry minecraft:item: Fixed minecraft:item id mismatch apotheosis:soul_touched_sculkshelf: 1544 (init) -> 1304 (map).
[11Oct2025 15:38:57.336] [Render thread/DEBUG] [net.minecraftforge.registries.ForgeRegistry/REGISTRIES]: Registry minecraft:item: Fixed minecraft:item id mismatch apotheosis:stoneshelf: 1545 (init) -> 1305 (map).
[11Oct2025 15:38:57.336] [Render thread/DEBUG] [net.minecraftforge.registries.ForgeRegistry/REGISTRIES]: Registry minecraft:item: Fixed minecraft:item id mismatch apotheosis:treasure_shelf: 1549 (init) -> 1309 (map).
[11Oct2025 15:38:57.336] [Render thread/DEBUG] [net.minecraftforge.registries.ForgeRegistry/REGISTRIES]: Registry minecraft:item: Fixed minecraft:item id mismatch apotheosis:uncommon_material: 1551 (init) -> 1311 (map).
[11Oct2025 15:38:57.337] [Render thread/DEBUG] [net.minecraftforge.registries.ForgeRegistry/REGISTRIES]: Registry minecraft:item: Fixed minecraft:item id mismatch apotheosis:warden_tendril: 1546 (init) -> 1306 (map).
[11Oct2025 15:38:57.337] [Render thread/DEBUG] [net.minecraftforge.registries.ForgeRegistry/REGISTRIES]: Registry minecraft:item: Fixed minecraft:item id mismatch apotheosis:weapon_tome: 1547 (init) -> 1307 (map).
[11Oct2025 15:38:57.337] [Render thread/DEBUG] [net.minecraftforge.registries.ForgeRegistry/REGISTRIES]: Registry minecraft:item: Fixed minecraft:item id mismatch apotheosis_modern_ragnarok:izanagi_object: 1570 (init) -> 1515 (map).
[11Oct2025 15:38:57.337] [Render thread/DEBUG] [net.minecraftforge.registries.ForgeRegistry/REGISTRIES]: Registry minecraft:item: Fixed minecraft:item id mismatch apotheotic_additions:apotheotic_coin: 1309 (init) -> 1615 (map).
[11Oct2025 15:38:57.337] [Render thread/DEBUG] [net.minecraftforge.registries.ForgeRegistry/REGISTRIES]: Registry minecraft:item: Fixed minecraft:item id mismatch apotheotic_additions:artifact_material: 1297 (init) -> 1603 (map).
[11Oct2025 15:38:57.337] [Render thread/DEBUG] [net.minecraftforge.registries.ForgeRegistry/REGISTRIES]: Registry minecraft:item: Fixed minecraft:item id mismatch apotheotic_additions:ascended_coin: 1311 (init) -> 1617 (map).
[11Oct2025 15:38:57.337] [Render thread/DEBUG] [net.minecraftforge.registries.ForgeRegistry/REGISTRIES]: Registry minecraft:item: Fixed minecraft:item id mismatch apotheotic_additions:commonapple: 1304 (init) -> 1610 (map).
[11Oct2025 15:38:57.337] [Render thread/DEBUG] [net.minecraftforge.registries.ForgeRegistry/REGISTRIES]: Registry minecraft:item: Fixed minecraft:item id mismatch apotheotic_additions:epicapple: 1307 (init) -> 1613 (map).
[11Oct2025 15:38:57.337] [Render thread/DEBUG] [net.minecraftforge.registries.ForgeRegistry/REGISTRIES]: Registry minecraft:item: Fixed minecraft:item id mismatch apotheotic_additions:esoteric_material: 1299 (init) -> 1605 (map).
[11Oct2025 15:38:57.337] [Render thread/DEBUG] [net.minecraftforge.registries.ForgeRegistry/REGISTRIES]: Registry minecraft:item: Fixed minecraft:item id mismatch apotheotic_additions:gemboundsigil: 1323 (init) -> 1629 (map).
[11Oct2025 15:38:57.337] [Render thread/DEBUG] [net.minecraftforge.registries.ForgeRegistry/REGISTRIES]: Registry minecraft:item: Fixed minecraft:item id mismatch apotheotic_additions:gilded_aerogel_skyshelf: 1325 (init) -> 1631 (map).
[11Oct2025 15:38:57.337] [Render thread/DEBUG] [net.minecraftforge.registries.ForgeRegistry/REGISTRIES]: Registry minecraft:item: Fixed minecraft:item id mismatch apotheotic_additions:heirloom_material: 1298 (init) -> 1604 (map).
[11Oct2025 15:38:57.337] [Render thread/DEBUG] [net.minecraftforge.registries.ForgeRegistry/REGISTRIES]: Registry minecraft:item: Fixed minecraft:item id mismatch apotheotic_additions:hollowed_barrel_shelf: 1326 (init) -> 1632 (map).
[11Oct2025 15:38:57.337] [Render thread/DEBUG] [net.minecraftforge.registries.ForgeRegistry/REGISTRIES]: Registry minecraft:item: Fixed minecraft:item id mismatch apotheotic_additions:infused_coin: 1310 (init) -> 1616 (map).
[11Oct2025 15:38:57.337] [Render thread/DEBUG] [net.minecraftforge.registries.ForgeRegistry/REGISTRIES]: Registry minecraft:item: Fixed minecraft:item id mismatch apotheotic_additions:infused_skyshelf: 1324 (init) -> 1630 (map).
[11Oct2025 15:38:57.337] [Render thread/DEBUG] [net.minecraftforge.registries.ForgeRegistry/REGISTRIES]: Registry minecraft:item: Fixed minecraft:item id mismatch apotheotic_additions:infused_thornshelf: 1329 (init) -> 1635 (map).
[11Oct2025 15:38:57.337] [Render thread/DEBUG] [net.minecraftforge.registries.ForgeRegistry/REGISTRIES]: Registry minecraft:item: Fixed minecraft:item id mismatch apotheotic_additions:luminous_glass: 1319 (init) -> 1625 (map).
[11Oct2025 15:38:57.337] [Render thread/DEBUG] [net.minecraftforge.registries.ForgeRegistry/REGISTRIES]: Registry minecraft:item: Fixed minecraft:item id mismatch apotheotic_additions:luminous_glass_pane: 1320 (init) -> 1626 (map).
[11Oct2025 15:38:57.337] [Render thread/DEBUG] [net.minecraftforge.registries.ForgeRegistry/REGISTRIES]: Registry minecraft:item: Fixed minecraft:item id mismatch apotheotic_additions:mythicalband: 1312 (init) -> 1618 (map).
[11Oct2025 15:38:57.338] [Render thread/DEBUG] [net.minecraftforge.registries.ForgeRegistry/REGISTRIES]: Registry minecraft:item: Fixed minecraft:item id mismatch apotheotic_additions:mythicapple: 1308 (init) -> 1614 (map).
[11Oct2025 15:38:57.338] [Render thread/DEBUG] [net.minecraftforge.registries.ForgeRegistry/REGISTRIES]: Registry minecraft:item: Fixed minecraft:item id mismatch apotheotic_additions:nuclear_barrel_shelf: 1327 (init) -> 1633 (map).
[11Oct2025 15:38:57.338] [Render thread/DEBUG] [net.minecraftforge.registries.ForgeRegistry/REGISTRIES]: Registry minecraft:item: Fixed minecraft:item id mismatch apotheotic_additions:occult_thornshelf: 1330 (init) -> 1636 (map).
[11Oct2025 15:38:57.338] [Render thread/DEBUG] [net.minecraftforge.registries.ForgeRegistry/REGISTRIES]: Registry minecraft:item: Fixed minecraft:item id mismatch apotheotic_additions:rareapple: 1306 (init) -> 1612 (map).
[11Oct2025 15:38:57.338] [Render thread/DEBUG] [net.minecraftforge.registries.ForgeRegistry/REGISTRIES]: Registry minecraft:item: Fixed minecraft:item id mismatch apotheotic_additions:sacrificial_shelf: 1300 (init) -> 1606 (map).
[11Oct2025 15:38:57.338] [Render thread/DEBUG] [net.minecraftforge.registries.ForgeRegistry/REGISTRIES]: Registry minecraft:item: Fixed minecraft:item id mismatch apotheotic_additions:scrap_brick: 1313 (init) -> 1619 (map).
[11Oct2025 15:38:57.338] [Render thread/DEBUG] [net.minecraftforge.registries.ForgeRegistry/REGISTRIES]: Registry minecraft:item: Fixed minecraft:item id mismatch apotheotic_additions:scrap_brick_slab: 1317 (init) -> 1623 (map).
[11Oct2025 15:38:57.338] [Render thread/DEBUG] [net.minecraftforge.registries.ForgeRegistry/REGISTRIES]: Registry minecraft:item: Fixed minecraft:item id mismatch apotheotic_additions:scrap_brick_stairs: 1318 (init) -> 1624 (map).
[11Oct2025 15:38:57.338] [Render thread/DEBUG] [net.minecraftforge.registries.ForgeRegistry/REGISTRIES]: Registry minecraft:item: Fixed minecraft:item id mismatch apotheotic_additions:scrap_carved: 1316 (init) -> 1622 (map).
[11Oct2025 15:38:57.338] [Render thread/DEBUG] [net.minecraftforge.registries.ForgeRegistry/REGISTRIES]: Registry minecraft:item: Fixed minecraft:item id mismatch apotheotic_additions:scrap_pillar: 1314 (init) -> 1620 (map).
[11Oct2025 15:38:57.338] [Render thread/DEBUG] [net.minecraftforge.registries.ForgeRegistry/REGISTRIES]: Registry minecraft:item: Fixed minecraft:item id mismatch apotheotic_additions:scrap_rough: 1315 (init) -> 1621 (map).
[11Oct2025 15:38:57.338] [Render thread/DEBUG] [net.minecraftforge.registries.ForgeRegistry/REGISTRIES]: Registry minecraft:item: Fixed minecraft:item id mismatch apotheotic_additions:terra_shelf: 1303 (init) -> 1609 (map).
[11Oct2025 15:38:57.338] [Render thread/DEBUG] [net.minecraftforge.registries.ForgeRegistry/REGISTRIES]: Registry minecraft:item: Fixed minecraft:item id mismatch apotheotic_additions:thornshelf: 1328 (init) -> 1634 (map).
[11Oct2025 15:38:57.338] [Render thread/DEBUG] [net.minecraftforge.registries.ForgeRegistry/REGISTRIES]: Registry minecraft:item: Fixed minecraft:item id mismatch apotheotic_additions:timeworn_fabric: 1321 (init) -> 1627 (map).
[11Oct2025 15:38:57.338] [Render thread/DEBUG] [net.minecraftforge.registries.ForgeRegistry/REGISTRIES]: Registry minecraft:item: Fixed minecraft:item id mismatch apotheotic_additions:timeworn_fancy: 1322 (init) -> 1628 (map).
[11Oct2025 15:38:57.338] [Render thread/DEBUG] [net.minecraftforge.registries.ForgeRegistry/REGISTRIES]: Registry minecraft:item: Fixed minecraft:item id mismatch apotheotic_additions:uncommonapple: 1305 (init) -> 1611 (map).
[11Oct2025 15:38:57.338] [Render thread/DEBUG] [net.minecraftforge.registries.ForgeRegistry/REGISTRIES]: Registry minecraft:item: Fixed minecraft:item id mismatch apotheotic_additions:void_shelf: 1302 (init) -> 1608 (map).
[11Oct2025 15:38:57.339] [Render thread/DEBUG] [net.minecraftforge.registries.ForgeRegistry/REGISTRIES]: Registry minecraft:item: Fixed minecraft:item id mismatch apotheotic_additions:wavebinders_shelf: 1301 (init) -> 1607 (map).
[11Oct2025 15:38:57.339] [Render thread/DEBUG] [net.minecraftforge.registries.ForgeRegistry/REGISTRIES]: Registry minecraft:item: Fixed minecraft:item id mismatch aquamirae:abyssal_amethyst: 1617 (init) -> 1583 (map).
[11Oct2025 15:38:57.339] [Render thread/DEBUG] [net.minecraftforge.registries.ForgeRegistry/REGISTRIES]: Registry minecraft:item: Fixed minecraft:item id mismatch aquamirae:abyssal_boots: 1588 (init) -> 1554 (map).
[11Oct2025 15:38:57.339] [Render thread/DEBUG] [net.minecraftforge.registries.ForgeRegistry/REGISTRIES]: Registry minecraft:item: Fixed minecraft:item id mismatch aquamirae:abyssal_brigantine: 1586 (init) -> 1552 (map).
[11Oct2025 15:38:57.339] [Render thread/DEBUG] [net.minecraftforge.registries.ForgeRegistry/REGISTRIES]: Registry minecraft:item: Fixed minecraft:item id mismatch aquamirae:abyssal_heaume: 1585 (init) -> 1551 (map).
[11Oct2025 15:38:57.339] [Render thread/DEBUG] [net.minecraftforge.registries.ForgeRegistry/REGISTRIES]: Registry minecraft:item: Fixed minecraft:item id mismatch aquamirae:abyssal_leggings: 1587 (init) -> 1553 (map).
[11Oct2025 15:38:57.339] [Render thread/DEBUG] [net.minecraftforge.registries.ForgeRegistry/REGISTRIES]: Registry minecraft:item: Fixed minecraft:item id mismatch aquamirae:abyssal_tiara: 1589 (init) -> 1555 (map).
[11Oct2025 15:38:57.339] [Render thread/DEBUG] [net.minecraftforge.registries.ForgeRegistry/REGISTRIES]: Registry minecraft:item: Fixed minecraft:item id mismatch aquamirae:anglerfish_spawn_egg: 1582 (init) -> 1548 (map).
[11Oct2025 15:38:57.339] [Render thread/DEBUG] [net.minecraftforge.registries.ForgeRegistry/REGISTRIES]: Registry minecraft:item: Fixed minecraft:item id mismatch aquamirae:anglers_fang: 1616 (init) -> 1582 (map).
[11Oct2025 15:38:57.339] [Render thread/DEBUG] [net.minecraftforge.registries.ForgeRegistry/REGISTRIES]: Registry minecraft:item: Fixed minecraft:item id mismatch aquamirae:captain_cornelia_spawn_egg: 1591 (init) -> 1557 (map).
[11Oct2025 15:38:57.339] [Render thread/DEBUG] [net.minecraftforge.registries.ForgeRegistry/REGISTRIES]: Registry minecraft:item: Fixed minecraft:item id mismatch aquamirae:cooked_spinefish: 1633 (init) -> 1599 (map).
[11Oct2025 15:38:57.339] [Render thread/DEBUG] [net.minecraftforge.registries.ForgeRegistry/REGISTRIES]: Registry minecraft:item: Fixed minecraft:item id mismatch aquamirae:coral_lance: 1601 (init) -> 1567 (map).
[11Oct2025 15:38:57.339] [Render thread/DEBUG] [net.minecraftforge.registries.ForgeRegistry/REGISTRIES]: Registry minecraft:item: Fixed minecraft:item id mismatch aquamirae:dagger_of_greed: 1602 (init) -> 1568 (map).
[11Oct2025 15:38:57.339] [Render thread/DEBUG] [net.minecraftforge.registries.ForgeRegistry/REGISTRIES]: Registry minecraft:item: Fixed minecraft:item id mismatch aquamirae:dead_sea_scroll: 1598 (init) -> 1564 (map).
[11Oct2025 15:38:57.339] [Render thread/DEBUG] [net.minecraftforge.registries.ForgeRegistry/REGISTRIES]: Registry minecraft:item: Fixed minecraft:item id mismatch aquamirae:divider: 1583 (init) -> 1549 (map).
[11Oct2025 15:38:57.339] [Render thread/DEBUG] [net.minecraftforge.registries.ForgeRegistry/REGISTRIES]: Registry minecraft:item: Fixed minecraft:item id mismatch aquamirae:eel_spawn_egg: 1605 (init) -> 1571 (map).
[11Oct2025 15:38:57.339] [Render thread/DEBUG] [net.minecraftforge.registries.ForgeRegistry/REGISTRIES]: Registry minecraft:item: Fixed minecraft:item id mismatch aquamirae:elodea: 1636 (init) -> 1602 (map).
[11Oct2025 15:38:57.339] [Render thread/DEBUG] [net.minecraftforge.registries.ForgeRegistry/REGISTRIES]: Registry minecraft:item: Fixed minecraft:item id mismatch aquamirae:esca: 1615 (init) -> 1581 (map).
[11Oct2025 15:38:57.339] [Render thread/DEBUG] [net.minecraftforge.registries.ForgeRegistry/REGISTRIES]: Registry minecraft:item: Fixed minecraft:item id mismatch aquamirae:fin: 1614 (init) -> 1580 (map).
[11Oct2025 15:38:57.339] [Render thread/DEBUG] [net.minecraftforge.registries.ForgeRegistry/REGISTRIES]: Registry minecraft:item: Fixed minecraft:item id mismatch aquamirae:fin_cutter: 1575 (init) -> 1541 (map).
[11Oct2025 15:38:57.339] [Render thread/DEBUG] [net.minecraftforge.registries.ForgeRegistry/REGISTRIES]: Registry minecraft:item: Fixed minecraft:item id mismatch aquamirae:frozen_chest: 1627 (init) -> 1593 (map).
[11Oct2025 15:38:57.339] [Render thread/DEBUG] [net.minecraftforge.registries.ForgeRegistry/REGISTRIES]: Registry minecraft:item: Fixed minecraft:item id mismatch aquamirae:frozen_key: 1604 (init) -> 1570 (map).
[11Oct2025 15:38:57.339] [Render thread/DEBUG] [net.minecraftforge.registries.ForgeRegistry/REGISTRIES]: Registry minecraft:item: Fixed minecraft:item id mismatch aquamirae:golden_moth_in_a_jar: 1623 (init) -> 1589 (map).
[11Oct2025 15:38:57.339] [Render thread/DEBUG] [net.minecraftforge.registries.ForgeRegistry/REGISTRIES]: Registry minecraft:item: Fixed minecraft:item id mismatch aquamirae:golden_moth_spawn_egg: 1573 (init) -> 1539 (map).
[11Oct2025 15:38:57.339] [Render thread/DEBUG] [net.minecraftforge.registries.ForgeRegistry/REGISTRIES]: Registry minecraft:item: Fixed minecraft:item id mismatch aquamirae:luminescent_bubble: 1628 (init) -> 1594 (map).
[11Oct2025 15:38:57.339] [Render thread/DEBUG] [net.minecraftforge.registries.ForgeRegistry/REGISTRIES]: Registry minecraft:item: Fixed minecraft:item id mismatch aquamirae:luminescent_lamp: 1629 (init) -> 1595 (map).
[11Oct2025 15:38:57.339] [Render thread/DEBUG] [net.minecraftforge.registries.ForgeRegistry/REGISTRIES]: Registry minecraft:item: Fixed minecraft:item id mismatch aquamirae:maw_spawn_egg: 1581 (init) -> 1547 (map).
[11Oct2025 15:38:57.339] [Render thread/DEBUG] [net.minecraftforge.registries.ForgeRegistry/REGISTRIES]: Registry minecraft:item: Fixed minecraft:item id mismatch aquamirae:maze_mother_spawn_egg: 1590 (init) -> 1556 (map).
[11Oct2025 15:38:57.339] [Render thread/DEBUG] [net.minecraftforge.registries.ForgeRegistry/REGISTRIES]: Registry minecraft:item: Fixed minecraft:item id mismatch aquamirae:maze_rose: 1609 (init) -> 1575 (map).
[11Oct2025 15:38:57.339] [Render thread/DEBUG] [net.minecraftforge.registries.ForgeRegistry/REGISTRIES]: Registry minecraft:item: Fixed minecraft:item id mismatch aquamirae:music_disc_forsaken_drownage: 1613 (init) -> 1579 (map).
[11Oct2025 15:38:57.340] [Render thread/DEBUG] [net.minecraftforge.registries.ForgeRegistry/REGISTRIES]: Registry minecraft:item: Fixed minecraft:item id mismatch aquamirae:music_disc_horizon: 1612 (init) -> 1578 (map).
[11Oct2025 15:38:57.340] [Render thread/DEBUG] [net.minecraftforge.registries.ForgeRegistry/REGISTRIES]: Registry minecraft:item: Fixed minecraft:item id mismatch aquamirae:oxygelium: 1624 (init) -> 1590 (map).
[11Oct2025 15:38:57.340] [Render thread/DEBUG] [net.minecraftforge.registries.ForgeRegistry/REGISTRIES]: Registry minecraft:item: Fixed minecraft:item id mismatch aquamirae:oxygen_tank: 1626 (init) -> 1592 (map).
[11Oct2025 15:38:57.340] [Render thread/DEBUG] [net.minecraftforge.registries.ForgeRegistry/REGISTRIES]: Registry minecraft:item: Fixed minecraft:item id mismatch aquamirae:painting_anglerfish: 1619 (init) -> 1585 (map).
[11Oct2025 15:38:57.340] [Render thread/DEBUG] [net.minecraftforge.registries.ForgeRegistry/REGISTRIES]: Registry minecraft:item: Fixed minecraft:item id mismatch aquamirae:painting_aurora: 1622 (init) -> 1588 (map).
[11Oct2025 15:38:57.340] [Render thread/DEBUG] [net.minecraftforge.registries.ForgeRegistry/REGISTRIES]: Registry minecraft:item: Fixed minecraft:item id mismatch aquamirae:painting_oxygelium: 1620 (init) -> 1586 (map).
[11Oct2025 15:38:57.340] [Render thread/DEBUG] [net.minecraftforge.registries.ForgeRegistry/REGISTRIES]: Registry minecraft:item: Fixed minecraft:item id mismatch aquamirae:painting_tortured_soul: 1621 (init) -> 1587 (map).
[11Oct2025 15:38:57.340] [Render thread/DEBUG] [net.minecraftforge.registries.ForgeRegistry/REGISTRIES]: Registry minecraft:item: Fixed minecraft:item id mismatch aquamirae:pillagers_patrol_spawn_egg: 1599 (init) -> 1565 (map).
[11Oct2025 15:38:57.340] [Render thread/DEBUG] [net.minecraftforge.registries.ForgeRegistry/REGISTRIES]: Registry minecraft:item: Fixed minecraft:item id mismatch aquamirae:pirate_pouch: 1610 (init) -> 1576 (map).
[11Oct2025 15:38:57.340] [Render thread/DEBUG] [net.minecraftforge.registries.ForgeRegistry/REGISTRIES]: Registry minecraft:item: Fixed minecraft:item id mismatch aquamirae:poisoned_blade: 1593 (init) -> 1559 (map).
[11Oct2025 15:38:57.340] [Render thread/DEBUG] [net.minecraftforge.registries.ForgeRegistry/REGISTRIES]: Registry minecraft:item: Fixed minecraft:item id mismatch aquamirae:poisoned_chakra: 1608 (init) -> 1574 (map).
[11Oct2025 15:38:57.340] [Render thread/DEBUG] [net.minecraftforge.registries.ForgeRegistry/REGISTRIES]: Registry minecraft:item: Fixed minecraft:item id mismatch aquamirae:poseidons_breakfast: 1635 (init) -> 1601 (map).
[11Oct2025 15:38:57.340] [Render thread/DEBUG] [net.minecraftforge.registries.ForgeRegistry/REGISTRIES]: Registry minecraft:item: Fixed minecraft:item id mismatch aquamirae:remnants_saber: 1592 (init) -> 1558 (map).
[11Oct2025 15:38:57.340] [Render thread/DEBUG] [net.minecraftforge.registries.ForgeRegistry/REGISTRIES]: Registry minecraft:item: Fixed minecraft:item id mismatch aquamirae:rune_of_the_storm: 1572 (init) -> 1538 (map).
[11Oct2025 15:38:57.340] [Render thread/DEBUG] [net.minecraftforge.registries.ForgeRegistry/REGISTRIES]: Registry minecraft:item: Fixed minecraft:item id mismatch aquamirae:sea_casserole: 1630 (init) -> 1596 (map).
[11Oct2025 15:38:57.340] [Render thread/DEBUG] [net.minecraftforge.registries.ForgeRegistry/REGISTRIES]: Registry minecraft:item: Fixed minecraft:item id mismatch aquamirae:sea_stew: 1634 (init) -> 1600 (map).
[11Oct2025 15:38:57.340] [Render thread/DEBUG] [net.minecraftforge.registries.ForgeRegistry/REGISTRIES]: Registry minecraft:item: Fixed minecraft:item id mismatch aquamirae:sharp_bones: 1618 (init) -> 1584 (map).
[11Oct2025 15:38:57.340] [Render thread/DEBUG] [net.minecraftforge.registries.ForgeRegistry/REGISTRIES]: Registry minecraft:item: Fixed minecraft:item id mismatch aquamirae:shell_horn: 1603 (init) -> 1569 (map).
[11Oct2025 15:38:57.340] [Render thread/DEBUG] [net.minecraftforge.registries.ForgeRegistry/REGISTRIES]: Registry minecraft:item: Fixed minecraft:item id mismatch aquamirae:ship_graveyard_echo: 1580 (init) -> 1546 (map).
[11Oct2025 15:38:57.340] [Render thread/DEBUG] [net.minecraftforge.registries.ForgeRegistry/REGISTRIES]: Registry minecraft:item: Fixed minecraft:item id mismatch aquamirae:spinefish: 1632 (init) -> 1598 (map).
[11Oct2025 15:38:57.340] [Render thread/DEBUG] [net.minecraftforge.registries.ForgeRegistry/REGISTRIES]: Registry minecraft:item: Fixed minecraft:item id mismatch aquamirae:spinefish_bucket: 1631 (init) -> 1597 (map).
[11Oct2025 15:38:57.340] [Render thread/DEBUG] [net.minecraftforge.registries.ForgeRegistry/REGISTRIES]: Registry minecraft:item: Fixed minecraft:item id mismatch aquamirae:spinefish_spawn_egg: 1607 (init) -> 1573 (map).
[11Oct2025 15:38:57.340] [Render thread/DEBUG] [net.minecraftforge.registries.ForgeRegistry/REGISTRIES]: Registry minecraft:item: Fixed minecraft:item id mismatch aquamirae:sweet_lance: 1606 (init) -> 1572 (map).
[11Oct2025 15:38:57.340] [Render thread/DEBUG] [net.minecraftforge.registries.ForgeRegistry/REGISTRIES]: Registry minecraft:item: Fixed minecraft:item id mismatch aquamirae:terrible_boots: 1579 (init) -> 1545 (map).
[11Oct2025 15:38:57.340] [Render thread/DEBUG] [net.minecraftforge.registries.ForgeRegistry/REGISTRIES]: Registry minecraft:item: Fixed minecraft:item id mismatch aquamirae:terrible_chestplate: 1577 (init) -> 1543 (map).
[11Oct2025 15:38:57.340] [Render thread/DEBUG] [net.minecraftforge.registries.ForgeRegistry/REGISTRIES]: Registry minecraft:item: Fixed minecraft:item id mismatch aquamirae:terrible_helmet: 1576 (init) -> 1542 (map).
[11Oct2025 15:38:57.340] [Render thread/DEBUG] [net.minecraftforge.registries.ForgeRegistry/REGISTRIES]: Registry minecraft:item: Fixed minecraft:item id mismatch aquamirae:terrible_leggings: 1578 (init) -> 1544 (map).
[11Oct2025 15:38:57.340] [Render thread/DEBUG] [net.minecraftforge.registries.ForgeRegistry/REGISTRIES]: Registry minecraft:item: Fixed minecraft:item id mismatch aquamirae:terrible_sword: 1574 (init) -> 1540 (map).
[11Oct2025 15:38:57.340] [Render thread/DEBUG] [net.minecraftforge.registries.ForgeRegistry/REGISTRIES]: Registry minecraft:item: Fixed minecraft:item id mismatch aquamirae:three_bolt_boots: 1597 (init) -> 1563 (map).
[11Oct2025 15:38:57.340] [Render thread/DEBUG] [net.minecraftforge.registries.ForgeRegistry/REGISTRIES]: Registry minecraft:item: Fixed minecraft:item id mismatch aquamirae:three_bolt_helmet: 1594 (init) -> 1560 (map).
[11Oct2025 15:38:57.340] [Render thread/DEBUG] [net.minecraftforge.registries.ForgeRegistry/REGISTRIES]: Registry minecraft:item: Fixed minecraft:item id mismatch aquamirae:three_bolt_leggings: 1596 (init) -> 1562 (map).
[11Oct2025 15:38:57.340] [Render thread/DEBUG] [net.minecraftforge.registries.ForgeRegistry/REGISTRIES]: Registry minecraft:item: Fixed minecraft:item id mismatch aquamirae:three_bolt_suit: 1595 (init) -> 1561 (map).
[11Oct2025 15:38:57.340] [Render thread/DEBUG] [net.minecraftforge.registries.ForgeRegistry/REGISTRIES]: Registry minecraft:item: Fixed minecraft:item id mismatch aquamirae:tortured_soul_spawn_egg: 1600 (init) -> 1566 (map).
[11Oct2025 15:38:57.340] [Render thread/DEBUG] [net.minecraftforge.registries.ForgeRegistry/REGISTRIES]: Registry minecraft:item: Fixed minecraft:item id mismatch aquamirae:treasure_pouch: 1611 (init) -> 1577 (map).
[11Oct2025 15:38:57.340] [Render thread/DEBUG] [net.minecraftforge.registries.ForgeRegistry/REGISTRIES]: Registry minecraft:item: Fixed minecraft:item id mismatch aquamirae:whisper_of_the_abyss: 1584 (init) -> 1550 (map).
[11Oct2025 15:38:57.340] [Render thread/DEBUG] [net.minecraftforge.registries.ForgeRegistry/REGISTRIES]: Registry minecraft:item: Fixed minecraft:item id mismatch aquamirae:wisteria_niveis: 1625 (init) -> 1591 (map).
[11Oct2025 15:38:57.340] [Render thread/DEBUG] [net.minecraftforge.registries.ForgeRegistry/REGISTRIES]: Registry minecraft:item: Fixed minecraft:item id mismatch dummmmmmy:target_dummy: 1571 (init) -> 1527 (map).
[11Oct2025 15:38:57.340] [Render thread/DEBUG] [net.minecraftforge.registries.ForgeRegistry/REGISTRIES]: Registry minecraft:item: Fixed minecraft:item id mismatch geckolib:bat_spawn_egg: 1276 (init) -> 1341 (map).
[11Oct2025 15:38:57.340] [Render thread/DEBUG] [net.minecraftforge.registries.ForgeRegistry/REGISTRIES]: Registry minecraft:item: Fixed minecraft:item id mismatch geckolib:bike_spawn_egg: 1277 (init) -> 1342 (map).
[11Oct2025 15:38:57.340] [Render thread/DEBUG] [net.minecraftforge.registries.ForgeRegistry/REGISTRIES]: Registry minecraft:item: Fixed minecraft:item id mismatch geckolib:cool_kid_spawn_egg: 1282 (init) -> 1347 (map).
[11Oct2025 15:38:57.342] [Render thread/DEBUG] [net.minecraftforge.registries.ForgeRegistry/REGISTRIES]: Registry minecraft:item: Fixed minecraft:item id mismatch geckolib:fake_glass_spawn_egg: 1281 (init) -> 1346 (map).
[11Oct2025 15:38:57.342] [Render thread/DEBUG] [net.minecraftforge.registries.ForgeRegistry/REGISTRIES]: Registry minecraft:item: Fixed minecraft:item id mismatch geckolib:fertilizer: 1266 (init) -> 1331 (map).
[11Oct2025 15:38:57.342] [Render thread/DEBUG] [net.minecraftforge.registries.ForgeRegistry/REGISTRIES]: Registry minecraft:item: Fixed minecraft:item id mismatch geckolib:gecko_armor_boots: 1275 (init) -> 1340 (map).
[11Oct2025 15:38:57.342] [Render thread/DEBUG] [net.minecraftforge.registries.ForgeRegistry/REGISTRIES]: Registry minecraft:item: Fixed minecraft:item id mismatch geckolib:gecko_armor_chestplate: 1273 (init) -> 1338 (map).
[11Oct2025 15:38:57.342] [Render thread/DEBUG] [net.minecraftforge.registries.ForgeRegistry/REGISTRIES]: Registry minecraft:item: Fixed minecraft:item id mismatch geckolib:gecko_armor_helmet: 1272 (init) -> 1337 (map).
[11Oct2025 15:38:57.342] [Render thread/DEBUG] [net.minecraftforge.registries.ForgeRegistry/REGISTRIES]: Registry minecraft:item: Fixed minecraft:item id mismatch geckolib:gecko_armor_leggings: 1274 (init) -> 1339 (map).
[11Oct2025 15:38:57.342] [Render thread/DEBUG] [net.minecraftforge.registries.ForgeRegistry/REGISTRIES]: Registry minecraft:item: Fixed minecraft:item id mismatch geckolib:gecko_habitat: 1265 (init) -> 1330 (map).
[11Oct2025 15:38:57.342] [Render thread/DEBUG] [net.minecraftforge.registries.ForgeRegistry/REGISTRIES]: Registry minecraft:item: Fixed minecraft:item id mismatch geckolib:gremlin_spawn_egg: 1283 (init) -> 1348 (map).
[11Oct2025 15:38:57.342] [Render thread/DEBUG] [net.minecraftforge.registries.ForgeRegistry/REGISTRIES]: Registry minecraft:item: Fixed minecraft:item id mismatch geckolib:jack_in_the_box: 1267 (init) -> 1332 (map).
[11Oct2025 15:38:57.342] [Render thread/DEBUG] [net.minecraftforge.registries.ForgeRegistry/REGISTRIES]: Registry minecraft:item: Fixed minecraft:item id mismatch geckolib:mutant_zombie_spawn_egg: 1280 (init) -> 1345 (map).
[11Oct2025 15:38:57.342] [Render thread/DEBUG] [net.minecraftforge.registries.ForgeRegistry/REGISTRIES]: Registry minecraft:item: Fixed minecraft:item id mismatch geckolib:parasite_spawn_egg: 1279 (init) -> 1344 (map).
[11Oct2025 15:38:57.342] [Render thread/DEBUG] [net.minecraftforge.registries.ForgeRegistry/REGISTRIES]: Registry minecraft:item: Fixed minecraft:item id mismatch geckolib:race_car_spawn_egg: 1278 (init) -> 1343 (map).
[11Oct2025 15:38:57.342] [Render thread/DEBUG] [net.minecraftforge.registries.ForgeRegistry/REGISTRIES]: Registry minecraft:item: Fixed minecraft:item id mismatch geckolib:wolf_armor_boots: 1271 (init) -> 1336 (map).
[11Oct2025 15:38:57.342] [Render thread/DEBUG] [net.minecraftforge.registries.ForgeRegistry/REGISTRIES]: Registry minecraft:item: Fixed minecraft:item id mismatch geckolib:wolf_armor_chestplate: 1269 (init) -> 1334 (map).
[11Oct2025 15:38:57.342] [Render thread/DEBUG] [net.minecraftforge.registries.ForgeRegistry/REGISTRIES]: Registry minecraft:item: Fixed minecraft:item id mismatch geckolib:wolf_armor_helmet: 1268 (init) -> 1333 (map).
[11Oct2025 15:38:57.342] [Render thread/DEBUG] [net.minecraftforge.registries.ForgeRegistry/REGISTRIES]: Registry minecraft:item: Fixed minecraft:item id mismatch geckolib:wolf_armor_leggings: 1270 (init) -> 1335 (map).
[11Oct2025 15:38:57.342] [Render thread/DEBUG] [net.minecraftforge.registries.ForgeRegistry/REGISTRIES]: Registry minecraft:item: Fixed minecraft:item id mismatch irons_spellbooks:affinity_ring: 1492 (init) -> 1502 (map).
[11Oct2025 15:38:57.342] [Render thread/DEBUG] [net.minecraftforge.registries.ForgeRegistry/REGISTRIES]: Registry minecraft:item: Fixed minecraft:item id mismatch irons_spellbooks:alchemist_cauldron: 1434 (init) -> 1444 (map).
[11Oct2025 15:38:57.342] [Render thread/DEBUG] [net.minecraftforge.registries.ForgeRegistry/REGISTRIES]: Registry minecraft:item: Fixed minecraft:item id mismatch irons_spellbooks:amethyst_rapier: 1362 (init) -> 1372 (map).
[11Oct2025 15:38:57.342] [Render thread/DEBUG] [net.minecraftforge.registries.ForgeRegistry/REGISTRIES]: Registry minecraft:item: Fixed minecraft:item id mismatch irons_spellbooks:amethyst_resonance_charm: 1495 (init) -> 1505 (map).
[11Oct2025 15:38:57.342] [Render thread/DEBUG] [net.minecraftforge.registries.ForgeRegistry/REGISTRIES]: Registry minecraft:item: Fixed minecraft:item id mismatch irons_spellbooks:ancient_knowledge_fragment: 1423 (init) -> 1433 (map).
[11Oct2025 15:38:57.342] [Render thread/DEBUG] [net.minecraftforge.registries.ForgeRegistry/REGISTRIES]: Registry minecraft:item: Fixed minecraft:item id mismatch irons_spellbooks:apothecarist_spawn_egg: 1504 (init) -> 1514 (map).
[11Oct2025 15:38:57.342] [Render thread/DEBUG] [net.minecraftforge.registries.ForgeRegistry/REGISTRIES]: Registry minecraft:item: Fixed minecraft:item id mismatch irons_spellbooks:arcane_anvil: 1429 (init) -> 1439 (map).
[11Oct2025 15:38:57.342] [Render thread/DEBUG] [net.minecraftforge.registries.ForgeRegistry/REGISTRIES]: Registry minecraft:item: Fixed minecraft:item id mismatch irons_spellbooks:arcane_debris: 1433 (init) -> 1443 (map).
[11Oct2025 15:38:57.342] [Render thread/DEBUG] [net.minecraftforge.registries.ForgeRegistry/REGISTRIES]: Registry minecraft:item: Fixed minecraft:item id mismatch irons_spellbooks:arcane_essence: 1401 (init) -> 1411 (map).
[11Oct2025 15:38:57.342] [Render thread/DEBUG] [net.minecraftforge.registries.ForgeRegistry/REGISTRIES]: Registry minecraft:item: Fixed minecraft:item id mismatch irons_spellbooks:arcane_ingot: 1419 (init) -> 1429 (map).
[11Oct2025 15:38:57.342] [Render thread/DEBUG] [net.minecraftforge.registries.ForgeRegistry/REGISTRIES]: Registry minecraft:item: Fixed minecraft:item id mismatch irons_spellbooks:arcane_rune: 1411 (init) -> 1421 (map).
[11Oct2025 15:38:57.342] [Render thread/DEBUG] [net.minecraftforge.registries.ForgeRegistry/REGISTRIES]: Registry minecraft:item: Fixed minecraft:item id mismatch irons_spellbooks:arcane_salvage: 1418 (init) -> 1428 (map).
[11Oct2025 15:38:57.342] [Render thread/DEBUG] [net.minecraftforge.registries.ForgeRegistry/REGISTRIES]: Registry minecraft:item: Fixed minecraft:item id mismatch irons_spellbooks:archevoker_boots: 1455 (init) -> 1465 (map).
[11Oct2025 15:38:57.342] [Render thread/DEBUG] [net.minecraftforge.registries.ForgeRegistry/REGISTRIES]: Registry minecraft:item: Fixed minecraft:item id mismatch irons_spellbooks:archevoker_chestplate: 1453 (init) -> 1463 (map).
[11Oct2025 15:38:57.343] [Render thread/DEBUG] [net.minecraftforge.registries.ForgeRegistry/REGISTRIES]: Registry minecraft:item: Fixed minecraft:item id mismatch irons_spellbooks:archevoker_helmet: 1452 (init) -> 1462 (map).
[11Oct2025 15:38:57.343] [Render thread/DEBUG] [net.minecraftforge.registries.ForgeRegistry/REGISTRIES]: Registry minecraft:item: Fixed minecraft:item id mismatch irons_spellbooks:archevoker_leggings: 1454 (init) -> 1464 (map).
[11Oct2025 15:38:57.343] [Render thread/DEBUG] [net.minecraftforge.registries.ForgeRegistry/REGISTRIES]: Registry minecraft:item: Fixed minecraft:item id mismatch irons_spellbooks:archevoker_spawn_egg: 1499 (init) -> 1509 (map).
[11Oct2025 15:38:57.343] [Render thread/DEBUG] [net.minecraftforge.registries.ForgeRegistry/REGISTRIES]: Registry minecraft:item: Fixed minecraft:item id mismatch irons_spellbooks:armor_pile: 1432 (init) -> 1442 (map).
[11Oct2025 15:38:57.343] [Render thread/DEBUG] [net.minecraftforge.registries.ForgeRegistry/REGISTRIES]: Registry minecraft:item: Fixed minecraft:item id mismatch irons_spellbooks:artificer_cane: 1352 (init) -> 1362 (map).
[11Oct2025 15:38:57.343] [Render thread/DEBUG] [net.minecraftforge.registries.ForgeRegistry/REGISTRIES]: Registry minecraft:item: Fixed minecraft:item id mismatch irons_spellbooks:autoloader_crossbow: 1365 (init) -> 1375 (map).
[11Oct2025 15:38:57.343] [Render thread/DEBUG] [net.minecraftforge.registries.ForgeRegistry/REGISTRIES]: Registry minecraft:item: Fixed minecraft:item id mismatch irons_spellbooks:blank_rune: 1403 (init) -> 1413 (map).
[11Oct2025 15:38:57.343] [Render thread/DEBUG] [net.minecraftforge.registries.ForgeRegistry/REGISTRIES]: Registry minecraft:item: Fixed minecraft:item id mismatch irons_spellbooks:blaze_spell_book: 1347 (init) -> 1357 (map).
[11Oct2025 15:38:57.343] [Render thread/DEBUG] [net.minecraftforge.registries.ForgeRegistry/REGISTRIES]: Registry minecraft:item: Fixed minecraft:item id mismatch irons_spellbooks:blood_rune: 1409 (init) -> 1419 (map).
[11Oct2025 15:38:57.343] [Render thread/DEBUG] [net.minecraftforge.registries.ForgeRegistry/REGISTRIES]: Registry minecraft:item: Fixed minecraft:item id mismatch irons_spellbooks:blood_staff: 1355 (init) -> 1365 (map).
[11Oct2025 15:38:57.343] [Render thread/DEBUG] [net.minecraftforge.registries.ForgeRegistry/REGISTRIES]: Registry minecraft:item: Fixed minecraft:item id mismatch irons_spellbooks:blood_upgrade_orb: 1388 (init) -> 1398 (map).
[11Oct2025 15:38:57.343] [Render thread/DEBUG] [net.minecraftforge.registries.ForgeRegistry/REGISTRIES]: Registry minecraft:item: Fixed minecraft:item id mismatch irons_spellbooks:blood_vial: 1396 (init) -> 1406 (map).
[11Oct2025 15:38:57.343] [Render thread/DEBUG] [net.minecraftforge.registries.ForgeRegistry/REGISTRIES]: Registry minecraft:item: Fixed minecraft:item id mismatch irons_spellbooks:cast_time_ring: 1485 (init) -> 1495 (map).
[11Oct2025 15:38:57.343] [Render thread/DEBUG] [net.minecraftforge.registries.ForgeRegistry/REGISTRIES]: Registry minecraft:item: Fixed minecraft:item id mismatch irons_spellbooks:cinder_essence: 1417 (init) -> 1427 (map).
[11Oct2025 15:38:57.343] [Render thread/DEBUG] [net.minecraftforge.registries.ForgeRegistry/REGISTRIES]: Registry minecraft:item: Fixed minecraft:item id mismatch irons_spellbooks:claymore: 1360 (init) -> 1370 (map).
[11Oct2025 15:38:57.343] [Render thread/DEBUG] [net.minecraftforge.registries.ForgeRegistry/REGISTRIES]: Registry minecraft:item: Fixed minecraft:item id mismatch irons_spellbooks:common_ink: 1368 (init) -> 1378 (map).
[11Oct2025 15:38:57.343] [Render thread/DEBUG] [net.minecraftforge.registries.ForgeRegistry/REGISTRIES]: Registry minecraft:item: Fixed minecraft:item id mismatch irons_spellbooks:concentration_amulet: 1493 (init) -> 1503 (map).
[11Oct2025 15:38:57.343] [Render thread/DEBUG] [net.minecraftforge.registries.ForgeRegistry/REGISTRIES]: Registry minecraft:item: Fixed minecraft:item id mismatch irons_spellbooks:conjurers_talisman: 1491 (init) -> 1501 (map).
[11Oct2025 15:38:57.343] [Render thread/DEBUG] [net.minecraftforge.registries.ForgeRegistry/REGISTRIES]: Registry minecraft:item: Fixed minecraft:item id mismatch irons_spellbooks:cooldown_ring: 1484 (init) -> 1494 (map).
[11Oct2025 15:38:57.343] [Render thread/DEBUG] [net.minecraftforge.registries.ForgeRegistry/REGISTRIES]: Registry minecraft:item: Fixed minecraft:item id mismatch irons_spellbooks:cooldown_rune: 1412 (init) -> 1422 (map).
[11Oct2025 15:38:57.343] [Render thread/DEBUG] [net.minecraftforge.registries.ForgeRegistry/REGISTRIES]: Registry minecraft:item: Fixed minecraft:item id mismatch irons_spellbooks:cooldown_upgrade_orb: 1392 (init) -> 1402 (map).
[11Oct2025 15:38:57.343] [Render thread/DEBUG] [net.minecraftforge.registries.ForgeRegistry/REGISTRIES]: Registry minecraft:item: Fixed minecraft:item id mismatch irons_spellbooks:copper_spell_book: 1345 (init) -> 1355 (map).
[11Oct2025 15:38:57.343] [Render thread/DEBUG] [net.minecraftforge.registries.ForgeRegistry/REGISTRIES]: Registry minecraft:item: Fixed minecraft:item id mismatch irons_spellbooks:cryomancer_boots: 1463 (init) -> 1473 (map).
[11Oct2025 15:38:57.343] [Render thread/DEBUG] [net.minecraftforge.registries.ForgeRegistry/REGISTRIES]: Registry minecraft:item: Fixed minecraft:item id mismatch irons_spellbooks:cryomancer_chestplate: 1461 (init) -> 1471 (map).
[11Oct2025 15:38:57.343] [Render thread/DEBUG] [net.minecraftforge.registries.ForgeRegistry/REGISTRIES]: Registry minecraft:item: Fixed minecraft:item id mismatch irons_spellbooks:cryomancer_helmet: 1460 (init) -> 1470 (map).
[11Oct2025 15:38:57.343] [Render thread/DEBUG] [net.minecraftforge.registries.ForgeRegistry/REGISTRIES]: Registry minecraft:item: Fixed minecraft:item id mismatch irons_spellbooks:cryomancer_leggings: 1462 (init) -> 1472 (map).
[11Oct2025 15:38:57.344] [Render thread/DEBUG] [net.minecraftforge.registries.ForgeRegistry/REGISTRIES]: Registry minecraft:item: Fixed minecraft:item id mismatch irons_spellbooks:cryomancer_spawn_egg: 1501 (init) -> 1511 (map).
[11Oct2025 15:38:57.344] [Render thread/DEBUG] [net.minecraftforge.registries.ForgeRegistry/REGISTRIES]: Registry minecraft:item: Fixed minecraft:item id mismatch irons_spellbooks:cultist_boots: 1459 (init) -> 1469 (map).
[11Oct2025 15:38:57.344] [Render thread/DEBUG] [net.minecraftforge.registries.ForgeRegistry/REGISTRIES]: Registry minecraft:item: Fixed minecraft:item id mismatch irons_spellbooks:cultist_chestplate: 1457 (init) -> 1467 (map).
[11Oct2025 15:38:57.344] [Render thread/DEBUG] [net.minecraftforge.registries.ForgeRegistry/REGISTRIES]: Registry minecraft:item: Fixed minecraft:item id mismatch irons_spellbooks:cultist_helmet: 1456 (init) -> 1466 (map).
[11Oct2025 15:38:57.344] [Render thread/DEBUG] [net.minecraftforge.registries.ForgeRegistry/REGISTRIES]: Registry minecraft:item: Fixed minecraft:item id mismatch irons_spellbooks:cultist_leggings: 1458 (init) -> 1468 (map).
[11Oct2025 15:38:57.344] [Render thread/DEBUG] [net.minecraftforge.registries.ForgeRegistry/REGISTRIES]: Registry minecraft:item: Fixed minecraft:item id mismatch irons_spellbooks:dead_king_corpse_spawn_egg: 1498 (init) -> 1508 (map).
[11Oct2025 15:38:57.344] [Render thread/DEBUG] [net.minecraftforge.registries.ForgeRegistry/REGISTRIES]: Registry minecraft:item: Fixed minecraft:item id mismatch irons_spellbooks:diamond_spell_book: 1342 (init) -> 1352 (map).
[11Oct2025 15:38:57.344] [Render thread/DEBUG] [net.minecraftforge.registries.ForgeRegistry/REGISTRIES]: Registry minecraft:item: Fixed minecraft:item id mismatch irons_spellbooks:divine_pearl: 1397 (init) -> 1407 (map).
[11Oct2025 15:38:57.344] [Render thread/DEBUG] [net.minecraftforge.registries.ForgeRegistry/REGISTRIES]: Registry minecraft:item: Fixed minecraft:item id mismatch irons_spellbooks:dragonskin: 1400 (init) -> 1410 (map).
[11Oct2025 15:38:57.344] [Render thread/DEBUG] [net.minecraftforge.registries.ForgeRegistry/REGISTRIES]: Registry minecraft:item: Fixed minecraft:item id mismatch irons_spellbooks:dragonskin_spell_book: 1348 (init) -> 1358 (map).
[11Oct2025 15:38:57.344] [Render thread/DEBUG] [net.minecraftforge.registries.ForgeRegistry/REGISTRIES]: Registry minecraft:item: Fixed minecraft:item id mismatch irons_spellbooks:druidic_spell_book: 1349 (init) -> 1359 (map).
[11Oct2025 15:38:57.344] [Render thread/DEBUG] [net.minecraftforge.registries.ForgeRegistry/REGISTRIES]: Registry minecraft:item: Fixed minecraft:item id mismatch irons_spellbooks:eldritch_manuscript: 1422 (init) -> 1432 (map).
[11Oct2025 15:38:57.344] [Render thread/DEBUG] [net.minecraftforge.registries.ForgeRegistry/REGISTRIES]: Registry minecraft:item: Fixed minecraft:item id mismatch irons_spellbooks:electromancer_boots: 1451 (init) -> 1461 (map).
[11Oct2025 15:38:57.344] [Render thread/DEBUG] [net.minecraftforge.registries.ForgeRegistry/REGISTRIES]: Registry minecraft:item: Fixed minecraft:item id mismatch irons_spellbooks:electromancer_chestplate: 1449 (init) -> 1459 (map).
[11Oct2025 15:38:57.344] [Render thread/DEBUG] [net.minecraftforge.registries.ForgeRegistry/REGISTRIES]: Registry minecraft:item: Fixed minecraft:item id mismatch irons_spellbooks:electromancer_helmet: 1448 (init) -> 1458 (map).
[11Oct2025 15:38:57.344] [Render thread/DEBUG] [net.minecraftforge.registries.ForgeRegistry/REGISTRIES]: Registry minecraft:item: Fixed minecraft:item id mismatch irons_spellbooks:electromancer_leggings: 1450 (init) -> 1460 (map).
[11Oct2025 15:38:57.344] [Render thread/DEBUG] [net.minecraftforge.registries.ForgeRegistry/REGISTRIES]: Registry minecraft:item: Fixed minecraft:item id mismatch irons_spellbooks:emerald_stoneplate_ring: 1487 (init) -> 1497 (map).
[11Oct2025 15:38:57.344] [Render thread/DEBUG] [net.minecraftforge.registries.ForgeRegistry/REGISTRIES]: Registry minecraft:item: Fixed minecraft:item id mismatch irons_spellbooks:ender_rune: 1407 (init) -> 1417 (map).
[11Oct2025 15:38:57.344] [Render thread/DEBUG] [net.minecraftforge.registries.ForgeRegistry/REGISTRIES]: Registry minecraft:item: Fixed minecraft:item id mismatch irons_spellbooks:ender_upgrade_orb: 1387 (init) -> 1397 (map).
[11Oct2025 15:38:57.344] [Render thread/DEBUG] [net.minecraftforge.registries.ForgeRegistry/REGISTRIES]: Registry minecraft:item: Fixed minecraft:item id mismatch irons_spellbooks:energized_core: 1426 (init) -> 1436 (map).
[11Oct2025 15:38:57.344] [Render thread/DEBUG] [net.minecraftforge.registries.ForgeRegistry/REGISTRIES]: Registry minecraft:item: Fixed minecraft:item id mismatch irons_spellbooks:epic_ink: 1371 (init) -> 1381 (map).
[11Oct2025 15:38:57.344] [Render thread/DEBUG] [net.minecraftforge.registries.ForgeRegistry/REGISTRIES]: Registry minecraft:item: Fixed minecraft:item id mismatch irons_spellbooks:evasion_elixir: 1378 (init) -> 1388 (map).
[11Oct2025 15:38:57.345] [Render thread/DEBUG] [net.minecraftforge.registries.ForgeRegistry/REGISTRIES]: Registry minecraft:item: Fixed minecraft:item id mismatch irons_spellbooks:evocation_rune: 1410 (init) -> 1420 (map).
[11Oct2025 15:38:57.345] [Render thread/DEBUG] [net.minecraftforge.registries.ForgeRegistry/REGISTRIES]: Registry minecraft:item: Fixed minecraft:item id mismatch irons_spellbooks:evocation_upgrade_orb: 1389 (init) -> 1399 (map).
[11Oct2025 15:38:57.345] [Render thread/DEBUG] [net.minecraftforge.registries.ForgeRegistry/REGISTRIES]: Registry minecraft:item: Fixed minecraft:item id mismatch irons_spellbooks:evoker_spell_book: 1356 (init) -> 1366 (map).
[11Oct2025 15:38:57.345] [Render thread/DEBUG] [net.minecraftforge.registries.ForgeRegistry/REGISTRIES]: Registry minecraft:item: Fixed minecraft:item id mismatch irons_spellbooks:fire_ale: 1380 (init) -> 1390 (map).
[11Oct2025 15:38:57.345] [Render thread/DEBUG] [net.minecraftforge.registries.ForgeRegistry/REGISTRIES]: Registry minecraft:item: Fixed minecraft:item id mismatch irons_spellbooks:fire_rune: 1404 (init) -> 1414 (map).
[11Oct2025 15:38:57.345] [Render thread/DEBUG] [net.minecraftforge.registries.ForgeRegistry/REGISTRIES]: Registry minecraft:item: Fixed minecraft:item id mismatch irons_spellbooks:fire_upgrade_orb: 1383 (init) -> 1393 (map).
[11Oct2025 15:38:57.345] [Render thread/DEBUG] [net.minecraftforge.registries.ForgeRegistry/REGISTRIES]: Registry minecraft:item: Fixed minecraft:item id mismatch irons_spellbooks:firefly_jar: 1435 (init) -> 1445 (map).
[11Oct2025 15:38:57.345] [Render thread/DEBUG] [net.minecraftforge.registries.ForgeRegistry/REGISTRIES]: Registry minecraft:item: Fixed minecraft:item id mismatch irons_spellbooks:fireward_ring: 1488 (init) -> 1498 (map).
[11Oct2025 15:38:57.345] [Render thread/DEBUG] [net.minecraftforge.registries.ForgeRegistry/REGISTRIES]: Registry minecraft:item: Fixed minecraft:item id mismatch irons_spellbooks:frosted_helve: 1424 (init) -> 1434 (map).
[11Oct2025 15:38:57.345] [Render thread/DEBUG] [net.minecraftforge.registries.ForgeRegistry/REGISTRIES]: Registry minecraft:item: Fixed minecraft:item id mismatch irons_spellbooks:frostward_ring: 1489 (init) -> 1499 (map).
[11Oct2025 15:38:57.345] [Render thread/DEBUG] [net.minecraftforge.registries.ForgeRegistry/REGISTRIES]: Registry minecraft:item: Fixed minecraft:item id mismatch irons_spellbooks:frozen_bone: 1395 (init) -> 1405 (map).
[11Oct2025 15:38:57.345] [Render thread/DEBUG] [net.minecraftforge.registries.ForgeRegistry/REGISTRIES]: Registry minecraft:item: Fixed minecraft:item id mismatch irons_spellbooks:furled_map: 1398 (init) -> 1408 (map).
[11Oct2025 15:38:57.345] [Render thread/DEBUG] [net.minecraftforge.registries.ForgeRegistry/REGISTRIES]: Registry minecraft:item: Fixed minecraft:item id mismatch irons_spellbooks:gold_crown: 1481 (init) -> 1491 (map).
[11Oct2025 15:38:57.345] [Render thread/DEBUG] [net.minecraftforge.registries.ForgeRegistry/REGISTRIES]: Registry minecraft:item: Fixed minecraft:item id mismatch irons_spellbooks:gold_spell_book: 1343 (init) -> 1353 (map).
[11Oct2025 15:38:57.345] [Render thread/DEBUG] [net.minecraftforge.registries.ForgeRegistry/REGISTRIES]: Registry minecraft:item: Fixed minecraft:item id mismatch irons_spellbooks:graybeard_staff: 1351 (init) -> 1361 (map).
[11Oct2025 15:38:57.345] [Render thread/DEBUG] [net.minecraftforge.registries.ForgeRegistry/REGISTRIES]: Registry minecraft:item: Fixed minecraft:item id mismatch irons_spellbooks:greater_evasion_elixir: 1379 (init) -> 1389 (map).
[11Oct2025 15:38:57.346] [Render thread/DEBUG] [net.minecraftforge.registries.ForgeRegistry/REGISTRIES]: Registry minecraft:item: Fixed minecraft:item id mismatch irons_spellbooks:greater_healing_potion: 1375 (init) -> 1385 (map).
[11Oct2025 15:38:57.346] [Render thread/DEBUG] [net.minecraftforge.registries.ForgeRegistry/REGISTRIES]: Registry minecraft:item: Fixed minecraft:item id mismatch irons_spellbooks:greater_invisibility_elixir: 1377 (init) -> 1387 (map).
[11Oct2025 15:38:57.346] [Render thread/DEBUG] [net.minecraftforge.registries.ForgeRegistry/REGISTRIES]: Registry minecraft:item: Fixed minecraft:item id mismatch irons_spellbooks:greater_oakskin_elixir: 1374 (init) -> 1384 (map).
[11Oct2025 15:38:57.346] [Render thread/DEBUG] [net.minecraftforge.registries.ForgeRegistry/REGISTRIES]: Registry minecraft:item: Fixed minecraft:item id mismatch irons_spellbooks:heavy_chain_necklace: 1486 (init) -> 1496 (map).
[11Oct2025 15:38:57.346] [Render thread/DEBUG] [net.minecraftforge.registries.ForgeRegistry/REGISTRIES]: Registry minecraft:item: Fixed minecraft:item id mismatch irons_spellbooks:hither_thither_wand: 1366 (init) -> 1376 (map).
[11Oct2025 15:38:57.346] [Render thread/DEBUG] [net.minecraftforge.registries.ForgeRegistry/REGISTRIES]: Registry minecraft:item: Fixed minecraft:item id mismatch irons_spellbooks:hogskin: 1399 (init) -> 1409 (map).
[11Oct2025 15:38:57.346] [Render thread/DEBUG] [net.minecraftforge.registries.ForgeRegistry/REGISTRIES]: Registry minecraft:item: Fixed minecraft:item id mismatch irons_spellbooks:holy_rune: 1408 (init) -> 1418 (map).
[11Oct2025 15:38:57.346] [Render thread/DEBUG] [net.minecraftforge.registries.ForgeRegistry/REGISTRIES]: Registry minecraft:item: Fixed minecraft:item id mismatch irons_spellbooks:holy_upgrade_orb: 1386 (init) -> 1396 (map).
[11Oct2025 15:38:57.346] [Render thread/DEBUG] [net.minecraftforge.registries.ForgeRegistry/REGISTRIES]: Registry minecraft:item: Fixed minecraft:item id mismatch irons_spellbooks:ice_rune: 1405 (init) -> 1415 (map).
[11Oct2025 15:38:57.346] [Render thread/DEBUG] [net.minecraftforge.registries.ForgeRegistry/REGISTRIES]: Registry minecraft:item: Fixed minecraft:item id mismatch irons_spellbooks:ice_staff: 1353 (init) -> 1363 (map).
[11Oct2025 15:38:57.346] [Render thread/DEBUG] [net.minecraftforge.registries.ForgeRegistry/REGISTRIES]: Registry minecraft:item: Fixed minecraft:item id mismatch irons_spellbooks:ice_upgrade_orb: 1384 (init) -> 1394 (map).
[11Oct2025 15:38:57.346] [Render thread/DEBUG] [net.minecraftforge.registries.ForgeRegistry/REGISTRIES]: Registry minecraft:item: Fixed minecraft:item id mismatch irons_spellbooks:inscription_table: 1428 (init) -> 1438 (map).
[11Oct2025 15:38:57.346] [Render thread/DEBUG] [net.minecraftforge.registries.ForgeRegistry/REGISTRIES]: Registry minecraft:item: Fixed minecraft:item id mismatch irons_spellbooks:invisibility_elixir: 1376 (init) -> 1386 (map).
[11Oct2025 15:38:57.346] [Render thread/DEBUG] [net.minecraftforge.registries.ForgeRegistry/REGISTRIES]: Registry minecraft:item: Fixed minecraft:item id mismatch irons_spellbooks:invisibility_ring: 1496 (init) -> 1506 (map).
[11Oct2025 15:38:57.346] [Render thread/DEBUG] [net.minecraftforge.registries.ForgeRegistry/REGISTRIES]: Registry minecraft:item: Fixed minecraft:item id mismatch irons_spellbooks:iron_spell_book: 1344 (init) -> 1354 (map).
[11Oct2025 15:38:57.346] [Render thread/DEBUG] [net.minecraftforge.registries.ForgeRegistry/REGISTRIES]: Registry minecraft:item: Fixed minecraft:item id mismatch irons_spellbooks:keeper_flamberge: 1361 (init) -> 1371 (map).
[11Oct2025 15:38:57.346] [Render thread/DEBUG] [net.minecraftforge.registries.ForgeRegistry/REGISTRIES]: Registry minecraft:item: Fixed minecraft:item id mismatch irons_spellbooks:keeper_spawn_egg: 1497 (init) -> 1507 (map).
[11Oct2025 15:38:57.346] [Render thread/DEBUG] [net.minecraftforge.registries.ForgeRegistry/REGISTRIES]: Registry minecraft:item: Fixed minecraft:item id mismatch irons_spellbooks:legendary_ink: 1372 (init) -> 1382 (map).
[11Oct2025 15:38:57.346] [Render thread/DEBUG] [net.minecraftforge.registries.ForgeRegistry/REGISTRIES]: Registry minecraft:item: Fixed minecraft:item id mismatch irons_spellbooks:legendary_spell_book: 1340 (init) -> 1350 (map).
[11Oct2025 15:38:57.346] [Render thread/DEBUG] [net.minecraftforge.registries.ForgeRegistry/REGISTRIES]: Registry minecraft:item: Fixed minecraft:item id mismatch irons_spellbooks:lesser_spell_slot_upgrade: 1421 (init) -> 1431 (map).
[11Oct2025 15:38:57.346] [Render thread/DEBUG] [net.minecraftforge.registries.ForgeRegistry/REGISTRIES]: Registry minecraft:item: Fixed minecraft:item id mismatch irons_spellbooks:lightning_bottle: 1394 (init) -> 1404 (map).
[11Oct2025 15:38:57.346] [Render thread/DEBUG] [net.minecraftforge.registries.ForgeRegistry/REGISTRIES]: Registry minecraft:item: Fixed minecraft:item id mismatch irons_spellbooks:lightning_rod: 1354 (init) -> 1364 (map).
[11Oct2025 15:38:57.346] [Render thread/DEBUG] [net.minecraftforge.registries.ForgeRegistry/REGISTRIES]: Registry minecraft:item: Fixed minecraft:item id mismatch irons_spellbooks:lightning_rune: 1406 (init) -> 1416 (map).
[11Oct2025 15:38:57.346] [Render thread/DEBUG] [net.minecraftforge.registries.ForgeRegistry/REGISTRIES]: Registry minecraft:item: Fixed minecraft:item id mismatch irons_spellbooks:lightning_upgrade_orb: 1385 (init) -> 1395 (map).
[11Oct2025 15:38:57.346] [Render thread/DEBUG] [net.minecraftforge.registries.ForgeRegistry/REGISTRIES]: Registry minecraft:item: Fixed minecraft:item id mismatch irons_spellbooks:lurker_ring: 1494 (init) -> 1504 (map).
[11Oct2025 15:38:57.346] [Render thread/DEBUG] [net.minecraftforge.registries.ForgeRegistry/REGISTRIES]: Registry minecraft:item: Fixed minecraft:item id mismatch irons_spellbooks:magehunter: 1358 (init) -> 1368 (map).
[11Oct2025 15:38:57.346] [Render thread/DEBUG] [net.minecraftforge.registries.ForgeRegistry/REGISTRIES]: Registry minecraft:item: Fixed minecraft:item id mismatch irons_spellbooks:magic_cloth: 1402 (init) -> 1412 (map).
[11Oct2025 15:38:57.346] [Render thread/DEBUG] [net.minecraftforge.registries.ForgeRegistry/REGISTRIES]: Registry minecraft:item: Fixed minecraft:item id mismatch irons_spellbooks:mana_ring: 1482 (init) -> 1492 (map).
[11Oct2025 15:38:57.346] [Render thread/DEBUG] [net.minecraftforge.registries.ForgeRegistry/REGISTRIES]: Registry minecraft:item: Fixed minecraft:item id mismatch irons_spellbooks:mana_upgrade_orb: 1391 (init) -> 1401 (map).
[11Oct2025 15:38:57.346] [Render thread/DEBUG] [net.minecraftforge.registries.ForgeRegistry/REGISTRIES]: Registry minecraft:item: Fixed minecraft:item id mismatch irons_spellbooks:misery: 1363 (init) -> 1373 (map).
[11Oct2025 15:38:57.346] [Render thread/DEBUG] [net.minecraftforge.registries.ForgeRegistry/REGISTRIES]: Registry minecraft:item: Fixed minecraft:item id mismatch irons_spellbooks:nature_rune: 1414 (init) -> 1424 (map).
[11Oct2025 15:38:57.346] [Render thread/DEBUG] [net.minecraftforge.registries.ForgeRegistry/REGISTRIES]: Registry minecraft:item: Fixed minecraft:item id mismatch irons_spellbooks:nature_upgrade_orb: 1390 (init) -> 1400 (map).
[11Oct2025 15:38:57.346] [Render thread/DEBUG] [net.minecraftforge.registries.ForgeRegistry/REGISTRIES]: Registry minecraft:item: Fixed minecraft:item id mismatch irons_spellbooks:necromancer_spawn_egg: 1500 (init) -> 1510 (map).
[11Oct2025 15:38:57.346] [Render thread/DEBUG] [net.minecraftforge.registries.ForgeRegistry/REGISTRIES]: Registry minecraft:item: Fixed minecraft:item id mismatch irons_spellbooks:necronomicon_spell_book: 1357 (init) -> 1367 (map).
[11Oct2025 15:38:57.346] [Render thread/DEBUG] [net.minecraftforge.registries.ForgeRegistry/REGISTRIES]: Registry minecraft:item: Fixed minecraft:item id mismatch irons_spellbooks:netherite_mage_boots: 1479 (init) -> 1489 (map).
[11Oct2025 15:38:57.347] [Render thread/DEBUG] [net.minecraftforge.registries.ForgeRegistry/REGISTRIES]: Registry minecraft:item: Fixed minecraft:item id mismatch irons_spellbooks:netherite_mage_chestplate: 1477 (init) -> 1487 (map).
[11Oct2025 15:38:57.347] [Render thread/DEBUG] [net.minecraftforge.registries.ForgeRegistry/REGISTRIES]: Registry minecraft:item: Fixed minecraft:item id mismatch irons_spellbooks:netherite_mage_helmet: 1476 (init) -> 1486 (map).
[11Oct2025 15:38:57.347] [Render thread/DEBUG] [net.minecraftforge.registries.ForgeRegistry/REGISTRIES]: Registry minecraft:item: Fixed minecraft:item id mismatch irons_spellbooks:netherite_mage_leggings: 1478 (init) -> 1488 (map).
[11Oct2025 15:38:57.347] [Render thread/DEBUG] [net.minecraftforge.registries.ForgeRegistry/REGISTRIES]: Registry minecraft:item: Fixed minecraft:item id mismatch irons_spellbooks:netherite_spell_book: 1341 (init) -> 1351 (map).
[11Oct2025 15:38:57.347] [Render thread/DEBUG] [net.minecraftforge.registries.ForgeRegistry/REGISTRIES]: Registry minecraft:item: Fixed minecraft:item id mismatch irons_spellbooks:netherward_tincture: 1381 (init) -> 1391 (map).
[11Oct2025 15:38:57.347] [Render thread/DEBUG] [net.minecraftforge.registries.ForgeRegistry/REGISTRIES]: Registry minecraft:item: Fixed minecraft:item id mismatch irons_spellbooks:oakskin_elixir: 1373 (init) -> 1383 (map).
[11Oct2025 15:38:57.347] [Render thread/DEBUG] [net.minecraftforge.registries.ForgeRegistry/REGISTRIES]: Registry minecraft:item: Fixed minecraft:item id mismatch irons_spellbooks:pedestal: 1431 (init) -> 1441 (map).
[11Oct2025 15:38:57.347] [Render thread/DEBUG] [net.minecraftforge.registries.ForgeRegistry/REGISTRIES]: Registry minecraft:item: Fixed minecraft:item id mismatch irons_spellbooks:permafrost_shard: 1425 (init) -> 1435 (map).
[11Oct2025 15:38:57.347] [Render thread/DEBUG] [net.minecraftforge.registries.ForgeRegistry/REGISTRIES]: Registry minecraft:item: Fixed minecraft:item id mismatch irons_spellbooks:plagued_boots: 1475 (init) -> 1485 (map).
[11Oct2025 15:38:57.347] [Render thread/DEBUG] [net.minecraftforge.registries.ForgeRegistry/REGISTRIES]: Registry minecraft:item: Fixed minecraft:item id mismatch irons_spellbooks:plagued_chestplate: 1473 (init) -> 1483 (map).
[11Oct2025 15:38:57.347] [Render thread/DEBUG] [net.minecraftforge.registries.ForgeRegistry/REGISTRIES]: Registry minecraft:item: Fixed minecraft:item id mismatch irons_spellbooks:plagued_helmet: 1472 (init) -> 1482 (map).
[11Oct2025 15:38:57.347] [Render thread/DEBUG] [net.minecraftforge.registries.ForgeRegistry/REGISTRIES]: Registry minecraft:item: Fixed minecraft:item id mismatch irons_spellbooks:plagued_leggings: 1474 (init) -> 1484 (map).
[11Oct2025 15:38:57.347] [Render thread/DEBUG] [net.minecraftforge.registries.ForgeRegistry/REGISTRIES]: Registry minecraft:item: Fixed minecraft:item id mismatch irons_spellbooks:poisonward_ring: 1490 (init) -> 1500 (map).
[11Oct2025 15:38:57.347] [Render thread/DEBUG] [net.minecraftforge.registries.ForgeRegistry/REGISTRIES]: Registry minecraft:item: Fixed minecraft:item id mismatch irons_spellbooks:priest_boots: 1471 (init) -> 1481 (map).
[11Oct2025 15:38:57.347] [Render thread/DEBUG] [net.minecraftforge.registries.ForgeRegistry/REGISTRIES]: Registry minecraft:item: Fixed minecraft:item id mismatch irons_spellbooks:priest_chestplate: 1469 (init) -> 1479 (map).
[11Oct2025 15:38:57.347] [Render thread/DEBUG] [net.minecraftforge.registries.ForgeRegistry/REGISTRIES]: Registry minecraft:item: Fixed minecraft:item id mismatch irons_spellbooks:priest_helmet: 1468 (init) -> 1478 (map).
[11Oct2025 15:38:57.347] [Render thread/DEBUG] [net.minecraftforge.registries.ForgeRegistry/REGISTRIES]: Registry minecraft:item: Fixed minecraft:item id mismatch irons_spellbooks:priest_leggings: 1470 (init) -> 1480 (map).
[11Oct2025 15:38:57.347] [Render thread/DEBUG] [net.minecraftforge.registries.ForgeRegistry/REGISTRIES]: Registry minecraft:item: Fixed minecraft:item id mismatch irons_spellbooks:priest_spawn_egg: 1503 (init) -> 1513 (map).
[11Oct2025 15:38:57.347] [Render thread/DEBUG] [net.minecraftforge.registries.ForgeRegistry/REGISTRIES]: Registry minecraft:item: Fixed minecraft:item id mismatch irons_spellbooks:protection_rune: 1413 (init) -> 1423 (map).
[11Oct2025 15:38:57.347] [Render thread/DEBUG] [net.minecraftforge.registries.ForgeRegistry/REGISTRIES]: Registry minecraft:item: Fixed minecraft:item id mismatch irons_spellbooks:protection_upgrade_orb: 1393 (init) -> 1403 (map).
[11Oct2025 15:38:57.347] [Render thread/DEBUG] [net.minecraftforge.registries.ForgeRegistry/REGISTRIES]: Registry minecraft:item: Fixed minecraft:item id mismatch irons_spellbooks:pumpkin_boots: 1443 (init) -> 1453 (map).
[11Oct2025 15:38:57.347] [Render thread/DEBUG] [net.minecraftforge.registries.ForgeRegistry/REGISTRIES]: Registry minecraft:item: Fixed minecraft:item id mismatch irons_spellbooks:pumpkin_chestplate: 1441 (init) -> 1451 (map).
[11Oct2025 15:38:57.347] [Render thread/DEBUG] [net.minecraftforge.registries.ForgeRegistry/REGISTRIES]: Registry minecraft:item: Fixed minecraft:item id mismatch irons_spellbooks:pumpkin_helmet: 1440 (init) -> 1450 (map).
[11Oct2025 15:38:57.347] [Render thread/DEBUG] [net.minecraftforge.registries.ForgeRegistry/REGISTRIES]: Registry minecraft:item: Fixed minecraft:item id mismatch irons_spellbooks:pumpkin_leggings: 1442 (init) -> 1452 (map).
[11Oct2025 15:38:57.347] [Render thread/DEBUG] [net.minecraftforge.registries.ForgeRegistry/REGISTRIES]: Registry minecraft:item: Fixed minecraft:item id mismatch irons_spellbooks:pyromancer_boots: 1447 (init) -> 1457 (map).
[11Oct2025 15:38:57.347] [Render thread/DEBUG] [net.minecraftforge.registries.ForgeRegistry/REGISTRIES]: Registry minecraft:item: Fixed minecraft:item id mismatch irons_spellbooks:pyromancer_chestplate: 1445 (init) -> 1455 (map).
[11Oct2025 15:38:57.347] [Render thread/DEBUG] [net.minecraftforge.registries.ForgeRegistry/REGISTRIES]: Registry minecraft:item: Fixed minecraft:item id mismatch irons_spellbooks:pyromancer_helmet: 1444 (init) -> 1454 (map).
[11Oct2025 15:38:57.347] [Render thread/DEBUG] [net.minecraftforge.registries.ForgeRegistry/REGISTRIES]: Registry minecraft:item: Fixed minecraft:item id mismatch irons_spellbooks:pyromancer_leggings: 1446 (init) -> 1456 (map).
[11Oct2025 15:38:57.347] [Render thread/DEBUG] [net.minecraftforge.registries.ForgeRegistry/REGISTRIES]: Registry minecraft:item: Fixed minecraft:item id mismatch irons_spellbooks:pyromancer_spawn_egg: 1502 (init) -> 1512 (map).
[11Oct2025 15:38:57.348] [Render thread/DEBUG] [net.minecraftforge.registries.ForgeRegistry/REGISTRIES]: Registry minecraft:item: Fixed minecraft:item id mismatch irons_spellbooks:rare_ink: 1370 (init) -> 1380 (map).
[11Oct2025 15:38:57.348] [Render thread/DEBUG] [net.minecraftforge.registries.ForgeRegistry/REGISTRIES]: Registry minecraft:item: Fixed minecraft:item id mismatch irons_spellbooks:rotten_spell_book: 1346 (init) -> 1356 (map).
[11Oct2025 15:38:57.348] [Render thread/DEBUG] [net.minecraftforge.registries.ForgeRegistry/REGISTRIES]: Registry minecraft:item: Fixed minecraft:item id mismatch irons_spellbooks:ruined_book: 1416 (init) -> 1426 (map).
[11Oct2025 15:38:57.348] [Render thread/DEBUG] [net.minecraftforge.registries.ForgeRegistry/REGISTRIES]: Registry minecraft:item: Fixed minecraft:item id mismatch irons_spellbooks:scroll: 1364 (init) -> 1374 (map).
[11Oct2025 15:38:57.348] [Render thread/DEBUG] [net.minecraftforge.registries.ForgeRegistry/REGISTRIES]: Registry minecraft:item: Fixed minecraft:item id mismatch irons_spellbooks:scroll_forge: 1430 (init) -> 1440 (map).
[11Oct2025 15:38:57.348] [Render thread/DEBUG] [net.minecraftforge.registries.ForgeRegistry/REGISTRIES]: Registry minecraft:item: Fixed minecraft:item id mismatch irons_spellbooks:shadowwalker_boots: 1467 (init) -> 1477 (map).
[11Oct2025 15:38:57.348] [Render thread/DEBUG] [net.minecraftforge.registries.ForgeRegistry/REGISTRIES]: Registry minecraft:item: Fixed minecraft:item id mismatch irons_spellbooks:shadowwalker_chestplate: 1465 (init) -> 1475 (map).
[11Oct2025 15:38:57.348] [Render thread/DEBUG] [net.minecraftforge.registries.ForgeRegistry/REGISTRIES]: Registry minecraft:item: Fixed minecraft:item id mismatch irons_spellbooks:shadowwalker_helmet: 1464 (init) -> 1474 (map).
[11Oct2025 15:38:57.348] [Render thread/DEBUG] [net.minecraftforge.registries.ForgeRegistry/REGISTRIES]: Registry minecraft:item: Fixed minecraft:item id mismatch irons_spellbooks:shadowwalker_leggings: 1466 (init) -> 1476 (map).
[11Oct2025 15:38:57.348] [Render thread/DEBUG] [net.minecraftforge.registries.ForgeRegistry/REGISTRIES]: Registry minecraft:item: Fixed minecraft:item id mismatch irons_spellbooks:shriving_stone: 1420 (init) -> 1430 (map).
[11Oct2025 15:38:57.348] [Render thread/DEBUG] [net.minecraftforge.registries.ForgeRegistry/REGISTRIES]: Registry minecraft:item: Fixed minecraft:item id mismatch irons_spellbooks:silver_ring: 1483 (init) -> 1493 (map).
[11Oct2025 15:38:57.348] [Render thread/DEBUG] [net.minecraftforge.registries.ForgeRegistry/REGISTRIES]: Registry minecraft:item: Fixed minecraft:item id mismatch irons_spellbooks:spellbreaker: 1359 (init) -> 1369 (map).
[11Oct2025 15:38:57.348] [Render thread/DEBUG] [net.minecraftforge.registries.ForgeRegistry/REGISTRIES]: Registry minecraft:item: Fixed minecraft:item id mismatch irons_spellbooks:staff_of_the_nines: 1367 (init) -> 1377 (map).
[11Oct2025 15:38:57.348] [Render thread/DEBUG] [net.minecraftforge.registries.ForgeRegistry/REGISTRIES]: Registry minecraft:item: Fixed minecraft:item id mismatch irons_spellbooks:tarnished_helmet: 1480 (init) -> 1490 (map).
[11Oct2025 15:38:57.348] [Render thread/DEBUG] [net.minecraftforge.registries.ForgeRegistry/REGISTRIES]: Registry minecraft:item: Fixed minecraft:item id mismatch irons_spellbooks:uncommon_ink: 1369 (init) -> 1379 (map).
[11Oct2025 15:38:57.348] [Render thread/DEBUG] [net.minecraftforge.registries.ForgeRegistry/REGISTRIES]: Registry minecraft:item: Fixed minecraft:item id mismatch irons_spellbooks:upgrade_orb: 1382 (init) -> 1392 (map).
[11Oct2025 15:38:57.348] [Render thread/DEBUG] [net.minecraftforge.registries.ForgeRegistry/REGISTRIES]: Registry minecraft:item: Fixed minecraft:item id mismatch irons_spellbooks:villager_spell_book: 1350 (init) -> 1360 (map).
[11Oct2025 15:38:57.348] [Render thread/DEBUG] [net.minecraftforge.registries.ForgeRegistry/REGISTRIES]: Registry minecraft:item: Fixed minecraft:item id mismatch irons_spellbooks:wandering_magician_boots: 1439 (init) -> 1449 (map).
[11Oct2025 15:38:57.348] [Render thread/DEBUG] [net.minecraftforge.registries.ForgeRegistry/REGISTRIES]: Registry minecraft:item: Fixed minecraft:item id mismatch irons_spellbooks:wandering_magician_chestplate: 1437 (init) -> 1447 (map).
[11Oct2025 15:38:57.348] [Render thread/DEBUG] [net.minecraftforge.registries.ForgeRegistry/REGISTRIES]: Registry minecraft:item: Fixed minecraft:item id mismatch irons_spellbooks:wandering_magician_helmet: 1436 (init) -> 1446 (map).
[11Oct2025 15:38:57.348] [Render thread/DEBUG] [net.minecraftforge.registries.ForgeRegistry/REGISTRIES]: Registry minecraft:item: Fixed minecraft:item id mismatch irons_spellbooks:wandering_magician_leggings: 1438 (init) -> 1448 (map).
[11Oct2025 15:38:57.348] [Render thread/DEBUG] [net.minecraftforge.registries.ForgeRegistry/REGISTRIES]: Registry minecraft:item: Fixed minecraft:item id mismatch irons_spellbooks:wayward_compass: 1415 (init) -> 1425 (map).
[11Oct2025 15:38:57.348] [Render thread/DEBUG] [net.minecraftforge.registries.ForgeRegistry/REGISTRIES]: Registry minecraft:item: Fixed minecraft:item id mismatch irons_spellbooks:weapon_parts: 1427 (init) -> 1437 (map).
[11Oct2025 15:38:57.348] [Render thread/DEBUG] [net.minecraftforge.registries.ForgeRegistry/REGISTRIES]: Registry minecraft:item: Fixed minecraft:item id mismatch irons_spellbooks:wimpy_spell_book: 1339 (init) -> 1349 (map).
[11Oct2025 15:38:57.349] [Render thread/DEBUG] [net.minecraftforge.registries.ForgeRegistry/REGISTRIES]: Registry minecraft:item Override: minecraft:anvil anvil -> anvil
[11Oct2025 15:38:57.349] [Render thread/DEBUG] [net.minecraftforge.registries.ForgeRegistry/REGISTRIES]: Registry minecraft:item Override: minecraft:bamboo bamboo -> bamboo
[11Oct2025 15:38:57.350] [Render thread/DEBUG] [net.minecraftforge.registries.ForgeRegistry/REGISTRIES]: Registry minecraft:item Override: minecraft:cactus cactus -> cactus
[11Oct2025 15:38:57.351] [Render thread/DEBUG] [net.minecraftforge.registries.ForgeRegistry/REGISTRIES]: Registry minecraft:item Override: minecraft:chipped_anvil chipped_anvil -> chipped_anvil
[11Oct2025 15:38:57.352] [Render thread/DEBUG] [net.minecraftforge.registries.ForgeRegistry/REGISTRIES]: Registry minecraft:item Override: minecraft:damaged_anvil damaged_anvil -> damaged_anvil
[11Oct2025 15:38:57.352] [Render thread/DEBUG] [net.minecraftforge.registries.ForgeRegistry/REGISTRIES]: Registry minecraft:item Override: minecraft:enchanting_table enchanting_table -> enchanting_table
[11Oct2025 15:38:57.352] [Render thread/DEBUG] [net.minecraftforge.registries.ForgeRegistry/REGISTRIES]: Registry minecraft:item Override: minecraft:fletching_table fletching_table -> fletching_table
[11Oct2025 15:38:57.357] [Render thread/DEBUG] [net.minecraftforge.registries.ForgeRegistry/REGISTRIES]: Registry minecraft:item Override: minecraft:spawner spawner -> spawner
[11Oct2025 15:38:57.357] [Render thread/DEBUG] [net.minecraftforge.registries.ForgeRegistry/REGISTRIES]: Registry minecraft:item Override: minecraft:sugar_cane sugar_cane -> sugar_cane
[11Oct2025 15:38:57.359] [Render thread/DEBUG] [net.minecraftforge.registries.ForgeRegistry/REGISTRIES]: Registry minecraft:item: Fixed minecraft:item id mismatch obscure_api:astral_dust: 1295 (init) -> 1536 (map).
[11Oct2025 15:38:57.359] [Render thread/DEBUG] [net.minecraftforge.registries.ForgeRegistry/REGISTRIES]: Registry minecraft:item: Fixed minecraft:item id mismatch obscure_api:vial_of_knowledge: 1296 (init) -> 1537 (map).
[11Oct2025 15:38:57.360] [Render thread/DEBUG] [net.minecraftforge.registries.ForgeRegistry/REGISTRIES]: Registry minecraft:item: Fixed minecraft:item id mismatch tacz:ammo: 1285 (init) -> 1517 (map).
[11Oct2025 15:38:57.360] [Render thread/DEBUG] [net.minecraftforge.registries.ForgeRegistry/REGISTRIES]: Registry minecraft:item: Fixed minecraft:item id mismatch tacz:ammo_box: 1293 (init) -> 1525 (map).
[11Oct2025 15:38:57.360] [Render thread/DEBUG] [net.minecraftforge.registries.ForgeRegistry/REGISTRIES]: Registry minecraft:item: Fixed minecraft:item id mismatch tacz:attachment: 1286 (init) -> 1518 (map).
[11Oct2025 15:38:57.360] [Render thread/DEBUG] [net.minecraftforge.registries.ForgeRegistry/REGISTRIES]: Registry minecraft:item: Fixed minecraft:item id mismatch tacz:gun_smith_table: 1287 (init) -> 1519 (map).
[11Oct2025 15:38:57.360] [Render thread/DEBUG] [net.minecraftforge.registries.ForgeRegistry/REGISTRIES]: Registry minecraft:item: Fixed minecraft:item id mismatch tacz:modern_kinetic_gun: 1284 (init) -> 1516 (map).
[11Oct2025 15:38:57.360] [Render thread/DEBUG] [net.minecraftforge.registries.ForgeRegistry/REGISTRIES]: Registry minecraft:item: Fixed minecraft:item id mismatch tacz:statue: 1292 (init) -> 1524 (map).
[11Oct2025 15:38:57.360] [Render thread/DEBUG] [net.minecraftforge.registries.ForgeRegistry/REGISTRIES]: Registry minecraft:item: Fixed minecraft:item id mismatch tacz:target: 1291 (init) -> 1523 (map).
[11Oct2025 15:38:57.360] [Render thread/DEBUG] [net.minecraftforge.registries.ForgeRegistry/REGISTRIES]: Registry minecraft:item: Fixed minecraft:item id mismatch tacz:target_minecart: 1294 (init) -> 1526 (map).
[11Oct2025 15:38:57.360] [Render thread/DEBUG] [net.minecraftforge.registries.ForgeRegistry/REGISTRIES]: Registry minecraft:item: Fixed minecraft:item id mismatch tacz:workbench_a: 1288 (init) -> 1520 (map).
[11Oct2025 15:38:57.360] [Render thread/DEBUG] [net.minecraftforge.registries.ForgeRegistry/REGISTRIES]: Registry minecraft:item: Fixed minecraft:item id mismatch tacz:workbench_b: 1289 (init) -> 1521 (map).
[11Oct2025 15:38:57.360] [Render thread/DEBUG] [net.minecraftforge.registries.ForgeRegistry/REGISTRIES]: Registry minecraft:item: Fixed minecraft:item id mismatch tacz:workbench_c: 1290 (init) -> 1522 (map).
[11Oct2025 15:38:57.360] [Render thread/DEBUG] [net.minecraftforge.registries.ForgeRegistry/REGISTRIES]: Registry minecraft:mob_effect: Fixed minecraft:mob_effect id mismatch apotheosis_modern_ragnarok:fire_dot: 74 (init) -> 70 (map).
[11Oct2025 15:38:57.360] [Render thread/DEBUG] [net.minecraftforge.registries.ForgeRegistry/REGISTRIES]: Registry minecraft:mob_effect: Fixed minecraft:mob_effect id mismatch apotheosis_modern_ragnarok:freeze: 75 (init) -> 71 (map).
[11Oct2025 15:38:57.360] [Render thread/DEBUG] [net.minecraftforge.registries.ForgeRegistry/REGISTRIES]: Registry minecraft:mob_effect: Fixed minecraft:mob_effect id mismatch apotheosis_modern_ragnarok:tyranny: 76 (init) -> 72 (map).
[11Oct2025 15:38:57.360] [Render thread/DEBUG] [net.minecraftforge.registries.ForgeRegistry/REGISTRIES]: Registry minecraft:mob_effect: Fixed minecraft:mob_effect id mismatch apotheosis_modern_ragnarok:verdant_ruin: 77 (init) -> 73 (map).
[11Oct2025 15:38:57.360] [Render thread/DEBUG] [net.minecraftforge.registries.ForgeRegistry/REGISTRIES]: Registry minecraft:mob_effect: Fixed minecraft:mob_effect id mismatch apotheotic_additions:bad_voodoo: 37 (init) -> 83 (map).
[11Oct2025 15:38:57.360] [Render thread/DEBUG] [net.minecraftforge.registries.ForgeRegistry/REGISTRIES]: Registry minecraft:mob_effect: Fixed minecraft:mob_effect id mismatch aquamirae:abyss_blindness: 83 (init) -> 82 (map).
[11Oct2025 15:38:57.360] [Render thread/DEBUG] [net.minecraftforge.registries.ForgeRegistry/REGISTRIES]: Registry minecraft:mob_effect: Fixed minecraft:mob_effect id mismatch aquamirae:armor_decrease: 80 (init) -> 79 (map).
[11Oct2025 15:38:57.360] [Render thread/DEBUG] [net.minecraftforge.registries.ForgeRegistry/REGISTRIES]: Registry minecraft:mob_effect: Fixed minecraft:mob_effect id mismatch aquamirae:crystallization: 78 (init) -> 77 (map).
[11Oct2025 15:38:57.360] [Render thread/DEBUG] [net.minecraftforge.registries.ForgeRegistry/REGISTRIES]: Registry minecraft:mob_effect: Fixed minecraft:mob_effect id mismatch aquamirae:health_decrease: 79 (init) -> 78 (map).
[11Oct2025 15:38:57.360] [Render thread/DEBUG] [net.minecraftforge.registries.ForgeRegistry/REGISTRIES]: Registry minecraft:mob_effect: Fixed minecraft:mob_effect id mismatch aquamirae:strong_armor: 82 (init) -> 81 (map).
[11Oct2025 15:38:57.360] [Render thread/DEBUG] [net.minecraftforge.registries.ForgeRegistry/REGISTRIES]: Registry minecraft:mob_effect: Fixed minecraft:mob_effect id mismatch aquamirae:swim_speed: 81 (init) -> 80 (map).
[11Oct2025 15:38:57.360] [Render thread/DEBUG] [net.minecraftforge.registries.ForgeRegistry/REGISTRIES]: Registry minecraft:mob_effect: Fixed minecraft:mob_effect id mismatch attributeslib:bleeding: 38 (init) -> 0 (map).
[11Oct2025 15:38:57.360] [Render thread/DEBUG] [net.minecraftforge.registries.ForgeRegistry/REGISTRIES]: Registry minecraft:mob_effect: Fixed minecraft:mob_effect id mismatch attributeslib:detonation: 39 (init) -> 34 (map).
[11Oct2025 15:38:57.360] [Render thread/DEBUG] [net.minecraftforge.registries.ForgeRegistry/REGISTRIES]: Registry minecraft:mob_effect: Fixed minecraft:mob_effect id mismatch attributeslib:flying: 44 (init) -> 39 (map).
[11Oct2025 15:38:57.360] [Render thread/DEBUG] [net.minecraftforge.registries.ForgeRegistry/REGISTRIES]: Registry minecraft:mob_effect: Fixed minecraft:mob_effect id mismatch attributeslib:grievous: 40 (init) -> 35 (map).
[11Oct2025 15:38:57.360] [Render thread/DEBUG] [net.minecraftforge.registries.ForgeRegistry/REGISTRIES]: Registry minecraft:mob_effect: Fixed minecraft:mob_effect id mismatch attributeslib:knowledge: 41 (init) -> 36 (map).
[11Oct2025 15:38:57.360] [Render thread/DEBUG] [net.minecraftforge.registries.ForgeRegistry/REGISTRIES]: Registry minecraft:mob_effect: Fixed minecraft:mob_effect id mismatch attributeslib:sundering: 42 (init) -> 37 (map).
[11Oct2025 15:38:57.360] [Render thread/DEBUG] [net.minecraftforge.registries.ForgeRegistry/REGISTRIES]: Registry minecraft:mob_effect: Fixed minecraft:mob_effect id mismatch attributeslib:vitality: 43 (init) -> 38 (map).
[11Oct2025 15:38:57.360] [Render thread/DEBUG] [net.minecraftforge.registries.ForgeRegistry/REGISTRIES]: Registry minecraft:mob_effect: Fixed minecraft:mob_effect id mismatch gunsmithlib:crossfire: 0 (init) -> 40 (map).
[11Oct2025 15:38:57.360] [Render thread/DEBUG] [net.minecraftforge.registries.ForgeRegistry/REGISTRIES]: Registry minecraft:mob_effect: Fixed minecraft:mob_effect id mismatch irons_spellbooks:abyssal_shroud: 52 (init) -> 48 (map).
[11Oct2025 15:38:57.360] [Render thread/DEBUG] [net.minecraftforge.registries.ForgeRegistry/REGISTRIES]: Registry minecraft:mob_effect: Fixed minecraft:mob_effect id mismatch irons_spellbooks:airborne: 61 (init) -> 57 (map).
[11Oct2025 15:38:57.360] [Render thread/DEBUG] [net.minecraftforge.registries.ForgeRegistry/REGISTRIES]: Registry minecraft:mob_effect: Fixed minecraft:mob_effect id mismatch irons_spellbooks:angel_wings: 45 (init) -> 41 (map).
[11Oct2025 15:38:57.360] [Render thread/DEBUG] [net.minecraftforge.registries.ForgeRegistry/REGISTRIES]: Registry minecraft:mob_effect: Fixed minecraft:mob_effect id mismatch irons_spellbooks:antigravity: 66 (init) -> 62 (map).
[11Oct2025 15:38:57.360] [Render thread/DEBUG] [net.minecraftforge.registries.ForgeRegistry/REGISTRIES]: Registry minecraft:mob_effect: Fixed minecraft:mob_effect id mismatch irons_spellbooks:ascension: 53 (init) -> 49 (map).
[11Oct2025 15:38:57.360] [Render thread/DEBUG] [net.minecraftforge.registries.ForgeRegistry/REGISTRIES]: Registry minecraft:mob_effect: Fixed minecraft:mob_effect id mismatch irons_spellbooks:blight: 59 (init) -> 55 (map).
[11Oct2025 15:38:57.360] [Render thread/DEBUG] [net.minecraftforge.registries.ForgeRegistry/REGISTRIES]: Registry minecraft:mob_effect: Fixed minecraft:mob_effect id mismatch irons_spellbooks:burning_dash: 70 (init) -> 66 (map).
[11Oct2025 15:38:57.360] [Render thread/DEBUG] [net.minecraftforge.registries.ForgeRegistry/REGISTRIES]: Registry minecraft:mob_effect: Fixed minecraft:mob_effect id mismatch irons_spellbooks:charged: 54 (init) -> 50 (map).
[11Oct2025 15:38:57.360] [Render thread/DEBUG] [net.minecraftforge.registries.ForgeRegistry/REGISTRIES]: Registry minecraft:mob_effect: Fixed minecraft:mob_effect id mismatch irons_spellbooks:chilled: 69 (init) -> 65 (map).
[11Oct2025 15:38:57.360] [Render thread/DEBUG] [net.minecraftforge.registries.ForgeRegistry/REGISTRIES]: Registry minecraft:mob_effect: Fixed minecraft:mob_effect id mismatch irons_spellbooks:echoing_strikes: 72 (init) -> 68 (map).
[11Oct2025 15:38:57.360] [Render thread/DEBUG] [net.minecraftforge.registries.ForgeRegistry/REGISTRIES]: Registry minecraft:mob_effect: Fixed minecraft:mob_effect id mismatch irons_spellbooks:evasion: 46 (init) -> 42 (map).
[11Oct2025 15:38:57.360] [Render thread/DEBUG] [net.minecraftforge.registries.ForgeRegistry/REGISTRIES]: Registry minecraft:mob_effect: Fixed minecraft:mob_effect id mismatch irons_spellbooks:fortify: 56 (init) -> 52 (map).
[11Oct2025 15:38:57.360] [Render thread/DEBUG] [net.minecraftforge.registries.ForgeRegistry/REGISTRIES]: Registry minecraft:mob_effect: Fixed minecraft:mob_effect id mismatch irons_spellbooks:gluttony: 71 (init) -> 67 (map).
[11Oct2025 15:38:57.360] [Render thread/DEBUG] [net.minecraftforge.registries.ForgeRegistry/REGISTRIES]: Registry minecraft:mob_effect: Fixed minecraft:mob_effect id mismatch irons_spellbooks:guided: 60 (init) -> 56 (map).
[11Oct2025 15:38:57.360] [Render thread/DEBUG] [net.minecraftforge.registries.ForgeRegistry/REGISTRIES]: Registry minecraft:mob_effect: Fixed minecraft:mob_effect id mismatch irons_spellbooks:hastened: 67 (init) -> 63 (map).
[11Oct2025 15:38:57.360] [Render thread/DEBUG] [net.minecraftforge.registries.ForgeRegistry/REGISTRIES]: Registry minecraft:mob_effect: Fixed minecraft:mob_effect id mismatch irons_spellbooks:heartstop: 47 (init) -> 43 (map).
[11Oct2025 15:38:57.360] [Render thread/DEBUG] [net.minecraftforge.registries.ForgeRegistry/REGISTRIES]: Registry minecraft:mob_effect: Fixed minecraft:mob_effect id mismatch irons_spellbooks:instant_mana: 63 (init) -> 59 (map).
[11Oct2025 15:38:57.360] [Render thread/DEBUG] [net.minecraftforge.registries.ForgeRegistry/REGISTRIES]: Registry minecraft:mob_effect: Fixed minecraft:mob_effect id mismatch irons_spellbooks:oakskin: 64 (init) -> 60 (map).
[11Oct2025 15:38:57.360] [Render thread/DEBUG] [net.minecraftforge.registries.ForgeRegistry/REGISTRIES]: Registry minecraft:mob_effect: Fixed minecraft:mob_effect id mismatch irons_spellbooks:planar_sight: 65 (init) -> 61 (map).
[11Oct2025 15:38:57.360] [Render thread/DEBUG] [net.minecraftforge.registries.ForgeRegistry/REGISTRIES]: Registry minecraft:mob_effect: Fixed minecraft:mob_effect id mismatch irons_spellbooks:polar_bear_timer: 49 (init) -> 45 (map).
[11Oct2025 15:38:57.360] [Render thread/DEBUG] [net.minecraftforge.registries.ForgeRegistry/REGISTRIES]: Registry minecraft:mob_effect: Fixed minecraft:mob_effect id mismatch irons_spellbooks:raise_dead_timer: 50 (init) -> 46 (map).
[11Oct2025 15:38:57.360] [Render thread/DEBUG] [net.minecraftforge.registries.ForgeRegistry/REGISTRIES]: Registry minecraft:mob_effect: Fixed minecraft:mob_effect id mismatch irons_spellbooks:rend: 57 (init) -> 53 (map).
[11Oct2025 15:38:57.360] [Render thread/DEBUG] [net.minecraftforge.registries.ForgeRegistry/REGISTRIES]: Registry minecraft:mob_effect: Fixed minecraft:mob_effect id mismatch irons_spellbooks:slowed: 68 (init) -> 64 (map).
[11Oct2025 15:38:57.360] [Render thread/DEBUG] [net.minecraftforge.registries.ForgeRegistry/REGISTRIES]: Registry minecraft:mob_effect: Fixed minecraft:mob_effect id mismatch irons_spellbooks:spider_aspect: 58 (init) -> 54 (map).
[11Oct2025 15:38:57.360] [Render thread/DEBUG] [net.minecraftforge.registries.ForgeRegistry/REGISTRIES]: Registry minecraft:mob_effect: Fixed minecraft:mob_effect id mismatch irons_spellbooks:summon_horse_timer: 51 (init) -> 47 (map).
[11Oct2025 15:38:57.360] [Render thread/DEBUG] [net.minecraftforge.registries.ForgeRegistry/REGISTRIES]: Registry minecraft:mob_effect: Fixed minecraft:mob_effect id mismatch irons_spellbooks:thunderstorm: 73 (init) -> 69 (map).
[11Oct2025 15:38:57.360] [Render thread/DEBUG] [net.minecraftforge.registries.ForgeRegistry/REGISTRIES]: Registry minecraft:mob_effect: Fixed minecraft:mob_effect id mismatch irons_spellbooks:true_invisibility: 55 (init) -> 51 (map).
[11Oct2025 15:38:57.360] [Render thread/DEBUG] [net.minecraftforge.registries.ForgeRegistry/REGISTRIES]: Registry minecraft:mob_effect: Fixed minecraft:mob_effect id mismatch irons_spellbooks:vex_timer: 48 (init) -> 44 (map).
[11Oct2025 15:38:57.362] [Render thread/DEBUG] [net.minecraftforge.registries.ForgeRegistry/REGISTRIES]: Registry minecraft:mob_effect: Fixed minecraft:mob_effect id mismatch irons_spellbooks:vigor: 62 (init) -> 58 (map).
[11Oct2025 15:38:57.362] [Render thread/DEBUG] [net.minecraftforge.registries.ForgeRegistry/REGISTRIES]: Registry minecraft:mob_effect: Fixed minecraft:mob_effect id mismatch obscure_api:fury: 35 (init) -> 75 (map).
[11Oct2025 15:38:57.362] [Render thread/DEBUG] [net.minecraftforge.registries.ForgeRegistry/REGISTRIES]: Registry minecraft:mob_effect: Fixed minecraft:mob_effect id mismatch obscure_api:knowledge: 34 (init) -> 74 (map).
[11Oct2025 15:38:57.362] [Render thread/DEBUG] [net.minecraftforge.registries.ForgeRegistry/REGISTRIES]: Registry minecraft:mob_effect: Fixed minecraft:mob_effect id mismatch obscure_api:rush: 36 (init) -> 76 (map).
[11Oct2025 15:38:57.363] [Render thread/DEBUG] [net.minecraftforge.registries.ForgeRegistry/REGISTRIES]: Registry minecraft:potion: Fixed minecraft:potion id mismatch apotheosis:absorption: 46 (init) -> 50 (map).
[11Oct2025 15:38:57.364] [Render thread/DEBUG] [net.minecraftforge.registries.ForgeRegistry/REGISTRIES]: Registry minecraft:potion: Fixed minecraft:potion id mismatch apotheosis:extra_long_flying: 73 (init) -> 77 (map).
[11Oct2025 15:38:57.364] [Render thread/DEBUG] [net.minecraftforge.registries.ForgeRegistry/REGISTRIES]: Registry minecraft:potion: Fixed minecraft:potion id mismatch apotheosis:fatigue: 52 (init) -> 56 (map).
[11Oct2025 15:38:57.364] [Render thread/DEBUG] [net.minecraftforge.registries.ForgeRegistry/REGISTRIES]: Registry minecraft:potion: Fixed minecraft:potion id mismatch apotheosis:flying: 71 (init) -> 75 (map).
[11Oct2025 15:38:57.364] [Render thread/DEBUG] [net.minecraftforge.registries.ForgeRegistry/REGISTRIES]: Registry minecraft:potion: Fixed minecraft:potion id mismatch apotheosis:grievous: 67 (init) -> 71 (map).
[11Oct2025 15:38:57.364] [Render thread/DEBUG] [net.minecraftforge.registries.ForgeRegistry/REGISTRIES]: Registry minecraft:potion: Fixed minecraft:potion id mismatch apotheosis:haste: 49 (init) -> 53 (map).
[11Oct2025 15:38:57.364] [Render thread/DEBUG] [net.minecraftforge.registries.ForgeRegistry/REGISTRIES]: Registry minecraft:potion: Fixed minecraft:potion id mismatch apotheosis:knowledge: 61 (init) -> 65 (map).
[11Oct2025 15:38:57.364] [Render thread/DEBUG] [net.minecraftforge.registries.ForgeRegistry/REGISTRIES]: Registry minecraft:potion: Fixed minecraft:potion id mismatch apotheosis:levitation: 70 (init) -> 74 (map).
[11Oct2025 15:38:57.364] [Render thread/DEBUG] [net.minecraftforge.registries.ForgeRegistry/REGISTRIES]: Registry minecraft:potion: Fixed minecraft:potion id mismatch apotheosis:long_absorption: 47 (init) -> 51 (map).
[11Oct2025 15:38:57.364] [Render thread/DEBUG] [net.minecraftforge.registries.ForgeRegistry/REGISTRIES]: Registry minecraft:potion: Fixed minecraft:potion id mismatch apotheosis:long_fatigue: 53 (init) -> 57 (map).
[11Oct2025 15:38:57.364] [Render thread/DEBUG] [net.minecraftforge.registries.ForgeRegistry/REGISTRIES]: Registry minecraft:potion: Fixed minecraft:potion id mismatch apotheosis:long_flying: 72 (init) -> 76 (map).
[11Oct2025 15:38:57.364] [Render thread/DEBUG] [net.minecraftforge.registries.ForgeRegistry/REGISTRIES]: Registry minecraft:potion: Fixed minecraft:potion id mismatch apotheosis:long_grievous: 68 (init) -> 72 (map).
[11Oct2025 15:38:57.364] [Render thread/DEBUG] [net.minecraftforge.registries.ForgeRegistry/REGISTRIES]: Registry minecraft:potion: Fixed minecraft:potion id mismatch apotheosis:long_haste: 50 (init) -> 54 (map).
[11Oct2025 15:38:57.364] [Render thread/DEBUG] [net.minecraftforge.registries.ForgeRegistry/REGISTRIES]: Registry minecraft:potion: Fixed minecraft:potion id mismatch apotheosis:long_knowledge: 62 (init) -> 66 (map).
[11Oct2025 15:38:57.364] [Render thread/DEBUG] [net.minecraftforge.registries.ForgeRegistry/REGISTRIES]: Registry minecraft:potion: Fixed minecraft:potion id mismatch apotheosis:long_resistance: 44 (init) -> 48 (map).
[11Oct2025 15:38:57.364] [Render thread/DEBUG] [net.minecraftforge.registries.ForgeRegistry/REGISTRIES]: Registry minecraft:potion: Fixed minecraft:potion id mismatch apotheosis:long_sundering: 59 (init) -> 63 (map).
[11Oct2025 15:38:57.364] [Render thread/DEBUG] [net.minecraftforge.registries.ForgeRegistry/REGISTRIES]: Registry minecraft:potion: Fixed minecraft:potion id mismatch apotheosis:long_vitality: 65 (init) -> 69 (map).
[11Oct2025 15:38:57.364] [Render thread/DEBUG] [net.minecraftforge.registries.ForgeRegistry/REGISTRIES]: Registry minecraft:potion: Fixed minecraft:potion id mismatch apotheosis:long_wither: 56 (init) -> 60 (map).
[11Oct2025 15:38:57.364] [Render thread/DEBUG] [net.minecraftforge.registries.ForgeRegistry/REGISTRIES]: Registry minecraft:potion: Fixed minecraft:potion id mismatch apotheosis:resistance: 43 (init) -> 47 (map).
[11Oct2025 15:38:57.364] [Render thread/DEBUG] [net.minecraftforge.registries.ForgeRegistry/REGISTRIES]: Registry minecraft:potion: Fixed minecraft:potion id mismatch apotheosis:strong_absorption: 48 (init) -> 52 (map).
[11Oct2025 15:38:57.364] [Render thread/DEBUG] [net.minecraftforge.registries.ForgeRegistry/REGISTRIES]: Registry minecraft:potion: Fixed minecraft:potion id mismatch apotheosis:strong_fatigue: 54 (init) -> 58 (map).
[11Oct2025 15:38:57.364] [Render thread/DEBUG] [net.minecraftforge.registries.ForgeRegistry/REGISTRIES]: Registry minecraft:potion: Fixed minecraft:potion id mismatch apotheosis:strong_grievous: 69 (init) -> 73 (map).
[11Oct2025 15:38:57.364] [Render thread/DEBUG] [net.minecraftforge.registries.ForgeRegistry/REGISTRIES]: Registry minecraft:potion: Fixed minecraft:potion id mismatch apotheosis:strong_haste: 51 (init) -> 55 (map).
[11Oct2025 15:38:57.364] [Render thread/DEBUG] [net.minecraftforge.registries.ForgeRegistry/REGISTRIES]: Registry minecraft:potion: Fixed minecraft:potion id mismatch apotheosis:strong_knowledge: 63 (init) -> 67 (map).
[11Oct2025 15:38:57.365] [Render thread/DEBUG] [net.minecraftforge.registries.ForgeRegistry/REGISTRIES]: Registry minecraft:potion: Fixed minecraft:potion id mismatch apotheosis:strong_resistance: 45 (init) -> 49 (map).
[11Oct2025 15:38:57.365] [Render thread/DEBUG] [net.minecraftforge.registries.ForgeRegistry/REGISTRIES]: Registry minecraft:potion: Fixed minecraft:potion id mismatch apotheosis:strong_sundering: 60 (init) -> 64 (map).
[11Oct2025 15:38:57.365] [Render thread/DEBUG] [net.minecraftforge.registries.ForgeRegistry/REGISTRIES]: Registry minecraft:potion: Fixed minecraft:potion id mismatch apotheosis:strong_vitality: 66 (init) -> 70 (map).
[11Oct2025 15:38:57.365] [Render thread/DEBUG] [net.minecraftforge.registries.ForgeRegistry/REGISTRIES]: Registry minecraft:potion: Fixed minecraft:potion id mismatch apotheosis:strong_wither: 57 (init) -> 61 (map).
[11Oct2025 15:38:57.365] [Render thread/DEBUG] [net.minecraftforge.registries.ForgeRegistry/REGISTRIES]: Registry minecraft:potion: Fixed minecraft:potion id mismatch apotheosis:sundering: 58 (init) -> 62 (map).
[11Oct2025 15:38:57.365] [Render thread/DEBUG] [net.minecraftforge.registries.ForgeRegistry/REGISTRIES]: Registry minecraft:potion: Fixed minecraft:potion id mismatch apotheosis:vitality: 64 (init) -> 68 (map).
[11Oct2025 15:38:57.365] [Render thread/DEBUG] [net.minecraftforge.registries.ForgeRegistry/REGISTRIES]: Registry minecraft:potion: Fixed minecraft:potion id mismatch apotheosis:wither: 55 (init) -> 59 (map).
[11Oct2025 15:38:57.365] [Render thread/DEBUG] [net.minecraftforge.registries.ForgeRegistry/REGISTRIES]: Registry minecraft:potion: Fixed minecraft:potion id mismatch irons_spellbooks:instant_mana_four: 77 (init) -> 46 (map).
[11Oct2025 15:38:57.365] [Render thread/DEBUG] [net.minecraftforge.registries.ForgeRegistry/REGISTRIES]: Registry minecraft:potion: Fixed minecraft:potion id mismatch irons_spellbooks:instant_mana_one: 74 (init) -> 43 (map).
[11Oct2025 15:38:57.365] [Render thread/DEBUG] [net.minecraftforge.registries.ForgeRegistry/REGISTRIES]: Registry minecraft:potion: Fixed minecraft:potion id mismatch irons_spellbooks:instant_mana_three: 76 (init) -> 45 (map).
[11Oct2025 15:38:57.365] [Render thread/DEBUG] [net.minecraftforge.registries.ForgeRegistry/REGISTRIES]: Registry minecraft:potion: Fixed minecraft:potion id mismatch irons_spellbooks:instant_mana_two: 75 (init) -> 44 (map).
[11Oct2025 15:38:57.365] [Render thread/DEBUG] [net.minecraftforge.registries.ForgeRegistry/REGISTRIES]: Registry minecraft:sound_event: Fixed minecraft:sound_event id mismatch apotheosis:reforge: 1603 (init) -> 1476 (map).
[11Oct2025 15:38:57.365] [Render thread/DEBUG] [net.minecraftforge.registries.ForgeRegistry/REGISTRIES]: Registry minecraft:sound_event: Fixed minecraft:sound_event id mismatch apotheosis_modern_ragnarok:affix.armor_break: 1604 (init) -> 1601 (map).
[11Oct2025 15:38:57.365] [Render thread/DEBUG] [net.minecraftforge.registries.ForgeRegistry/REGISTRIES]: Registry minecraft:sound_event: Fixed minecraft:sound_event id mismatch apotheosis_modern_ragnarok:affix.head_explosion: 1610 (init) -> 1607 (map).
[11Oct2025 15:38:57.365] [Render thread/DEBUG] [net.minecraftforge.registries.ForgeRegistry/REGISTRIES]: Registry minecraft:sound_event: Fixed minecraft:sound_event id mismatch apotheosis_modern_ragnarok:affix.magical.fireball: 1609 (init) -> 1606 (map).
[11Oct2025 15:38:57.365] [Render thread/DEBUG] [net.minecraftforge.registries.ForgeRegistry/REGISTRIES]: Registry minecraft:sound_event: Fixed minecraft:sound_event id mismatch apotheosis_modern_ragnarok:affix.magical_shot.bolt_action: 1608 (init) -> 1605 (map).
[11Oct2025 15:38:57.365] [Render thread/DEBUG] [net.minecraftforge.registries.ForgeRegistry/REGISTRIES]: Registry minecraft:sound_event: Fixed minecraft:sound_event id mismatch apotheosis_modern_ragnarok:affix.magical_shot.full_auto: 1607 (init) -> 1604 (map).
[11Oct2025 15:38:57.365] [Render thread/DEBUG] [net.minecraftforge.registries.ForgeRegistry/REGISTRIES]: Registry minecraft:sound_event: Fixed minecraft:sound_event id mismatch apotheosis_modern_ragnarok:affix.magical_shot.semi_auto: 1606 (init) -> 1603 (map).
[11Oct2025 15:38:57.365] [Render thread/DEBUG] [net.minecraftforge.registries.ForgeRegistry/REGISTRIES]: Registry minecraft:sound_event: Fixed minecraft:sound_event id mismatch apotheosis_modern_ragnarok:affix.magical_shot.shotgun: 1605 (init) -> 1602 (map).
[11Oct2025 15:38:57.365] [Render thread/DEBUG] [net.minecraftforge.registries.ForgeRegistry/REGISTRIES]: Registry minecraft:sound_event: Fixed minecraft:sound_event id mismatch apotheosis_modern_ragnarok:critical_hit: 1611 (init) -> 1608 (map).
[11Oct2025 15:38:57.365] [Render thread/DEBUG] [net.minecraftforge.registries.ForgeRegistry/REGISTRIES]: Registry minecraft:sound_event: Fixed minecraft:sound_event id mismatch apotheosis_modern_ragnarok:execution: 1612 (init) -> 1609 (map).
[11Oct2025 15:38:57.366] [Render thread/DEBUG] [net.minecraftforge.registries.ForgeRegistry/REGISTRIES]: Registry minecraft:sound_event: Fixed minecraft:sound_event id mismatch apotheosis_modern_ragnarok:perfect_block: 1613 (init) -> 1610 (map).
[11Oct2025 15:38:57.366] [Render thread/DEBUG] [net.minecraftforge.registries.ForgeRegistry/REGISTRIES]: Registry minecraft:sound_event: Fixed minecraft:sound_event id mismatch apotheosis_modern_ragnarok:perfect_block_neutralized_target: 1614 (init) -> 1611 (map).
[11Oct2025 15:38:57.366] [Render thread/DEBUG] [net.minecraftforge.registries.ForgeRegistry/REGISTRIES]: Registry minecraft:sound_event: Fixed minecraft:sound_event id mismatch attributeslib:dodge: 1479 (init) -> 1474 (map).
[11Oct2025 15:38:57.366] [Render thread/DEBUG] [net.minecraftforge.registries.ForgeRegistry/REGISTRIES]: Registry minecraft:sound_event: Fixed minecraft:sound_event id mismatch geckolib:jack_in_the_box_music: 1475 (init) -> 1477 (map).
[11Oct2025 15:38:57.366] [Render thread/DEBUG] [net.minecraftforge.registries.ForgeRegistry/REGISTRIES]: Registry minecraft:sound_event: Fixed minecraft:sound_event id mismatch gunsmithlib:shield_blocks_bullet: 1474 (init) -> 1475 (map).
[11Oct2025 15:38:57.366] [Render thread/DEBUG] [net.minecraftforge.registries.ForgeRegistry/REGISTRIES]: Registry minecraft:sound_event: Fixed minecraft:sound_event id mismatch irons_spellbooks:abyssal_teleport: 1492 (init) -> 1490 (map).
[11Oct2025 15:38:57.366] [Render thread/DEBUG] [net.minecraftforge.registries.ForgeRegistry/REGISTRIES]: Registry minecraft:sound_event: Fixed minecraft:sound_event id mismatch irons_spellbooks:arial_summoning_5_custom_1: 1483 (init) -> 1481 (map).
[11Oct2025 15:38:57.366] [Render thread/DEBUG] [net.minecraftforge.registries.ForgeRegistry/REGISTRIES]: Registry minecraft:sound_event: Fixed minecraft:sound_event id mismatch irons_spellbooks:bow_shoot: 1554 (init) -> 1552 (map).
[11Oct2025 15:38:57.366] [Render thread/DEBUG] [net.minecraftforge.registries.ForgeRegistry/REGISTRIES]: Registry minecraft:sound_event: Fixed minecraft:sound_event id mismatch irons_spellbooks:cast.abyssal_shroud: 1493 (init) -> 1491 (map).
[11Oct2025 15:38:57.366] [Render thread/DEBUG] [net.minecraftforge.registries.ForgeRegistry/REGISTRIES]: Registry minecraft:sound_event: Fixed minecraft:sound_event id mismatch irons_spellbooks:cast.blood_step: 1494 (init) -> 1492 (map).
[11Oct2025 15:38:57.367] [Render thread/DEBUG] [net.minecraftforge.registries.ForgeRegistry/REGISTRIES]: Registry minecraft:sound_event: Fixed minecraft:sound_event id mismatch irons_spellbooks:cast.fireball: 1508 (init) -> 1506 (map).
[11Oct2025 15:38:57.367] [Render thread/DEBUG] [net.minecraftforge.registries.ForgeRegistry/REGISTRIES]: Registry minecraft:sound_event: Fixed minecraft:sound_event id mismatch irons_spellbooks:cast.generic.blood: 1596 (init) -> 1594 (map).
[11Oct2025 15:38:57.367] [Render thread/DEBUG] [net.minecraftforge.registries.ForgeRegistry/REGISTRIES]: Registry minecraft:sound_event: Fixed minecraft:sound_event id mismatch irons_spellbooks:cast.generic.ender: 1595 (init) -> 1593 (map).
[11Oct2025 15:38:57.367] [Render thread/DEBUG] [net.minecraftforge.registries.ForgeRegistry/REGISTRIES]: Registry minecraft:sound_event: Fixed minecraft:sound_event id mismatch irons_spellbooks:cast.generic.evocation: 1597 (init) -> 1595 (map).
[11Oct2025 15:38:57.367] [Render thread/DEBUG] [net.minecraftforge.registries.ForgeRegistry/REGISTRIES]: Registry minecraft:sound_event: Fixed minecraft:sound_event id mismatch irons_spellbooks:cast.generic.fire: 1591 (init) -> 1589 (map).
[11Oct2025 15:38:57.367] [Render thread/DEBUG] [net.minecraftforge.registries.ForgeRegistry/REGISTRIES]: Registry minecraft:sound_event: Fixed minecraft:sound_event id mismatch irons_spellbooks:cast.generic.holy: 1594 (init) -> 1592 (map).
[11Oct2025 15:38:57.367] [Render thread/DEBUG] [net.minecraftforge.registries.ForgeRegistry/REGISTRIES]: Registry minecraft:sound_event: Fixed minecraft:sound_event id mismatch irons_spellbooks:cast.generic.ice: 1592 (init) -> 1590 (map).
[11Oct2025 15:38:57.367] [Render thread/DEBUG] [net.minecraftforge.registries.ForgeRegistry/REGISTRIES]: Registry minecraft:sound_event: Fixed minecraft:sound_event id mismatch irons_spellbooks:cast.generic.lightning: 1593 (init) -> 1591 (map).
[11Oct2025 15:38:57.367] [Render thread/DEBUG] [net.minecraftforge.registries.ForgeRegistry/REGISTRIES]: Registry minecraft:sound_event: Fixed minecraft:sound_event id mismatch irons_spellbooks:cast.generic.nature: 1598 (init) -> 1596 (map).
[11Oct2025 15:38:57.367] [Render thread/DEBUG] [net.minecraftforge.registries.ForgeRegistry/REGISTRIES]: Registry minecraft:sound_event: Fixed minecraft:sound_event id mismatch irons_spellbooks:cast.generic.poison: 1599 (init) -> 1597 (map).
[11Oct2025 15:38:57.367] [Render thread/DEBUG] [net.minecraftforge.registries.ForgeRegistry/REGISTRIES]: Registry minecraft:sound_event: Fixed minecraft:sound_event id mismatch irons_spellbooks:cast.ice_block: 1505 (init) -> 1503 (map).
[11Oct2025 15:38:57.367] [Render thread/DEBUG] [net.minecraftforge.registries.ForgeRegistry/REGISTRIES]: Registry minecraft:sound_event: Fixed minecraft:sound_event id mismatch irons_spellbooks:cast.raise_dead.finish: 1500 (init) -> 1498 (map).
[11Oct2025 15:38:57.367] [Render thread/DEBUG] [net.minecraftforge.registries.ForgeRegistry/REGISTRIES]: Registry minecraft:sound_event: Fixed minecraft:sound_event id mismatch irons_spellbooks:cast.raise_dead.start: 1499 (init) -> 1497 (map).
[11Oct2025 15:38:57.367] [Render thread/DEBUG] [net.minecraftforge.registries.ForgeRegistry/REGISTRIES]: Registry minecraft:sound_event: Fixed minecraft:sound_event id mismatch irons_spellbooks:cast.void_tentacles.finish: 1502 (init) -> 1500 (map).
[11Oct2025 15:38:57.367] [Render thread/DEBUG] [net.minecraftforge.registries.ForgeRegistry/REGISTRIES]: Registry minecraft:sound_event: Fixed minecraft:sound_event id mismatch irons_spellbooks:cast.void_tentacles.start: 1501 (init) -> 1499 (map).
[11Oct2025 15:38:57.367] [Render thread/DEBUG] [net.minecraftforge.registries.ForgeRegistry/REGISTRIES]: Registry minecraft:sound_event: Fixed minecraft:sound_event id mismatch irons_spellbooks:dark_magic_buff_03_custom_1: 1484 (init) -> 1482 (map).
[11Oct2025 15:38:57.367] [Render thread/DEBUG] [net.minecraftforge.registries.ForgeRegistry/REGISTRIES]: Registry minecraft:sound_event: Fixed minecraft:sound_event id mismatch irons_spellbooks:dark_spell_02: 1485 (init) -> 1483 (map).
[11Oct2025 15:38:57.367] [Render thread/DEBUG] [net.minecraftforge.registries.ForgeRegistry/REGISTRIES]: Registry minecraft:sound_event: Fixed minecraft:sound_event id mismatch irons_spellbooks:entity.acid_orb.impact: 1511 (init) -> 1509 (map).
[11Oct2025 15:38:57.367] [Render thread/DEBUG] [net.minecraftforge.registries.ForgeRegistry/REGISTRIES]: Registry minecraft:sound_event: Fixed minecraft:sound_event id mismatch irons_spellbooks:entity.black_hole.loop: 1518 (init) -> 1516 (map).
[11Oct2025 15:38:57.368] [Render thread/DEBUG] [net.minecraftforge.registries.ForgeRegistry/REGISTRIES]: Registry minecraft:sound_event: Fixed minecraft:sound_event id mismatch irons_spellbooks:entity.blood_needle.impact: 1522 (init) -> 1520 (map).
[11Oct2025 15:38:57.368] [Render thread/DEBUG] [net.minecraftforge.registries.ForgeRegistry/REGISTRIES]: Registry minecraft:sound_event: Fixed minecraft:sound_event id mismatch irons_spellbooks:entity.chain_lightning.lightning_chain: 1529 (init) -> 1527 (map).
[11Oct2025 15:38:57.368] [Render thread/DEBUG] [net.minecraftforge.registries.ForgeRegistry/REGISTRIES]: Registry minecraft:sound_event: Fixed minecraft:sound_event id mismatch irons_spellbooks:entity.citadel_keeper.death: 1533 (init) -> 1531 (map).
[11Oct2025 15:38:57.368] [Render thread/DEBUG] [net.minecraftforge.registries.ForgeRegistry/REGISTRIES]: Registry minecraft:sound_event: Fixed minecraft:sound_event id mismatch irons_spellbooks:entity.citadel_keeper.hurt: 1534 (init) -> 1532 (map).
[11Oct2025 15:38:57.368] [Render thread/DEBUG] [net.minecraftforge.registries.ForgeRegistry/REGISTRIES]: Registry minecraft:sound_event: Fixed minecraft:sound_event id mismatch irons_spellbooks:entity.citadel_keeper.idle: 1536 (init) -> 1534 (map).
[11Oct2025 15:38:57.368] [Render thread/DEBUG] [net.minecraftforge.registries.ForgeRegistry/REGISTRIES]: Registry minecraft:sound_event: Fixed minecraft:sound_event id mismatch irons_spellbooks:entity.citadel_keeper.step: 1532 (init) -> 1530 (map).
[11Oct2025 15:38:57.368] [Render thread/DEBUG] [net.minecraftforge.registries.ForgeRegistry/REGISTRIES]: Registry minecraft:sound_event: Fixed minecraft:sound_event id mismatch irons_spellbooks:entity.citadel_keeper.swing: 1531 (init) -> 1529 (map).
[11Oct2025 15:38:57.368] [Render thread/DEBUG] [net.minecraftforge.registries.ForgeRegistry/REGISTRIES]: Registry minecraft:sound_event: Fixed minecraft:sound_event id mismatch irons_spellbooks:entity.citadel_keeper.sword_impact: 1535 (init) -> 1533 (map).
[11Oct2025 15:38:57.368] [Render thread/DEBUG] [net.minecraftforge.registries.ForgeRegistry/REGISTRIES]: Registry minecraft:sound_event: Fixed minecraft:sound_event id mismatch irons_spellbooks:entity.dead_king.ambience: 1585 (init) -> 1583 (map).
[11Oct2025 15:38:57.368] [Render thread/DEBUG] [net.minecraftforge.registries.ForgeRegistry/REGISTRIES]: Registry minecraft:sound_event: Fixed minecraft:sound_event id mismatch irons_spellbooks:entity.dead_king.attack_hit: 1577 (init) -> 1575 (map).
[11Oct2025 15:38:57.368] [Render thread/DEBUG] [net.minecraftforge.registries.ForgeRegistry/REGISTRIES]: Registry minecraft:sound_event: Fixed minecraft:sound_event id mismatch irons_spellbooks:entity.dead_king.attack_slam: 1576 (init) -> 1574 (map).
[11Oct2025 15:38:57.368] [Render thread/DEBUG] [net.minecraftforge.registries.ForgeRegistry/REGISTRIES]: Registry minecraft:sound_event: Fixed minecraft:sound_event id mismatch irons_spellbooks:entity.dead_king.attack_swing: 1575 (init) -> 1573 (map).
[11Oct2025 15:38:57.368] [Render thread/DEBUG] [net.minecraftforge.registries.ForgeRegistry/REGISTRIES]: Registry minecraft:sound_event: Fixed minecraft:sound_event id mismatch irons_spellbooks:entity.dead_king.death: 1581 (init) -> 1579 (map).
[11Oct2025 15:38:57.368] [Render thread/DEBUG] [net.minecraftforge.registries.ForgeRegistry/REGISTRIES]: Registry minecraft:sound_event: Fixed minecraft:sound_event id mismatch irons_spellbooks:entity.dead_king.explode: 1583 (init) -> 1581 (map).
[11Oct2025 15:38:57.368] [Render thread/DEBUG] [net.minecraftforge.registries.ForgeRegistry/REGISTRIES]: Registry minecraft:sound_event: Fixed minecraft:sound_event id mismatch irons_spellbooks:entity.dead_king.fake_death: 1580 (init) -> 1578 (map).
[11Oct2025 15:38:57.368] [Render thread/DEBUG] [net.minecraftforge.registries.ForgeRegistry/REGISTRIES]: Registry minecraft:sound_event: Fixed minecraft:sound_event id mismatch irons_spellbooks:entity.dead_king.hurt: 1582 (init) -> 1580 (map).
[11Oct2025 15:38:57.368] [Render thread/DEBUG] [net.minecraftforge.registries.ForgeRegistry/REGISTRIES]: Registry minecraft:sound_event: Fixed minecraft:sound_event id mismatch irons_spellbooks:entity.dead_king.music.drum_loop: 1584 (init) -> 1582 (map).
[11Oct2025 15:38:57.368] [Render thread/DEBUG] [net.minecraftforge.registries.ForgeRegistry/REGISTRIES]: Registry minecraft:sound_event: Fixed minecraft:sound_event id mismatch irons_spellbooks:entity.dead_king.music.first_phase_accent_01: 1588 (init) -> 1586 (map).
[11Oct2025 15:38:57.368] [Render thread/DEBUG] [net.minecraftforge.registries.ForgeRegistry/REGISTRIES]: Registry minecraft:sound_event: Fixed minecraft:sound_event id mismatch irons_spellbooks:entity.dead_king.music.first_phase_melody: 1587 (init) -> 1585 (map).
[11Oct2025 15:38:57.368] [Render thread/DEBUG] [net.minecraftforge.registries.ForgeRegistry/REGISTRIES]: Registry minecraft:sound_event: Fixed minecraft:sound_event id mismatch irons_spellbooks:entity.dead_king.music.intro: 1586 (init) -> 1584 (map).
[11Oct2025 15:38:57.368] [Render thread/DEBUG] [net.minecraftforge.registries.ForgeRegistry/REGISTRIES]: Registry minecraft:sound_event: Fixed minecraft:sound_event id mismatch irons_spellbooks:entity.dead_king.music.second_phase_melody_alt: 1589 (init) -> 1587 (map).
[11Oct2025 15:38:57.368] [Render thread/DEBUG] [net.minecraftforge.registries.ForgeRegistry/REGISTRIES]: Registry minecraft:sound_event: Fixed minecraft:sound_event id mismatch irons_spellbooks:entity.dead_king.music.suspense: 1590 (init) -> 1588 (map).
[11Oct2025 15:38:57.368] [Render thread/DEBUG] [net.minecraftforge.registries.ForgeRegistry/REGISTRIES]: Registry minecraft:sound_event: Fixed minecraft:sound_event id mismatch irons_spellbooks:entity.dead_king.resurrect: 1578 (init) -> 1576 (map).
[11Oct2025 15:38:57.368] [Render thread/DEBUG] [net.minecraftforge.registries.ForgeRegistry/REGISTRIES]: Registry minecraft:sound_event: Fixed minecraft:sound_event id mismatch irons_spellbooks:entity.dead_king.spawn: 1579 (init) -> 1577 (map).
[11Oct2025 15:38:57.368] [Render thread/DEBUG] [net.minecraftforge.registries.ForgeRegistry/REGISTRIES]: Registry minecraft:sound_event: Fixed minecraft:sound_event id mismatch irons_spellbooks:entity.devour_jaw.bite: 1530 (init) -> 1528 (map).
[11Oct2025 15:38:57.368] [Render thread/DEBUG] [net.minecraftforge.registries.ForgeRegistry/REGISTRIES]: Registry minecraft:sound_event: Fixed minecraft:sound_event id mismatch irons_spellbooks:entity.earthquake_aoe.impact: 1539 (init) -> 1537 (map).
[11Oct2025 15:38:57.368] [Render thread/DEBUG] [net.minecraftforge.registries.ForgeRegistry/REGISTRIES]: Registry minecraft:sound_event: Fixed minecraft:sound_event id mismatch irons_spellbooks:entity.earthquake_aoe.loop: 1538 (init) -> 1536 (map).
[11Oct2025 15:38:57.368] [Render thread/DEBUG] [net.minecraftforge.registries.ForgeRegistry/REGISTRIES]: Registry minecraft:sound_event: Fixed minecraft:sound_event id mismatch irons_spellbooks:entity.echoing_strike.echoing_strike: 1565 (init) -> 1563 (map).
[11Oct2025 15:38:57.368] [Render thread/DEBUG] [net.minecraftforge.registries.ForgeRegistry/REGISTRIES]: Registry minecraft:sound_event: Fixed minecraft:sound_event id mismatch irons_spellbooks:entity.firefly_swarm.attack: 1542 (init) -> 1540 (map).
[11Oct2025 15:38:57.368] [Render thread/DEBUG] [net.minecraftforge.registries.ForgeRegistry/REGISTRIES]: Registry minecraft:sound_event: Fixed minecraft:sound_event id mismatch irons_spellbooks:entity.firefly_swarm.idle: 1541 (init) -> 1539 (map).
[11Oct2025 15:38:57.368] [Render thread/DEBUG] [net.minecraftforge.registries.ForgeRegistry/REGISTRIES]: Registry minecraft:sound_event: Fixed minecraft:sound_event id mismatch irons_spellbooks:entity.generic.fiery_explosion: 1564 (init) -> 1562 (map).
[11Oct2025 15:38:57.369] [Render thread/DEBUG] [net.minecraftforge.registries.ForgeRegistry/REGISTRIES]: Registry minecraft:sound_event: Fixed minecraft:sound_event id mismatch irons_spellbooks:entity.generic.trader.no: 1562 (init) -> 1560 (map).
[11Oct2025 15:38:57.369] [Render thread/DEBUG] [net.minecraftforge.registries.ForgeRegistry/REGISTRIES]: Registry minecraft:sound_event: Fixed minecraft:sound_event id mismatch irons_spellbooks:entity.generic.trader.yes: 1561 (init) -> 1559 (map).
[11Oct2025 15:38:57.369] [Render thread/DEBUG] [net.minecraftforge.registries.ForgeRegistry/REGISTRIES]: Registry minecraft:sound_event: Fixed minecraft:sound_event id mismatch irons_spellbooks:entity.guiding_bolt.impact: 1527 (init) -> 1525 (map).
[11Oct2025 15:38:57.369] [Render thread/DEBUG] [net.minecraftforge.registries.ForgeRegistry/REGISTRIES]: Registry minecraft:sound_event: Fixed minecraft:sound_event id mismatch irons_spellbooks:entity.ice_block.impact: 1506 (init) -> 1504 (map).
[11Oct2025 15:38:57.369] [Render thread/DEBUG] [net.minecraftforge.registries.ForgeRegistry/REGISTRIES]: Registry minecraft:sound_event: Fixed minecraft:sound_event id mismatch irons_spellbooks:entity.ice_spike.emerge: 1572 (init) -> 1570 (map).
[11Oct2025 15:38:57.369] [Render thread/DEBUG] [net.minecraftforge.registries.ForgeRegistry/REGISTRIES]: Registry minecraft:sound_event: Fixed minecraft:sound_event id mismatch irons_spellbooks:entity.lightning_strike.strike: 1566 (init) -> 1564 (map).
[11Oct2025 15:38:57.369] [Render thread/DEBUG] [net.minecraftforge.registries.ForgeRegistry/REGISTRIES]: Registry minecraft:sound_event: Fixed minecraft:sound_event id mismatch irons_spellbooks:entity.root.emerge: 1515 (init) -> 1513 (map).
[11Oct2025 15:38:57.369] [Render thread/DEBUG] [net.minecraftforge.registries.ForgeRegistry/REGISTRIES]: Registry minecraft:sound_event: Fixed minecraft:sound_event id mismatch irons_spellbooks:entity.sunbeam.impact: 1570 (init) -> 1568 (map).
[11Oct2025 15:38:57.369] [Render thread/DEBUG] [net.minecraftforge.registries.ForgeRegistry/REGISTRIES]: Registry minecraft:sound_event: Fixed minecraft:sound_event id mismatch irons_spellbooks:entity.sunbeam.windup: 1569 (init) -> 1567 (map).
[11Oct2025 15:38:57.369] [Render thread/DEBUG] [net.minecraftforge.registries.ForgeRegistry/REGISTRIES]: Registry minecraft:sound_event: Fixed minecraft:sound_event id mismatch irons_spellbooks:entity.void_tentacles.ambient: 1504 (init) -> 1502 (map).
[11Oct2025 15:38:57.369] [Render thread/DEBUG] [net.minecraftforge.registries.ForgeRegistry/REGISTRIES]: Registry minecraft:sound_event: Fixed minecraft:sound_event id mismatch irons_spellbooks:entity.void_tentacles.retreat: 1503 (init) -> 1501 (map).
[11Oct2025 15:38:57.369] [Render thread/DEBUG] [net.minecraftforge.registries.ForgeRegistry/REGISTRIES]: Registry minecraft:sound_event: Fixed minecraft:sound_event id mismatch irons_spellbooks:force_impact: 1480 (init) -> 1478 (map).
[11Oct2025 15:38:57.369] [Render thread/DEBUG] [net.minecraftforge.registries.ForgeRegistry/REGISTRIES]: Registry minecraft:sound_event: Fixed minecraft:sound_event id mismatch irons_spellbooks:frost_step: 1491 (init) -> 1489 (map).
[11Oct2025 15:38:57.369] [Render thread/DEBUG] [net.minecraftforge.registries.ForgeRegistry/REGISTRIES]: Registry minecraft:sound_event: Fixed minecraft:sound_event id mismatch irons_spellbooks:heartstop_cast: 1487 (init) -> 1485 (map).
[11Oct2025 15:38:57.369] [Render thread/DEBUG] [net.minecraftforge.registries.ForgeRegistry/REGISTRIES]: Registry minecraft:sound_event: Fixed minecraft:sound_event id mismatch irons_spellbooks:ice_impact: 1481 (init) -> 1479 (map).
[11Oct2025 15:38:57.369] [Render thread/DEBUG] [net.minecraftforge.registries.ForgeRegistry/REGISTRIES]: Registry minecraft:sound_event: Fixed minecraft:sound_event id mismatch irons_spellbooks:item.spell_book.equip: 1602 (init) -> 1600 (map).
[11Oct2025 15:38:57.369] [Render thread/DEBUG] [net.minecraftforge.registries.ForgeRegistry/REGISTRIES]: Registry minecraft:sound_event: Fixed minecraft:sound_event id mismatch irons_spellbooks:lightning_lance_cast: 1488 (init) -> 1486 (map).
[11Oct2025 15:38:57.369] [Render thread/DEBUG] [net.minecraftforge.registries.ForgeRegistry/REGISTRIES]: Registry minecraft:sound_event: Fixed minecraft:sound_event id mismatch irons_spellbooks:lightning_woosh_01: 1486 (init) -> 1484 (map).
[11Oct2025 15:38:57.369] [Render thread/DEBUG] [net.minecraftforge.registries.ForgeRegistry/REGISTRIES]: Registry minecraft:sound_event: Fixed minecraft:sound_event id mismatch irons_spellbooks:loop.cloud_of_regen: 1498 (init) -> 1496 (map).
[11Oct2025 15:38:57.369] [Render thread/DEBUG] [net.minecraftforge.registries.ForgeRegistry/REGISTRIES]: Registry minecraft:sound_event: Fixed minecraft:sound_event id mismatch irons_spellbooks:loop.cone_of_cold: 1497 (init) -> 1495 (map).
[11Oct2025 15:38:57.369] [Render thread/DEBUG] [net.minecraftforge.registries.ForgeRegistry/REGISTRIES]: Registry minecraft:sound_event: Fixed minecraft:sound_event id mismatch irons_spellbooks:loop.electrocute: 1496 (init) -> 1494 (map).
[11Oct2025 15:38:57.369] [Render thread/DEBUG] [net.minecraftforge.registries.ForgeRegistry/REGISTRIES]: Registry minecraft:sound_event: Fixed minecraft:sound_event id mismatch irons_spellbooks:loop.fire_breath: 1495 (init) -> 1493 (map).
[11Oct2025 15:38:57.369] [Render thread/DEBUG] [net.minecraftforge.registries.ForgeRegistry/REGISTRIES]: Registry minecraft:sound_event: Fixed minecraft:sound_event id mismatch irons_spellbooks:loop.ray_of_siphoning: 1507 (init) -> 1505 (map).
[11Oct2025 15:38:57.369] [Render thread/DEBUG] [net.minecraftforge.registries.ForgeRegistry/REGISTRIES]: Registry minecraft:sound_event: Fixed minecraft:sound_event id mismatch irons_spellbooks:magic_arrow_charge: 1490 (init) -> 1488 (map).
[11Oct2025 15:38:57.369] [Render thread/DEBUG] [net.minecraftforge.registries.ForgeRegistry/REGISTRIES]: Registry minecraft:sound_event: Fixed minecraft:sound_event id mismatch irons_spellbooks:magic_arrow_release: 1489 (init) -> 1487 (map).
[11Oct2025 15:38:57.369] [Render thread/DEBUG] [net.minecraftforge.registries.ForgeRegistry/REGISTRIES]: Registry minecraft:sound_event: Fixed minecraft:sound_event id mismatch irons_spellbooks:magic_spell_reverse_3: 1482 (init) -> 1480 (map).
[11Oct2025 15:38:57.369] [Render thread/DEBUG] [net.minecraftforge.registries.ForgeRegistry/REGISTRIES]: Registry minecraft:sound_event: Fixed minecraft:sound_event id mismatch irons_spellbooks:spell.acid_orb.cast: 1510 (init) -> 1508 (map).
[11Oct2025 15:38:57.369] [Render thread/DEBUG] [net.minecraftforge.registries.ForgeRegistry/REGISTRIES]: Registry minecraft:sound_event: Fixed minecraft:sound_event id mismatch irons_spellbooks:spell.acid_orb.charge: 1509 (init) -> 1507 (map).
[11Oct2025 15:38:57.369] [Render thread/DEBUG] [net.minecraftforge.registries.ForgeRegistry/REGISTRIES]: Registry minecraft:sound_event: Fixed minecraft:sound_event id mismatch irons_spellbooks:spell.arrow_volley.prepare: 1553 (init) -> 1551 (map).
[11Oct2025 15:38:57.370] [Render thread/DEBUG] [net.minecraftforge.registries.ForgeRegistry/REGISTRIES]: Registry minecraft:sound_event: Fixed minecraft:sound_event id mismatch irons_spellbooks:spell.black_hole.cast: 1517 (init) -> 1515 (map).
[11Oct2025 15:38:57.370] [Render thread/DEBUG] [net.minecraftforge.registries.ForgeRegistry/REGISTRIES]: Registry minecraft:sound_event: Fixed minecraft:sound_event id mismatch irons_spellbooks:spell.black_hole.charge: 1516 (init) -> 1514 (map).
[11Oct2025 15:38:57.370] [Render thread/DEBUG] [net.minecraftforge.registries.ForgeRegistry/REGISTRIES]: Registry minecraft:sound_event: Fixed minecraft:sound_event id mismatch irons_spellbooks:spell.blight.begin: 1520 (init) -> 1518 (map).
[11Oct2025 15:38:57.370] [Render thread/DEBUG] [net.minecraftforge.registries.ForgeRegistry/REGISTRIES]: Registry minecraft:sound_event: Fixed minecraft:sound_event id mismatch irons_spellbooks:spell.cleanse.cast: 1571 (init) -> 1569 (map).
[11Oct2025 15:38:57.370] [Render thread/DEBUG] [net.minecraftforge.registries.ForgeRegistry/REGISTRIES]: Registry minecraft:sound_event: Fixed minecraft:sound_event id mismatch irons_spellbooks:spell.divine_smite.cast: 1547 (init) -> 1545 (map).
[11Oct2025 15:38:57.370] [Render thread/DEBUG] [net.minecraftforge.registries.ForgeRegistry/REGISTRIES]: Registry minecraft:sound_event: Fixed minecraft:sound_event id mismatch irons_spellbooks:spell.divine_smite.windup: 1546 (init) -> 1544 (map).
[11Oct2025 15:38:57.370] [Render thread/DEBUG] [net.minecraftforge.registries.ForgeRegistry/REGISTRIES]: Registry minecraft:sound_event: Fixed minecraft:sound_event id mismatch irons_spellbooks:spell.earthquake.cast: 1540 (init) -> 1538 (map).
[11Oct2025 15:38:57.370] [Render thread/DEBUG] [net.minecraftforge.registries.ForgeRegistry/REGISTRIES]: Registry minecraft:sound_event: Fixed minecraft:sound_event id mismatch irons_spellbooks:spell.eldritch_blast.cast: 1556 (init) -> 1554 (map).
[11Oct2025 15:38:57.370] [Render thread/DEBUG] [net.minecraftforge.registries.ForgeRegistry/REGISTRIES]: Registry minecraft:sound_event: Fixed minecraft:sound_event id mismatch irons_spellbooks:spell.fire_arrow.cast: 1574 (init) -> 1572 (map).
[11Oct2025 15:38:57.370] [Render thread/DEBUG] [net.minecraftforge.registries.ForgeRegistry/REGISTRIES]: Registry minecraft:sound_event: Fixed minecraft:sound_event id mismatch irons_spellbooks:spell.fire_arrow.charge: 1573 (init) -> 1571 (map).
[11Oct2025 15:38:57.370] [Render thread/DEBUG] [net.minecraftforge.registries.ForgeRegistry/REGISTRIES]: Registry minecraft:sound_event: Fixed minecraft:sound_event id mismatch irons_spellbooks:spell.fire_bomb.cast: 1524 (init) -> 1522 (map).
[11Oct2025 15:38:57.370] [Render thread/DEBUG] [net.minecraftforge.registries.ForgeRegistry/REGISTRIES]: Registry minecraft:sound_event: Fixed minecraft:sound_event id mismatch irons_spellbooks:spell.fire_bomb.charge: 1523 (init) -> 1521 (map).
[11Oct2025 15:38:57.370] [Render thread/DEBUG] [net.minecraftforge.registries.ForgeRegistry/REGISTRIES]: Registry minecraft:sound_event: Fixed minecraft:sound_event id mismatch irons_spellbooks:spell.firefly_swarm.prepare: 1543 (init) -> 1541 (map).
[11Oct2025 15:38:57.370] [Render thread/DEBUG] [net.minecraftforge.registries.ForgeRegistry/REGISTRIES]: Registry minecraft:sound_event: Fixed minecraft:sound_event id mismatch irons_spellbooks:spell.flaming_strike.begin: 1557 (init) -> 1555 (map).
[11Oct2025 15:38:57.370] [Render thread/DEBUG] [net.minecraftforge.registries.ForgeRegistry/REGISTRIES]: Registry minecraft:sound_event: Fixed minecraft:sound_event id mismatch irons_spellbooks:spell.flaming_strike.cast: 1558 (init) -> 1556 (map).
[11Oct2025 15:38:57.370] [Render thread/DEBUG] [net.minecraftforge.registries.ForgeRegistry/REGISTRIES]: Registry minecraft:sound_event: Fixed minecraft:sound_event id mismatch irons_spellbooks:spell.frostwave.prepare: 1552 (init) -> 1550 (map).
[11Oct2025 15:38:57.370] [Render thread/DEBUG] [net.minecraftforge.registries.ForgeRegistry/REGISTRIES]: Registry minecraft:sound_event: Fixed minecraft:sound_event id mismatch irons_spellbooks:spell.guiding_bolt.cast: 1528 (init) -> 1526 (map).
[11Oct2025 15:38:57.370] [Render thread/DEBUG] [net.minecraftforge.registries.ForgeRegistry/REGISTRIES]: Registry minecraft:sound_event: Fixed minecraft:sound_event id mismatch irons_spellbooks:spell.gust.cast: 1526 (init) -> 1524 (map).
[11Oct2025 15:38:57.370] [Render thread/DEBUG] [net.minecraftforge.registries.ForgeRegistry/REGISTRIES]: Registry minecraft:sound_event: Fixed minecraft:sound_event id mismatch irons_spellbooks:spell.gust.charge: 1525 (init) -> 1523 (map).
[11Oct2025 15:38:57.370] [Render thread/DEBUG] [net.minecraftforge.registries.ForgeRegistry/REGISTRIES]: Registry minecraft:sound_event: Fixed minecraft:sound_event id mismatch irons_spellbooks:spell.heat_surge.prepare: 1551 (init) -> 1549 (map).
[11Oct2025 15:38:57.370] [Render thread/DEBUG] [net.minecraftforge.registries.ForgeRegistry/REGISTRIES]: Registry minecraft:sound_event: Fixed minecraft:sound_event id mismatch irons_spellbooks:spell.oakskin.cast: 1537 (init) -> 1535 (map).
[11Oct2025 15:38:57.370] [Render thread/DEBUG] [net.minecraftforge.registries.ForgeRegistry/REGISTRIES]: Registry minecraft:sound_event: Fixed minecraft:sound_event id mismatch irons_spellbooks:spell.planar_sight.cast: 1550 (init) -> 1548 (map).
[11Oct2025 15:38:57.370] [Render thread/DEBUG] [net.minecraftforge.registries.ForgeRegistry/REGISTRIES]: Registry minecraft:sound_event: Fixed minecraft:sound_event id mismatch irons_spellbooks:spell.poison_arrow.cast: 1513 (init) -> 1511 (map).
[11Oct2025 15:38:57.370] [Render thread/DEBUG] [net.minecraftforge.registries.ForgeRegistry/REGISTRIES]: Registry minecraft:sound_event: Fixed minecraft:sound_event id mismatch irons_spellbooks:spell.poison_arrow.charge: 1512 (init) -> 1510 (map).
[11Oct2025 15:38:57.371] [Render thread/DEBUG] [net.minecraftforge.registries.ForgeRegistry/REGISTRIES]: Registry minecraft:sound_event: Fixed minecraft:sound_event id mismatch irons_spellbooks:spell.poison_breath.loop: 1514 (init) -> 1512 (map).
[11Oct2025 15:38:57.371] [Render thread/DEBUG] [net.minecraftforge.registries.ForgeRegistry/REGISTRIES]: Registry minecraft:sound_event: Fixed minecraft:sound_event id mismatch irons_spellbooks:spell.poison_splash.begin: 1519 (init) -> 1517 (map).
[11Oct2025 15:38:57.371] [Render thread/DEBUG] [net.minecraftforge.registries.ForgeRegistry/REGISTRIES]: Registry minecraft:sound_event: Fixed minecraft:sound_event id mismatch irons_spellbooks:spell.ray_of_frost.cast: 1544 (init) -> 1542 (map).
[11Oct2025 15:38:57.371] [Render thread/DEBUG] [net.minecraftforge.registries.ForgeRegistry/REGISTRIES]: Registry minecraft:sound_event: Fixed minecraft:sound_event id mismatch irons_spellbooks:spell.recall.prepare: 1555 (init) -> 1553 (map).
[11Oct2025 15:38:57.371] [Render thread/DEBUG] [net.minecraftforge.registries.ForgeRegistry/REGISTRIES]: Registry minecraft:sound_event: Fixed minecraft:sound_event id mismatch irons_spellbooks:spell.sacrifice.blood_explosion: 1568 (init) -> 1566 (map).
[11Oct2025 15:38:57.371] [Render thread/DEBUG] [net.minecraftforge.registries.ForgeRegistry/REGISTRIES]: Registry minecraft:sound_event: Fixed minecraft:sound_event id mismatch irons_spellbooks:spell.scorch.prepare: 1563 (init) -> 1561 (map).
[11Oct2025 15:38:57.371] [Render thread/DEBUG] [net.minecraftforge.registries.ForgeRegistry/REGISTRIES]: Registry minecraft:sound_event: Fixed minecraft:sound_event id mismatch irons_spellbooks:spell.shockwave.cast: 1559 (init) -> 1557 (map).
[11Oct2025 15:38:57.371] [Render thread/DEBUG] [net.minecraftforge.registries.ForgeRegistry/REGISTRIES]: Registry minecraft:sound_event: Fixed minecraft:sound_event id mismatch irons_spellbooks:spell.shockwave.prepare: 1560 (init) -> 1558 (map).
[11Oct2025 15:38:57.371] [Render thread/DEBUG] [net.minecraftforge.registries.ForgeRegistry/REGISTRIES]: Registry minecraft:sound_event: Fixed minecraft:sound_event id mismatch irons_spellbooks:spell.sonic_boom.cast: 1545 (init) -> 1543 (map).
[11Oct2025 15:38:57.371] [Render thread/DEBUG] [net.minecraftforge.registries.ForgeRegistry/REGISTRIES]: Registry minecraft:sound_event: Fixed minecraft:sound_event id mismatch irons_spellbooks:spell.spider_aspect.cast: 1521 (init) -> 1519 (map).
[11Oct2025 15:38:57.371] [Render thread/DEBUG] [net.minecraftforge.registries.ForgeRegistry/REGISTRIES]: Registry minecraft:sound_event: Fixed minecraft:sound_event id mismatch irons_spellbooks:spell.telekinesis.cast: 1548 (init) -> 1546 (map).
[11Oct2025 15:38:57.371] [Render thread/DEBUG] [net.minecraftforge.registries.ForgeRegistry/REGISTRIES]: Registry minecraft:sound_event: Fixed minecraft:sound_event id mismatch irons_spellbooks:spell.telekinesis.loop: 1549 (init) -> 1547 (map).
[11Oct2025 15:38:57.371] [Render thread/DEBUG] [net.minecraftforge.registries.ForgeRegistry/REGISTRIES]: Registry minecraft:sound_event: Fixed minecraft:sound_event id mismatch irons_spellbooks:spell.thunderstorm.prepare: 1567 (init) -> 1565 (map).
[11Oct2025 15:38:57.371] [Render thread/DEBUG] [net.minecraftforge.registries.ForgeRegistry/REGISTRIES]: Registry minecraft:sound_event: Fixed minecraft:sound_event id mismatch irons_spellbooks:ui.learn_eldritch_spell: 1600 (init) -> 1598 (map).
[11Oct2025 15:38:57.371] [Render thread/DEBUG] [net.minecraftforge.registries.ForgeRegistry/REGISTRIES]: Registry minecraft:sound_event: Fixed minecraft:sound_event id mismatch irons_spellbooks:ui.tick: 1601 (init) -> 1599 (map).
[11Oct2025 15:38:57.377] [Render thread/DEBUG] [net.minecraftforge.registries.ForgeRegistry/REGISTRIES]: Registry minecraft:sound_event: Fixed minecraft:sound_event id mismatch obscure_api:miracle: 1478 (init) -> 1614 (map).
[11Oct2025 15:38:57.377] [Render thread/DEBUG] [net.minecraftforge.registries.ForgeRegistry/REGISTRIES]: Registry minecraft:sound_event: Fixed minecraft:sound_event id mismatch tacz:gun: 1476 (init) -> 1612 (map).
[11Oct2025 15:38:57.377] [Render thread/DEBUG] [net.minecraftforge.registries.ForgeRegistry/REGISTRIES]: Registry minecraft:sound_event: Fixed minecraft:sound_event id mismatch tacz:target_block_hit: 1477 (init) -> 1613 (map).
[11Oct2025 15:38:57.411] [Render thread/DEBUG] [net.minecraftforge.registries.ForgeRegistry/REGISTRIES]: Registry minecraft:block Sync: ACTIVE -> STAGING
[11Oct2025 15:38:57.412] [Render thread/DEBUG] [net.minecraftforge.registries.ForgeRegistry/REGISTRIES]: Registry minecraft:block Override: minecraft:anvil Block{minecraft:anvil} -> Block{minecraft:air}
[11Oct2025 15:38:57.413] [Render thread/DEBUG] [net.minecraftforge.registries.ForgeRegistry/REGISTRIES]: Registry minecraft:block Override: minecraft:bamboo Block{minecraft:bamboo} -> Block{minecraft:air}
[11Oct2025 15:38:57.413] [Render thread/DEBUG] [net.minecraftforge.registries.ForgeRegistry/REGISTRIES]: Registry minecraft:block Override: minecraft:cactus Block{minecraft:cactus} -> Block{minecraft:air}
[11Oct2025 15:38:57.413] [Render thread/DEBUG] [net.minecraftforge.registries.ForgeRegistry/REGISTRIES]: Registry minecraft:block Override: minecraft:chipped_anvil Block{minecraft:chipped_anvil} -> Block{minecraft:air}
[11Oct2025 15:38:57.414] [Render thread/DEBUG] [net.minecraftforge.registries.ForgeRegistry/REGISTRIES]: Registry minecraft:block Override: minecraft:damaged_anvil Block{minecraft:damaged_anvil} -> Block{minecraft:air}
[11Oct2025 15:38:57.414] [Render thread/DEBUG] [net.minecraftforge.registries.ForgeRegistry/REGISTRIES]: Registry minecraft:block Override: minecraft:enchanting_table Block{minecraft:enchanting_table} -> Block{minecraft:air}
[11Oct2025 15:38:57.414] [Render thread/DEBUG] [net.minecraftforge.registries.ForgeRegistry/REGISTRIES]: Registry minecraft:block Override: minecraft:fletching_table Block{minecraft:fletching_table} -> Block{minecraft:air}
[11Oct2025 15:38:57.417] [Render thread/DEBUG] [net.minecraftforge.registries.ForgeRegistry/REGISTRIES]: Registry minecraft:block Override: minecraft:spawner Block{minecraft:spawner} -> Block{minecraft:air}
[11Oct2025 15:38:57.417] [Render thread/DEBUG] [net.minecraftforge.registries.ForgeRegistry/REGISTRIES]: Registry minecraft:block Override: minecraft:sugar_cane Block{minecraft:sugar_cane} -> Block{minecraft:air}
[11Oct2025 15:38:57.418] [Render thread/DEBUG] [net.minecraftforge.registries.ForgeRegistry/REGISTRIES]: Registry minecraft:fluid Sync: ACTIVE -> STAGING
[11Oct2025 15:38:57.418] [Render thread/DEBUG] [net.minecraftforge.registries.ForgeRegistry/REGISTRIES]: Registry minecraft:item Sync: ACTIVE -> STAGING
[11Oct2025 15:38:57.420] [Render thread/DEBUG] [net.minecraftforge.registries.ForgeRegistry/REGISTRIES]: Registry minecraft:item Override: minecraft:anvil anvil -> air
[11Oct2025 15:38:57.420] [Render thread/DEBUG] [net.minecraftforge.registries.ForgeRegistry/REGISTRIES]: Registry minecraft:item Override: minecraft:bamboo bamboo -> air
[11Oct2025 15:38:57.421] [Render thread/DEBUG] [net.minecraftforge.registries.ForgeRegistry/REGISTRIES]: Registry minecraft:item Override: minecraft:cactus cactus -> air
[11Oct2025 15:38:57.421] [Render thread/DEBUG] [net.minecraftforge.registries.ForgeRegistry/REGISTRIES]: Registry minecraft:item Override: minecraft:chipped_anvil chipped_anvil -> air
[11Oct2025 15:38:57.422] [Render thread/DEBUG] [net.minecraftforge.registries.ForgeRegistry/REGISTRIES]: Registry minecraft:item Override: minecraft:damaged_anvil damaged_anvil -> air
[11Oct2025 15:38:57.423] [Render thread/DEBUG] [net.minecraftforge.registries.ForgeRegistry/REGISTRIES]: Registry minecraft:item Override: minecraft:enchanting_table enchanting_table -> air
[11Oct2025 15:38:57.423] [Render thread/DEBUG] [net.minecraftforge.registries.ForgeRegistry/REGISTRIES]: Registry minecraft:item Override: minecraft:fletching_table fletching_table -> air
[11Oct2025 15:38:57.426] [Render thread/DEBUG] [net.minecraftforge.registries.ForgeRegistry/REGISTRIES]: Registry minecraft:item Override: minecraft:spawner spawner -> air
[11Oct2025 15:38:57.427] [Render thread/DEBUG] [net.minecraftforge.registries.ForgeRegistry/REGISTRIES]: Registry minecraft:item Override: minecraft:sugar_cane sugar_cane -> air
[11Oct2025 15:38:57.428] [Render thread/DEBUG] [net.minecraftforge.registries.ForgeRegistry/REGISTRIES]: Registry minecraft:mob_effect Sync: ACTIVE -> STAGING
[11Oct2025 15:38:57.428] [Render thread/DEBUG] [net.minecraftforge.registries.ForgeRegistry/REGISTRIES]: Registry minecraft:sound_event Sync: ACTIVE -> STAGING
[11Oct2025 15:38:57.434] [Render thread/DEBUG] [net.minecraftforge.registries.ForgeRegistry/REGISTRIES]: Registry minecraft:potion Sync: ACTIVE -> STAGING
[11Oct2025 15:38:57.435] [Render thread/DEBUG] [net.minecraftforge.registries.ForgeRegistry/REGISTRIES]: Registry minecraft:enchantment Sync: ACTIVE -> STAGING
[11Oct2025 15:38:57.435] [Render thread/DEBUG] [net.minecraftforge.registries.ForgeRegistry/REGISTRIES]: Registry minecraft:enchantment Override: minecraft:bane_of_arthropods net.minecraft.world.item.enchantment.DamageEnchantment@21f02214 -> dev.shadowsoffire.apotheosis.ench.replacements.BaneEnchant@2ba9ed19
[11Oct2025 15:38:57.435] [Render thread/DEBUG] [net.minecraftforge.registries.ForgeRegistry/REGISTRIES]: Registry minecraft:enchantment Override: minecraft:blast_protection net.minecraft.world.item.enchantment.ProtectionEnchantment@4fe507f2 -> dev.shadowsoffire.apotheosis.ench.replacements.DefenseEnchant@25dc2c0
[11Oct2025 15:38:57.435] [Render thread/DEBUG] [net.minecraftforge.registries.ForgeRegistry/REGISTRIES]: Registry minecraft:enchantment Override: minecraft:feather_falling net.minecraft.world.item.enchantment.ProtectionEnchantment@79cd8532 -> dev.shadowsoffire.apotheosis.ench.replacements.DefenseEnchant@263e512e
[11Oct2025 15:38:57.435] [Render thread/DEBUG] [net.minecraftforge.registries.ForgeRegistry/REGISTRIES]: Registry minecraft:enchantment Override: minecraft:fire_protection net.minecraft.world.item.enchantment.ProtectionEnchantment@2bb69a17 -> dev.shadowsoffire.apotheosis.ench.replacements.DefenseEnchant@4add4dff
[11Oct2025 15:38:57.436] [Render thread/DEBUG] [net.minecraftforge.registries.ForgeRegistry/REGISTRIES]: Registry minecraft:enchantment Override: minecraft:projectile_protection net.minecraft.world.item.enchantment.ProtectionEnchantment@72c3964c -> dev.shadowsoffire.apotheosis.ench.replacements.DefenseEnchant@192ecf8
[11Oct2025 15:38:57.436] [Render thread/DEBUG] [net.minecraftforge.registries.ForgeRegistry/REGISTRIES]: Registry minecraft:enchantment Override: minecraft:protection net.minecraft.world.item.enchantment.ProtectionEnchantment@6da8c432 -> dev.shadowsoffire.apotheosis.ench.replacements.DefenseEnchant@4e3d36c2
[11Oct2025 15:38:57.436] [Render thread/DEBUG] [net.minecraftforge.registries.ForgeRegistry/REGISTRIES]: Registry minecraft:enchantment Override: minecraft:sharpness net.minecraft.world.item.enchantment.DamageEnchantment@2df86dfc -> dev.shadowsoffire.apotheosis.ench.replacements.BaneEnchant@1b53e6fc
[11Oct2025 15:38:57.436] [Render thread/DEBUG] [net.minecraftforge.registries.ForgeRegistry/REGISTRIES]: Registry minecraft:enchantment Override: minecraft:smite net.minecraft.world.item.enchantment.DamageEnchantment@75964bfa -> dev.shadowsoffire.apotheosis.ench.replacements.BaneEnchant@3293030b
[11Oct2025 15:38:57.436] [Render thread/DEBUG] [net.minecraftforge.registries.ForgeRegistry/REGISTRIES]: Registry minecraft:entity_type Sync: ACTIVE -> STAGING
[11Oct2025 15:38:57.437] [Render thread/DEBUG] [net.minecraftforge.registries.ForgeRegistry/REGISTRIES]: Registry minecraft:block_entity_type Sync: ACTIVE -> STAGING
[11Oct2025 15:38:57.437] [Render thread/DEBUG] [net.minecraftforge.registries.ForgeRegistry/REGISTRIES]: Registry minecraft:particle_type Sync: ACTIVE -> STAGING
[11Oct2025 15:38:57.438] [Render thread/DEBUG] [net.minecraftforge.registries.ForgeRegistry/REGISTRIES]: Registry minecraft:menu Sync: ACTIVE -> STAGING
[11Oct2025 15:38:57.438] [Render thread/DEBUG] [net.minecraftforge.registries.ForgeRegistry/REGISTRIES]: Registry minecraft:painting_variant Sync: ACTIVE -> STAGING
[11Oct2025 15:38:57.438] [Render thread/DEBUG] [net.minecraftforge.registries.ForgeRegistry/REGISTRIES]: Registry minecraft:recipe_type Sync: ACTIVE -> STAGING
[11Oct2025 15:38:57.438] [Render thread/DEBUG] [net.minecraftforge.registries.ForgeRegistry/REGISTRIES]: Registry minecraft:recipe_serializer Sync: ACTIVE -> STAGING
[11Oct2025 15:38:57.438] [Render thread/DEBUG] [net.minecraftforge.registries.ForgeRegistry/REGISTRIES]: Registry minecraft:attribute Sync: ACTIVE -> STAGING
[11Oct2025 15:38:57.439] [Render thread/DEBUG] [net.minecraftforge.registries.ForgeRegistry/REGISTRIES]: Registry minecraft:stat_type Sync: ACTIVE -> STAGING
[11Oct2025 15:38:57.439] [Render thread/DEBUG] [net.minecraftforge.registries.ForgeRegistry/REGISTRIES]: Registry minecraft:command_argument_type Sync: ACTIVE -> STAGING
[11Oct2025 15:38:57.439] [Render thread/DEBUG] [net.minecraftforge.registries.ForgeRegistry/REGISTRIES]: Registry minecraft:villager_profession Sync: ACTIVE -> STAGING
[11Oct2025 15:38:57.439] [Render thread/DEBUG] [net.minecraftforge.registries.ForgeRegistry/REGISTRIES]: Registry minecraft:point_of_interest_type Sync: ACTIVE -> STAGING
[11Oct2025 15:38:57.440] [Render thread/DEBUG] [net.minecraftforge.registries.ForgeRegistry/REGISTRIES]: Registry minecraft:memory_module_type Sync: ACTIVE -> STAGING
[11Oct2025 15:38:57.441] [Render thread/DEBUG] [net.minecraftforge.registries.ForgeRegistry/REGISTRIES]: Registry minecraft:sensor_type Sync: ACTIVE -> STAGING
[11Oct2025 15:38:57.441] [Render thread/DEBUG] [net.minecraftforge.registries.ForgeRegistry/REGISTRIES]: Registry minecraft:schedule Sync: ACTIVE -> STAGING
[11Oct2025 15:38:57.441] [Render thread/DEBUG] [net.minecraftforge.registries.ForgeRegistry/REGISTRIES]: Registry minecraft:activity Sync: ACTIVE -> STAGING
[11Oct2025 15:38:57.441] [Render thread/DEBUG] [net.minecraftforge.registries.ForgeRegistry/REGISTRIES]: Registry minecraft:worldgen/carver Sync: ACTIVE -> STAGING
[11Oct2025 15:38:57.441] [Render thread/DEBUG] [net.minecraftforge.registries.ForgeRegistry/REGISTRIES]: Registry minecraft:worldgen/feature Sync: ACTIVE -> STAGING
[11Oct2025 15:38:57.442] [Render thread/DEBUG] [net.minecraftforge.registries.ForgeRegistry/REGISTRIES]: Registry minecraft:chunk_status Sync: ACTIVE -> STAGING
[11Oct2025 15:38:57.442] [Render thread/DEBUG] [net.minecraftforge.registries.ForgeRegistry/REGISTRIES]: Registry minecraft:worldgen/block_state_provider_type Sync: ACTIVE -> STAGING
[11Oct2025 15:38:57.442] [Render thread/DEBUG] [net.minecraftforge.registries.ForgeRegistry/REGISTRIES]: Registry minecraft:worldgen/foliage_placer_type Sync: ACTIVE -> STAGING
[11Oct2025 15:38:57.442] [Render thread/DEBUG] [net.minecraftforge.registries.ForgeRegistry/REGISTRIES]: Registry minecraft:worldgen/tree_decorator_type Sync: ACTIVE -> STAGING
[11Oct2025 15:38:57.442] [Render thread/DEBUG] [net.minecraftforge.registries.ForgeRegistry/REGISTRIES]: Registry minecraft:worldgen/biome Sync: ACTIVE -> STAGING
[11Oct2025 15:38:57.442] [Render thread/DEBUG] [net.minecraftforge.registries.ForgeRegistry/REGISTRIES]: Registry irons_spellbooks:schools Sync: ACTIVE -> STAGING
[11Oct2025 15:38:57.442] [Render thread/DEBUG] [net.minecraftforge.registries.ForgeRegistry/REGISTRIES]: Registry irons_spellbooks:spells Sync: ACTIVE -> STAGING
[11Oct2025 15:38:57.443] [Render thread/DEBUG] [net.minecraftforge.registries.ForgeRegistry/REGISTRIES]: Registry forge:entity_data_serializers Sync: ACTIVE -> STAGING
[11Oct2025 15:38:57.443] [Render thread/DEBUG] [net.minecraftforge.registries.ForgeRegistry/REGISTRIES]: Registry forge:global_loot_modifier_serializers Sync: ACTIVE -> STAGING
[11Oct2025 15:38:57.443] [Render thread/DEBUG] [net.minecraftforge.registries.ForgeRegistry/REGISTRIES]: Registry forge:biome_modifier_serializers Sync: ACTIVE -> STAGING
[11Oct2025 15:38:57.443] [Render thread/DEBUG] [net.minecraftforge.registries.ForgeRegistry/REGISTRIES]: Registry forge:fluid_type Sync: ACTIVE -> STAGING
[11Oct2025 15:38:57.443] [Render thread/DEBUG] [net.minecraftforge.registries.ForgeRegistry/REGISTRIES]: Registry forge:structure_modifier_serializers Sync: ACTIVE -> STAGING
[11Oct2025 15:38:57.443] [Render thread/DEBUG] [net.minecraftforge.registries.ForgeRegistry/REGISTRIES]: Registry forge:holder_set_type Sync: ACTIVE -> STAGING
[11Oct2025 15:38:57.443] [Render thread/DEBUG] [net.minecraftforge.registries.ForgeRegistry/REGISTRIES]: Registry forge:display_contexts Sync: ACTIVE -> STAGING
[11Oct2025 15:38:57.911] [Render thread/DEBUG] [net.minecraftforge.registries.ObjectHolderRegistry/REGISTRIES]: Applying holder lookups
[11Oct2025 15:38:57.917] [Render thread/DEBUG] [net.minecraftforge.registries.ObjectHolderRegistry/REGISTRIES]: Holder lookups applied
[11Oct2025 15:38:57.941] [Render thread/INFO] [tacz/GunPackFinder]: Start scanning for gun packs in C:\Projects\magitacz-forge\run\tacz
[11Oct2025 15:38:57.942] [Render thread/INFO] [tacz/GunPackFinder]: - playwrights_gunpack, Main namespace: playwrights_gunpack
[11Oct2025 15:38:57.942] [Render thread/INFO] [tacz/GunPackFinder]: - tacz_default_gun, Main namespace: tacz
[11Oct2025 15:38:57.942] [Render thread/INFO] [tacz/GunPackFinder]: Found 2 possible gunpack(s) and added them to resource set.
[11Oct2025 15:38:58.196] [Render thread/DEBUG] [net.minecraftforge.server.ServerLifecycleHooks/CORE]: Generating PackInfo named mod:tslatentitystatus for mod file C:\Users\Hell-\.gradle\caches\forge_gradle\deobf_dependencies\net\tslat\tes\TES-forge-1.20.1\1.5.1_mapped_official_1.20.1\TES-forge-1.20.1-1.5.1_mapped_official_1.20.1.jar
[11Oct2025 15:38:58.196] [Render thread/DEBUG] [net.minecraftforge.server.ServerLifecycleHooks/CORE]: Generating PackInfo named mod:moonlight for mod file C:\Users\Hell-\.gradle\caches\forge_gradle\deobf_dependencies\curse\maven\selene-499980\6380635_mapped_official_1.20.1\selene-499980-6380635_mapped_official_1.20.1.jar
[11Oct2025 15:38:58.197] [Render thread/DEBUG] [net.minecraftforge.server.ServerLifecycleHooks/CORE]: Generating PackInfo named mod:magitacz for mod file C:\Projects\magitacz-forge\build\resources\main
[11Oct2025 15:38:58.197] [Render thread/DEBUG] [net.minecraftforge.server.ServerLifecycleHooks/CORE]: Generating PackInfo named mod:gunsmithlib for mod file C:\Users\Hell-\.gradle\caches\forge_gradle\deobf_dependencies\curse\maven\gunsmith-lib-1264058\7049169_mapped_official_1.20.1\gunsmith-lib-1264058-7049169_mapped_official_1.20.1.jar
[11Oct2025 15:38:58.198] [Render thread/DEBUG] [net.minecraftforge.server.ServerLifecycleHooks/CORE]: Generating PackInfo named mod:geckolib for mod file C:\Users\Hell-\.gradle\caches\forge_gradle\deobf_dependencies\software\bernie\geckolib\geckolib-forge-1.20.1\4.4.9_mapped_official_1.20.1\geckolib-forge-1.20.1-4.4.9_mapped_official_1.20.1.jar
[11Oct2025 15:38:58.198] [Render thread/DEBUG] [net.minecraftforge.server.ServerLifecycleHooks/CORE]: Generating PackInfo named mod:playeranimator for mod file C:\Users\Hell-\.gradle\caches\forge_gradle\deobf_dependencies\dev\kosmx\player-anim\player-animation-lib-forge\1.0.2-rc1+1.20_mapped_official_1.20.1\player-animation-lib-forge-1.0.2-rc1+1.20_mapped_official_1.20.1.jar
[11Oct2025 15:38:58.198] [Render thread/DEBUG] [net.minecraftforge.server.ServerLifecycleHooks/CORE]: Generating PackInfo named mod:tacz for mod file C:\Users\Hell-\.gradle\caches\forge_gradle\deobf_dependencies\curse\maven\timeless-and-classics-zero-1028108\6654541_mapped_official_1.20.1\timeless-and-classics-zero-1028108-6654541_mapped_official_1.20.1.jar
[11Oct2025 15:38:58.198] [Render thread/DEBUG] [net.minecraftforge.server.ServerLifecycleHooks/CORE]: Generating PackInfo named mod:caelus for mod file C:\Users\Hell-\.gradle\caches\forge_gradle\deobf_dependencies\top\theillusivec4\caelus\caelus-forge\3.2.0+1.20.1_mapped_official_1.20.1\caelus-forge-3.2.0+1.20.1_mapped_official_1.20.1.jar
[11Oct2025 15:38:58.198] [Render thread/DEBUG] [net.minecraftforge.server.ServerLifecycleHooks/CORE]: Generating PackInfo named mod:obscure_api for mod file C:\Users\Hell-\.gradle\caches\forge_gradle\deobf_dependencies\curse\maven\obscure-api-638417\4616364_mapped_official_1.20.1\obscure-api-638417-4616364_mapped_official_1.20.1.jar
[11Oct2025 15:38:58.198] [Render thread/DEBUG] [net.minecraftforge.server.ServerLifecycleHooks/CORE]: Generating PackInfo named mod:curios for mod file C:\Users\Hell-\.gradle\caches\forge_gradle\deobf_dependencies\top\theillusivec4\curios\curios-forge\5.14.1+1.20.1_mapped_official_1.20.1\curios-forge-5.14.1+1.20.1_mapped_official_1.20.1.jar
[11Oct2025 15:38:58.198] [Render thread/DEBUG] [net.minecraftforge.server.ServerLifecycleHooks/CORE]: Generating PackInfo named mod:apotheotic_additions for mod file C:\Users\Hell-\.gradle\caches\forge_gradle\deobf_dependencies\curse\maven\apotheotic-additions-924640\6393313_mapped_official_1.20.1\apotheotic-additions-924640-6393313_mapped_official_1.20.1.jar
[11Oct2025 15:38:58.198] [Render thread/DEBUG] [net.minecraftforge.server.ServerLifecycleHooks/CORE]: Generating PackInfo named mod:placebo for mod file C:\Users\Hell-\.gradle\caches\forge_gradle\deobf_dependencies\dev\shadowsoffire\Placebo\1.20.1-8.6.3_mapped_official_1.20.1\Placebo-1.20.1-8.6.3_mapped_official_1.20.1.jar
[11Oct2025 15:38:58.199] [Render thread/DEBUG] [net.minecraftforge.server.ServerLifecycleHooks/CORE]: Generating PackInfo named mod:attributeslib for mod file C:\Users\Hell-\.gradle\caches\forge_gradle\deobf_dependencies\curse\maven\apothic-attributes-898963\5634071_mapped_official_1.20.1\apothic-attributes-898963-5634071_mapped_official_1.20.1.jar
[11Oct2025 15:38:58.199] [Render thread/DEBUG] [net.minecraftforge.server.ServerLifecycleHooks/CORE]: Generating PackInfo named mod:irons_spellbooks for mod file C:\Users\Hell-\.gradle\caches\forge_gradle\deobf_dependencies\io\redspace\ironsspellbooks\irons_spellbooks\1.20.1-3.4.0.9_mapped_official_1.20.1\irons_spellbooks-1.20.1-3.4.0.9_mapped_official_1.20.1.jar
[11Oct2025 15:38:58.199] [Render thread/DEBUG] [net.minecraftforge.server.ServerLifecycleHooks/CORE]: Generating PackInfo named mod:apotheosis for mod file C:\Users\Hell-\.gradle\caches\forge_gradle\deobf_dependencies\dev\shadowsoffire\Apotheosis\1.20.1-7.4.8_mapped_official_1.20.1\Apotheosis-1.20.1-7.4.8_mapped_official_1.20.1.jar
[11Oct2025 15:38:58.199] [Render thread/DEBUG] [net.minecraftforge.server.ServerLifecycleHooks/CORE]: Generating PackInfo named mod:apotheosis_modern_ragnarok for mod file C:\Users\Hell-\.gradle\caches\forge_gradle\deobf_dependencies\curse\maven\apotheosis-modern-ragnarok-966582\6956142_mapped_official_1.20.1\apotheosis-modern-ragnarok-966582-6956142_mapped_official_1.20.1.jar
[11Oct2025 15:38:58.199] [Render thread/DEBUG] [net.minecraftforge.server.ServerLifecycleHooks/CORE]: Generating PackInfo named mod:forge for mod file /
[11Oct2025 15:38:58.199] [Render thread/DEBUG] [net.minecraftforge.server.ServerLifecycleHooks/CORE]: Generating PackInfo named mod:dummmmmmy for mod file C:\Users\Hell-\.gradle\caches\forge_gradle\deobf_dependencies\curse\maven\mmmmmmmmmmmm-225738\6237015_mapped_official_1.20.1\mmmmmmmmmmmm-225738-6237015_mapped_official_1.20.1.jar
[11Oct2025 15:38:58.200] [Render thread/DEBUG] [net.minecraftforge.server.ServerLifecycleHooks/CORE]: Generating PackInfo named mod:aquamirae for mod file C:\Users\Hell-\.gradle\caches\forge_gradle\deobf_dependencies\curse\maven\ob-aquamirae-536254\7039863_mapped_official_1.20.1\ob-aquamirae-536254-7039863_mapped_official_1.20.1.jar
[11Oct2025 15:38:58.793] [Render thread/DEBUG] [mixin/]: Mixing PotionUtilsMixin from attributeslib.mixins.json into net.minecraft.world.item.alchemy.PotionUtils
[11Oct2025 15:38:58.833] [Render thread/DEBUG] [mixin/]: Mixing PrimaryLevelDataMixin from obscure_api.mixins.json into net.minecraft.world.level.storage.PrimaryLevelData
[11Oct2025 15:38:58.913] [Render thread/DEBUG] [net.minecraftforge.coremod.transformer.CoreModBaseTransformer/COREMOD]: Transforming net/minecraft/server/commands/EnchantCommand
[11Oct2025 15:38:58.917] [Render thread/INFO] [net.minecraftforge.coremod.CoreMod.apotheosis/COREMODLOG]: Replaced 2 calls to Enchantment#getMaxLevel() in net/minecraft/server/commands/EnchantCommand
[11Oct2025 15:38:58.961] [Render thread/DEBUG] [net.minecraftforge.coremod.transformer.CoreModBaseTransformer/COREMOD]: Transforming net/minecraft/server/commands/SummonCommand
[11Oct2025 15:38:59.077] [Render thread/DEBUG] [mixin/]: Mixing MixinLuaGunLogicConstant from gunsmithlib.mixins.json into com.tacz.guns.api.vmlib.LuaGunLogicConstant
[11Oct2025 15:38:59.077] [Render thread/DEBUG] [mixin/]: gunsmithlib.mixins.json:MixinLuaGunLogicConstant: Class version 61 required is higher than the class version supported by the current version of Mixin (JAVA_8 supports class version 52)
[11Oct2025 15:38:59.303] [Worker-Main-13/DEBUG] [mixin/]: Mixing MixinNbtPredicate from curios.mixins.json into net.minecraft.advancements.critereon.NbtPredicate
[11Oct2025 15:38:59.344] [Worker-Main-13/DEBUG] [net.minecraftforge.coremod.transformer.CoreModBaseTransformer/COREMOD]: Transforming net/minecraft/world/entity/raid/Raid
[11Oct2025 15:38:59.500] [Worker-Main-13/ERROR] [net.minecraftforge.common.ForgeHooks/]: Couldn't parse element loot_tables:apotheosis:book
com.google.gson.JsonSyntaxException: Expected name to be an item, was unknown string 'patchouli:guide_book'
	at net.minecraft.util.GsonHelper.lambda$convertToItem$0(GsonHelper.java:145) ~[forge-1.20.1-47.4.0_mapped_official_1.20.1.jar%23191!/:?]
	at java.util.Optional.orElseThrow(Optional.java:403) ~[?:?]
	at net.minecraft.util.GsonHelper.convertToItem(GsonHelper.java:145) ~[forge-1.20.1-47.4.0_mapped_official_1.20.1.jar%23191!/:?]
	at net.minecraft.util.GsonHelper.getAsItem(GsonHelper.java:153) ~[forge-1.20.1-47.4.0_mapped_official_1.20.1.jar%23191!/:?]
	at net.minecraft.world.level.storage.loot.entries.LootItem$Serializer.deserialize(LootItem.java:55) ~[forge-1.20.1-47.4.0_mapped_official_1.20.1.jar%23191!/:?]
	at net.minecraft.world.level.storage.loot.entries.LootItem$Serializer.deserialize(LootItem.java:40) ~[forge-1.20.1-47.4.0_mapped_official_1.20.1.jar%23191!/:?]
	at net.minecraft.world.level.storage.loot.entries.LootPoolSingletonContainer$Serializer.deserializeCustom(LootPoolSingletonContainer.java:151) ~[forge-1.20.1-47.4.0_mapped_official_1.20.1.jar%23191!/:?]
	at net.minecraft.world.level.storage.loot.entries.LootPoolSingletonContainer$Serializer.deserializeCustom(LootPoolSingletonContainer.java:129) ~[forge-1.20.1-47.4.0_mapped_official_1.20.1.jar%23191!/:?]
	at net.minecraft.world.level.storage.loot.entries.LootPoolEntryContainer$Serializer.deserialize(LootPoolEntryContainer.java:86) ~[forge-1.20.1-47.4.0_mapped_official_1.20.1.jar%23191!/:?]
	at net.minecraft.world.level.storage.loot.entries.LootPoolEntryContainer$Serializer.deserialize(LootPoolEntryContainer.java:74) ~[forge-1.20.1-47.4.0_mapped_official_1.20.1.jar%23191!/:?]
	at net.minecraft.world.level.storage.loot.GsonAdapterFactory$JsonAdapter.deserialize(GsonAdapterFactory.java:102) ~[forge-1.20.1-47.4.0_mapped_official_1.20.1.jar%23191!/:?]
	at com.google.gson.internal.bind.TreeTypeAdapter.read(TreeTypeAdapter.java:76) ~[gson-2.10.jar%23130!/:?]
	at com.google.gson.internal.bind.TypeAdapterRuntimeTypeWrapper.read(TypeAdapterRuntimeTypeWrapper.java:40) ~[gson-2.10.jar%23130!/:?]
	at com.google.gson.internal.bind.ArrayTypeAdapter.read(ArrayTypeAdapter.java:72) ~[gson-2.10.jar%23130!/:?]
	at com.google.gson.Gson.fromJson(Gson.java:1214) ~[gson-2.10.jar%23130!/:?]
	at com.google.gson.Gson.fromJson(Gson.java:1319) ~[gson-2.10.jar%23130!/:?]
	at com.google.gson.Gson.fromJson(Gson.java:1290) ~[gson-2.10.jar%23130!/:?]
	at com.google.gson.internal.bind.TreeTypeAdapter$GsonContextImpl.deserialize(TreeTypeAdapter.java:179) ~[gson-2.10.jar%23130!/:?]
	at net.minecraft.util.GsonHelper.convertToObject(GsonHelper.java:463) ~[forge-1.20.1-47.4.0_mapped_official_1.20.1.jar%23191!/:?]
	at net.minecraft.util.GsonHelper.getAsObject(GsonHelper.java:471) ~[forge-1.20.1-47.4.0_mapped_official_1.20.1.jar%23191!/:?]
	at net.minecraft.world.level.storage.loot.LootPool$Serializer.deserialize(LootPool.java:192) ~[forge-1.20.1-47.4.0_mapped_official_1.20.1.jar%23191!/:?]
	at net.minecraft.world.level.storage.loot.LootPool$Serializer.deserialize(LootPool.java:189) ~[forge-1.20.1-47.4.0_mapped_official_1.20.1.jar%23191!/:?]
	at com.google.gson.internal.bind.TreeTypeAdapter.read(TreeTypeAdapter.java:76) ~[gson-2.10.jar%23130!/:?]
	at com.google.gson.internal.bind.TypeAdapterRuntimeTypeWrapper.read(TypeAdapterRuntimeTypeWrapper.java:40) ~[gson-2.10.jar%23130!/:?]
	at com.google.gson.internal.bind.ArrayTypeAdapter.read(ArrayTypeAdapter.java:72) ~[gson-2.10.jar%23130!/:?]
	at com.google.gson.Gson.fromJson(Gson.java:1214) ~[gson-2.10.jar%23130!/:?]
	at com.google.gson.Gson.fromJson(Gson.java:1319) ~[gson-2.10.jar%23130!/:?]
	at com.google.gson.Gson.fromJson(Gson.java:1290) ~[gson-2.10.jar%23130!/:?]
	at com.google.gson.internal.bind.TreeTypeAdapter$GsonContextImpl.deserialize(TreeTypeAdapter.java:179) ~[gson-2.10.jar%23130!/:?]
	at net.minecraft.util.GsonHelper.convertToObject(GsonHelper.java:463) ~[forge-1.20.1-47.4.0_mapped_official_1.20.1.jar%23191!/:?]
	at net.minecraft.util.GsonHelper.getAsObject(GsonHelper.java:481) ~[forge-1.20.1-47.4.0_mapped_official_1.20.1.jar%23191!/:?]
	at net.minecraft.world.level.storage.loot.LootTable$Serializer.deserialize(LootTable.java:294) ~[forge-1.20.1-47.4.0_mapped_official_1.20.1.jar%23191!/:?]
	at net.minecraft.world.level.storage.loot.LootTable$Serializer.deserialize(LootTable.java:291) ~[forge-1.20.1-47.4.0_mapped_official_1.20.1.jar%23191!/:?]
	at com.google.gson.internal.bind.TreeTypeAdapter.read(TreeTypeAdapter.java:76) ~[gson-2.10.jar%23130!/:?]
	at com.google.gson.Gson.fromJson(Gson.java:1214) ~[gson-2.10.jar%23130!/:?]
	at com.google.gson.Gson.fromJson(Gson.java:1319) ~[gson-2.10.jar%23130!/:?]
	at com.google.gson.Gson.fromJson(Gson.java:1261) ~[gson-2.10.jar%23130!/:?]
	at net.minecraftforge.common.ForgeHooks.loadLootTable(ForgeHooks.java:871) ~[forge-1.20.1-47.4.0_mapped_official_1.20.1.jar%23190%23197!/:?]
	at net.minecraftforge.common.ForgeHooks.lambda$getLootTableDeserializer$3(ForgeHooks.java:848) ~[forge-1.20.1-47.4.0_mapped_official_1.20.1.jar%23190%23197!/:?]
	at net.minecraft.world.level.storage.loot.LootDataType.deserialize(LootDataType.java:45) ~[forge-1.20.1-47.4.0_mapped_official_1.20.1.jar%23191!/:?]
	at net.minecraft.world.level.storage.loot.LootDataManager.lambda$scheduleElementParse$4(LootDataManager.java:56) ~[forge-1.20.1-47.4.0_mapped_official_1.20.1.jar%23191!/:?]
	at java.util.HashMap.forEach(HashMap.java:1421) ~[?:?]
	at net.minecraft.world.level.storage.loot.LootDataManager.lambda$scheduleElementParse$5(LootDataManager.java:55) ~[forge-1.20.1-47.4.0_mapped_official_1.20.1.jar%23191!/:?]
	at java.util.concurrent.CompletableFuture$AsyncRun.run(CompletableFuture.java:1804) ~[?:?]
	at java.util.concurrent.CompletableFuture$AsyncRun.exec(CompletableFuture.java:1796) ~[?:?]
	at java.util.concurrent.ForkJoinTask.doExec(ForkJoinTask.java:373) ~[?:?]
	at java.util.concurrent.ForkJoinPool$WorkQueue.topLevelExec(ForkJoinPool.java:1182) ~[?:?]
	at java.util.concurrent.ForkJoinPool.scan(ForkJoinPool.java:1655) ~[?:?]
	at java.util.concurrent.ForkJoinPool.runWorker(ForkJoinPool.java:1622) ~[?:?]
	at java.util.concurrent.ForkJoinWorkerThread.run(ForkJoinWorkerThread.java:165) ~[?:?]
[11Oct2025 15:38:59.866] [Worker-Main-17/ERROR] [tacz/]: Couldn't parse data file tacz:stock_moe_data from tacz:data/attachments/stock_moe_data.json
com.google.gson.JsonParseException: java.io.EOFException: End of input at line 19 column 2 path $.spell
	at net.minecraft.util.GsonHelper.fromNullableJson(GsonHelper.java:526) ~[forge-1.20.1-47.4.0_mapped_official_1.20.1.jar%23191!/:?]
	at net.minecraft.util.GsonHelper.fromJson(GsonHelper.java:531) ~[forge-1.20.1-47.4.0_mapped_official_1.20.1.jar%23191!/:?]
	at com.tacz.guns.util.ResourceScanner.scanDirectory(ResourceScanner.java:41) ~[timeless-and-classics-zero-1028108-6654541_mapped_official_1.20.1.jar%23206!/:1.1.6-hotfix]
	at com.tacz.guns.resource.manager.JsonDataManager.prepare(JsonDataManager.java:48) ~[timeless-and-classics-zero-1028108-6654541_mapped_official_1.20.1.jar%23206!/:1.1.6-hotfix]
	at com.tacz.guns.resource.manager.JsonDataManager.prepare(JsonDataManager.java:25) ~[timeless-and-classics-zero-1028108-6654541_mapped_official_1.20.1.jar%23206!/:1.1.6-hotfix]
	at net.minecraft.server.packs.resources.SimplePreparableReloadListener.lambda$reload$0(SimplePreparableReloadListener.java:11) ~[forge-1.20.1-47.4.0_mapped_official_1.20.1.jar%23191!/:?]
	at java.util.concurrent.CompletableFuture$AsyncSupply.run(CompletableFuture.java:1768) ~[?:?]
	at java.util.concurrent.CompletableFuture$AsyncSupply.exec(CompletableFuture.java:1760) ~[?:?]
	at java.util.concurrent.ForkJoinTask.doExec(ForkJoinTask.java:373) ~[?:?]
	at java.util.concurrent.ForkJoinPool$WorkQueue.topLevelExec(ForkJoinPool.java:1182) ~[?:?]
	at java.util.concurrent.ForkJoinPool.scan(ForkJoinPool.java:1655) ~[?:?]
	at java.util.concurrent.ForkJoinPool.runWorker(ForkJoinPool.java:1622) ~[?:?]
	at java.util.concurrent.ForkJoinWorkerThread.run(ForkJoinWorkerThread.java:165) ~[?:?]
Caused by: java.io.EOFException: End of input at line 19 column 2 path $.spell
	at com.google.gson.stream.JsonReader.nextNonWhitespace(JsonReader.java:1455) ~[gson-2.10.jar%23130!/:?]
	at com.google.gson.stream.JsonReader.doPeek(JsonReader.java:491) ~[gson-2.10.jar%23130!/:?]
	at com.google.gson.stream.JsonReader.hasNext(JsonReader.java:422) ~[gson-2.10.jar%23130!/:?]
	at com.google.gson.internal.bind.TypeAdapters$28.read(TypeAdapters.java:779) ~[gson-2.10.jar%23130!/:?]
	at com.google.gson.internal.bind.TypeAdapters$28.read(TypeAdapters.java:725) ~[gson-2.10.jar%23130!/:?]
	at com.google.gson.internal.bind.TypeAdapters$34$1.read(TypeAdapters.java:1007) ~[gson-2.10.jar%23130!/:?]
	at net.minecraft.util.GsonHelper.fromNullableJson(GsonHelper.java:524) ~[forge-1.20.1-47.4.0_mapped_official_1.20.1.jar%23191!/:?]
	... 12 more
[11Oct2025 15:39:00.330] [Render thread/INFO] [placebo/]: Registered 34 additional loot tables.
[11Oct2025 15:39:00.388] [Render thread/INFO] [net.minecraft.world.item.crafting.RecipeManager/]: Loaded 13 recipes
[11Oct2025 15:39:00.458] [Render thread/INFO] [net.minecraft.advancements.AdvancementList/]: Loaded 1404 advancements
[11Oct2025 15:39:00.464] [Render thread/INFO] [placebo/]: Registered 26 additional recipes.
[11Oct2025 15:39:00.470] [Render thread/INFO] [top.theillusivec4.curios.Curios/]: Loaded 11 curio slots
[11Oct2025 15:39:00.475] [Render thread/INFO] [top.theillusivec4.curios.Curios/]: Loaded 1 curio entities
[11Oct2025 15:39:00.607] [Render thread/ERROR] [tacz/AttachmentIndexLoader]: Failed to load data file tacz:stock_moe
com.google.gson.JsonParseException: there is no corresponding data file
	at com.tacz.guns.resource.serialize.CommonAttachmentIndexSerializer.deserialize(CommonAttachmentIndexSerializer.java:19) ~[timeless-and-classics-zero-1028108-6654541_mapped_official_1.20.1.jar:1.1.6-hotfix]
	at com.tacz.guns.resource.serialize.CommonAttachmentIndexSerializer.deserialize(CommonAttachmentIndexSerializer.java:12) ~[timeless-and-classics-zero-1028108-6654541_mapped_official_1.20.1.jar:1.1.6-hotfix]
	at com.google.gson.internal.bind.TreeTypeAdapter.read(TreeTypeAdapter.java:76) ~[gson-2.10.jar:?]
	at com.google.gson.Gson.fromJson(Gson.java:1214) ~[gson-2.10.jar:?]
	at com.google.gson.Gson.fromJson(Gson.java:1319) ~[gson-2.10.jar:?]
	at com.google.gson.Gson.fromJson(Gson.java:1261) ~[gson-2.10.jar:?]
	at com.tacz.guns.resource.manager.JsonDataManager.parseJson(JsonDataManager.java:69) ~[timeless-and-classics-zero-1028108-6654541_mapped_official_1.20.1.jar:1.1.6-hotfix]
	at com.tacz.guns.resource.manager.JsonDataManager.apply(JsonDataManager.java:58) ~[timeless-and-classics-zero-1028108-6654541_mapped_official_1.20.1.jar:1.1.6-hotfix]
	at com.tacz.guns.resource.manager.CommonDataManager.apply(CommonDataManager.java:35) ~[timeless-and-classics-zero-1028108-6654541_mapped_official_1.20.1.jar:1.1.6-hotfix]
	at com.tacz.guns.resource.manager.CommonDataManager.apply(CommonDataManager.java:19) ~[timeless-and-classics-zero-1028108-6654541_mapped_official_1.20.1.jar:1.1.6-hotfix]
	at net.minecraft.server.packs.resources.SimplePreparableReloadListener.lambda$reload$1(SimplePreparableReloadListener.java:13) ~[forge-1.20.1-47.4.0_mapped_official_1.20.1.jar:?]
	at java.util.concurrent.CompletableFuture$UniAccept.tryFire(CompletableFuture.java:718) ~[?:?]
	at java.util.concurrent.CompletableFuture$Completion.run(CompletableFuture.java:482) ~[?:?]
	at net.minecraft.server.packs.resources.SimpleReloadInstance.lambda$new$3(SimpleReloadInstance.java:69) ~[forge-1.20.1-47.4.0_mapped_official_1.20.1.jar:?]
	at net.minecraft.util.thread.BlockableEventLoop.doRunTask(BlockableEventLoop.java:156) ~[forge-1.20.1-47.4.0_mapped_official_1.20.1.jar:?]
	at net.minecraft.util.thread.ReentrantBlockableEventLoop.doRunTask(ReentrantBlockableEventLoop.java:23) ~[forge-1.20.1-47.4.0_mapped_official_1.20.1.jar:?]
	at net.minecraft.util.thread.BlockableEventLoop.pollTask(BlockableEventLoop.java:130) ~[forge-1.20.1-47.4.0_mapped_official_1.20.1.jar:?]
	at net.minecraft.util.thread.BlockableEventLoop.managedBlock(BlockableEventLoop.java:139) ~[forge-1.20.1-47.4.0_mapped_official_1.20.1.jar:?]
	at net.minecraft.client.gui.screens.worldselection.WorldOpenFlows.loadWorldDataBlocking(WorldOpenFlows.java:163) ~[forge-1.20.1-47.4.0_mapped_official_1.20.1.jar:?]
	at net.minecraft.client.gui.screens.worldselection.WorldOpenFlows.loadWorldStem(WorldOpenFlows.java:113) ~[forge-1.20.1-47.4.0_mapped_official_1.20.1.jar:?]
	at net.minecraft.client.gui.screens.worldselection.WorldOpenFlows.doLoadLevel(WorldOpenFlows.java:181) ~[forge-1.20.1-47.4.0_mapped_official_1.20.1.jar:?]
	at net.minecraft.client.gui.screens.worldselection.WorldOpenFlows.doLoadLevel(WorldOpenFlows.java:169) ~[forge-1.20.1-47.4.0_mapped_official_1.20.1.jar:?]
	at net.minecraft.client.gui.screens.worldselection.WorldOpenFlows.loadLevel(WorldOpenFlows.java:65) ~[forge-1.20.1-47.4.0_mapped_official_1.20.1.jar:?]
	at net.minecraft.client.gui.screens.worldselection.WorldSelectionList$WorldListEntry.loadWorld(WorldSelectionList.java:575) ~[forge-1.20.1-47.4.0_mapped_official_1.20.1.jar:?]
	at net.minecraft.client.gui.screens.worldselection.WorldSelectionList$WorldListEntry.joinWorld(WorldSelectionList.java:474) ~[forge-1.20.1-47.4.0_mapped_official_1.20.1.jar:?]
	at net.minecraft.client.gui.screens.worldselection.WorldSelectionList$WorldListEntry.mouseClicked(WorldSelectionList.java:416) ~[forge-1.20.1-47.4.0_mapped_official_1.20.1.jar:?]
	at net.minecraft.client.gui.components.AbstractSelectionList.mouseClicked(AbstractSelectionList.java:298) ~[forge-1.20.1-47.4.0_mapped_official_1.20.1.jar:?]
	at net.minecraft.client.gui.components.events.ContainerEventHandler.mouseClicked(ContainerEventHandler.java:38) ~[forge-1.20.1-47.4.0_mapped_official_1.20.1.jar:?]
	at net.minecraft.client.MouseHandler.lambda$onPress$0(MouseHandler.java:92) ~[forge-1.20.1-47.4.0_mapped_official_1.20.1.jar:?]
	at net.minecraft.client.gui.screens.Screen.wrapScreenError(Screen.java:437) ~[forge-1.20.1-47.4.0_mapped_official_1.20.1.jar:?]
	at net.minecraft.client.MouseHandler.onPress(MouseHandler.java:89) ~[forge-1.20.1-47.4.0_mapped_official_1.20.1.jar:?]
	at net.minecraft.client.MouseHandler.lambda$setup$4(MouseHandler.java:189) ~[forge-1.20.1-47.4.0_mapped_official_1.20.1.jar:?]
	at net.minecraft.util.thread.BlockableEventLoop.execute(BlockableEventLoop.java:102) ~[forge-1.20.1-47.4.0_mapped_official_1.20.1.jar:?]
	at net.minecraft.client.MouseHandler.lambda$setup$5(MouseHandler.java:188) ~[forge-1.20.1-47.4.0_mapped_official_1.20.1.jar:?]
	at org.lwjgl.glfw.GLFWMouseButtonCallbackI.callback(GLFWMouseButtonCallbackI.java:43) ~[lwjgl-glfw-3.3.1.jar:build 7]
	at org.lwjgl.system.JNI.invokeV(Native Method) ~[lwjgl-3.3.1.jar:build 7]
	at org.lwjgl.glfw.GLFW.glfwWaitEventsTimeout(GLFW.java:3474) ~[lwjgl-glfw-3.3.1.jar:build 7]
	at com.mojang.blaze3d.systems.RenderSystem.limitDisplayFPS(RenderSystem.java:237) ~[forge-1.20.1-47.4.0_mapped_official_1.20.1.jar:?]
	at net.minecraft.client.Minecraft.runTick(Minecraft.java:1173) ~[forge-1.20.1-47.4.0_mapped_official_1.20.1.jar:?]
	at net.minecraft.client.Minecraft.run(Minecraft.java:718) ~[forge-1.20.1-47.4.0_mapped_official_1.20.1.jar:?]
	at net.minecraft.client.main.Main.main(Main.java:218) ~[forge-1.20.1-47.4.0_mapped_official_1.20.1.jar:?]
	at jdk.internal.reflect.NativeMethodAccessorImpl.invoke0(Native Method) ~[?:?]
	at jdk.internal.reflect.NativeMethodAccessorImpl.invoke(NativeMethodAccessorImpl.java:77) ~[?:?]
	at jdk.internal.reflect.DelegatingMethodAccessorImpl.invoke(DelegatingMethodAccessorImpl.java:43) ~[?:?]
	at java.lang.reflect.Method.invoke(Method.java:569) ~[?:?]
	at net.minecraftforge.fml.loading.targets.CommonLaunchHandler.runTarget(CommonLaunchHandler.java:111) ~[fmlloader-1.20.1-47.4.0.jar:?]
	at net.minecraftforge.fml.loading.targets.CommonLaunchHandler.clientService(CommonLaunchHandler.java:99) ~[fmlloader-1.20.1-47.4.0.jar:?]
	at net.minecraftforge.fml.loading.targets.ForgeClientUserdevLaunchHandler.devService(ForgeClientUserdevLaunchHandler.java:19) ~[fmlloader-1.20.1-47.4.0.jar:?]
	at net.minecraftforge.fml.loading.targets.CommonDevLaunchHandler.lambda$makeService$7(CommonDevLaunchHandler.java:135) ~[fmlloader-1.20.1-47.4.0.jar:?]
	at cpw.mods.modlauncher.LaunchServiceHandlerDecorator.launch(LaunchServiceHandlerDecorator.java:30) ~[modlauncher-10.0.9.jar:?]
	at cpw.mods.modlauncher.LaunchServiceHandler.launch(LaunchServiceHandler.java:53) ~[modlauncher-10.0.9.jar:?]
	at cpw.mods.modlauncher.LaunchServiceHandler.launch(LaunchServiceHandler.java:71) ~[modlauncher-10.0.9.jar:?]
	at cpw.mods.modlauncher.Launcher.run(Launcher.java:108) ~[modlauncher-10.0.9.jar:?]
	at cpw.mods.modlauncher.Launcher.main(Launcher.java:78) ~[modlauncher-10.0.9.jar:?]
	at cpw.mods.modlauncher.BootstrapLaunchConsumer.accept(BootstrapLaunchConsumer.java:26) ~[modlauncher-10.0.9.jar:?]
	at cpw.mods.modlauncher.BootstrapLaunchConsumer.accept(BootstrapLaunchConsumer.java:23) ~[modlauncher-10.0.9.jar:?]
	at cpw.mods.bootstraplauncher.BootstrapLauncher.main(BootstrapLauncher.java:141) ~[bootstraplauncher-1.1.2.jar:?]
[11Oct2025 15:39:00.706] [Render thread/INFO] [placebo/]: Registered 19 gear_sets.
[11Oct2025 15:39:00.711] [Render thread/INFO] [Apotheosis : Enchantment/]: Registered 33 enchanting_stats.
[11Oct2025 15:39:00.715] [Render thread/INFO] [Apotheosis : Adventure/]: Registered 9 rarities.
[11Oct2025 15:39:00.724] [Render thread/ERROR] [placebo/]: Codec failure for type affixes, message: Failure when parsing a affixes. Unrecognized type: apotheosis_modern_ragnarok:ammo_capacity
[11Oct2025 15:39:00.724] [Render thread/ERROR] [Apotheosis : Adventure/]: Failed parsing affixes file apotheosis_modern_ragnarok:clip_expansion.
[11Oct2025 15:39:00.724] [Render thread/ERROR] [Apotheosis : Adventure/]: Underlying Exception: 
java.lang.RuntimeException: Failure when parsing a affixes. Unrecognized type: apotheosis_modern_ragnarok:ammo_capacity
	at com.mojang.serialization.DataResult.lambda$getOrThrow$5(DataResult.java:101) ~[datafixerupper-6.0.8.jar:?]
	at com.mojang.datafixers.util.Either$Right.map(Either.java:99) ~[datafixerupper-6.0.8.jar:?]
	at com.mojang.serialization.DataResult.getOrThrow(DataResult.java:93) ~[datafixerupper-6.0.8.jar:?]
	at dev.shadowsoffire.placebo.reload.DynamicRegistry.lambda$apply$0(DynamicRegistry.java:140) ~[Placebo-1.20.1-8.6.3_mapped_official_1.20.1.jar:8.6.3]
	at java.util.HashMap.forEach(HashMap.java:1421) ~[?:?]
	at dev.shadowsoffire.placebo.reload.DynamicRegistry.apply(DynamicRegistry.java:136) ~[Placebo-1.20.1-8.6.3_mapped_official_1.20.1.jar:8.6.3]
	at dev.shadowsoffire.placebo.reload.DynamicRegistry.apply(DynamicRegistry.java:62) ~[Placebo-1.20.1-8.6.3_mapped_official_1.20.1.jar:8.6.3]
	at net.minecraft.server.packs.resources.SimplePreparableReloadListener.lambda$reload$1(SimplePreparableReloadListener.java:13) ~[forge-1.20.1-47.4.0_mapped_official_1.20.1.jar:?]
	at java.util.concurrent.CompletableFuture$UniAccept.tryFire(CompletableFuture.java:718) ~[?:?]
	at java.util.concurrent.CompletableFuture$Completion.run(CompletableFuture.java:482) ~[?:?]
	at net.minecraft.server.packs.resources.SimpleReloadInstance.lambda$new$3(SimpleReloadInstance.java:69) ~[forge-1.20.1-47.4.0_mapped_official_1.20.1.jar:?]
	at net.minecraft.util.thread.BlockableEventLoop.doRunTask(BlockableEventLoop.java:156) ~[forge-1.20.1-47.4.0_mapped_official_1.20.1.jar:?]
	at net.minecraft.util.thread.ReentrantBlockableEventLoop.doRunTask(ReentrantBlockableEventLoop.java:23) ~[forge-1.20.1-47.4.0_mapped_official_1.20.1.jar:?]
	at net.minecraft.util.thread.BlockableEventLoop.pollTask(BlockableEventLoop.java:130) ~[forge-1.20.1-47.4.0_mapped_official_1.20.1.jar:?]
	at net.minecraft.util.thread.BlockableEventLoop.managedBlock(BlockableEventLoop.java:139) ~[forge-1.20.1-47.4.0_mapped_official_1.20.1.jar:?]
	at net.minecraft.client.gui.screens.worldselection.WorldOpenFlows.loadWorldDataBlocking(WorldOpenFlows.java:163) ~[forge-1.20.1-47.4.0_mapped_official_1.20.1.jar:?]
	at net.minecraft.client.gui.screens.worldselection.WorldOpenFlows.loadWorldStem(WorldOpenFlows.java:113) ~[forge-1.20.1-47.4.0_mapped_official_1.20.1.jar:?]
	at net.minecraft.client.gui.screens.worldselection.WorldOpenFlows.doLoadLevel(WorldOpenFlows.java:181) ~[forge-1.20.1-47.4.0_mapped_official_1.20.1.jar:?]
	at net.minecraft.client.gui.screens.worldselection.WorldOpenFlows.doLoadLevel(WorldOpenFlows.java:169) ~[forge-1.20.1-47.4.0_mapped_official_1.20.1.jar:?]
	at net.minecraft.client.gui.screens.worldselection.WorldOpenFlows.loadLevel(WorldOpenFlows.java:65) ~[forge-1.20.1-47.4.0_mapped_official_1.20.1.jar:?]
	at net.minecraft.client.gui.screens.worldselection.WorldSelectionList$WorldListEntry.loadWorld(WorldSelectionList.java:575) ~[forge-1.20.1-47.4.0_mapped_official_1.20.1.jar:?]
	at net.minecraft.client.gui.screens.worldselection.WorldSelectionList$WorldListEntry.joinWorld(WorldSelectionList.java:474) ~[forge-1.20.1-47.4.0_mapped_official_1.20.1.jar:?]
	at net.minecraft.client.gui.screens.worldselection.WorldSelectionList$WorldListEntry.mouseClicked(WorldSelectionList.java:416) ~[forge-1.20.1-47.4.0_mapped_official_1.20.1.jar:?]
	at net.minecraft.client.gui.components.AbstractSelectionList.mouseClicked(AbstractSelectionList.java:298) ~[forge-1.20.1-47.4.0_mapped_official_1.20.1.jar:?]
	at net.minecraft.client.gui.components.events.ContainerEventHandler.mouseClicked(ContainerEventHandler.java:38) ~[forge-1.20.1-47.4.0_mapped_official_1.20.1.jar:?]
	at net.minecraft.client.MouseHandler.lambda$onPress$0(MouseHandler.java:92) ~[forge-1.20.1-47.4.0_mapped_official_1.20.1.jar:?]
	at net.minecraft.client.gui.screens.Screen.wrapScreenError(Screen.java:437) ~[forge-1.20.1-47.4.0_mapped_official_1.20.1.jar:?]
	at net.minecraft.client.MouseHandler.onPress(MouseHandler.java:89) ~[forge-1.20.1-47.4.0_mapped_official_1.20.1.jar:?]
	at net.minecraft.client.MouseHandler.lambda$setup$4(MouseHandler.java:189) ~[forge-1.20.1-47.4.0_mapped_official_1.20.1.jar:?]
	at net.minecraft.util.thread.BlockableEventLoop.execute(BlockableEventLoop.java:102) ~[forge-1.20.1-47.4.0_mapped_official_1.20.1.jar:?]
	at net.minecraft.client.MouseHandler.lambda$setup$5(MouseHandler.java:188) ~[forge-1.20.1-47.4.0_mapped_official_1.20.1.jar:?]
	at org.lwjgl.glfw.GLFWMouseButtonCallbackI.callback(GLFWMouseButtonCallbackI.java:43) ~[lwjgl-glfw-3.3.1.jar:build 7]
	at org.lwjgl.system.JNI.invokeV(Native Method) ~[lwjgl-3.3.1.jar:build 7]
	at org.lwjgl.glfw.GLFW.glfwWaitEventsTimeout(GLFW.java:3474) ~[lwjgl-glfw-3.3.1.jar:build 7]
	at com.mojang.blaze3d.systems.RenderSystem.limitDisplayFPS(RenderSystem.java:237) ~[forge-1.20.1-47.4.0_mapped_official_1.20.1.jar:?]
	at net.minecraft.client.Minecraft.runTick(Minecraft.java:1173) ~[forge-1.20.1-47.4.0_mapped_official_1.20.1.jar:?]
	at net.minecraft.client.Minecraft.run(Minecraft.java:718) ~[forge-1.20.1-47.4.0_mapped_official_1.20.1.jar:?]
	at net.minecraft.client.main.Main.main(Main.java:218) ~[forge-1.20.1-47.4.0_mapped_official_1.20.1.jar:?]
	at jdk.internal.reflect.NativeMethodAccessorImpl.invoke0(Native Method) ~[?:?]
	at jdk.internal.reflect.NativeMethodAccessorImpl.invoke(NativeMethodAccessorImpl.java:77) ~[?:?]
	at jdk.internal.reflect.DelegatingMethodAccessorImpl.invoke(DelegatingMethodAccessorImpl.java:43) ~[?:?]
	at java.lang.reflect.Method.invoke(Method.java:569) ~[?:?]
	at net.minecraftforge.fml.loading.targets.CommonLaunchHandler.runTarget(CommonLaunchHandler.java:111) ~[fmlloader-1.20.1-47.4.0.jar:?]
	at net.minecraftforge.fml.loading.targets.CommonLaunchHandler.clientService(CommonLaunchHandler.java:99) ~[fmlloader-1.20.1-47.4.0.jar:?]
	at net.minecraftforge.fml.loading.targets.ForgeClientUserdevLaunchHandler.devService(ForgeClientUserdevLaunchHandler.java:19) ~[fmlloader-1.20.1-47.4.0.jar:?]
	at net.minecraftforge.fml.loading.targets.CommonDevLaunchHandler.lambda$makeService$7(CommonDevLaunchHandler.java:135) ~[fmlloader-1.20.1-47.4.0.jar:?]
	at cpw.mods.modlauncher.LaunchServiceHandlerDecorator.launch(LaunchServiceHandlerDecorator.java:30) ~[modlauncher-10.0.9.jar:?]
	at cpw.mods.modlauncher.LaunchServiceHandler.launch(LaunchServiceHandler.java:53) ~[modlauncher-10.0.9.jar:?]
	at cpw.mods.modlauncher.LaunchServiceHandler.launch(LaunchServiceHandler.java:71) ~[modlauncher-10.0.9.jar:?]
	at cpw.mods.modlauncher.Launcher.run(Launcher.java:108) ~[modlauncher-10.0.9.jar:?]
	at cpw.mods.modlauncher.Launcher.main(Launcher.java:78) ~[modlauncher-10.0.9.jar:?]
	at cpw.mods.modlauncher.BootstrapLaunchConsumer.accept(BootstrapLaunchConsumer.java:26) ~[modlauncher-10.0.9.jar:?]
	at cpw.mods.modlauncher.BootstrapLaunchConsumer.accept(BootstrapLaunchConsumer.java:23) ~[modlauncher-10.0.9.jar:?]
	at cpw.mods.bootstraplauncher.BootstrapLauncher.main(BootstrapLauncher.java:141) ~[bootstraplauncher-1.1.2.jar:?]
[11Oct2025 15:39:00.759] [Render thread/ERROR] [placebo/]: Codec failure for type affixes, message: Failure when parsing a affixes. Unrecognized type: apotheosis_modern_ragnarok:damage_bonus
[11Oct2025 15:39:00.759] [Render thread/ERROR] [Apotheosis : Adventure/]: Failed parsing affixes file apotheosis_modern_ragnarok:magnum.
[11Oct2025 15:39:00.759] [Render thread/ERROR] [Apotheosis : Adventure/]: Underlying Exception: 
java.lang.RuntimeException: Failure when parsing a affixes. Unrecognized type: apotheosis_modern_ragnarok:damage_bonus
	at com.mojang.serialization.DataResult.lambda$getOrThrow$5(DataResult.java:101) ~[datafixerupper-6.0.8.jar:?]
	at com.mojang.datafixers.util.Either$Right.map(Either.java:99) ~[datafixerupper-6.0.8.jar:?]
	at com.mojang.serialization.DataResult.getOrThrow(DataResult.java:93) ~[datafixerupper-6.0.8.jar:?]
	at dev.shadowsoffire.placebo.reload.DynamicRegistry.lambda$apply$0(DynamicRegistry.java:140) ~[Placebo-1.20.1-8.6.3_mapped_official_1.20.1.jar:8.6.3]
	at java.util.HashMap.forEach(HashMap.java:1421) ~[?:?]
	at dev.shadowsoffire.placebo.reload.DynamicRegistry.apply(DynamicRegistry.java:136) ~[Placebo-1.20.1-8.6.3_mapped_official_1.20.1.jar:8.6.3]
	at dev.shadowsoffire.placebo.reload.DynamicRegistry.apply(DynamicRegistry.java:62) ~[Placebo-1.20.1-8.6.3_mapped_official_1.20.1.jar:8.6.3]
	at net.minecraft.server.packs.resources.SimplePreparableReloadListener.lambda$reload$1(SimplePreparableReloadListener.java:13) ~[forge-1.20.1-47.4.0_mapped_official_1.20.1.jar:?]
	at java.util.concurrent.CompletableFuture$UniAccept.tryFire(CompletableFuture.java:718) ~[?:?]
	at java.util.concurrent.CompletableFuture$Completion.run(CompletableFuture.java:482) ~[?:?]
	at net.minecraft.server.packs.resources.SimpleReloadInstance.lambda$new$3(SimpleReloadInstance.java:69) ~[forge-1.20.1-47.4.0_mapped_official_1.20.1.jar:?]
	at net.minecraft.util.thread.BlockableEventLoop.doRunTask(BlockableEventLoop.java:156) ~[forge-1.20.1-47.4.0_mapped_official_1.20.1.jar:?]
	at net.minecraft.util.thread.ReentrantBlockableEventLoop.doRunTask(ReentrantBlockableEventLoop.java:23) ~[forge-1.20.1-47.4.0_mapped_official_1.20.1.jar:?]
	at net.minecraft.util.thread.BlockableEventLoop.pollTask(BlockableEventLoop.java:130) ~[forge-1.20.1-47.4.0_mapped_official_1.20.1.jar:?]
	at net.minecraft.util.thread.BlockableEventLoop.managedBlock(BlockableEventLoop.java:139) ~[forge-1.20.1-47.4.0_mapped_official_1.20.1.jar:?]
	at net.minecraft.client.gui.screens.worldselection.WorldOpenFlows.loadWorldDataBlocking(WorldOpenFlows.java:163) ~[forge-1.20.1-47.4.0_mapped_official_1.20.1.jar:?]
	at net.minecraft.client.gui.screens.worldselection.WorldOpenFlows.loadWorldStem(WorldOpenFlows.java:113) ~[forge-1.20.1-47.4.0_mapped_official_1.20.1.jar:?]
	at net.minecraft.client.gui.screens.worldselection.WorldOpenFlows.doLoadLevel(WorldOpenFlows.java:181) ~[forge-1.20.1-47.4.0_mapped_official_1.20.1.jar:?]
	at net.minecraft.client.gui.screens.worldselection.WorldOpenFlows.doLoadLevel(WorldOpenFlows.java:169) ~[forge-1.20.1-47.4.0_mapped_official_1.20.1.jar:?]
	at net.minecraft.client.gui.screens.worldselection.WorldOpenFlows.loadLevel(WorldOpenFlows.java:65) ~[forge-1.20.1-47.4.0_mapped_official_1.20.1.jar:?]
	at net.minecraft.client.gui.screens.worldselection.WorldSelectionList$WorldListEntry.loadWorld(WorldSelectionList.java:575) ~[forge-1.20.1-47.4.0_mapped_official_1.20.1.jar:?]
	at net.minecraft.client.gui.screens.worldselection.WorldSelectionList$WorldListEntry.joinWorld(WorldSelectionList.java:474) ~[forge-1.20.1-47.4.0_mapped_official_1.20.1.jar:?]
	at net.minecraft.client.gui.screens.worldselection.WorldSelectionList$WorldListEntry.mouseClicked(WorldSelectionList.java:416) ~[forge-1.20.1-47.4.0_mapped_official_1.20.1.jar:?]
	at net.minecraft.client.gui.components.AbstractSelectionList.mouseClicked(AbstractSelectionList.java:298) ~[forge-1.20.1-47.4.0_mapped_official_1.20.1.jar:?]
	at net.minecraft.client.gui.components.events.ContainerEventHandler.mouseClicked(ContainerEventHandler.java:38) ~[forge-1.20.1-47.4.0_mapped_official_1.20.1.jar:?]
	at net.minecraft.client.MouseHandler.lambda$onPress$0(MouseHandler.java:92) ~[forge-1.20.1-47.4.0_mapped_official_1.20.1.jar:?]
	at net.minecraft.client.gui.screens.Screen.wrapScreenError(Screen.java:437) ~[forge-1.20.1-47.4.0_mapped_official_1.20.1.jar:?]
	at net.minecraft.client.MouseHandler.onPress(MouseHandler.java:89) ~[forge-1.20.1-47.4.0_mapped_official_1.20.1.jar:?]
	at net.minecraft.client.MouseHandler.lambda$setup$4(MouseHandler.java:189) ~[forge-1.20.1-47.4.0_mapped_official_1.20.1.jar:?]
	at net.minecraft.util.thread.BlockableEventLoop.execute(BlockableEventLoop.java:102) ~[forge-1.20.1-47.4.0_mapped_official_1.20.1.jar:?]
	at net.minecraft.client.MouseHandler.lambda$setup$5(MouseHandler.java:188) ~[forge-1.20.1-47.4.0_mapped_official_1.20.1.jar:?]
	at org.lwjgl.glfw.GLFWMouseButtonCallbackI.callback(GLFWMouseButtonCallbackI.java:43) ~[lwjgl-glfw-3.3.1.jar:build 7]
	at org.lwjgl.system.JNI.invokeV(Native Method) ~[lwjgl-3.3.1.jar:build 7]
	at org.lwjgl.glfw.GLFW.glfwWaitEventsTimeout(GLFW.java:3474) ~[lwjgl-glfw-3.3.1.jar:build 7]
	at com.mojang.blaze3d.systems.RenderSystem.limitDisplayFPS(RenderSystem.java:237) ~[forge-1.20.1-47.4.0_mapped_official_1.20.1.jar:?]
	at net.minecraft.client.Minecraft.runTick(Minecraft.java:1173) ~[forge-1.20.1-47.4.0_mapped_official_1.20.1.jar:?]
	at net.minecraft.client.Minecraft.run(Minecraft.java:718) ~[forge-1.20.1-47.4.0_mapped_official_1.20.1.jar:?]
	at net.minecraft.client.main.Main.main(Main.java:218) ~[forge-1.20.1-47.4.0_mapped_official_1.20.1.jar:?]
	at jdk.internal.reflect.NativeMethodAccessorImpl.invoke0(Native Method) ~[?:?]
	at jdk.internal.reflect.NativeMethodAccessorImpl.invoke(NativeMethodAccessorImpl.java:77) ~[?:?]
	at jdk.internal.reflect.DelegatingMethodAccessorImpl.invoke(DelegatingMethodAccessorImpl.java:43) ~[?:?]
	at java.lang.reflect.Method.invoke(Method.java:569) ~[?:?]
	at net.minecraftforge.fml.loading.targets.CommonLaunchHandler.runTarget(CommonLaunchHandler.java:111) ~[fmlloader-1.20.1-47.4.0.jar:?]
	at net.minecraftforge.fml.loading.targets.CommonLaunchHandler.clientService(CommonLaunchHandler.java:99) ~[fmlloader-1.20.1-47.4.0.jar:?]
	at net.minecraftforge.fml.loading.targets.ForgeClientUserdevLaunchHandler.devService(ForgeClientUserdevLaunchHandler.java:19) ~[fmlloader-1.20.1-47.4.0.jar:?]
	at net.minecraftforge.fml.loading.targets.CommonDevLaunchHandler.lambda$makeService$7(CommonDevLaunchHandler.java:135) ~[fmlloader-1.20.1-47.4.0.jar:?]
	at cpw.mods.modlauncher.LaunchServiceHandlerDecorator.launch(LaunchServiceHandlerDecorator.java:30) ~[modlauncher-10.0.9.jar:?]
	at cpw.mods.modlauncher.LaunchServiceHandler.launch(LaunchServiceHandler.java:53) ~[modlauncher-10.0.9.jar:?]
	at cpw.mods.modlauncher.LaunchServiceHandler.launch(LaunchServiceHandler.java:71) ~[modlauncher-10.0.9.jar:?]
	at cpw.mods.modlauncher.Launcher.run(Launcher.java:108) ~[modlauncher-10.0.9.jar:?]
	at cpw.mods.modlauncher.Launcher.main(Launcher.java:78) ~[modlauncher-10.0.9.jar:?]
	at cpw.mods.modlauncher.BootstrapLaunchConsumer.accept(BootstrapLaunchConsumer.java:26) ~[modlauncher-10.0.9.jar:?]
	at cpw.mods.modlauncher.BootstrapLaunchConsumer.accept(BootstrapLaunchConsumer.java:23) ~[modlauncher-10.0.9.jar:?]
	at cpw.mods.bootstraplauncher.BootstrapLauncher.main(BootstrapLauncher.java:141) ~[bootstraplauncher-1.1.2.jar:?]
[11Oct2025 15:39:00.766] [Render thread/ERROR] [placebo/]: Codec failure for type affixes, message: Failure when parsing a affixes. Unrecognized type: null
[11Oct2025 15:39:00.766] [Render thread/ERROR] [Apotheosis : Adventure/]: Failed parsing affixes file magitacz:iron_spell.
[11Oct2025 15:39:00.766] [Render thread/ERROR] [Apotheosis : Adventure/]: Underlying Exception: 
java.lang.RuntimeException: Failure when parsing a affixes. Unrecognized type: null
	at com.mojang.serialization.DataResult.lambda$getOrThrow$5(DataResult.java:101) ~[datafixerupper-6.0.8.jar:?]
	at com.mojang.datafixers.util.Either$Right.map(Either.java:99) ~[datafixerupper-6.0.8.jar:?]
	at com.mojang.serialization.DataResult.getOrThrow(DataResult.java:93) ~[datafixerupper-6.0.8.jar:?]
	at dev.shadowsoffire.placebo.reload.DynamicRegistry.lambda$apply$0(DynamicRegistry.java:140) ~[Placebo-1.20.1-8.6.3_mapped_official_1.20.1.jar:8.6.3]
	at java.util.HashMap.forEach(HashMap.java:1421) ~[?:?]
	at dev.shadowsoffire.placebo.reload.DynamicRegistry.apply(DynamicRegistry.java:136) ~[Placebo-1.20.1-8.6.3_mapped_official_1.20.1.jar:8.6.3]
	at dev.shadowsoffire.placebo.reload.DynamicRegistry.apply(DynamicRegistry.java:62) ~[Placebo-1.20.1-8.6.3_mapped_official_1.20.1.jar:8.6.3]
	at net.minecraft.server.packs.resources.SimplePreparableReloadListener.lambda$reload$1(SimplePreparableReloadListener.java:13) ~[forge-1.20.1-47.4.0_mapped_official_1.20.1.jar:?]
	at java.util.concurrent.CompletableFuture$UniAccept.tryFire(CompletableFuture.java:718) ~[?:?]
	at java.util.concurrent.CompletableFuture$Completion.run(CompletableFuture.java:482) ~[?:?]
	at net.minecraft.server.packs.resources.SimpleReloadInstance.lambda$new$3(SimpleReloadInstance.java:69) ~[forge-1.20.1-47.4.0_mapped_official_1.20.1.jar:?]
	at net.minecraft.util.thread.BlockableEventLoop.doRunTask(BlockableEventLoop.java:156) ~[forge-1.20.1-47.4.0_mapped_official_1.20.1.jar:?]
	at net.minecraft.util.thread.ReentrantBlockableEventLoop.doRunTask(ReentrantBlockableEventLoop.java:23) ~[forge-1.20.1-47.4.0_mapped_official_1.20.1.jar:?]
	at net.minecraft.util.thread.BlockableEventLoop.pollTask(BlockableEventLoop.java:130) ~[forge-1.20.1-47.4.0_mapped_official_1.20.1.jar:?]
	at net.minecraft.util.thread.BlockableEventLoop.managedBlock(BlockableEventLoop.java:139) ~[forge-1.20.1-47.4.0_mapped_official_1.20.1.jar:?]
	at net.minecraft.client.gui.screens.worldselection.WorldOpenFlows.loadWorldDataBlocking(WorldOpenFlows.java:163) ~[forge-1.20.1-47.4.0_mapped_official_1.20.1.jar:?]
	at net.minecraft.client.gui.screens.worldselection.WorldOpenFlows.loadWorldStem(WorldOpenFlows.java:113) ~[forge-1.20.1-47.4.0_mapped_official_1.20.1.jar:?]
	at net.minecraft.client.gui.screens.worldselection.WorldOpenFlows.doLoadLevel(WorldOpenFlows.java:181) ~[forge-1.20.1-47.4.0_mapped_official_1.20.1.jar:?]
	at net.minecraft.client.gui.screens.worldselection.WorldOpenFlows.doLoadLevel(WorldOpenFlows.java:169) ~[forge-1.20.1-47.4.0_mapped_official_1.20.1.jar:?]
	at net.minecraft.client.gui.screens.worldselection.WorldOpenFlows.loadLevel(WorldOpenFlows.java:65) ~[forge-1.20.1-47.4.0_mapped_official_1.20.1.jar:?]
	at net.minecraft.client.gui.screens.worldselection.WorldSelectionList$WorldListEntry.loadWorld(WorldSelectionList.java:575) ~[forge-1.20.1-47.4.0_mapped_official_1.20.1.jar:?]
	at net.minecraft.client.gui.screens.worldselection.WorldSelectionList$WorldListEntry.joinWorld(WorldSelectionList.java:474) ~[forge-1.20.1-47.4.0_mapped_official_1.20.1.jar:?]
	at net.minecraft.client.gui.screens.worldselection.WorldSelectionList$WorldListEntry.mouseClicked(WorldSelectionList.java:416) ~[forge-1.20.1-47.4.0_mapped_official_1.20.1.jar:?]
	at net.minecraft.client.gui.components.AbstractSelectionList.mouseClicked(AbstractSelectionList.java:298) ~[forge-1.20.1-47.4.0_mapped_official_1.20.1.jar:?]
	at net.minecraft.client.gui.components.events.ContainerEventHandler.mouseClicked(ContainerEventHandler.java:38) ~[forge-1.20.1-47.4.0_mapped_official_1.20.1.jar:?]
	at net.minecraft.client.MouseHandler.lambda$onPress$0(MouseHandler.java:92) ~[forge-1.20.1-47.4.0_mapped_official_1.20.1.jar:?]
	at net.minecraft.client.gui.screens.Screen.wrapScreenError(Screen.java:437) ~[forge-1.20.1-47.4.0_mapped_official_1.20.1.jar:?]
	at net.minecraft.client.MouseHandler.onPress(MouseHandler.java:89) ~[forge-1.20.1-47.4.0_mapped_official_1.20.1.jar:?]
	at net.minecraft.client.MouseHandler.lambda$setup$4(MouseHandler.java:189) ~[forge-1.20.1-47.4.0_mapped_official_1.20.1.jar:?]
	at net.minecraft.util.thread.BlockableEventLoop.execute(BlockableEventLoop.java:102) ~[forge-1.20.1-47.4.0_mapped_official_1.20.1.jar:?]
	at net.minecraft.client.MouseHandler.lambda$setup$5(MouseHandler.java:188) ~[forge-1.20.1-47.4.0_mapped_official_1.20.1.jar:?]
	at org.lwjgl.glfw.GLFWMouseButtonCallbackI.callback(GLFWMouseButtonCallbackI.java:43) ~[lwjgl-glfw-3.3.1.jar:build 7]
	at org.lwjgl.system.JNI.invokeV(Native Method) ~[lwjgl-3.3.1.jar:build 7]
	at org.lwjgl.glfw.GLFW.glfwWaitEventsTimeout(GLFW.java:3474) ~[lwjgl-glfw-3.3.1.jar:build 7]
	at com.mojang.blaze3d.systems.RenderSystem.limitDisplayFPS(RenderSystem.java:237) ~[forge-1.20.1-47.4.0_mapped_official_1.20.1.jar:?]
	at net.minecraft.client.Minecraft.runTick(Minecraft.java:1173) ~[forge-1.20.1-47.4.0_mapped_official_1.20.1.jar:?]
	at net.minecraft.client.Minecraft.run(Minecraft.java:718) ~[forge-1.20.1-47.4.0_mapped_official_1.20.1.jar:?]
	at net.minecraft.client.main.Main.main(Main.java:218) ~[forge-1.20.1-47.4.0_mapped_official_1.20.1.jar:?]
	at jdk.internal.reflect.NativeMethodAccessorImpl.invoke0(Native Method) ~[?:?]
	at jdk.internal.reflect.NativeMethodAccessorImpl.invoke(NativeMethodAccessorImpl.java:77) ~[?:?]
	at jdk.internal.reflect.DelegatingMethodAccessorImpl.invoke(DelegatingMethodAccessorImpl.java:43) ~[?:?]
	at java.lang.reflect.Method.invoke(Method.java:569) ~[?:?]
	at net.minecraftforge.fml.loading.targets.CommonLaunchHandler.runTarget(CommonLaunchHandler.java:111) ~[fmlloader-1.20.1-47.4.0.jar:?]
	at net.minecraftforge.fml.loading.targets.CommonLaunchHandler.clientService(CommonLaunchHandler.java:99) ~[fmlloader-1.20.1-47.4.0.jar:?]
	at net.minecraftforge.fml.loading.targets.ForgeClientUserdevLaunchHandler.devService(ForgeClientUserdevLaunchHandler.java:19) ~[fmlloader-1.20.1-47.4.0.jar:?]
	at net.minecraftforge.fml.loading.targets.CommonDevLaunchHandler.lambda$makeService$7(CommonDevLaunchHandler.java:135) ~[fmlloader-1.20.1-47.4.0.jar:?]
	at cpw.mods.modlauncher.LaunchServiceHandlerDecorator.launch(LaunchServiceHandlerDecorator.java:30) ~[modlauncher-10.0.9.jar:?]
	at cpw.mods.modlauncher.LaunchServiceHandler.launch(LaunchServiceHandler.java:53) ~[modlauncher-10.0.9.jar:?]
	at cpw.mods.modlauncher.LaunchServiceHandler.launch(LaunchServiceHandler.java:71) ~[modlauncher-10.0.9.jar:?]
	at cpw.mods.modlauncher.Launcher.run(Launcher.java:108) ~[modlauncher-10.0.9.jar:?]
	at cpw.mods.modlauncher.Launcher.main(Launcher.java:78) ~[modlauncher-10.0.9.jar:?]
	at cpw.mods.modlauncher.BootstrapLaunchConsumer.accept(BootstrapLaunchConsumer.java:26) ~[modlauncher-10.0.9.jar:?]
	at cpw.mods.modlauncher.BootstrapLaunchConsumer.accept(BootstrapLaunchConsumer.java:23) ~[modlauncher-10.0.9.jar:?]
	at cpw.mods.bootstraplauncher.BootstrapLauncher.main(BootstrapLauncher.java:141) ~[bootstraplauncher-1.1.2.jar:?]
[11Oct2025 15:39:00.789] [Render thread/INFO] [Apotheosis : Adventure/]: Registered 203 affixes.
[11Oct2025 15:39:00.794] [Render thread/ERROR] [Apotheosis : Adventure/]: Missing Affix Lang Keys:
"affix.apotheotic_additions:ragnarok/shotgun/mob_effect/rage": "",
"affix.apotheotic_additions:ragnarok/shotgun/mob_effect/rage.suffix": "",
"affix.apotheotic_additions:ragnarok/bolt_action/attribute/life_steal_x": "",
"affix.apotheotic_additions:ragnarok/bolt_action/attribute/life_steal_x.suffix": "",

[11Oct2025 15:39:00.806] [Render thread/WARN] [Apotheosis : Adventure/]: Insufficient number of affixes to satisfy the loot rules (ignoring backup rules) of rarity apotheosis:rare for category curios:spellbookRequired: 2; Provided: 0
[11Oct2025 15:39:00.809] [Render thread/WARN] [Apotheosis : Adventure/]: Insufficient number of affixes to satisfy the loot rules (ignoring backup rules) of rarity apotheosis:epic for category curios:spellbookRequired: 2; Provided: 0
[11Oct2025 15:39:00.810] [Render thread/WARN] [Apotheosis : Adventure/]: Insufficient number of affixes to satisfy the loot rules (ignoring backup rules) of rarity apotheotic_additions:artifact for category curios:spellbookRequired: 2; Provided: 0
[11Oct2025 15:39:00.810] [Render thread/WARN] [Apotheosis : Adventure/]: Insufficient number of affixes to satisfy the loot rules (ignoring backup rules) of rarity apotheotic_additions:artifact for category heavy_weaponRequired: 1; Provided: 0
[11Oct2025 15:39:00.811] [Render thread/WARN] [Apotheosis : Adventure/]: Insufficient number of affixes to satisfy the loot rules (ignoring backup rules) of rarity apotheotic_additions:artifact for category curios:spellbookRequired: 1; Provided: 0
[11Oct2025 15:39:00.812] [Render thread/WARN] [Apotheosis : Adventure/]: Insufficient number of affixes to satisfy the loot rules (ignoring backup rules) of rarity apotheotic_additions:heirloom for category curios:spellbookRequired: 1; Provided: 0
[11Oct2025 15:39:00.813] [Render thread/WARN] [Apotheosis : Adventure/]: Insufficient number of affixes to satisfy the loot rules (ignoring backup rules) of rarity apotheotic_additions:heirloom for category heavy_weaponRequired: 1; Provided: 0
[11Oct2025 15:39:00.813] [Render thread/WARN] [Apotheosis : Adventure/]: Insufficient number of affixes to satisfy the loot rules (ignoring backup rules) of rarity apotheotic_additions:heirloom for category curios:spellbookRequired: 1; Provided: 0
[11Oct2025 15:39:00.814] [Render thread/WARN] [Apotheosis : Adventure/]: Insufficient number of affixes to satisfy the loot rules (ignoring backup rules) of rarity apotheosis:mythic for category bootsRequired: 3; Provided: 2
[11Oct2025 15:39:00.814] [Render thread/WARN] [Apotheosis : Adventure/]: Insufficient number of affixes to satisfy the loot rules (ignoring backup rules) of rarity apotheosis:mythic for category curios:spellbookRequired: 3; Provided: 0
[11Oct2025 15:39:00.816] [Render thread/WARN] [Apotheosis : Adventure/]: Insufficient number of affixes to satisfy the loot rules (ignoring backup rules) of rarity apotheotic_additions:esoteric for category helmetRequired: 5; Provided: 4
[11Oct2025 15:39:00.816] [Render thread/WARN] [Apotheosis : Adventure/]: Insufficient number of affixes to satisfy the loot rules (ignoring backup rules) of rarity apotheotic_additions:esoteric for category chestplateRequired: 5; Provided: 4
[11Oct2025 15:39:00.816] [Render thread/WARN] [Apotheosis : Adventure/]: Insufficient number of affixes to satisfy the loot rules (ignoring backup rules) of rarity apotheotic_additions:esoteric for category leggingsRequired: 5; Provided: 4
[11Oct2025 15:39:00.816] [Render thread/WARN] [Apotheosis : Adventure/]: Insufficient number of affixes to satisfy the loot rules (ignoring backup rules) of rarity apotheotic_additions:esoteric for category bootsRequired: 5; Provided: 4
[11Oct2025 15:39:00.816] [Render thread/WARN] [Apotheosis : Adventure/]: Insufficient number of affixes to satisfy the loot rules (ignoring backup rules) of rarity apotheotic_additions:esoteric for category shieldRequired: 5; Provided: 4
[11Oct2025 15:39:00.816] [Render thread/WARN] [Apotheosis : Adventure/]: Insufficient number of affixes to satisfy the loot rules (ignoring backup rules) of rarity apotheotic_additions:esoteric for category curios:spellbookRequired: 5; Provided: 0
[11Oct2025 15:39:00.817] [Render thread/WARN] [Apotheosis : Adventure/]: Insufficient number of affixes to satisfy the loot rules (ignoring backup rules) of rarity apotheotic_additions:esoteric for category apotheosis_modern_ragnarok:shotgunRequired: 5; Provided: 4
[11Oct2025 15:39:00.817] [Render thread/WARN] [Apotheosis : Adventure/]: Insufficient number of affixes to satisfy the loot rules (ignoring backup rules) of rarity apotheotic_additions:esoteric for category apotheosis_modern_ragnarok:full_autoRequired: 5; Provided: 4
[11Oct2025 15:39:00.817] [Render thread/WARN] [Apotheosis : Adventure/]: Insufficient number of affixes to satisfy the loot rules (ignoring backup rules) of rarity apotheotic_additions:esoteric for category apotheosis_modern_ragnarok:semi_autoRequired: 5; Provided: 4
[11Oct2025 15:39:00.817] [Render thread/WARN] [Apotheosis : Adventure/]: Insufficient number of affixes to satisfy the loot rules (ignoring backup rules) of rarity apotheotic_additions:esoteric for category bowRequired: 5; Provided: 3
[11Oct2025 15:39:00.817] [Render thread/WARN] [Apotheosis : Adventure/]: Insufficient number of affixes to satisfy the loot rules (ignoring backup rules) of rarity apotheotic_additions:esoteric for category crossbowRequired: 5; Provided: 3
[11Oct2025 15:39:00.817] [Render thread/WARN] [Apotheosis : Adventure/]: Insufficient number of affixes to satisfy the loot rules (ignoring backup rules) of rarity apotheotic_additions:esoteric for category pickaxeRequired: 5; Provided: 4
[11Oct2025 15:39:00.817] [Render thread/WARN] [Apotheosis : Adventure/]: Insufficient number of affixes to satisfy the loot rules (ignoring backup rules) of rarity apotheotic_additions:esoteric for category shovelRequired: 5; Provided: 4
[11Oct2025 15:39:00.817] [Render thread/WARN] [Apotheosis : Adventure/]: Insufficient number of affixes to satisfy the loot rules (ignoring backup rules) of rarity apotheotic_additions:esoteric for category heavy_weaponRequired: 5; Provided: 0
[11Oct2025 15:39:00.818] [Render thread/WARN] [Apotheosis : Adventure/]: Insufficient number of affixes to satisfy the loot rules (ignoring backup rules) of rarity apotheotic_additions:esoteric for category curios:spellbookRequired: 5; Provided: 0
[11Oct2025 15:39:00.818] [Render thread/WARN] [Apotheosis : Adventure/]: Insufficient number of affixes to satisfy the loot rules (ignoring backup rules) of rarity apotheotic_additions:esoteric for category swordRequired: 5; Provided: 4
[11Oct2025 15:39:00.818] [Render thread/WARN] [Apotheosis : Adventure/]: Insufficient number of affixes to satisfy the loot rules (ignoring backup rules) of rarity apotheotic_additions:esoteric for category apotheosis_modern_ragnarok:bolt_actionRequired: 5; Provided: 4
[11Oct2025 15:39:00.818] [Render thread/WARN] [Apotheosis : Adventure/]: Insufficient number of affixes to satisfy the loot rules (ignoring backup rules) of rarity apotheotic_additions:esoteric for category apotheosis_modern_ragnarok:full_autoRequired: 5; Provided: 4
[11Oct2025 15:39:00.818] [Render thread/WARN] [Apotheosis : Adventure/]: Insufficient number of affixes to satisfy the loot rules (ignoring backup rules) of rarity apotheotic_additions:esoteric for category apotheosis_modern_ragnarok:semi_autoRequired: 5; Provided: 4
[11Oct2025 15:39:00.819] [Render thread/WARN] [Apotheosis : Adventure/]: Insufficient number of affixes to satisfy the loot rules (ignoring backup rules) of rarity apotheosis:ancient for category bootsRequired: 4; Provided: 2
[11Oct2025 15:39:00.820] [Render thread/WARN] [Apotheosis : Adventure/]: Insufficient number of affixes to satisfy the loot rules (ignoring backup rules) of rarity apotheosis:ancient for category curios:spellbookRequired: 4; Provided: 0
[11Oct2025 15:39:00.843] [Render thread/INFO] [Apotheosis : Adventure/]: Registered 42 gems.
[11Oct2025 15:39:00.864] [Render thread/INFO] [Apotheosis : Adventure/]: Registered 109 affix_loot_entries.
[11Oct2025 15:39:00.875] [Render thread/INFO] [Apotheosis : Adventure/]: Registered 27 bosses.
[11Oct2025 15:39:00.894] [Render thread/INFO] [Apotheosis : Adventure/]: Registered 11 rogue_spawners.
[11Oct2025 15:39:00.900] [Render thread/INFO] [Apotheosis : Adventure/]: Registered 13 minibosses.
[11Oct2025 15:39:00.913] [Render thread/INFO] [Apotheosis : Village/]: Registered 35 wanderer_trades.
[11Oct2025 15:39:00.933] [Render thread/INFO] [mod.chloeprime.apotheosismodernragnarok.common.gem.framework.GemInjectionRegistry/]: Registered 15 amr_gem_injections.
[11Oct2025 15:39:01.289] [Render thread/DEBUG] [io.redspace.ironsspellbooks.IronsSpellbooks/]: ClientPlayerNetworkEvent onPlayerLogOut
[11Oct2025 15:39:01.301] [Render thread/DEBUG] [net.minecraftforge.common.ForgeHooks/WP]: Gathering id map for writing to world save New World
[11Oct2025 15:39:01.325] [Render thread/DEBUG] [net.minecraftforge.common.ForgeHooks/WP]: ID Map collection complete New World
[11Oct2025 15:39:01.385] [Render thread/DEBUG] [mixin/]: Mixing minecraft.MixinMinecraftServer from apotheosis_modern_ragnarok.mixins.json into net.minecraft.server.MinecraftServer$ReloadableResources
[11Oct2025 15:39:01.385] [Render thread/DEBUG] [mixin/]: apotheosis_modern_ragnarok.mixins.json:minecraft.MixinMinecraftServer: Class version 61 required is higher than the class version supported by the current version of Mixin (JAVA_8 supports class version 52)
[11Oct2025 15:39:01.409] [Render thread/DEBUG] [mixin/]: Mixing DataFixPlayerDataStorageMixin from mixins.irons_spellbooks.json into net.minecraft.world.level.storage.PlayerDataStorage
[11Oct2025 15:39:01.426] [Server thread/INFO] [net.minecraft.client.server.IntegratedServer/]: Starting integrated minecraft server version 1.20.1
[11Oct2025 15:39:01.427] [Server thread/INFO] [net.minecraft.server.MinecraftServer/]: Generating keypair
[11Oct2025 15:39:01.525] [Server thread/DEBUG] [net.minecraftforge.fml.config.ConfigTracker/CONFIG]: Loading configs type SERVER
[11Oct2025 15:39:01.525] [Server thread/DEBUG] [net.minecraftforge.fml.config.ConfigFileTypeHandler/CONFIG]: Built TOML config for .\saves\New World\serverconfig\tacz-server.toml
[11Oct2025 15:39:01.535] [Server thread/DEBUG] [net.minecraftforge.fml.config.ConfigFileTypeHandler/CONFIG]: Loaded TOML config file .\saves\New World\serverconfig\tacz-server.toml
[11Oct2025 15:39:01.536] [Server thread/DEBUG] [net.minecraftforge.fml.config.ConfigFileTypeHandler/CONFIG]: Watching TOML config file .\saves\New World\serverconfig\tacz-server.toml for changes
[11Oct2025 15:39:01.538] [Server thread/DEBUG] [mixin/]: Mixing interactkey.TacInteractKeyAutoInferenceMixin from gunsmithlib.mixins.json into com.tacz.guns.config.util.InteractKeyConfigRead
[11Oct2025 15:39:01.538] [Server thread/DEBUG] [mixin/]: gunsmithlib.mixins.json:interactkey.TacInteractKeyAutoInferenceMixin: Class version 61 required is higher than the class version supported by the current version of Mixin (JAVA_8 supports class version 52)
[11Oct2025 15:39:01.552] [Server thread/DEBUG] [net.minecraftforge.fml.config.ConfigFileTypeHandler/CONFIG]: Built TOML config for .\saves\New World\serverconfig\curios-server.toml
[11Oct2025 15:39:01.560] [Server thread/DEBUG] [net.minecraftforge.fml.config.ConfigFileTypeHandler/CONFIG]: Loaded TOML config file .\saves\New World\serverconfig\curios-server.toml
[11Oct2025 15:39:01.561] [Server thread/DEBUG] [net.minecraftforge.fml.config.ConfigFileTypeHandler/CONFIG]: Watching TOML config file .\saves\New World\serverconfig\curios-server.toml for changes
[11Oct2025 15:39:01.562] [Server thread/DEBUG] [net.minecraftforge.fml.config.ConfigFileTypeHandler/CONFIG]: Built TOML config for .\saves\New World\serverconfig\forge-server.toml
[11Oct2025 15:39:01.570] [Server thread/DEBUG] [net.minecraftforge.fml.config.ConfigFileTypeHandler/CONFIG]: Loaded TOML config file .\saves\New World\serverconfig\forge-server.toml
[11Oct2025 15:39:01.572] [Server thread/DEBUG] [net.minecraftforge.fml.config.ConfigFileTypeHandler/CONFIG]: Watching TOML config file .\saves\New World\serverconfig\forge-server.toml for changes
[11Oct2025 15:39:01.572] [Server thread/DEBUG] [net.minecraftforge.common.ForgeConfig/FORGEMOD]: Loaded forge config file forge-server.toml
[11Oct2025 15:39:01.573] [Server thread/DEBUG] [net.minecraftforge.fml.config.ConfigFileTypeHandler/CONFIG]: Built TOML config for .\saves\New World\serverconfig\irons_spellbooks-server.toml
[11Oct2025 15:39:01.575] [Thread-17/DEBUG] [net.minecraftforge.fml.config.ConfigFileTypeHandler/CONFIG]: Config file forge-server.toml changed, sending notifies
[11Oct2025 15:39:01.575] [Thread-17/DEBUG] [net.minecraftforge.common.ForgeConfig/FORGEMOD]: Forge config just got changed on the file system!
[11Oct2025 15:39:01.586] [Server thread/DEBUG] [net.minecraftforge.fml.config.ConfigFileTypeHandler/CONFIG]: Loaded TOML config file .\saves\New World\serverconfig\irons_spellbooks-server.toml
[11Oct2025 15:39:01.586] [Server thread/DEBUG] [net.minecraftforge.fml.config.ConfigFileTypeHandler/CONFIG]: Watching TOML config file .\saves\New World\serverconfig\irons_spellbooks-server.toml for changes
[11Oct2025 15:39:01.588] [Server thread/DEBUG] [io.redspace.ironsspellbooks.IronsSpellbooks/]: ServerConfigs load item blacklists:
[11Oct2025 15:39:01.605] [Thread-17/DEBUG] [net.minecraftforge.fml.config.ConfigFileTypeHandler/CONFIG]: Config file irons_spellbooks-server.toml changed, sending notifies
[11Oct2025 15:39:01.605] [Thread-17/DEBUG] [io.redspace.ironsspellbooks.IronsSpellbooks/]: ServerConfigs load item blacklists:
[11Oct2025 15:39:01.645] [Server thread/DEBUG] [net.minecraftforge.coremod.transformer.CoreModBaseTransformer/COREMOD]: Transforming net/minecraft/world/entity/npc/VillagerTrades$EnchantBookForEmeralds
[11Oct2025 15:39:01.649] [Server thread/INFO] [net.minecraftforge.coremod.CoreMod.apotheosis/COREMODLOG]: Replaced 1 calls to Enchantment#getMaxLevel() in net/minecraft/world/entity/npc/VillagerTrades$EnchantBookForEmeralds
[11Oct2025 15:39:01.650] [Server thread/INFO] [net.minecraftforge.coremod.CoreMod.apotheosis/COREMODLOG]: Replaced 1 calls to Enchantment#isTreasureOnly() in net/minecraft/world/entity/npc/VillagerTrades$EnchantBookForEmeralds
[11Oct2025 15:39:01.650] [Server thread/INFO] [net.minecraftforge.coremod.CoreMod.apotheosis/COREMODLOG]: Replaced 1 calls to Enchantment#isTradeable() in net/minecraft/world/entity/npc/VillagerTrades$EnchantBookForEmeralds
[11Oct2025 15:39:01.663] [Server thread/DEBUG] [net.minecraftforge.coremod.transformer.CoreModBaseTransformer/COREMOD]: Transforming net/minecraft/world/level/levelgen/PhantomSpawner
[11Oct2025 15:39:01.667] [Server thread/DEBUG] [net.minecraftforge.coremod.transformer.CoreModBaseTransformer/COREMOD]: Transforming net/minecraft/world/level/levelgen/PatrolSpawner
[11Oct2025 15:39:01.670] [Server thread/DEBUG] [net.minecraftforge.coremod.transformer.CoreModBaseTransformer/COREMOD]: Transforming net/minecraft/world/entity/npc/CatSpawner
[11Oct2025 15:39:01.672] [Server thread/DEBUG] [net.minecraftforge.coremod.transformer.CoreModBaseTransformer/COREMOD]: Transforming net/minecraft/world/entity/ai/village/VillageSiege
[11Oct2025 15:39:01.675] [Server thread/DEBUG] [mixin/]: Mixing WandererSpawnerMixin from apotheosis.mixins.json into net.minecraft.world.entity.npc.WanderingTraderSpawner
[11Oct2025 15:39:01.677] [Server thread/DEBUG] [net.minecraftforge.coremod.transformer.CoreModBaseTransformer/COREMOD]: Transforming net/minecraft/world/level/NaturalSpawner
[11Oct2025 15:39:01.705] [Server thread/DEBUG] [mixin/]: Mixing MapDataMixin from moonlight-common.mixins.json into net.minecraft.world.level.saveddata.maps.MapItemSavedData
[11Oct2025 15:39:01.705] [Server thread/DEBUG] [mixin/]: Renaming synthetic method lambda$save$3(Lnet/minecraft/nbt/CompoundTag;Lnet/minecraft/resources/ResourceLocation;Lnet/mehvahdjukaar/moonlight/api/map/CustomMapData;)V to md1e559f$lambda$save$3$0 in moonlight-common.mixins.json:MapDataMixin
[11Oct2025 15:39:01.706] [Server thread/DEBUG] [mixin/]: Renaming synthetic method lambda$load$2(Lnet/minecraft/nbt/CompoundTag;Lnet/mehvahdjukaar/moonlight/api/map/CustomMapData;)V to md1e559f$lambda$load$2$1 in moonlight-common.mixins.json:MapDataMixin
[11Oct2025 15:39:01.706] [Server thread/DEBUG] [mixin/]: Renaming synthetic method lambda$setCustomDataDirty$1(Lnet/mehvahdjukaar/moonlight/api/map/CustomMapData$Type;Ljava/util/function/Consumer;Lnet/minecraft/world/level/saveddata/maps/MapItemSavedData$HoldingPlayer;)V to md1e559f$lambda$setCustomDataDirty$1$2 in moonlight-common.mixins.json:MapDataMixin
[11Oct2025 15:39:01.706] [Server thread/DEBUG] [mixin/]: Renaming synthetic method lambda$setCustomDecorationsDirty$0(Lnet/minecraft/world/level/saveddata/maps/MapItemSavedData$HoldingPlayer;)V to md1e559f$lambda$setCustomDecorationsDirty$0$3 in moonlight-common.mixins.json:MapDataMixin
[11Oct2025 15:39:01.798] [Server thread/DEBUG] [mixin/]: Mixing MixinChunkMap from gunsmithlib.mixins.json into net.minecraft.server.level.ChunkMap
[11Oct2025 15:39:01.798] [Server thread/DEBUG] [mixin/]: gunsmithlib.mixins.json:MixinChunkMap: Class version 61 required is higher than the class version supported by the current version of Mixin (JAVA_8 supports class version 52)
[11Oct2025 15:39:02.548] [Server thread/INFO] [net.minecraft.server.MinecraftServer/]: Preparing start region for dimension minecraft:overworld
[11Oct2025 15:39:03.498] [Server thread/DEBUG] [net.minecraftforge.coremod.transformer.CoreModBaseTransformer/COREMOD]: Transforming net/minecraft/world/level/levelgen/structure/templatesystem/StructureTemplate
[11Oct2025 15:39:04.586] [Render thread/INFO] [net.minecraft.server.level.progress.LoggerChunkProgressListener/]: Preparing spawn area: 0%
[11Oct2025 15:39:04.645] [Render thread/INFO] [net.minecraft.server.level.progress.LoggerChunkProgressListener/]: Preparing spawn area: 0%
[11Oct2025 15:39:04.663] [Render thread/INFO] [net.minecraft.server.level.progress.LoggerChunkProgressListener/]: Preparing spawn area: 0%
[11Oct2025 15:39:04.663] [Render thread/INFO] [net.minecraft.server.level.progress.LoggerChunkProgressListener/]: Preparing spawn area: 0%
[11Oct2025 15:39:04.683] [Render thread/INFO] [net.minecraft.server.level.progress.LoggerChunkProgressListener/]: Preparing spawn area: 0%
[11Oct2025 15:39:05.091] [Render thread/INFO] [net.minecraft.server.level.progress.LoggerChunkProgressListener/]: Preparing spawn area: 0%
[11Oct2025 15:39:05.573] [Render thread/INFO] [net.minecraft.server.level.progress.LoggerChunkProgressListener/]: Preparing spawn area: 4%
[11Oct2025 15:39:05.805] [Server thread/DEBUG] [mixin/]: Mixing EnchantmentHelperMixin from apotheosis.mixins.json into net.minecraft.world.item.enchantment.EnchantmentHelper
[11Oct2025 15:39:06.069] [Render thread/INFO] [net.minecraft.server.level.progress.LoggerChunkProgressListener/]: Preparing spawn area: 83%
[11Oct2025 15:39:06.181] [Render thread/INFO] [net.minecraft.server.level.progress.LoggerChunkProgressListener/]: Time elapsed: 3626 ms
[11Oct2025 15:39:06.182] [Server thread/INFO] [net.minecraftforge.server.permission.PermissionAPI/]: Successfully initialized permission handler forge:default_handler
[11Oct2025 15:39:06.184] [Server thread/INFO] [net.playwright.magitacz.MagitaczMod/]: HELLO from server starting
[11Oct2025 15:39:06.269] [Server thread/DEBUG] [io.netty.buffer.AbstractByteBuf/]: -Dio.netty.buffer.checkAccessible: true
[11Oct2025 15:39:06.269] [Server thread/DEBUG] [io.netty.buffer.AbstractByteBuf/]: -Dio.netty.buffer.checkBounds: true
[11Oct2025 15:39:06.270] [Server thread/DEBUG] [io.netty.util.ResourceLeakDetectorFactory/]: Loaded default ResourceLeakDetector: io.netty.util.ResourceLeakDetector@43012cf9
[11Oct2025 15:39:06.291] [Server thread/DEBUG] [net.minecraftforge.coremod.transformer.CoreModBaseTransformer/COREMOD]: Transforming net/minecraft/world/level/NaturalSpawner
[11Oct2025 15:39:06.329] [Server thread/INFO] [net.minecraft.client.server.IntegratedServer/]: Changing view distance to 12, from 10
[11Oct2025 15:39:06.331] [Server thread/INFO] [net.minecraft.client.server.IntegratedServer/]: Changing simulation distance to 12, from 0
[11Oct2025 15:39:06.354] [Render thread/DEBUG] [io.netty.channel.MultithreadEventLoopGroup/]: -Dio.netty.eventLoopThreads: 32
[11Oct2025 15:39:06.383] [Render thread/DEBUG] [io.netty.channel.nio.NioEventLoop/]: -Dio.netty.noKeySetOptimization: false
[11Oct2025 15:39:06.383] [Render thread/DEBUG] [io.netty.channel.nio.NioEventLoop/]: -Dio.netty.selectorAutoRebuildThreshold: 512
[11Oct2025 15:39:06.397] [Render thread/DEBUG] [io.netty.util.internal.PlatformDependent/]: org.jctools-core.MpscChunkedArrayQueue: available
[11Oct2025 15:39:06.494] [Render thread/DEBUG] [io.netty.channel.DefaultChannelId/]: -Dio.netty.processId: 28132 (auto-detected)
[11Oct2025 15:39:06.506] [Render thread/WARN] [io.netty.util.internal.SystemPropertyUtil/]: Unable to parse the boolean system property 'java.net.preferIPv6Addresses':system - using the default value: false
[11Oct2025 15:39:06.506] [Render thread/DEBUG] [io.netty.util.NetUtil/]: -Djava.net.preferIPv4Stack: false
[11Oct2025 15:39:06.506] [Render thread/DEBUG] [io.netty.util.NetUtil/]: -Djava.net.preferIPv6Addresses: false
[11Oct2025 15:39:06.528] [Render thread/DEBUG] [io.netty.util.NetUtilInitializations/]: Loopback interface: lo (Software Loopback Interface 1, 127.0.0.1)
[11Oct2025 15:39:06.535] [Render thread/DEBUG] [io.netty.util.NetUtil/]: Failed to get SOMAXCONN from sysctl and file \proc\sys\net\core\somaxconn. Default: 200
[11Oct2025 15:39:06.564] [Server thread/DEBUG] [mixin/]: Mixing PacketDistributorHackMixin from moonlight.mixins.json into net.minecraftforge.network.PacketDistributor
[11Oct2025 15:39:06.585] [Render thread/DEBUG] [io.netty.channel.DefaultChannelId/]: -Dio.netty.machineId: 2c:f0:5d:ff:fe:99:51:90 (auto-detected)
[11Oct2025 15:39:06.702] [Render thread/DEBUG] [io.netty.buffer.PooledByteBufAllocator/]: -Dio.netty.allocator.numHeapArenas: 32
[11Oct2025 15:39:06.702] [Render thread/DEBUG] [io.netty.buffer.PooledByteBufAllocator/]: -Dio.netty.allocator.numDirectArenas: 32
[11Oct2025 15:39:06.702] [Render thread/DEBUG] [io.netty.buffer.PooledByteBufAllocator/]: -Dio.netty.allocator.pageSize: 8192
[11Oct2025 15:39:06.702] [Render thread/DEBUG] [io.netty.buffer.PooledByteBufAllocator/]: -Dio.netty.allocator.maxOrder: 9
[11Oct2025 15:39:06.702] [Render thread/DEBUG] [io.netty.buffer.PooledByteBufAllocator/]: -Dio.netty.allocator.chunkSize: 4194304
[11Oct2025 15:39:06.702] [Render thread/DEBUG] [io.netty.buffer.PooledByteBufAllocator/]: -Dio.netty.allocator.smallCacheSize: 256
[11Oct2025 15:39:06.702] [Render thread/DEBUG] [io.netty.buffer.PooledByteBufAllocator/]: -Dio.netty.allocator.normalCacheSize: 64
[11Oct2025 15:39:06.702] [Render thread/DEBUG] [io.netty.buffer.PooledByteBufAllocator/]: -Dio.netty.allocator.maxCachedBufferCapacity: 32768
[11Oct2025 15:39:06.702] [Render thread/DEBUG] [io.netty.buffer.PooledByteBufAllocator/]: -Dio.netty.allocator.cacheTrimInterval: 8192
[11Oct2025 15:39:06.702] [Render thread/DEBUG] [io.netty.buffer.PooledByteBufAllocator/]: -Dio.netty.allocator.cacheTrimIntervalMillis: 0
[11Oct2025 15:39:06.702] [Render thread/DEBUG] [io.netty.buffer.PooledByteBufAllocator/]: -Dio.netty.allocator.useCacheForAllThreads: false
[11Oct2025 15:39:06.702] [Render thread/DEBUG] [io.netty.buffer.PooledByteBufAllocator/]: -Dio.netty.allocator.maxCachedByteBuffersPerChunk: 1023
[11Oct2025 15:39:06.771] [Render thread/DEBUG] [io.netty.buffer.ByteBufUtil/]: -Dio.netty.allocator.type: pooled
[11Oct2025 15:39:06.771] [Render thread/DEBUG] [io.netty.buffer.ByteBufUtil/]: -Dio.netty.threadLocalDirectBufferSize: 0
[11Oct2025 15:39:06.771] [Render thread/DEBUG] [io.netty.buffer.ByteBufUtil/]: -Dio.netty.maxThreadLocalCharBufferSize: 16384
[11Oct2025 15:39:06.899] [Netty Local Client IO #0/DEBUG] [net.minecraftforge.network.HandshakeHandler/FMLHANDSHAKE]: Starting local connection.
[11Oct2025 15:39:06.904] [Server thread/INFO] [net.playwright.magitacz.MagitaczMod/]: [Damage] Spider took 2.0 damage | type=minecraft:fall | direct=null | attacker=null
[11Oct2025 15:39:07.024] [Netty Local Client IO #0/DEBUG] [mixin/]: Mixing MapItemDataPacketMixin from moonlight-common.mixins.json into net.minecraft.network.protocol.game.ClientboundMapItemDataPacket
[11Oct2025 15:39:07.025] [Netty Local Client IO #0/DEBUG] [mixin/]: Renaming synthetic method lambda$moonlight$sendCustomDecorations$1(I)[Lnet/mehvahdjukaar/moonlight/api/map/CustomMapDecoration; to md1e559f$lambda$moonlight$sendCustomDecorations$1$0 in moonlight-common.mixins.json:MapItemDataPacketMixin
[11Oct2025 15:39:07.025] [Netty Local Client IO #0/DEBUG] [mixin/]: Renaming synthetic method lambda$moonlight$sendCustomDecorations$0(Lnet/minecraft/network/FriendlyByteBuf;Lnet/mehvahdjukaar/moonlight/api/map/CustomMapDecoration;)Lnet/mehvahdjukaar/moonlight/api/map/CustomMapDecoration; to md1e559f$lambda$moonlight$sendCustomDecorations$0$1 in moonlight-common.mixins.json:MapItemDataPacketMixin
[11Oct2025 15:39:07.378] [Netty Local Client IO #0/DEBUG] [io.netty.util.Recycler/]: -Dio.netty.recycler.maxCapacityPerThread: 4096
[11Oct2025 15:39:07.378] [Netty Local Client IO #0/DEBUG] [io.netty.util.Recycler/]: -Dio.netty.recycler.ratio: 8
[11Oct2025 15:39:07.378] [Netty Local Client IO #0/DEBUG] [io.netty.util.Recycler/]: -Dio.netty.recycler.chunkSize: 32
[11Oct2025 15:39:07.378] [Netty Local Client IO #0/DEBUG] [io.netty.util.Recycler/]: -Dio.netty.recycler.blocking: false
[11Oct2025 15:39:07.415] [Netty Server IO #1/DEBUG] [net.minecraftforge.network.HandshakeHandler/FMLHANDSHAKE]: Starting local connection.
[11Oct2025 15:39:07.464] [Server thread/DEBUG] [net.minecraftforge.network.HandshakeHandler/FMLHANDSHAKE]: Sending ticking packet info 'net.minecraftforge.network.HandshakeMessages$S2CModData' to 'fml:handshake' sequence 0
[11Oct2025 15:39:07.478] [Netty Local Client IO #0/DEBUG] [net.minecraftforge.network.LoginWrapper/FMLHANDSHAKE]: Recieved login wrapper packet event for channel fml:handshake with index 0
[11Oct2025 15:39:07.517] [Server thread/DEBUG] [net.minecraftforge.network.HandshakeHandler/FMLHANDSHAKE]: Sending ticking packet info 'net.minecraftforge.network.HandshakeMessages$S2CModList' to 'fml:handshake' sequence 1
[11Oct2025 15:39:07.517] [Netty Local Client IO #0/DEBUG] [net.minecraftforge.network.LoginWrapper/FMLHANDSHAKE]: Recieved login wrapper packet event for channel fml:handshake with index 1
[11Oct2025 15:39:07.520] [Netty Local Client IO #0/DEBUG] [net.minecraftforge.network.HandshakeHandler/FMLHANDSHAKE]: Logging into server with mod list [minecraft, tslatentitystatus, moonlight, magitacz, gunsmithlib, geckolib, playeranimator, tacz, caelus, obscure_api, curios, apotheotic_additions, placebo, attributeslib, irons_spellbooks, apotheosis, apotheosis_modern_ragnarok, forge, dummmmmmy, aquamirae]
[11Oct2025 15:39:07.524] [Netty Local Client IO #0/DEBUG] [net.minecraftforge.network.NetworkRegistry/NETREGISTRY]: Channel 'irons_spellbooks:messages' : Version test of '1.0' from server : ACCEPTED
[11Oct2025 15:39:07.525] [Netty Local Client IO #0/DEBUG] [net.minecraftforge.network.NetworkRegistry/NETREGISTRY]: Channel 'fml:loginwrapper' : Version test of 'FML3' from server : ACCEPTED
[11Oct2025 15:39:07.525] [Netty Local Client IO #0/DEBUG] [net.minecraftforge.network.NetworkRegistry/NETREGISTRY]: Channel 'forge:tier_sorting' : Version test of '1.0' from server : ACCEPTED
[11Oct2025 15:39:07.525] [Netty Local Client IO #0/DEBUG] [net.minecraftforge.network.NetworkRegistry/NETREGISTRY]: Channel 'aquamirae:main' : Version test of '1' from server : ACCEPTED
[11Oct2025 15:39:07.525] [Netty Local Client IO #0/DEBUG] [net.minecraftforge.network.NetworkRegistry/NETREGISTRY]: Channel 'gunsmithlib:play_channel' : Version test of '1.0.0' from server : ACCEPTED
[11Oct2025 15:39:07.525] [Netty Local Client IO #0/DEBUG] [net.minecraftforge.network.NetworkRegistry/NETREGISTRY]: Channel 'apotheosis:apotheosis' : Version test of '1.0.0' from server : ACCEPTED
[11Oct2025 15:39:07.525] [Netty Local Client IO #0/DEBUG] [net.minecraftforge.network.NetworkRegistry/NETREGISTRY]: Channel 'dummmmmmy:channel' : Version test of '1' from server : ACCEPTED
[11Oct2025 15:39:07.525] [Netty Local Client IO #0/DEBUG] [net.minecraftforge.network.NetworkRegistry/NETREGISTRY]: Channel 'apotheosis_modern_ragnarok:play_channel' : Version test of '1.1.0' from server : ACCEPTED
[11Oct2025 15:39:07.525] [Netty Local Client IO #0/DEBUG] [net.minecraftforge.network.NetworkRegistry/NETREGISTRY]: Channel 'minecraft:unregister' : Version test of 'FML3' from server : ACCEPTED
[11Oct2025 15:39:07.525] [Netty Local Client IO #0/DEBUG] [net.minecraftforge.network.NetworkRegistry/NETREGISTRY]: Channel 'fml:play' : Version test of 'FML3' from server : ACCEPTED
[11Oct2025 15:39:07.525] [Netty Local Client IO #0/DEBUG] [net.minecraftforge.network.NetworkRegistry/NETREGISTRY]: Channel 'obscure_api:obscure_api' : Version test of '1' from server : ACCEPTED
[11Oct2025 15:39:07.525] [Netty Local Client IO #0/DEBUG] [net.minecraftforge.network.NetworkRegistry/NETREGISTRY]: Channel 'caelus:main' : Version test of '1' from server : ACCEPTED
[11Oct2025 15:39:07.525] [Netty Local Client IO #0/DEBUG] [net.minecraftforge.network.NetworkRegistry/NETREGISTRY]: Channel 'fml:handshake' : Version test of 'FML3' from server : ACCEPTED
[11Oct2025 15:39:07.525] [Netty Local Client IO #0/DEBUG] [net.minecraftforge.network.NetworkRegistry/NETREGISTRY]: Channel 'apotheotic_additions:apotheotic_additions' : Version test of '1' from server : ACCEPTED
[11Oct2025 15:39:07.525] [Netty Local Client IO #0/DEBUG] [net.minecraftforge.network.NetworkRegistry/NETREGISTRY]: Channel 'tacz:handshake' : Version test of '1.0.4' from server : ACCEPTED
[11Oct2025 15:39:07.525] [Netty Local Client IO #0/DEBUG] [net.minecraftforge.network.NetworkRegistry/NETREGISTRY]: Channel 'curios:main' : Version test of '1' from server : ACCEPTED
[11Oct2025 15:39:07.525] [Netty Local Client IO #0/DEBUG] [net.minecraftforge.network.NetworkRegistry/NETREGISTRY]: Channel 'placebo:placebo' : Version test of '1.0.0' from server : ACCEPTED
[11Oct2025 15:39:07.525] [Netty Local Client IO #0/DEBUG] [net.minecraftforge.network.NetworkRegistry/NETREGISTRY]: Channel 'minecraft:register' : Version test of 'FML3' from server : ACCEPTED
[11Oct2025 15:39:07.525] [Netty Local Client IO #0/DEBUG] [net.minecraftforge.network.NetworkRegistry/NETREGISTRY]: Channel 'forge:split' : Version test of '1.1' from server : ACCEPTED
[11Oct2025 15:39:07.525] [Netty Local Client IO #0/DEBUG] [net.minecraftforge.network.NetworkRegistry/NETREGISTRY]: Channel 'tacz:network' : Version test of '1.0.4' from server : ACCEPTED
[11Oct2025 15:39:07.525] [Netty Local Client IO #0/DEBUG] [net.minecraftforge.network.NetworkRegistry/NETREGISTRY]: Channel 'attributeslib:attributeslib' : Version test of '1.0.0' from server : ACCEPTED
[11Oct2025 15:39:07.525] [Netty Local Client IO #0/DEBUG] [net.minecraftforge.network.NetworkRegistry/NETREGISTRY]: Channel 'geckolib:main' : Version test of '1' from server : ACCEPTED
[11Oct2025 15:39:07.525] [Netty Local Client IO #0/DEBUG] [net.minecraftforge.network.NetworkRegistry/NETREGISTRY]: Channel 'moonlight:channel' : Version test of '0' from server : ACCEPTED
[11Oct2025 15:39:07.525] [Netty Local Client IO #0/DEBUG] [net.minecraftforge.network.NetworkRegistry/NETREGISTRY]: Channel 'tslatentitystatus:tes_packets' : Version test of '1' from server : ACCEPTED
[11Oct2025 15:39:07.525] [Netty Local Client IO #0/DEBUG] [net.minecraftforge.network.NetworkRegistry/NETREGISTRY]: Accepting channel list from server
[11Oct2025 15:39:07.529] [Netty Local Client IO #0/DEBUG] [net.minecraftforge.network.LoginWrapper/FMLHANDSHAKE]: Dispatching wrapped packet reply for channel fml:handshake with index 1
[11Oct2025 15:39:07.530] [Netty Local Client IO #0/DEBUG] [net.minecraftforge.network.HandshakeHandler/FMLHANDSHAKE]: Accepted server connection
[11Oct2025 15:39:07.530] [Netty Server IO #1/DEBUG] [net.minecraftforge.network.LoginWrapper/FMLHANDSHAKE]: Recieved login wrapper packet event for channel fml:handshake with index 1
[11Oct2025 15:39:07.530] [Netty Server IO #1/DEBUG] [net.minecraftforge.network.HandshakeHandler/FMLHANDSHAKE]: Received client indexed reply 1 of type net.minecraftforge.network.HandshakeMessages$C2SModListReply
[11Oct2025 15:39:07.531] [Netty Server IO #1/DEBUG] [net.minecraftforge.network.HandshakeHandler/FMLHANDSHAKE]: Received client connection with modlist [minecraft, tslatentitystatus, moonlight, magitacz, gunsmithlib, geckolib, playeranimator, tacz, caelus, obscure_api, curios, apotheotic_additions, placebo, attributeslib, irons_spellbooks, apotheosis, apotheosis_modern_ragnarok, forge, dummmmmmy, aquamirae]
[11Oct2025 15:39:07.532] [Netty Server IO #1/DEBUG] [net.minecraftforge.network.NetworkRegistry/NETREGISTRY]: Channel 'irons_spellbooks:messages' : Version test of '1.0' from client : ACCEPTED
[11Oct2025 15:39:07.532] [Netty Server IO #1/DEBUG] [net.minecraftforge.network.NetworkRegistry/NETREGISTRY]: Channel 'fml:loginwrapper' : Version test of 'FML3' from client : ACCEPTED
[11Oct2025 15:39:07.532] [Netty Server IO #1/DEBUG] [net.minecraftforge.network.NetworkRegistry/NETREGISTRY]: Channel 'forge:tier_sorting' : Version test of '1.0' from client : ACCEPTED
[11Oct2025 15:39:07.532] [Netty Server IO #1/DEBUG] [net.minecraftforge.network.NetworkRegistry/NETREGISTRY]: Channel 'aquamirae:main' : Version test of '1' from client : ACCEPTED
[11Oct2025 15:39:07.532] [Netty Server IO #1/DEBUG] [net.minecraftforge.network.NetworkRegistry/NETREGISTRY]: Channel 'gunsmithlib:play_channel' : Version test of '1.0.0' from client : ACCEPTED
[11Oct2025 15:39:07.532] [Netty Server IO #1/DEBUG] [net.minecraftforge.network.NetworkRegistry/NETREGISTRY]: Channel 'apotheosis:apotheosis' : Version test of '1.0.0' from client : ACCEPTED
[11Oct2025 15:39:07.532] [Netty Server IO #1/DEBUG] [net.minecraftforge.network.NetworkRegistry/NETREGISTRY]: Channel 'dummmmmmy:channel' : Version test of '1' from client : ACCEPTED
[11Oct2025 15:39:07.532] [Netty Server IO #1/DEBUG] [net.minecraftforge.network.NetworkRegistry/NETREGISTRY]: Channel 'apotheosis_modern_ragnarok:play_channel' : Version test of '1.1.0' from client : ACCEPTED
[11Oct2025 15:39:07.532] [Netty Server IO #1/DEBUG] [net.minecraftforge.network.NetworkRegistry/NETREGISTRY]: Channel 'minecraft:unregister' : Version test of 'FML3' from client : ACCEPTED
[11Oct2025 15:39:07.532] [Netty Server IO #1/DEBUG] [net.minecraftforge.network.NetworkRegistry/NETREGISTRY]: Channel 'fml:play' : Version test of 'FML3' from client : ACCEPTED
[11Oct2025 15:39:07.532] [Netty Server IO #1/DEBUG] [net.minecraftforge.network.NetworkRegistry/NETREGISTRY]: Channel 'obscure_api:obscure_api' : Version test of '1' from client : ACCEPTED
[11Oct2025 15:39:07.532] [Netty Server IO #1/DEBUG] [net.minecraftforge.network.NetworkRegistry/NETREGISTRY]: Channel 'caelus:main' : Version test of '1' from client : ACCEPTED
[11Oct2025 15:39:07.532] [Netty Server IO #1/DEBUG] [net.minecraftforge.network.NetworkRegistry/NETREGISTRY]: Channel 'fml:handshake' : Version test of 'FML3' from client : ACCEPTED
[11Oct2025 15:39:07.532] [Netty Server IO #1/DEBUG] [net.minecraftforge.network.NetworkRegistry/NETREGISTRY]: Channel 'apotheotic_additions:apotheotic_additions' : Version test of '1' from client : ACCEPTED
[11Oct2025 15:39:07.532] [Netty Server IO #1/DEBUG] [net.minecraftforge.network.NetworkRegistry/NETREGISTRY]: Channel 'tacz:handshake' : Version test of '1.0.4' from client : ACCEPTED
[11Oct2025 15:39:07.532] [Netty Server IO #1/DEBUG] [net.minecraftforge.network.NetworkRegistry/NETREGISTRY]: Channel 'curios:main' : Version test of '1' from client : ACCEPTED
[11Oct2025 15:39:07.533] [Netty Local Client IO #0/DEBUG] [net.minecraftforge.network.HandshakeHandler/REGISTRIES]: Expecting 21 registries: [minecraft:command_argument_type, minecraft:recipe_serializer, minecraft:sound_event, minecraft:particle_type, irons_spellbooks:schools, minecraft:villager_profession, minecraft:item, minecraft:potion, minecraft:painting_variant, forge:fluid_type, minecraft:block_entity_type, forge:display_contexts, minecraft:block, forge:entity_data_serializers, irons_spellbooks:spells, minecraft:mob_effect, minecraft:stat_type, minecraft:menu, minecraft:enchantment, minecraft:fluid, minecraft:entity_type]
[11Oct2025 15:39:07.533] [Netty Server IO #1/DEBUG] [net.minecraftforge.network.NetworkRegistry/NETREGISTRY]: Channel 'placebo:placebo' : Version test of '1.0.0' from client : ACCEPTED
[11Oct2025 15:39:07.533] [Netty Server IO #1/DEBUG] [net.minecraftforge.network.NetworkRegistry/NETREGISTRY]: Channel 'minecraft:register' : Version test of 'FML3' from client : ACCEPTED
[11Oct2025 15:39:07.533] [Netty Server IO #1/DEBUG] [net.minecraftforge.network.NetworkRegistry/NETREGISTRY]: Channel 'forge:split' : Version test of '1.1' from client : ACCEPTED
[11Oct2025 15:39:07.533] [Netty Server IO #1/DEBUG] [net.minecraftforge.network.NetworkRegistry/NETREGISTRY]: Channel 'tacz:network' : Version test of '1.0.4' from client : ACCEPTED
[11Oct2025 15:39:07.533] [Netty Server IO #1/DEBUG] [net.minecraftforge.network.NetworkRegistry/NETREGISTRY]: Channel 'attributeslib:attributeslib' : Version test of '1.0.0' from client : ACCEPTED
[11Oct2025 15:39:07.533] [Netty Server IO #1/DEBUG] [net.minecraftforge.network.NetworkRegistry/NETREGISTRY]: Channel 'geckolib:main' : Version test of '1' from client : ACCEPTED
[11Oct2025 15:39:07.533] [Netty Server IO #1/DEBUG] [net.minecraftforge.network.NetworkRegistry/NETREGISTRY]: Channel 'moonlight:channel' : Version test of '0' from client : ACCEPTED
[11Oct2025 15:39:07.533] [Netty Server IO #1/DEBUG] [net.minecraftforge.network.NetworkRegistry/NETREGISTRY]: Channel 'tslatentitystatus:tes_packets' : Version test of '1' from client : ACCEPTED
[11Oct2025 15:39:07.533] [Netty Server IO #1/DEBUG] [net.minecraftforge.network.NetworkRegistry/NETREGISTRY]: Accepting channel list from client
[11Oct2025 15:39:07.533] [Netty Server IO #1/DEBUG] [net.minecraftforge.network.HandshakeHandler/FMLHANDSHAKE]: Accepted client connection mod list
[11Oct2025 15:39:07.563] [Server thread/DEBUG] [net.minecraftforge.network.HandshakeHandler/FMLHANDSHAKE]: Sending ticking packet info 'Config curios-server.toml' to 'fml:handshake' sequence 2
[11Oct2025 15:39:07.563] [Netty Local Client IO #0/DEBUG] [net.minecraftforge.network.LoginWrapper/FMLHANDSHAKE]: Recieved login wrapper packet event for channel fml:handshake with index 2
[11Oct2025 15:39:07.563] [Netty Local Client IO #0/DEBUG] [net.minecraftforge.network.HandshakeHandler/FMLHANDSHAKE]: Received config sync from server
[11Oct2025 15:39:07.564] [Netty Local Client IO #0/DEBUG] [net.minecraftforge.network.LoginWrapper/FMLHANDSHAKE]: Dispatching wrapped packet reply for channel fml:handshake with index 2
[11Oct2025 15:39:07.564] [Netty Server IO #1/DEBUG] [net.minecraftforge.network.LoginWrapper/FMLHANDSHAKE]: Recieved login wrapper packet event for channel fml:handshake with index 2
[11Oct2025 15:39:07.564] [Netty Server IO #1/DEBUG] [net.minecraftforge.network.HandshakeHandler/FMLHANDSHAKE]: Received client indexed reply 2 of type net.minecraftforge.network.HandshakeMessages$C2SAcknowledge
[11Oct2025 15:39:07.564] [Netty Server IO #1/DEBUG] [net.minecraftforge.network.HandshakeHandler/FMLHANDSHAKE]: Received acknowledgement from client
[11Oct2025 15:39:07.615] [Server thread/DEBUG] [net.minecraftforge.network.HandshakeHandler/FMLHANDSHAKE]: Sending ticking packet info 'Config irons_spellbooks-server.toml' to 'fml:handshake' sequence 3
[11Oct2025 15:39:07.616] [Netty Local Client IO #0/DEBUG] [net.minecraftforge.network.LoginWrapper/FMLHANDSHAKE]: Recieved login wrapper packet event for channel fml:handshake with index 3
[11Oct2025 15:39:07.616] [Netty Local Client IO #0/DEBUG] [net.minecraftforge.network.HandshakeHandler/FMLHANDSHAKE]: Received config sync from server
[11Oct2025 15:39:07.616] [Netty Local Client IO #0/DEBUG] [net.minecraftforge.network.LoginWrapper/FMLHANDSHAKE]: Dispatching wrapped packet reply for channel fml:handshake with index 3
[11Oct2025 15:39:07.616] [Netty Server IO #1/DEBUG] [net.minecraftforge.network.LoginWrapper/FMLHANDSHAKE]: Recieved login wrapper packet event for channel fml:handshake with index 3
[11Oct2025 15:39:07.616] [Netty Server IO #1/DEBUG] [net.minecraftforge.network.HandshakeHandler/FMLHANDSHAKE]: Received client indexed reply 3 of type net.minecraftforge.network.HandshakeMessages$C2SAcknowledge
[11Oct2025 15:39:07.616] [Netty Server IO #1/DEBUG] [net.minecraftforge.network.HandshakeHandler/FMLHANDSHAKE]: Received acknowledgement from client
[11Oct2025 15:39:07.668] [Server thread/DEBUG] [net.minecraftforge.network.HandshakeHandler/FMLHANDSHAKE]: Sending ticking packet info 'Config tacz-server.toml' to 'fml:handshake' sequence 4
[11Oct2025 15:39:07.668] [Netty Local Client IO #0/DEBUG] [net.minecraftforge.network.LoginWrapper/FMLHANDSHAKE]: Recieved login wrapper packet event for channel fml:handshake with index 4
[11Oct2025 15:39:07.669] [Netty Local Client IO #0/DEBUG] [net.minecraftforge.network.HandshakeHandler/FMLHANDSHAKE]: Received config sync from server
[11Oct2025 15:39:07.669] [Netty Local Client IO #0/DEBUG] [net.minecraftforge.network.LoginWrapper/FMLHANDSHAKE]: Dispatching wrapped packet reply for channel fml:handshake with index 4
[11Oct2025 15:39:07.669] [Netty Server IO #1/DEBUG] [net.minecraftforge.network.LoginWrapper/FMLHANDSHAKE]: Recieved login wrapper packet event for channel fml:handshake with index 4
[11Oct2025 15:39:07.669] [Netty Server IO #1/DEBUG] [net.minecraftforge.network.HandshakeHandler/FMLHANDSHAKE]: Received client indexed reply 4 of type net.minecraftforge.network.HandshakeMessages$C2SAcknowledge
[11Oct2025 15:39:07.669] [Netty Server IO #1/DEBUG] [net.minecraftforge.network.HandshakeHandler/FMLHANDSHAKE]: Received acknowledgement from client
[11Oct2025 15:39:07.711] [Server thread/DEBUG] [net.minecraftforge.network.HandshakeHandler/FMLHANDSHAKE]: Sending ticking packet info 'Config forge-server.toml' to 'fml:handshake' sequence 5
[11Oct2025 15:39:07.712] [Netty Local Client IO #0/DEBUG] [net.minecraftforge.network.LoginWrapper/FMLHANDSHAKE]: Recieved login wrapper packet event for channel fml:handshake with index 5
[11Oct2025 15:39:07.712] [Netty Local Client IO #0/DEBUG] [net.minecraftforge.network.HandshakeHandler/FMLHANDSHAKE]: Received config sync from server
[11Oct2025 15:39:07.712] [Netty Local Client IO #0/DEBUG] [net.minecraftforge.network.LoginWrapper/FMLHANDSHAKE]: Dispatching wrapped packet reply for channel fml:handshake with index 5
[11Oct2025 15:39:07.712] [Netty Server IO #1/DEBUG] [net.minecraftforge.network.LoginWrapper/FMLHANDSHAKE]: Recieved login wrapper packet event for channel fml:handshake with index 5
[11Oct2025 15:39:07.712] [Netty Server IO #1/DEBUG] [net.minecraftforge.network.HandshakeHandler/FMLHANDSHAKE]: Received client indexed reply 5 of type net.minecraftforge.network.HandshakeMessages$C2SAcknowledge
[11Oct2025 15:39:07.712] [Netty Server IO #1/DEBUG] [net.minecraftforge.network.HandshakeHandler/FMLHANDSHAKE]: Received acknowledgement from client
[11Oct2025 15:39:07.779] [Server thread/DEBUG] [net.minecraftforge.network.HandshakeHandler/FMLHANDSHAKE]: Sending ticking packet info 'com.tacz.guns.network.message.handshake.ServerMessageSyncedEntityDataMapping' to 'tacz:handshake' sequence 6
[11Oct2025 15:39:07.780] [Netty Local Client IO #0/DEBUG] [net.minecraftforge.network.LoginWrapper/FMLHANDSHAKE]: Recieved login wrapper packet event for channel tacz:handshake with index 6
[11Oct2025 15:39:07.781] [Netty Local Client IO #0/DEBUG] [tacz/TACZ_HANDSHAKE]: Received synced key mappings from server
[11Oct2025 15:39:07.793] [Netty Local Client IO #0/DEBUG] [net.minecraftforge.network.LoginWrapper/FMLHANDSHAKE]: Dispatching wrapped packet reply for channel tacz:handshake with index 6
[11Oct2025 15:39:07.794] [Netty Server IO #1/DEBUG] [net.minecraftforge.network.LoginWrapper/FMLHANDSHAKE]: Recieved login wrapper packet event for channel tacz:handshake with index 6
[11Oct2025 15:39:07.794] [Netty Server IO #1/DEBUG] [net.minecraftforge.network.HandshakeHandler/FMLHANDSHAKE]: Received client indexed reply 6 of type com.tacz.guns.network.message.handshake.Acknowledge
[11Oct2025 15:39:07.794] [Netty Server IO #1/DEBUG] [tacz/HANDSHAKE_ACKNOWLEDGE]: Received acknowledgement from client
[11Oct2025 15:39:07.807] [Server thread/DEBUG] [net.minecraftforge.network.HandshakeHandler/FMLHANDSHAKE]: Handshake complete!
[11Oct2025 15:39:07.862] [Netty Local Client IO #0/INFO] [net.minecraftforge.network.NetworkHooks/]: Connected to a modded server.
[11Oct2025 15:39:07.863] [Server thread/DEBUG] [mixin/]: Mixing ItemCooldownsAccessor from gunsmithlib.mixins.json into net.minecraft.world.item.ItemCooldowns
[11Oct2025 15:39:07.864] [Server thread/DEBUG] [mixin/]: gunsmithlib.mixins.json:ItemCooldownsAccessor: Class version 61 required is higher than the class version supported by the current version of Mixin (JAVA_8 supports class version 52)
[11Oct2025 15:39:07.869] [Netty Local Client IO #0/DEBUG] [mixin/]: Mixing ClientPacketListenerMixin from moonlight-common.mixins.json into net.minecraft.client.multiplayer.ClientPacketListener
[11Oct2025 15:39:07.870] [Netty Local Client IO #0/DEBUG] [mixin/]: Mixing client.MixinClientGamePacketListener from gunsmithlib.mixins.json into net.minecraft.client.multiplayer.ClientPacketListener
[11Oct2025 15:39:07.870] [Netty Local Client IO #0/DEBUG] [mixin/]: gunsmithlib.mixins.json:client.MixinClientGamePacketListener: Class version 61 required is higher than the class version supported by the current version of Mixin (JAVA_8 supports class version 52)
[11Oct2025 15:39:07.870] [Netty Local Client IO #0/DEBUG] [mixin/]: Renaming synthetic method lambda$triggerCooldownTransition$0(Lcom/tacz/guns/api/client/animation/statemachine/LuaAnimationStateMachine;)V to md1e559f$lambda$triggerCooldownTransition$0$0 in gunsmithlib.mixins.json:client.MixinClientGamePacketListener
[11Oct2025 15:39:07.872] [Netty Local Client IO #0/DEBUG] [mixin/]: Mixing client.ClientPacketListenerMixin from attributeslib.mixins.json into net.minecraft.client.multiplayer.ClientPacketListener
[11Oct2025 15:39:07.915] [Netty Local Client IO #0/WARN] [mixin/]: @Inject(@At("INVOKE")) Shift.BY=5 on attributeslib.mixins.json:client.ClientPacketListenerMixin::handler$zib000$apoth_postAttrChangedEvent exceeds the maximum allowed value: 0. Increase the value of maxShiftBy to suppress this warning.
[11Oct2025 15:39:07.955] [Server thread/DEBUG] [mixin/]: Mixing AbilitiesMixin from attributeslib.mixins.json into net.minecraft.world.entity.player.Abilities
[11Oct2025 15:39:08.085] [Server thread/INFO] [net.minecraft.server.players.PlayerList/]: Dev[local:E:9d6bb34d] logged in with entity id 123 at (-88.10819058633922, 101.0, -447.4083214826628)
[11Oct2025 15:39:08.319] [Server thread/INFO] [net.minecraft.server.MinecraftServer/]: Dev joined the game
[11Oct2025 15:39:08.510] [Server thread/DEBUG] [tacz/SYNC_BASE_TIMESTAMP]: Update server base timestamp: 1760193548341
[11Oct2025 15:39:08.717] [Render thread/WARN] [tacz/]: Failed to parse data from network for ATTACHMENT_INDEX with id tacz:stock_moe
com.google.gson.JsonParseException: there is no corresponding data file
	at com.tacz.guns.resource.serialize.CommonAttachmentIndexSerializer.deserialize(CommonAttachmentIndexSerializer.java:19) ~[timeless-and-classics-zero-1028108-6654541_mapped_official_1.20.1.jar:1.1.6-hotfix]
	at com.tacz.guns.resource.serialize.CommonAttachmentIndexSerializer.deserialize(CommonAttachmentIndexSerializer.java:12) ~[timeless-and-classics-zero-1028108-6654541_mapped_official_1.20.1.jar:1.1.6-hotfix]
	at com.google.gson.internal.bind.TreeTypeAdapter.read(TreeTypeAdapter.java:76) ~[gson-2.10.jar:?]
	at com.google.gson.Gson.fromJson(Gson.java:1214) ~[gson-2.10.jar:?]
	at com.google.gson.Gson.fromJson(Gson.java:1124) ~[gson-2.10.jar:?]
	at com.google.gson.Gson.fromJson(Gson.java:1034) ~[gson-2.10.jar:?]
	at com.google.gson.Gson.fromJson(Gson.java:969) ~[gson-2.10.jar:?]
	at com.tacz.guns.resource.network.CommonNetworkCache.parse(CommonNetworkCache.java:155) ~[timeless-and-classics-zero-1028108-6654541_mapped_official_1.20.1.jar:1.1.6-hotfix]
	at com.tacz.guns.resource.network.CommonNetworkCache.fromNetwork(CommonNetworkCache.java:204) ~[timeless-and-classics-zero-1028108-6654541_mapped_official_1.20.1.jar:1.1.6-hotfix]
	at com.tacz.guns.resource.network.CommonNetworkCache.fromNetwork(CommonNetworkCache.java:150) ~[timeless-and-classics-zero-1028108-6654541_mapped_official_1.20.1.jar:1.1.6-hotfix]
	at com.tacz.guns.network.message.ServerMessageSyncGunPack.doSync(ServerMessageSyncGunPack.java:51) ~[timeless-and-classics-zero-1028108-6654541_mapped_official_1.20.1.jar:1.1.6-hotfix]
	at com.tacz.guns.network.message.ServerMessageSyncGunPack.lambda$handle$3(ServerMessageSyncGunPack.java:39) ~[timeless-and-classics-zero-1028108-6654541_mapped_official_1.20.1.jar:1.1.6-hotfix]
	at net.minecraft.util.thread.BlockableEventLoop.lambda$submitAsync$0(BlockableEventLoop.java:67) ~[forge-1.20.1-47.4.0_mapped_official_1.20.1.jar:?]
	at java.util.concurrent.CompletableFuture$AsyncSupply.run(CompletableFuture.java:1768) ~[?:?]
	at net.minecraft.util.thread.BlockableEventLoop.doRunTask(BlockableEventLoop.java:156) ~[forge-1.20.1-47.4.0_mapped_official_1.20.1.jar:?]
	at net.minecraft.util.thread.ReentrantBlockableEventLoop.doRunTask(ReentrantBlockableEventLoop.java:23) ~[forge-1.20.1-47.4.0_mapped_official_1.20.1.jar:?]
	at net.minecraft.util.thread.BlockableEventLoop.pollTask(BlockableEventLoop.java:130) ~[forge-1.20.1-47.4.0_mapped_official_1.20.1.jar:?]
	at net.minecraft.util.thread.BlockableEventLoop.runAllTasks(BlockableEventLoop.java:115) ~[forge-1.20.1-47.4.0_mapped_official_1.20.1.jar:?]
	at net.minecraft.client.Minecraft.runTick(Minecraft.java:1106) ~[forge-1.20.1-47.4.0_mapped_official_1.20.1.jar:?]
	at net.minecraft.client.Minecraft.run(Minecraft.java:718) ~[forge-1.20.1-47.4.0_mapped_official_1.20.1.jar:?]
	at net.minecraft.client.main.Main.main(Main.java:218) ~[forge-1.20.1-47.4.0_mapped_official_1.20.1.jar:?]
	at jdk.internal.reflect.NativeMethodAccessorImpl.invoke0(Native Method) ~[?:?]
	at jdk.internal.reflect.NativeMethodAccessorImpl.invoke(NativeMethodAccessorImpl.java:77) ~[?:?]
	at jdk.internal.reflect.DelegatingMethodAccessorImpl.invoke(DelegatingMethodAccessorImpl.java:43) ~[?:?]
	at java.lang.reflect.Method.invoke(Method.java:569) ~[?:?]
	at net.minecraftforge.fml.loading.targets.CommonLaunchHandler.runTarget(CommonLaunchHandler.java:111) ~[fmlloader-1.20.1-47.4.0.jar:?]
	at net.minecraftforge.fml.loading.targets.CommonLaunchHandler.clientService(CommonLaunchHandler.java:99) ~[fmlloader-1.20.1-47.4.0.jar:?]
	at net.minecraftforge.fml.loading.targets.ForgeClientUserdevLaunchHandler.devService(ForgeClientUserdevLaunchHandler.java:19) ~[fmlloader-1.20.1-47.4.0.jar:?]
	at net.minecraftforge.fml.loading.targets.CommonDevLaunchHandler.lambda$makeService$7(CommonDevLaunchHandler.java:135) ~[fmlloader-1.20.1-47.4.0.jar:?]
	at cpw.mods.modlauncher.LaunchServiceHandlerDecorator.launch(LaunchServiceHandlerDecorator.java:30) ~[modlauncher-10.0.9.jar:?]
	at cpw.mods.modlauncher.LaunchServiceHandler.launch(LaunchServiceHandler.java:53) ~[modlauncher-10.0.9.jar:?]
	at cpw.mods.modlauncher.LaunchServiceHandler.launch(LaunchServiceHandler.java:71) ~[modlauncher-10.0.9.jar:?]
	at cpw.mods.modlauncher.Launcher.run(Launcher.java:108) ~[modlauncher-10.0.9.jar:?]
	at cpw.mods.modlauncher.Launcher.main(Launcher.java:78) ~[modlauncher-10.0.9.jar:?]
	at cpw.mods.modlauncher.BootstrapLaunchConsumer.accept(BootstrapLaunchConsumer.java:26) ~[modlauncher-10.0.9.jar:?]
	at cpw.mods.modlauncher.BootstrapLaunchConsumer.accept(BootstrapLaunchConsumer.java:23) ~[modlauncher-10.0.9.jar:?]
	at cpw.mods.bootstraplauncher.BootstrapLauncher.main(BootstrapLauncher.java:141) ~[bootstraplauncher-1.1.2.jar:?]
[11Oct2025 15:39:08.743] [Render thread/WARN] [tacz/]: playwrights_gunpack:rifle_assult_peacock_display display init read fail!
java.lang.IllegalArgumentException: animation not found: create_armorer:rifle_assult_crane
	at com.tacz.guns.client.resource.GunDisplayInstance.checkAnimation(GunDisplayInstance.java:196) ~[timeless-and-classics-zero-1028108-6654541_mapped_official_1.20.1.jar:1.1.6-hotfix]
	at com.tacz.guns.client.resource.GunDisplayInstance.<init>(GunDisplayInstance.java:83) ~[timeless-and-classics-zero-1028108-6654541_mapped_official_1.20.1.jar:1.1.6-hotfix]
	at com.tacz.guns.client.resource.GunDisplayInstance.create(GunDisplayInstance.java:101) ~[timeless-and-classics-zero-1028108-6654541_mapped_official_1.20.1.jar:1.1.6-hotfix]
	at com.tacz.guns.client.resource.ClientIndexManager.lambda$loadGunDisplay$0(ClientIndexManager.java:60) ~[timeless-and-classics-zero-1028108-6654541_mapped_official_1.20.1.jar:1.1.6-hotfix]
	at java.util.HashMap$EntrySet.forEach(HashMap.java:1126) ~[?:?]
	at com.tacz.guns.client.resource.ClientIndexManager.loadGunDisplay(ClientIndexManager.java:58) ~[timeless-and-classics-zero-1028108-6654541_mapped_official_1.20.1.jar:1.1.6-hotfix]
	at com.tacz.guns.client.resource.ClientIndexManager.reload(ClientIndexManager.java:42) ~[timeless-and-classics-zero-1028108-6654541_mapped_official_1.20.1.jar:1.1.6-hotfix]
	at com.tacz.guns.network.message.ServerMessageSyncGunPack.doSync(ServerMessageSyncGunPack.java:53) ~[timeless-and-classics-zero-1028108-6654541_mapped_official_1.20.1.jar:1.1.6-hotfix]
	at com.tacz.guns.network.message.ServerMessageSyncGunPack.lambda$handle$3(ServerMessageSyncGunPack.java:39) ~[timeless-and-classics-zero-1028108-6654541_mapped_official_1.20.1.jar:1.1.6-hotfix]
	at net.minecraft.util.thread.BlockableEventLoop.lambda$submitAsync$0(BlockableEventLoop.java:67) ~[forge-1.20.1-47.4.0_mapped_official_1.20.1.jar:?]
	at java.util.concurrent.CompletableFuture$AsyncSupply.run(CompletableFuture.java:1768) ~[?:?]
	at net.minecraft.util.thread.BlockableEventLoop.doRunTask(BlockableEventLoop.java:156) ~[forge-1.20.1-47.4.0_mapped_official_1.20.1.jar:?]
	at net.minecraft.util.thread.ReentrantBlockableEventLoop.doRunTask(ReentrantBlockableEventLoop.java:23) ~[forge-1.20.1-47.4.0_mapped_official_1.20.1.jar:?]
	at net.minecraft.util.thread.BlockableEventLoop.pollTask(BlockableEventLoop.java:130) ~[forge-1.20.1-47.4.0_mapped_official_1.20.1.jar:?]
	at net.minecraft.util.thread.BlockableEventLoop.runAllTasks(BlockableEventLoop.java:115) ~[forge-1.20.1-47.4.0_mapped_official_1.20.1.jar:?]
	at net.minecraft.client.Minecraft.runTick(Minecraft.java:1106) ~[forge-1.20.1-47.4.0_mapped_official_1.20.1.jar:?]
	at net.minecraft.client.Minecraft.run(Minecraft.java:718) ~[forge-1.20.1-47.4.0_mapped_official_1.20.1.jar:?]
	at net.minecraft.client.main.Main.main(Main.java:218) ~[forge-1.20.1-47.4.0_mapped_official_1.20.1.jar:?]
	at jdk.internal.reflect.NativeMethodAccessorImpl.invoke0(Native Method) ~[?:?]
	at jdk.internal.reflect.NativeMethodAccessorImpl.invoke(NativeMethodAccessorImpl.java:77) ~[?:?]
	at jdk.internal.reflect.DelegatingMethodAccessorImpl.invoke(DelegatingMethodAccessorImpl.java:43) ~[?:?]
	at java.lang.reflect.Method.invoke(Method.java:569) ~[?:?]
	at net.minecraftforge.fml.loading.targets.CommonLaunchHandler.runTarget(CommonLaunchHandler.java:111) ~[fmlloader-1.20.1-47.4.0.jar:?]
	at net.minecraftforge.fml.loading.targets.CommonLaunchHandler.clientService(CommonLaunchHandler.java:99) ~[fmlloader-1.20.1-47.4.0.jar:?]
	at net.minecraftforge.fml.loading.targets.ForgeClientUserdevLaunchHandler.devService(ForgeClientUserdevLaunchHandler.java:19) ~[fmlloader-1.20.1-47.4.0.jar:?]
	at net.minecraftforge.fml.loading.targets.CommonDevLaunchHandler.lambda$makeService$7(CommonDevLaunchHandler.java:135) ~[fmlloader-1.20.1-47.4.0.jar:?]
	at cpw.mods.modlauncher.LaunchServiceHandlerDecorator.launch(LaunchServiceHandlerDecorator.java:30) ~[modlauncher-10.0.9.jar:?]
	at cpw.mods.modlauncher.LaunchServiceHandler.launch(LaunchServiceHandler.java:53) ~[modlauncher-10.0.9.jar:?]
	at cpw.mods.modlauncher.LaunchServiceHandler.launch(LaunchServiceHandler.java:71) ~[modlauncher-10.0.9.jar:?]
	at cpw.mods.modlauncher.Launcher.run(Launcher.java:108) ~[modlauncher-10.0.9.jar:?]
	at cpw.mods.modlauncher.Launcher.main(Launcher.java:78) ~[modlauncher-10.0.9.jar:?]
	at cpw.mods.modlauncher.BootstrapLaunchConsumer.accept(BootstrapLaunchConsumer.java:26) ~[modlauncher-10.0.9.jar:?]
	at cpw.mods.modlauncher.BootstrapLaunchConsumer.accept(BootstrapLaunchConsumer.java:23) ~[modlauncher-10.0.9.jar:?]
	at cpw.mods.bootstraplauncher.BootstrapLauncher.main(BootstrapLauncher.java:141) ~[bootstraplauncher-1.1.2.jar:?]
[11Oct2025 15:39:08.817] [Render thread/WARN] [tacz/]: playwrights_gunpack:shotgun_db_rock_display display init read fail!
java.lang.IllegalArgumentException: animation not found: create_armorer:shotgun_db_stone
	at com.tacz.guns.client.resource.GunDisplayInstance.checkAnimation(GunDisplayInstance.java:196) ~[timeless-and-classics-zero-1028108-6654541_mapped_official_1.20.1.jar:1.1.6-hotfix]
	at com.tacz.guns.client.resource.GunDisplayInstance.<init>(GunDisplayInstance.java:83) ~[timeless-and-classics-zero-1028108-6654541_mapped_official_1.20.1.jar:1.1.6-hotfix]
	at com.tacz.guns.client.resource.GunDisplayInstance.create(GunDisplayInstance.java:101) ~[timeless-and-classics-zero-1028108-6654541_mapped_official_1.20.1.jar:1.1.6-hotfix]
	at com.tacz.guns.client.resource.ClientIndexManager.lambda$loadGunDisplay$0(ClientIndexManager.java:60) ~[timeless-and-classics-zero-1028108-6654541_mapped_official_1.20.1.jar:1.1.6-hotfix]
	at java.util.HashMap$EntrySet.forEach(HashMap.java:1126) ~[?:?]
	at com.tacz.guns.client.resource.ClientIndexManager.loadGunDisplay(ClientIndexManager.java:58) ~[timeless-and-classics-zero-1028108-6654541_mapped_official_1.20.1.jar:1.1.6-hotfix]
	at com.tacz.guns.client.resource.ClientIndexManager.reload(ClientIndexManager.java:42) ~[timeless-and-classics-zero-1028108-6654541_mapped_official_1.20.1.jar:1.1.6-hotfix]
	at com.tacz.guns.network.message.ServerMessageSyncGunPack.doSync(ServerMessageSyncGunPack.java:53) ~[timeless-and-classics-zero-1028108-6654541_mapped_official_1.20.1.jar:1.1.6-hotfix]
	at com.tacz.guns.network.message.ServerMessageSyncGunPack.lambda$handle$3(ServerMessageSyncGunPack.java:39) ~[timeless-and-classics-zero-1028108-6654541_mapped_official_1.20.1.jar:1.1.6-hotfix]
	at net.minecraft.util.thread.BlockableEventLoop.lambda$submitAsync$0(BlockableEventLoop.java:67) ~[forge-1.20.1-47.4.0_mapped_official_1.20.1.jar:?]
	at java.util.concurrent.CompletableFuture$AsyncSupply.run(CompletableFuture.java:1768) ~[?:?]
	at net.minecraft.util.thread.BlockableEventLoop.doRunTask(BlockableEventLoop.java:156) ~[forge-1.20.1-47.4.0_mapped_official_1.20.1.jar:?]
	at net.minecraft.util.thread.ReentrantBlockableEventLoop.doRunTask(ReentrantBlockableEventLoop.java:23) ~[forge-1.20.1-47.4.0_mapped_official_1.20.1.jar:?]
	at net.minecraft.util.thread.BlockableEventLoop.pollTask(BlockableEventLoop.java:130) ~[forge-1.20.1-47.4.0_mapped_official_1.20.1.jar:?]
	at net.minecraft.util.thread.BlockableEventLoop.runAllTasks(BlockableEventLoop.java:115) ~[forge-1.20.1-47.4.0_mapped_official_1.20.1.jar:?]
	at net.minecraft.client.Minecraft.runTick(Minecraft.java:1106) ~[forge-1.20.1-47.4.0_mapped_official_1.20.1.jar:?]
	at net.minecraft.client.Minecraft.run(Minecraft.java:718) ~[forge-1.20.1-47.4.0_mapped_official_1.20.1.jar:?]
	at net.minecraft.client.main.Main.main(Main.java:218) ~[forge-1.20.1-47.4.0_mapped_official_1.20.1.jar:?]
	at jdk.internal.reflect.NativeMethodAccessorImpl.invoke0(Native Method) ~[?:?]
	at jdk.internal.reflect.NativeMethodAccessorImpl.invoke(NativeMethodAccessorImpl.java:77) ~[?:?]
	at jdk.internal.reflect.DelegatingMethodAccessorImpl.invoke(DelegatingMethodAccessorImpl.java:43) ~[?:?]
	at java.lang.reflect.Method.invoke(Method.java:569) ~[?:?]
	at net.minecraftforge.fml.loading.targets.CommonLaunchHandler.runTarget(CommonLaunchHandler.java:111) ~[fmlloader-1.20.1-47.4.0.jar:?]
	at net.minecraftforge.fml.loading.targets.CommonLaunchHandler.clientService(CommonLaunchHandler.java:99) ~[fmlloader-1.20.1-47.4.0.jar:?]
	at net.minecraftforge.fml.loading.targets.ForgeClientUserdevLaunchHandler.devService(ForgeClientUserdevLaunchHandler.java:19) ~[fmlloader-1.20.1-47.4.0.jar:?]
	at net.minecraftforge.fml.loading.targets.CommonDevLaunchHandler.lambda$makeService$7(CommonDevLaunchHandler.java:135) ~[fmlloader-1.20.1-47.4.0.jar:?]
	at cpw.mods.modlauncher.LaunchServiceHandlerDecorator.launch(LaunchServiceHandlerDecorator.java:30) ~[modlauncher-10.0.9.jar:?]
	at cpw.mods.modlauncher.LaunchServiceHandler.launch(LaunchServiceHandler.java:53) ~[modlauncher-10.0.9.jar:?]
	at cpw.mods.modlauncher.LaunchServiceHandler.launch(LaunchServiceHandler.java:71) ~[modlauncher-10.0.9.jar:?]
	at cpw.mods.modlauncher.Launcher.run(Launcher.java:108) ~[modlauncher-10.0.9.jar:?]
	at cpw.mods.modlauncher.Launcher.main(Launcher.java:78) ~[modlauncher-10.0.9.jar:?]
	at cpw.mods.modlauncher.BootstrapLaunchConsumer.accept(BootstrapLaunchConsumer.java:26) ~[modlauncher-10.0.9.jar:?]
	at cpw.mods.modlauncher.BootstrapLaunchConsumer.accept(BootstrapLaunchConsumer.java:23) ~[modlauncher-10.0.9.jar:?]
	at cpw.mods.bootstraplauncher.BootstrapLauncher.main(BootstrapLauncher.java:141) ~[bootstraplauncher-1.1.2.jar:?]
[11Oct2025 15:39:08.846] [Render thread/WARN] [tacz/]: playwrights_gunpack:pistol_revolver_whirly_display display init read fail!
java.lang.IllegalArgumentException: animation not found: create_armorer:pistol_revolver_torque
	at com.tacz.guns.client.resource.GunDisplayInstance.checkAnimation(GunDisplayInstance.java:196) ~[timeless-and-classics-zero-1028108-6654541_mapped_official_1.20.1.jar:1.1.6-hotfix]
	at com.tacz.guns.client.resource.GunDisplayInstance.<init>(GunDisplayInstance.java:83) ~[timeless-and-classics-zero-1028108-6654541_mapped_official_1.20.1.jar:1.1.6-hotfix]
	at com.tacz.guns.client.resource.GunDisplayInstance.create(GunDisplayInstance.java:101) ~[timeless-and-classics-zero-1028108-6654541_mapped_official_1.20.1.jar:1.1.6-hotfix]
	at com.tacz.guns.client.resource.ClientIndexManager.lambda$loadGunDisplay$0(ClientIndexManager.java:60) ~[timeless-and-classics-zero-1028108-6654541_mapped_official_1.20.1.jar:1.1.6-hotfix]
	at java.util.HashMap$EntrySet.forEach(HashMap.java:1126) ~[?:?]
	at com.tacz.guns.client.resource.ClientIndexManager.loadGunDisplay(ClientIndexManager.java:58) ~[timeless-and-classics-zero-1028108-6654541_mapped_official_1.20.1.jar:1.1.6-hotfix]
	at com.tacz.guns.client.resource.ClientIndexManager.reload(ClientIndexManager.java:42) ~[timeless-and-classics-zero-1028108-6654541_mapped_official_1.20.1.jar:1.1.6-hotfix]
	at com.tacz.guns.network.message.ServerMessageSyncGunPack.doSync(ServerMessageSyncGunPack.java:53) ~[timeless-and-classics-zero-1028108-6654541_mapped_official_1.20.1.jar:1.1.6-hotfix]
	at com.tacz.guns.network.message.ServerMessageSyncGunPack.lambda$handle$3(ServerMessageSyncGunPack.java:39) ~[timeless-and-classics-zero-1028108-6654541_mapped_official_1.20.1.jar:1.1.6-hotfix]
	at net.minecraft.util.thread.BlockableEventLoop.lambda$submitAsync$0(BlockableEventLoop.java:67) ~[forge-1.20.1-47.4.0_mapped_official_1.20.1.jar:?]
	at java.util.concurrent.CompletableFuture$AsyncSupply.run(CompletableFuture.java:1768) ~[?:?]
	at net.minecraft.util.thread.BlockableEventLoop.doRunTask(BlockableEventLoop.java:156) ~[forge-1.20.1-47.4.0_mapped_official_1.20.1.jar:?]
	at net.minecraft.util.thread.ReentrantBlockableEventLoop.doRunTask(ReentrantBlockableEventLoop.java:23) ~[forge-1.20.1-47.4.0_mapped_official_1.20.1.jar:?]
	at net.minecraft.util.thread.BlockableEventLoop.pollTask(BlockableEventLoop.java:130) ~[forge-1.20.1-47.4.0_mapped_official_1.20.1.jar:?]
	at net.minecraft.util.thread.BlockableEventLoop.runAllTasks(BlockableEventLoop.java:115) ~[forge-1.20.1-47.4.0_mapped_official_1.20.1.jar:?]
	at net.minecraft.client.Minecraft.runTick(Minecraft.java:1106) ~[forge-1.20.1-47.4.0_mapped_official_1.20.1.jar:?]
	at net.minecraft.client.Minecraft.run(Minecraft.java:718) ~[forge-1.20.1-47.4.0_mapped_official_1.20.1.jar:?]
	at net.minecraft.client.main.Main.main(Main.java:218) ~[forge-1.20.1-47.4.0_mapped_official_1.20.1.jar:?]
	at jdk.internal.reflect.NativeMethodAccessorImpl.invoke0(Native Method) ~[?:?]
	at jdk.internal.reflect.NativeMethodAccessorImpl.invoke(NativeMethodAccessorImpl.java:77) ~[?:?]
	at jdk.internal.reflect.DelegatingMethodAccessorImpl.invoke(DelegatingMethodAccessorImpl.java:43) ~[?:?]
	at java.lang.reflect.Method.invoke(Method.java:569) ~[?:?]
	at net.minecraftforge.fml.loading.targets.CommonLaunchHandler.runTarget(CommonLaunchHandler.java:111) ~[fmlloader-1.20.1-47.4.0.jar:?]
	at net.minecraftforge.fml.loading.targets.CommonLaunchHandler.clientService(CommonLaunchHandler.java:99) ~[fmlloader-1.20.1-47.4.0.jar:?]
	at net.minecraftforge.fml.loading.targets.ForgeClientUserdevLaunchHandler.devService(ForgeClientUserdevLaunchHandler.java:19) ~[fmlloader-1.20.1-47.4.0.jar:?]
	at net.minecraftforge.fml.loading.targets.CommonDevLaunchHandler.lambda$makeService$7(CommonDevLaunchHandler.java:135) ~[fmlloader-1.20.1-47.4.0.jar:?]
	at cpw.mods.modlauncher.LaunchServiceHandlerDecorator.launch(LaunchServiceHandlerDecorator.java:30) ~[modlauncher-10.0.9.jar:?]
	at cpw.mods.modlauncher.LaunchServiceHandler.launch(LaunchServiceHandler.java:53) ~[modlauncher-10.0.9.jar:?]
	at cpw.mods.modlauncher.LaunchServiceHandler.launch(LaunchServiceHandler.java:71) ~[modlauncher-10.0.9.jar:?]
	at cpw.mods.modlauncher.Launcher.run(Launcher.java:108) ~[modlauncher-10.0.9.jar:?]
	at cpw.mods.modlauncher.Launcher.main(Launcher.java:78) ~[modlauncher-10.0.9.jar:?]
	at cpw.mods.modlauncher.BootstrapLaunchConsumer.accept(BootstrapLaunchConsumer.java:26) ~[modlauncher-10.0.9.jar:?]
	at cpw.mods.modlauncher.BootstrapLaunchConsumer.accept(BootstrapLaunchConsumer.java:23) ~[modlauncher-10.0.9.jar:?]
	at cpw.mods.bootstraplauncher.BootstrapLauncher.main(BootstrapLauncher.java:141) ~[bootstraplauncher-1.1.2.jar:?]
[11Oct2025 15:39:08.851] [Render thread/WARN] [tacz/]: playwrights_gunpack:sniper_semi_unclassical_display display init read fail!
java.lang.IllegalArgumentException: there is no corresponding model file
	at com.google.common.base.Preconditions.checkArgument(Preconditions.java:145) ~[guava-31.1-jre.jar:?]
	at com.tacz.guns.client.resource.GunDisplayInstance.checkTextureAndModel(GunDisplayInstance.java:138) ~[timeless-and-classics-zero-1028108-6654541_mapped_official_1.20.1.jar:1.1.6-hotfix]
	at com.tacz.guns.client.resource.GunDisplayInstance.<init>(GunDisplayInstance.java:79) ~[timeless-and-classics-zero-1028108-6654541_mapped_official_1.20.1.jar:1.1.6-hotfix]
	at com.tacz.guns.client.resource.GunDisplayInstance.create(GunDisplayInstance.java:101) ~[timeless-and-classics-zero-1028108-6654541_mapped_official_1.20.1.jar:1.1.6-hotfix]
	at com.tacz.guns.client.resource.ClientIndexManager.lambda$loadGunDisplay$0(ClientIndexManager.java:60) ~[timeless-and-classics-zero-1028108-6654541_mapped_official_1.20.1.jar:1.1.6-hotfix]
	at java.util.HashMap$EntrySet.forEach(HashMap.java:1126) ~[?:?]
	at com.tacz.guns.client.resource.ClientIndexManager.loadGunDisplay(ClientIndexManager.java:58) ~[timeless-and-classics-zero-1028108-6654541_mapped_official_1.20.1.jar:1.1.6-hotfix]
	at com.tacz.guns.client.resource.ClientIndexManager.reload(ClientIndexManager.java:42) ~[timeless-and-classics-zero-1028108-6654541_mapped_official_1.20.1.jar:1.1.6-hotfix]
	at com.tacz.guns.network.message.ServerMessageSyncGunPack.doSync(ServerMessageSyncGunPack.java:53) ~[timeless-and-classics-zero-1028108-6654541_mapped_official_1.20.1.jar:1.1.6-hotfix]
	at com.tacz.guns.network.message.ServerMessageSyncGunPack.lambda$handle$3(ServerMessageSyncGunPack.java:39) ~[timeless-and-classics-zero-1028108-6654541_mapped_official_1.20.1.jar:1.1.6-hotfix]
	at net.minecraft.util.thread.BlockableEventLoop.lambda$submitAsync$0(BlockableEventLoop.java:67) ~[forge-1.20.1-47.4.0_mapped_official_1.20.1.jar:?]
	at java.util.concurrent.CompletableFuture$AsyncSupply.run(CompletableFuture.java:1768) ~[?:?]
	at net.minecraft.util.thread.BlockableEventLoop.doRunTask(BlockableEventLoop.java:156) ~[forge-1.20.1-47.4.0_mapped_official_1.20.1.jar:?]
	at net.minecraft.util.thread.ReentrantBlockableEventLoop.doRunTask(ReentrantBlockableEventLoop.java:23) ~[forge-1.20.1-47.4.0_mapped_official_1.20.1.jar:?]
	at net.minecraft.util.thread.BlockableEventLoop.pollTask(BlockableEventLoop.java:130) ~[forge-1.20.1-47.4.0_mapped_official_1.20.1.jar:?]
	at net.minecraft.util.thread.BlockableEventLoop.runAllTasks(BlockableEventLoop.java:115) ~[forge-1.20.1-47.4.0_mapped_official_1.20.1.jar:?]
	at net.minecraft.client.Minecraft.runTick(Minecraft.java:1106) ~[forge-1.20.1-47.4.0_mapped_official_1.20.1.jar:?]
	at net.minecraft.client.Minecraft.run(Minecraft.java:718) ~[forge-1.20.1-47.4.0_mapped_official_1.20.1.jar:?]
	at net.minecraft.client.main.Main.main(Main.java:218) ~[forge-1.20.1-47.4.0_mapped_official_1.20.1.jar:?]
	at jdk.internal.reflect.NativeMethodAccessorImpl.invoke0(Native Method) ~[?:?]
	at jdk.internal.reflect.NativeMethodAccessorImpl.invoke(NativeMethodAccessorImpl.java:77) ~[?:?]
	at jdk.internal.reflect.DelegatingMethodAccessorImpl.invoke(DelegatingMethodAccessorImpl.java:43) ~[?:?]
	at java.lang.reflect.Method.invoke(Method.java:569) ~[?:?]
	at net.minecraftforge.fml.loading.targets.CommonLaunchHandler.runTarget(CommonLaunchHandler.java:111) ~[fmlloader-1.20.1-47.4.0.jar:?]
	at net.minecraftforge.fml.loading.targets.CommonLaunchHandler.clientService(CommonLaunchHandler.java:99) ~[fmlloader-1.20.1-47.4.0.jar:?]
	at net.minecraftforge.fml.loading.targets.ForgeClientUserdevLaunchHandler.devService(ForgeClientUserdevLaunchHandler.java:19) ~[fmlloader-1.20.1-47.4.0.jar:?]
	at net.minecraftforge.fml.loading.targets.CommonDevLaunchHandler.lambda$makeService$7(CommonDevLaunchHandler.java:135) ~[fmlloader-1.20.1-47.4.0.jar:?]
	at cpw.mods.modlauncher.LaunchServiceHandlerDecorator.launch(LaunchServiceHandlerDecorator.java:30) ~[modlauncher-10.0.9.jar:?]
	at cpw.mods.modlauncher.LaunchServiceHandler.launch(LaunchServiceHandler.java:53) ~[modlauncher-10.0.9.jar:?]
	at cpw.mods.modlauncher.LaunchServiceHandler.launch(LaunchServiceHandler.java:71) ~[modlauncher-10.0.9.jar:?]
	at cpw.mods.modlauncher.Launcher.run(Launcher.java:108) ~[modlauncher-10.0.9.jar:?]
	at cpw.mods.modlauncher.Launcher.main(Launcher.java:78) ~[modlauncher-10.0.9.jar:?]
	at cpw.mods.modlauncher.BootstrapLaunchConsumer.accept(BootstrapLaunchConsumer.java:26) ~[modlauncher-10.0.9.jar:?]
	at cpw.mods.modlauncher.BootstrapLaunchConsumer.accept(BootstrapLaunchConsumer.java:23) ~[modlauncher-10.0.9.jar:?]
	at cpw.mods.bootstraplauncher.BootstrapLauncher.main(BootstrapLauncher.java:141) ~[bootstraplauncher-1.1.2.jar:?]
[11Oct2025 15:39:09.001] [Render thread/WARN] [tacz/]: playwrights_gunpack:sniper_semi_unclassical index file read fail!
java.lang.IllegalArgumentException: there is no corresponding model file
	at com.google.common.base.Preconditions.checkArgument(Preconditions.java:145) ~[guava-31.1-jre.jar:?]
	at com.tacz.guns.client.resource.GunDisplayInstance.checkTextureAndModel(GunDisplayInstance.java:138) ~[timeless-and-classics-zero-1028108-6654541_mapped_official_1.20.1.jar:1.1.6-hotfix]
	at com.tacz.guns.client.resource.GunDisplayInstance.<init>(GunDisplayInstance.java:79) ~[timeless-and-classics-zero-1028108-6654541_mapped_official_1.20.1.jar:1.1.6-hotfix]
	at com.tacz.guns.client.resource.GunDisplayInstance.create(GunDisplayInstance.java:101) ~[timeless-and-classics-zero-1028108-6654541_mapped_official_1.20.1.jar:1.1.6-hotfix]
	at com.tacz.guns.client.resource.index.ClientGunIndex.getInstance(ClientGunIndex.java:34) ~[timeless-and-classics-zero-1028108-6654541_mapped_official_1.20.1.jar:1.1.6-hotfix]
	at com.tacz.guns.client.resource.ClientIndexManager.lambda$loadGunIndex$1(ClientIndexManager.java:72) ~[timeless-and-classics-zero-1028108-6654541_mapped_official_1.20.1.jar:1.1.6-hotfix]
	at java.util.HashMap$EntrySet.forEach(HashMap.java:1126) ~[?:?]
	at com.tacz.guns.client.resource.ClientIndexManager.loadGunIndex(ClientIndexManager.java:68) ~[timeless-and-classics-zero-1028108-6654541_mapped_official_1.20.1.jar:1.1.6-hotfix]
	at com.tacz.guns.client.resource.ClientIndexManager.reload(ClientIndexManager.java:43) ~[timeless-and-classics-zero-1028108-6654541_mapped_official_1.20.1.jar:1.1.6-hotfix]
	at com.tacz.guns.network.message.ServerMessageSyncGunPack.doSync(ServerMessageSyncGunPack.java:53) ~[timeless-and-classics-zero-1028108-6654541_mapped_official_1.20.1.jar:1.1.6-hotfix]
	at com.tacz.guns.network.message.ServerMessageSyncGunPack.lambda$handle$3(ServerMessageSyncGunPack.java:39) ~[timeless-and-classics-zero-1028108-6654541_mapped_official_1.20.1.jar:1.1.6-hotfix]
	at net.minecraft.util.thread.BlockableEventLoop.lambda$submitAsync$0(BlockableEventLoop.java:67) ~[forge-1.20.1-47.4.0_mapped_official_1.20.1.jar:?]
	at java.util.concurrent.CompletableFuture$AsyncSupply.run(CompletableFuture.java:1768) ~[?:?]
	at net.minecraft.util.thread.BlockableEventLoop.doRunTask(BlockableEventLoop.java:156) ~[forge-1.20.1-47.4.0_mapped_official_1.20.1.jar:?]
	at net.minecraft.util.thread.ReentrantBlockableEventLoop.doRunTask(ReentrantBlockableEventLoop.java:23) ~[forge-1.20.1-47.4.0_mapped_official_1.20.1.jar:?]
	at net.minecraft.util.thread.BlockableEventLoop.pollTask(BlockableEventLoop.java:130) ~[forge-1.20.1-47.4.0_mapped_official_1.20.1.jar:?]
	at net.minecraft.util.thread.BlockableEventLoop.runAllTasks(BlockableEventLoop.java:115) ~[forge-1.20.1-47.4.0_mapped_official_1.20.1.jar:?]
	at net.minecraft.client.Minecraft.runTick(Minecraft.java:1106) ~[forge-1.20.1-47.4.0_mapped_official_1.20.1.jar:?]
	at net.minecraft.client.Minecraft.run(Minecraft.java:718) ~[forge-1.20.1-47.4.0_mapped_official_1.20.1.jar:?]
	at net.minecraft.client.main.Main.main(Main.java:218) ~[forge-1.20.1-47.4.0_mapped_official_1.20.1.jar:?]
	at jdk.internal.reflect.NativeMethodAccessorImpl.invoke0(Native Method) ~[?:?]
	at jdk.internal.reflect.NativeMethodAccessorImpl.invoke(NativeMethodAccessorImpl.java:77) ~[?:?]
	at jdk.internal.reflect.DelegatingMethodAccessorImpl.invoke(DelegatingMethodAccessorImpl.java:43) ~[?:?]
	at java.lang.reflect.Method.invoke(Method.java:569) ~[?:?]
	at net.minecraftforge.fml.loading.targets.CommonLaunchHandler.runTarget(CommonLaunchHandler.java:111) ~[fmlloader-1.20.1-47.4.0.jar:?]
	at net.minecraftforge.fml.loading.targets.CommonLaunchHandler.clientService(CommonLaunchHandler.java:99) ~[fmlloader-1.20.1-47.4.0.jar:?]
	at net.minecraftforge.fml.loading.targets.ForgeClientUserdevLaunchHandler.devService(ForgeClientUserdevLaunchHandler.java:19) ~[fmlloader-1.20.1-47.4.0.jar:?]
	at net.minecraftforge.fml.loading.targets.CommonDevLaunchHandler.lambda$makeService$7(CommonDevLaunchHandler.java:135) ~[fmlloader-1.20.1-47.4.0.jar:?]
	at cpw.mods.modlauncher.LaunchServiceHandlerDecorator.launch(LaunchServiceHandlerDecorator.java:30) ~[modlauncher-10.0.9.jar:?]
	at cpw.mods.modlauncher.LaunchServiceHandler.launch(LaunchServiceHandler.java:53) ~[modlauncher-10.0.9.jar:?]
	at cpw.mods.modlauncher.LaunchServiceHandler.launch(LaunchServiceHandler.java:71) ~[modlauncher-10.0.9.jar:?]
	at cpw.mods.modlauncher.Launcher.run(Launcher.java:108) ~[modlauncher-10.0.9.jar:?]
	at cpw.mods.modlauncher.Launcher.main(Launcher.java:78) ~[modlauncher-10.0.9.jar:?]
	at cpw.mods.modlauncher.BootstrapLaunchConsumer.accept(BootstrapLaunchConsumer.java:26) ~[modlauncher-10.0.9.jar:?]
	at cpw.mods.modlauncher.BootstrapLaunchConsumer.accept(BootstrapLaunchConsumer.java:23) ~[modlauncher-10.0.9.jar:?]
	at cpw.mods.bootstraplauncher.BootstrapLauncher.main(BootstrapLauncher.java:141) ~[bootstraplauncher-1.1.2.jar:?]
[11Oct2025 15:39:09.008] [Render thread/WARN] [tacz/]: playwrights_gunpack:rifle_assult_peacock index file read fail!
java.lang.IllegalArgumentException: animation not found: create_armorer:rifle_assult_crane
	at com.tacz.guns.client.resource.GunDisplayInstance.checkAnimation(GunDisplayInstance.java:196) ~[timeless-and-classics-zero-1028108-6654541_mapped_official_1.20.1.jar:1.1.6-hotfix]
	at com.tacz.guns.client.resource.GunDisplayInstance.<init>(GunDisplayInstance.java:83) ~[timeless-and-classics-zero-1028108-6654541_mapped_official_1.20.1.jar:1.1.6-hotfix]
	at com.tacz.guns.client.resource.GunDisplayInstance.create(GunDisplayInstance.java:101) ~[timeless-and-classics-zero-1028108-6654541_mapped_official_1.20.1.jar:1.1.6-hotfix]
	at com.tacz.guns.client.resource.index.ClientGunIndex.getInstance(ClientGunIndex.java:34) ~[timeless-and-classics-zero-1028108-6654541_mapped_official_1.20.1.jar:1.1.6-hotfix]
	at com.tacz.guns.client.resource.ClientIndexManager.lambda$loadGunIndex$1(ClientIndexManager.java:72) ~[timeless-and-classics-zero-1028108-6654541_mapped_official_1.20.1.jar:1.1.6-hotfix]
	at java.util.HashMap$EntrySet.forEach(HashMap.java:1126) ~[?:?]
	at com.tacz.guns.client.resource.ClientIndexManager.loadGunIndex(ClientIndexManager.java:68) ~[timeless-and-classics-zero-1028108-6654541_mapped_official_1.20.1.jar:1.1.6-hotfix]
	at com.tacz.guns.client.resource.ClientIndexManager.reload(ClientIndexManager.java:43) ~[timeless-and-classics-zero-1028108-6654541_mapped_official_1.20.1.jar:1.1.6-hotfix]
	at com.tacz.guns.network.message.ServerMessageSyncGunPack.doSync(ServerMessageSyncGunPack.java:53) ~[timeless-and-classics-zero-1028108-6654541_mapped_official_1.20.1.jar:1.1.6-hotfix]
	at com.tacz.guns.network.message.ServerMessageSyncGunPack.lambda$handle$3(ServerMessageSyncGunPack.java:39) ~[timeless-and-classics-zero-1028108-6654541_mapped_official_1.20.1.jar:1.1.6-hotfix]
	at net.minecraft.util.thread.BlockableEventLoop.lambda$submitAsync$0(BlockableEventLoop.java:67) ~[forge-1.20.1-47.4.0_mapped_official_1.20.1.jar:?]
	at java.util.concurrent.CompletableFuture$AsyncSupply.run(CompletableFuture.java:1768) ~[?:?]
	at net.minecraft.util.thread.BlockableEventLoop.doRunTask(BlockableEventLoop.java:156) ~[forge-1.20.1-47.4.0_mapped_official_1.20.1.jar:?]
	at net.minecraft.util.thread.ReentrantBlockableEventLoop.doRunTask(ReentrantBlockableEventLoop.java:23) ~[forge-1.20.1-47.4.0_mapped_official_1.20.1.jar:?]
	at net.minecraft.util.thread.BlockableEventLoop.pollTask(BlockableEventLoop.java:130) ~[forge-1.20.1-47.4.0_mapped_official_1.20.1.jar:?]
	at net.minecraft.util.thread.BlockableEventLoop.runAllTasks(BlockableEventLoop.java:115) ~[forge-1.20.1-47.4.0_mapped_official_1.20.1.jar:?]
	at net.minecraft.client.Minecraft.runTick(Minecraft.java:1106) ~[forge-1.20.1-47.4.0_mapped_official_1.20.1.jar:?]
	at net.minecraft.client.Minecraft.run(Minecraft.java:718) ~[forge-1.20.1-47.4.0_mapped_official_1.20.1.jar:?]
	at net.minecraft.client.main.Main.main(Main.java:218) ~[forge-1.20.1-47.4.0_mapped_official_1.20.1.jar:?]
	at jdk.internal.reflect.NativeMethodAccessorImpl.invoke0(Native Method) ~[?:?]
	at jdk.internal.reflect.NativeMethodAccessorImpl.invoke(NativeMethodAccessorImpl.java:77) ~[?:?]
	at jdk.internal.reflect.DelegatingMethodAccessorImpl.invoke(DelegatingMethodAccessorImpl.java:43) ~[?:?]
	at java.lang.reflect.Method.invoke(Method.java:569) ~[?:?]
	at net.minecraftforge.fml.loading.targets.CommonLaunchHandler.runTarget(CommonLaunchHandler.java:111) ~[fmlloader-1.20.1-47.4.0.jar:?]
	at net.minecraftforge.fml.loading.targets.CommonLaunchHandler.clientService(CommonLaunchHandler.java:99) ~[fmlloader-1.20.1-47.4.0.jar:?]
	at net.minecraftforge.fml.loading.targets.ForgeClientUserdevLaunchHandler.devService(ForgeClientUserdevLaunchHandler.java:19) ~[fmlloader-1.20.1-47.4.0.jar:?]
	at net.minecraftforge.fml.loading.targets.CommonDevLaunchHandler.lambda$makeService$7(CommonDevLaunchHandler.java:135) ~[fmlloader-1.20.1-47.4.0.jar:?]
	at cpw.mods.modlauncher.LaunchServiceHandlerDecorator.launch(LaunchServiceHandlerDecorator.java:30) ~[modlauncher-10.0.9.jar:?]
	at cpw.mods.modlauncher.LaunchServiceHandler.launch(LaunchServiceHandler.java:53) ~[modlauncher-10.0.9.jar:?]
	at cpw.mods.modlauncher.LaunchServiceHandler.launch(LaunchServiceHandler.java:71) ~[modlauncher-10.0.9.jar:?]
	at cpw.mods.modlauncher.Launcher.run(Launcher.java:108) ~[modlauncher-10.0.9.jar:?]
	at cpw.mods.modlauncher.Launcher.main(Launcher.java:78) ~[modlauncher-10.0.9.jar:?]
	at cpw.mods.modlauncher.BootstrapLaunchConsumer.accept(BootstrapLaunchConsumer.java:26) ~[modlauncher-10.0.9.jar:?]
	at cpw.mods.modlauncher.BootstrapLaunchConsumer.accept(BootstrapLaunchConsumer.java:23) ~[modlauncher-10.0.9.jar:?]
	at cpw.mods.bootstraplauncher.BootstrapLauncher.main(BootstrapLauncher.java:141) ~[bootstraplauncher-1.1.2.jar:?]
[11Oct2025 15:39:09.012] [Render thread/WARN] [tacz/]: playwrights_gunpack:shotgun_db_rock index file read fail!
java.lang.IllegalArgumentException: animation not found: create_armorer:shotgun_db_stone
	at com.tacz.guns.client.resource.GunDisplayInstance.checkAnimation(GunDisplayInstance.java:196) ~[timeless-and-classics-zero-1028108-6654541_mapped_official_1.20.1.jar:1.1.6-hotfix]
	at com.tacz.guns.client.resource.GunDisplayInstance.<init>(GunDisplayInstance.java:83) ~[timeless-and-classics-zero-1028108-6654541_mapped_official_1.20.1.jar:1.1.6-hotfix]
	at com.tacz.guns.client.resource.GunDisplayInstance.create(GunDisplayInstance.java:101) ~[timeless-and-classics-zero-1028108-6654541_mapped_official_1.20.1.jar:1.1.6-hotfix]
	at com.tacz.guns.client.resource.index.ClientGunIndex.getInstance(ClientGunIndex.java:34) ~[timeless-and-classics-zero-1028108-6654541_mapped_official_1.20.1.jar:1.1.6-hotfix]
	at com.tacz.guns.client.resource.ClientIndexManager.lambda$loadGunIndex$1(ClientIndexManager.java:72) ~[timeless-and-classics-zero-1028108-6654541_mapped_official_1.20.1.jar:1.1.6-hotfix]
	at java.util.HashMap$EntrySet.forEach(HashMap.java:1126) ~[?:?]
	at com.tacz.guns.client.resource.ClientIndexManager.loadGunIndex(ClientIndexManager.java:68) ~[timeless-and-classics-zero-1028108-6654541_mapped_official_1.20.1.jar:1.1.6-hotfix]
	at com.tacz.guns.client.resource.ClientIndexManager.reload(ClientIndexManager.java:43) ~[timeless-and-classics-zero-1028108-6654541_mapped_official_1.20.1.jar:1.1.6-hotfix]
	at com.tacz.guns.network.message.ServerMessageSyncGunPack.doSync(ServerMessageSyncGunPack.java:53) ~[timeless-and-classics-zero-1028108-6654541_mapped_official_1.20.1.jar:1.1.6-hotfix]
	at com.tacz.guns.network.message.ServerMessageSyncGunPack.lambda$handle$3(ServerMessageSyncGunPack.java:39) ~[timeless-and-classics-zero-1028108-6654541_mapped_official_1.20.1.jar:1.1.6-hotfix]
	at net.minecraft.util.thread.BlockableEventLoop.lambda$submitAsync$0(BlockableEventLoop.java:67) ~[forge-1.20.1-47.4.0_mapped_official_1.20.1.jar:?]
	at java.util.concurrent.CompletableFuture$AsyncSupply.run(CompletableFuture.java:1768) ~[?:?]
	at net.minecraft.util.thread.BlockableEventLoop.doRunTask(BlockableEventLoop.java:156) ~[forge-1.20.1-47.4.0_mapped_official_1.20.1.jar:?]
	at net.minecraft.util.thread.ReentrantBlockableEventLoop.doRunTask(ReentrantBlockableEventLoop.java:23) ~[forge-1.20.1-47.4.0_mapped_official_1.20.1.jar:?]
	at net.minecraft.util.thread.BlockableEventLoop.pollTask(BlockableEventLoop.java:130) ~[forge-1.20.1-47.4.0_mapped_official_1.20.1.jar:?]
	at net.minecraft.util.thread.BlockableEventLoop.runAllTasks(BlockableEventLoop.java:115) ~[forge-1.20.1-47.4.0_mapped_official_1.20.1.jar:?]
	at net.minecraft.client.Minecraft.runTick(Minecraft.java:1106) ~[forge-1.20.1-47.4.0_mapped_official_1.20.1.jar:?]
	at net.minecraft.client.Minecraft.run(Minecraft.java:718) ~[forge-1.20.1-47.4.0_mapped_official_1.20.1.jar:?]
	at net.minecraft.client.main.Main.main(Main.java:218) ~[forge-1.20.1-47.4.0_mapped_official_1.20.1.jar:?]
	at jdk.internal.reflect.NativeMethodAccessorImpl.invoke0(Native Method) ~[?:?]
	at jdk.internal.reflect.NativeMethodAccessorImpl.invoke(NativeMethodAccessorImpl.java:77) ~[?:?]
	at jdk.internal.reflect.DelegatingMethodAccessorImpl.invoke(DelegatingMethodAccessorImpl.java:43) ~[?:?]
	at java.lang.reflect.Method.invoke(Method.java:569) ~[?:?]
	at net.minecraftforge.fml.loading.targets.CommonLaunchHandler.runTarget(CommonLaunchHandler.java:111) ~[fmlloader-1.20.1-47.4.0.jar:?]
	at net.minecraftforge.fml.loading.targets.CommonLaunchHandler.clientService(CommonLaunchHandler.java:99) ~[fmlloader-1.20.1-47.4.0.jar:?]
	at net.minecraftforge.fml.loading.targets.ForgeClientUserdevLaunchHandler.devService(ForgeClientUserdevLaunchHandler.java:19) ~[fmlloader-1.20.1-47.4.0.jar:?]
	at net.minecraftforge.fml.loading.targets.CommonDevLaunchHandler.lambda$makeService$7(CommonDevLaunchHandler.java:135) ~[fmlloader-1.20.1-47.4.0.jar:?]
	at cpw.mods.modlauncher.LaunchServiceHandlerDecorator.launch(LaunchServiceHandlerDecorator.java:30) ~[modlauncher-10.0.9.jar:?]
	at cpw.mods.modlauncher.LaunchServiceHandler.launch(LaunchServiceHandler.java:53) ~[modlauncher-10.0.9.jar:?]
	at cpw.mods.modlauncher.LaunchServiceHandler.launch(LaunchServiceHandler.java:71) ~[modlauncher-10.0.9.jar:?]
	at cpw.mods.modlauncher.Launcher.run(Launcher.java:108) ~[modlauncher-10.0.9.jar:?]
	at cpw.mods.modlauncher.Launcher.main(Launcher.java:78) ~[modlauncher-10.0.9.jar:?]
	at cpw.mods.modlauncher.BootstrapLaunchConsumer.accept(BootstrapLaunchConsumer.java:26) ~[modlauncher-10.0.9.jar:?]
	at cpw.mods.modlauncher.BootstrapLaunchConsumer.accept(BootstrapLaunchConsumer.java:23) ~[modlauncher-10.0.9.jar:?]
	at cpw.mods.bootstraplauncher.BootstrapLauncher.main(BootstrapLauncher.java:141) ~[bootstraplauncher-1.1.2.jar:?]
[11Oct2025 15:39:09.015] [Render thread/WARN] [tacz/]: playwrights_gunpack:pistol_revolver_whirly index file read fail!
java.lang.IllegalArgumentException: animation not found: create_armorer:pistol_revolver_torque
	at com.tacz.guns.client.resource.GunDisplayInstance.checkAnimation(GunDisplayInstance.java:196) ~[timeless-and-classics-zero-1028108-6654541_mapped_official_1.20.1.jar:1.1.6-hotfix]
	at com.tacz.guns.client.resource.GunDisplayInstance.<init>(GunDisplayInstance.java:83) ~[timeless-and-classics-zero-1028108-6654541_mapped_official_1.20.1.jar:1.1.6-hotfix]
	at com.tacz.guns.client.resource.GunDisplayInstance.create(GunDisplayInstance.java:101) ~[timeless-and-classics-zero-1028108-6654541_mapped_official_1.20.1.jar:1.1.6-hotfix]
	at com.tacz.guns.client.resource.index.ClientGunIndex.getInstance(ClientGunIndex.java:34) ~[timeless-and-classics-zero-1028108-6654541_mapped_official_1.20.1.jar:1.1.6-hotfix]
	at com.tacz.guns.client.resource.ClientIndexManager.lambda$loadGunIndex$1(ClientIndexManager.java:72) ~[timeless-and-classics-zero-1028108-6654541_mapped_official_1.20.1.jar:1.1.6-hotfix]
	at java.util.HashMap$EntrySet.forEach(HashMap.java:1126) ~[?:?]
	at com.tacz.guns.client.resource.ClientIndexManager.loadGunIndex(ClientIndexManager.java:68) ~[timeless-and-classics-zero-1028108-6654541_mapped_official_1.20.1.jar:1.1.6-hotfix]
	at com.tacz.guns.client.resource.ClientIndexManager.reload(ClientIndexManager.java:43) ~[timeless-and-classics-zero-1028108-6654541_mapped_official_1.20.1.jar:1.1.6-hotfix]
	at com.tacz.guns.network.message.ServerMessageSyncGunPack.doSync(ServerMessageSyncGunPack.java:53) ~[timeless-and-classics-zero-1028108-6654541_mapped_official_1.20.1.jar:1.1.6-hotfix]
	at com.tacz.guns.network.message.ServerMessageSyncGunPack.lambda$handle$3(ServerMessageSyncGunPack.java:39) ~[timeless-and-classics-zero-1028108-6654541_mapped_official_1.20.1.jar:1.1.6-hotfix]
	at net.minecraft.util.thread.BlockableEventLoop.lambda$submitAsync$0(BlockableEventLoop.java:67) ~[forge-1.20.1-47.4.0_mapped_official_1.20.1.jar:?]
	at java.util.concurrent.CompletableFuture$AsyncSupply.run(CompletableFuture.java:1768) ~[?:?]
	at net.minecraft.util.thread.BlockableEventLoop.doRunTask(BlockableEventLoop.java:156) ~[forge-1.20.1-47.4.0_mapped_official_1.20.1.jar:?]
	at net.minecraft.util.thread.ReentrantBlockableEventLoop.doRunTask(ReentrantBlockableEventLoop.java:23) ~[forge-1.20.1-47.4.0_mapped_official_1.20.1.jar:?]
	at net.minecraft.util.thread.BlockableEventLoop.pollTask(BlockableEventLoop.java:130) ~[forge-1.20.1-47.4.0_mapped_official_1.20.1.jar:?]
	at net.minecraft.util.thread.BlockableEventLoop.runAllTasks(BlockableEventLoop.java:115) ~[forge-1.20.1-47.4.0_mapped_official_1.20.1.jar:?]
	at net.minecraft.client.Minecraft.runTick(Minecraft.java:1106) ~[forge-1.20.1-47.4.0_mapped_official_1.20.1.jar:?]
	at net.minecraft.client.Minecraft.run(Minecraft.java:718) ~[forge-1.20.1-47.4.0_mapped_official_1.20.1.jar:?]
	at net.minecraft.client.main.Main.main(Main.java:218) ~[forge-1.20.1-47.4.0_mapped_official_1.20.1.jar:?]
	at jdk.internal.reflect.NativeMethodAccessorImpl.invoke0(Native Method) ~[?:?]
	at jdk.internal.reflect.NativeMethodAccessorImpl.invoke(NativeMethodAccessorImpl.java:77) ~[?:?]
	at jdk.internal.reflect.DelegatingMethodAccessorImpl.invoke(DelegatingMethodAccessorImpl.java:43) ~[?:?]
	at java.lang.reflect.Method.invoke(Method.java:569) ~[?:?]
	at net.minecraftforge.fml.loading.targets.CommonLaunchHandler.runTarget(CommonLaunchHandler.java:111) ~[fmlloader-1.20.1-47.4.0.jar:?]
	at net.minecraftforge.fml.loading.targets.CommonLaunchHandler.clientService(CommonLaunchHandler.java:99) ~[fmlloader-1.20.1-47.4.0.jar:?]
	at net.minecraftforge.fml.loading.targets.ForgeClientUserdevLaunchHandler.devService(ForgeClientUserdevLaunchHandler.java:19) ~[fmlloader-1.20.1-47.4.0.jar:?]
	at net.minecraftforge.fml.loading.targets.CommonDevLaunchHandler.lambda$makeService$7(CommonDevLaunchHandler.java:135) ~[fmlloader-1.20.1-47.4.0.jar:?]
	at cpw.mods.modlauncher.LaunchServiceHandlerDecorator.launch(LaunchServiceHandlerDecorator.java:30) ~[modlauncher-10.0.9.jar:?]
	at cpw.mods.modlauncher.LaunchServiceHandler.launch(LaunchServiceHandler.java:53) ~[modlauncher-10.0.9.jar:?]
	at cpw.mods.modlauncher.LaunchServiceHandler.launch(LaunchServiceHandler.java:71) ~[modlauncher-10.0.9.jar:?]
	at cpw.mods.modlauncher.Launcher.run(Launcher.java:108) ~[modlauncher-10.0.9.jar:?]
	at cpw.mods.modlauncher.Launcher.main(Launcher.java:78) ~[modlauncher-10.0.9.jar:?]
	at cpw.mods.modlauncher.BootstrapLaunchConsumer.accept(BootstrapLaunchConsumer.java:26) ~[modlauncher-10.0.9.jar:?]
	at cpw.mods.modlauncher.BootstrapLaunchConsumer.accept(BootstrapLaunchConsumer.java:23) ~[modlauncher-10.0.9.jar:?]
	at cpw.mods.bootstraplauncher.BootstrapLauncher.main(BootstrapLauncher.java:141) ~[bootstraplauncher-1.1.2.jar:?]
[11Oct2025 15:39:09.063] [Render thread/INFO] [placebo/]: Starting sync for enchanting_stats
[11Oct2025 15:39:09.067] [Render thread/INFO] [placebo/]: Starting sync for rarities
[11Oct2025 15:39:09.067] [Render thread/INFO] [placebo/]: Starting sync for affixes
[11Oct2025 15:39:09.085] [Render thread/INFO] [placebo/]: Starting sync for gems
[11Oct2025 15:39:09.099] [Render thread/INFO] [placebo/]: Starting sync for amr_gem_injections
[11Oct2025 15:39:09.107] [Render thread/WARN] [net.minecraft.client.ClientRecipeBook/]: Unknown recipe category: apotheosis:fletching/apotheosis:fletching/broadhead_arrow
[11Oct2025 15:39:09.107] [Render thread/WARN] [net.minecraft.client.ClientRecipeBook/]: Unknown recipe category: apotheosis:fletching/apotheosis:fletching/diamond_mining_arrow
[11Oct2025 15:39:09.113] [Render thread/WARN] [net.minecraft.client.ClientRecipeBook/]: Unknown recipe category: apotheosis:fletching/apotheosis:fletching/explosive_arrow
[11Oct2025 15:39:09.113] [Render thread/WARN] [net.minecraft.client.ClientRecipeBook/]: Unknown recipe category: apotheosis:fletching/apotheosis:fletching/arrow
[11Oct2025 15:39:09.115] [Render thread/WARN] [net.minecraft.client.ClientRecipeBook/]: Unknown recipe category: apotheosis:fletching/apotheosis:fletching/obsidian_arrow
[11Oct2025 15:39:09.116] [Render thread/WARN] [net.minecraft.client.ClientRecipeBook/]: Unknown recipe category: apotheosis:fletching/apotheosis:fletching/iron_mining_arrow
[11Oct2025 15:39:09.118] [Render thread/WARN] [net.minecraft.client.ClientRecipeBook/]: Unknown recipe category: apotheosis:fletching/apotheosis:fletching/spectral_arrow
[11Oct2025 15:39:09.215] [Render thread/DEBUG] [mixin/]: Mixing MixinModernKineticGunScriptAPI from gunsmithlib.mixins.json into com.tacz.guns.item.ModernKineticGunScriptAPI
[11Oct2025 15:39:09.215] [Render thread/DEBUG] [mixin/]: gunsmithlib.mixins.json:MixinModernKineticGunScriptAPI: Class version 61 required is higher than the class version supported by the current version of Mixin (JAVA_8 supports class version 52)
[11Oct2025 15:39:09.217] [Render thread/DEBUG] [mixin/]: Mixing MixinReloadProcedure from gunsmithlib.mixins.json into com.tacz.guns.item.ModernKineticGunScriptAPI
[11Oct2025 15:39:09.218] [Render thread/DEBUG] [mixin/]: gunsmithlib.mixins.json:MixinReloadProcedure: Class version 61 required is higher than the class version supported by the current version of Mixin (JAVA_8 supports class version 52)
[11Oct2025 15:39:09.218] [Render thread/DEBUG] [mixin/]: Renaming synthetic method lambda$postFeedEvents$1(Lorg/spongepowered/asm/mixin/injection/callback/CallbackInfoReturnable;)V to md1e559f$lambda$postFeedEvents$1$0 in gunsmithlib.mixins.json:MixinReloadProcedure
[11Oct2025 15:39:09.218] [Render thread/DEBUG] [mixin/]: Renaming synthetic method lambda$postFeedEvents$0(Lcom/tacz/guns/resource/pojo/data/gun/FeedType;)Z to md1e559f$lambda$postFeedEvents$0$1 in gunsmithlib.mixins.json:MixinReloadProcedure
[11Oct2025 15:39:09.219] [Render thread/DEBUG] [mixin/]: Mixing tacz.MixinModernKineticGunScriptAPI from apotheosis_modern_ragnarok.mixins.json into com.tacz.guns.item.ModernKineticGunScriptAPI
[11Oct2025 15:39:09.219] [Render thread/DEBUG] [mixin/]: apotheosis_modern_ragnarok.mixins.json:tacz.MixinModernKineticGunScriptAPI: Class version 61 required is higher than the class version supported by the current version of Mixin (JAVA_8 supports class version 52)
[11Oct2025 15:39:09.634] [Render thread/DEBUG] [tacz/SYNC_BASE_TIMESTAMP]: Update client base timestamp: 1760193548340
[11Oct2025 15:39:09.750] [Render thread/INFO] [net.minecraft.advancements.AdvancementList/]: Loaded 230 advancements
[11Oct2025 15:39:13.603] [Render thread/INFO] [net.playwright.magitacz.MagitaczMod/]: tacz:empty
[11Oct2025 15:39:13.606] [Render thread/INFO] [net.playwright.magitacz.MagitaczMod/]: tacz:empty
[11Oct2025 15:39:13.607] [Render thread/INFO] [net.playwright.magitacz.MagitaczMod/]: tacz:empty
[11Oct2025 15:39:13.607] [Render thread/INFO] [net.playwright.magitacz.MagitaczMod/]: tacz:empty
[11Oct2025 15:39:13.607] [Render thread/INFO] [net.playwright.magitacz.MagitaczMod/]: tacz:empty
[11Oct2025 15:39:13.608] [Render thread/INFO] [net.playwright.magitacz.MagitaczMod/]: tacz:empty
[11Oct2025 15:39:13.609] [Render thread/INFO] [net.playwright.magitacz.MagitaczMod/]: tacz:empty
[11Oct2025 15:39:13.609] [Render thread/INFO] [net.playwright.magitacz.MagitaczMod/]: tacz:empty
[11Oct2025 15:39:13.610] [Render thread/INFO] [net.playwright.magitacz.MagitaczMod/]: tacz:empty
[11Oct2025 15:39:13.610] [Render thread/INFO] [net.playwright.magitacz.MagitaczMod/]: tacz:empty
[11Oct2025 15:39:13.610] [Render thread/INFO] [net.playwright.magitacz.MagitaczMod/]: tacz:empty
[11Oct2025 15:39:13.611] [Render thread/INFO] [net.playwright.magitacz.MagitaczMod/]: tacz:empty
[11Oct2025 15:39:13.611] [Render thread/INFO] [net.playwright.magitacz.MagitaczMod/]: tacz:empty
[11Oct2025 15:39:13.611] [Render thread/INFO] [net.playwright.magitacz.MagitaczMod/]: tacz:empty
[11Oct2025 15:39:13.612] [Render thread/INFO] [net.playwright.magitacz.MagitaczMod/]: tacz:empty
[11Oct2025 15:39:13.613] [Render thread/INFO] [net.playwright.magitacz.MagitaczMod/]: tacz:empty
[11Oct2025 15:39:13.613] [Render thread/INFO] [net.playwright.magitacz.MagitaczMod/]: tacz:empty
[11Oct2025 15:39:13.614] [Render thread/INFO] [net.playwright.magitacz.MagitaczMod/]: tacz:empty
[11Oct2025 15:39:13.614] [Render thread/INFO] [net.playwright.magitacz.MagitaczMod/]: tacz:empty
[11Oct2025 15:39:13.614] [Render thread/INFO] [net.playwright.magitacz.MagitaczMod/]: tacz:empty
[11Oct2025 15:39:13.615] [Render thread/INFO] [net.playwright.magitacz.MagitaczMod/]: tacz:empty
[11Oct2025 15:39:13.615] [Render thread/INFO] [net.playwright.magitacz.MagitaczMod/]: tacz:empty
[11Oct2025 15:39:13.615] [Render thread/INFO] [net.playwright.magitacz.MagitaczMod/]: tacz:empty
[11Oct2025 15:39:13.616] [Render thread/INFO] [net.playwright.magitacz.MagitaczMod/]: tacz:empty
[11Oct2025 15:39:13.617] [Render thread/INFO] [net.playwright.magitacz.MagitaczMod/]: tacz:empty
[11Oct2025 15:39:13.617] [Render thread/INFO] [net.playwright.magitacz.MagitaczMod/]: tacz:empty
[11Oct2025 15:39:13.618] [Render thread/INFO] [net.playwright.magitacz.MagitaczMod/]: tacz:empty
[11Oct2025 15:39:13.618] [Render thread/INFO] [net.playwright.magitacz.MagitaczMod/]: tacz:empty
[11Oct2025 15:39:13.618] [Render thread/INFO] [net.playwright.magitacz.MagitaczMod/]: tacz:empty
[11Oct2025 15:39:13.619] [Render thread/INFO] [net.playwright.magitacz.MagitaczMod/]: tacz:empty
[11Oct2025 15:39:13.619] [Render thread/INFO] [net.playwright.magitacz.MagitaczMod/]: tacz:empty
[11Oct2025 15:39:13.619] [Render thread/INFO] [net.playwright.magitacz.MagitaczMod/]: tacz:empty
[11Oct2025 15:39:13.619] [Render thread/INFO] [net.playwright.magitacz.MagitaczMod/]: tacz:empty
[11Oct2025 15:39:13.620] [Render thread/INFO] [net.playwright.magitacz.MagitaczMod/]: tacz:empty
[11Oct2025 15:39:13.620] [Render thread/INFO] [net.playwright.magitacz.MagitaczMod/]: tacz:empty
[11Oct2025 15:39:13.621] [Render thread/INFO] [net.playwright.magitacz.MagitaczMod/]: tacz:empty
[11Oct2025 15:39:13.622] [Render thread/INFO] [net.playwright.magitacz.MagitaczMod/]: tacz:empty
[11Oct2025 15:39:13.622] [Render thread/INFO] [net.playwright.magitacz.MagitaczMod/]: tacz:empty
[11Oct2025 15:39:13.622] [Render thread/INFO] [net.playwright.magitacz.MagitaczMod/]: tacz:empty
[11Oct2025 15:39:13.622] [Render thread/INFO] [net.playwright.magitacz.MagitaczMod/]: tacz:empty
[11Oct2025 15:39:13.623] [Render thread/INFO] [net.playwright.magitacz.MagitaczMod/]: tacz:empty
[11Oct2025 15:39:13.623] [Render thread/INFO] [net.playwright.magitacz.MagitaczMod/]: tacz:empty
[11Oct2025 15:39:13.623] [Render thread/INFO] [net.playwright.magitacz.MagitaczMod/]: tacz:empty
[11Oct2025 15:39:13.623] [Render thread/INFO] [net.playwright.magitacz.MagitaczMod/]: tacz:empty
[11Oct2025 15:39:13.623] [Render thread/INFO] [net.playwright.magitacz.MagitaczMod/]: tacz:empty
[11Oct2025 15:39:13.624] [Render thread/INFO] [net.playwright.magitacz.MagitaczMod/]: tacz:empty
[11Oct2025 15:39:13.624] [Render thread/INFO] [net.playwright.magitacz.MagitaczMod/]: tacz:empty
[11Oct2025 15:39:16.386] [Render thread/WARN] [net.minecraft.client.renderer.texture.TextureManager/]: Failed to load texture: minecraft:textures/models/armor/electromancer_layer_1.png
java.io.FileNotFoundException: minecraft:textures/models/armor/electromancer_layer_1.png
	at net.minecraft.server.packs.resources.ResourceProvider.lambda$getResourceOrThrow$0(ResourceProvider.java:21) ~[forge-1.20.1-47.4.0_mapped_official_1.20.1.jar:?]
	at java.util.Optional.orElseThrow(Optional.java:403) ~[?:?]
	at net.minecraft.server.packs.resources.ResourceProvider.getResourceOrThrow(ResourceProvider.java:21) ~[forge-1.20.1-47.4.0_mapped_official_1.20.1.jar:?]
	at software.bernie.geckolib.cache.texture.AnimatableTexture.load(AnimatableTexture.java:40) ~[geckolib-forge-1.20.1-4.4.9_mapped_official_1.20.1.jar:4.4.9]
	at net.minecraft.client.renderer.texture.TextureManager.loadTexture(TextureManager.java:96) ~[forge-1.20.1-47.4.0_mapped_official_1.20.1.jar:?]
	at net.minecraft.client.renderer.texture.TextureManager.register(TextureManager.java:66) ~[forge-1.20.1-47.4.0_mapped_official_1.20.1.jar:?]
	at net.minecraft.client.renderer.texture.TextureManager.handler$zee000$wrapAnimatableTexture(TextureManager.java:529) ~[forge-1.20.1-47.4.0_mapped_official_1.20.1.jar:?]
	at net.minecraft.client.renderer.texture.TextureManager.getTexture(TextureManager.java) ~[forge-1.20.1-47.4.0_mapped_official_1.20.1.jar:?]
	at net.minecraft.client.renderer.RenderStateShard$TextureStateShard.lambda$new$0(RenderStateShard.java:243) ~[forge-1.20.1-47.4.0_mapped_official_1.20.1.jar:?]
	at net.minecraft.client.renderer.RenderStateShard.setupRenderState(RenderStateShard.java:37) ~[forge-1.20.1-47.4.0_mapped_official_1.20.1.jar:?]
	at com.google.common.collect.ImmutableList.forEach(ImmutableList.java:422) ~[guava-31.1-jre.jar:?]
	at net.minecraft.client.renderer.RenderType$CompositeRenderType.lambda$new$1(RenderType.java:490) ~[forge-1.20.1-47.4.0_mapped_official_1.20.1.jar:?]
	at net.minecraft.client.renderer.RenderStateShard.setupRenderState(RenderStateShard.java:37) ~[forge-1.20.1-47.4.0_mapped_official_1.20.1.jar:?]
	at net.minecraft.client.renderer.RenderType.end(RenderType.java:433) ~[forge-1.20.1-47.4.0_mapped_official_1.20.1.jar:?]
	at net.minecraft.client.renderer.MultiBufferSource$BufferSource.endBatch(MultiBufferSource.java:97) ~[forge-1.20.1-47.4.0_mapped_official_1.20.1.jar:?]
	at net.minecraft.client.renderer.MultiBufferSource$BufferSource.getBuffer(MultiBufferSource.java:46) ~[forge-1.20.1-47.4.0_mapped_official_1.20.1.jar:?]
	at net.minecraft.client.renderer.entity.ItemRenderer.getArmorFoilBuffer(ItemRenderer.java:163) ~[forge-1.20.1-47.4.0_mapped_official_1.20.1.jar:?]
	at software.bernie.geckolib.renderer.GeoArmorRenderer.renderToBuffer(GeoArmorRenderer.java:275) ~[geckolib-forge-1.20.1-4.4.9_mapped_official_1.20.1.jar:4.4.9]
	at net.minecraft.client.renderer.entity.layers.HumanoidArmorLayer.renderModel(HumanoidArmorLayer.java:110) ~[forge-1.20.1-47.4.0_mapped_official_1.20.1.jar:?]
	at net.minecraft.client.renderer.entity.layers.HumanoidArmorLayer.renderArmorPiece(HumanoidArmorLayer.java:67) ~[forge-1.20.1-47.4.0_mapped_official_1.20.1.jar:?]
	at net.minecraft.client.renderer.entity.layers.HumanoidArmorLayer.render(HumanoidArmorLayer.java:44) ~[forge-1.20.1-47.4.0_mapped_official_1.20.1.jar:?]
	at net.minecraft.client.renderer.entity.layers.HumanoidArmorLayer.render(HumanoidArmorLayer.java:29) ~[forge-1.20.1-47.4.0_mapped_official_1.20.1.jar:?]
	at net.minecraft.client.renderer.entity.LivingEntityRenderer.render(LivingEntityRenderer.java:131) ~[forge-1.20.1-47.4.0_mapped_official_1.20.1.jar:?]
	at net.minecraft.client.renderer.entity.player.PlayerRenderer.render(PlayerRenderer.java:63) ~[forge-1.20.1-47.4.0_mapped_official_1.20.1.jar:?]
	at net.minecraft.client.renderer.entity.player.PlayerRenderer.render(PlayerRenderer.java:44) ~[forge-1.20.1-47.4.0_mapped_official_1.20.1.jar:?]
	at net.minecraft.client.renderer.entity.EntityRenderDispatcher.render(EntityRenderDispatcher.java:140) ~[forge-1.20.1-47.4.0_mapped_official_1.20.1.jar:?]
	at net.minecraft.client.gui.screens.inventory.InventoryScreen.lambda$renderEntityInInventory$1(InventoryScreen.java:138) ~[forge-1.20.1-47.4.0_mapped_official_1.20.1.jar:?]
	at com.mojang.blaze3d.systems.RenderSystem.runAsFancy(RenderSystem.java:1191) ~[forge-1.20.1-47.4.0_mapped_official_1.20.1.jar:?]
	at net.minecraft.client.gui.screens.inventory.InventoryScreen.renderEntityInInventory(InventoryScreen.java:137) ~[forge-1.20.1-47.4.0_mapped_official_1.20.1.jar:?]
	at net.minecraft.client.gui.screens.inventory.InventoryScreen.renderEntityInInventoryFollowsAngle(InventoryScreen.java:116) ~[forge-1.20.1-47.4.0_mapped_official_1.20.1.jar:?]
	at net.minecraft.client.gui.screens.inventory.InventoryScreen.renderEntityInInventoryFollowsMouse(InventoryScreen.java:97) ~[forge-1.20.1-47.4.0_mapped_official_1.20.1.jar:?]
	at net.minecraft.client.gui.screens.inventory.CreativeModeInventoryScreen.renderBg(CreativeModeInventoryScreen.java:704) ~[forge-1.20.1-47.4.0_mapped_official_1.20.1.jar:?]
	at net.minecraft.client.gui.screens.inventory.AbstractContainerScreen.render(AbstractContainerScreen.java:92) ~[forge-1.20.1-47.4.0_mapped_official_1.20.1.jar:?]
	at net.minecraft.client.gui.screens.inventory.EffectRenderingInventoryScreen.render(EffectRenderingInventoryScreen.java:28) ~[forge-1.20.1-47.4.0_mapped_official_1.20.1.jar:?]
	at net.minecraft.client.gui.screens.inventory.CreativeModeInventoryScreen.render(CreativeModeInventoryScreen.java:629) ~[forge-1.20.1-47.4.0_mapped_official_1.20.1.jar:?]
	at net.minecraft.client.gui.screens.Screen.renderWithTooltip(Screen.java:109) ~[forge-1.20.1-47.4.0_mapped_official_1.20.1.jar:?]
	at net.minecraftforge.client.ForgeHooksClient.drawScreenInternal(ForgeHooksClient.java:428) ~[forge-1.20.1-47.4.0_mapped_official_1.20.1.jar:?]
	at net.minecraftforge.client.ForgeHooksClient.drawScreen(ForgeHooksClient.java:421) ~[forge-1.20.1-47.4.0_mapped_official_1.20.1.jar:?]
	at net.minecraft.client.renderer.GameRenderer.render(GameRenderer.java:965) ~[forge-1.20.1-47.4.0_mapped_official_1.20.1.jar:?]
	at net.minecraft.client.Minecraft.runTick(Minecraft.java:1146) ~[forge-1.20.1-47.4.0_mapped_official_1.20.1.jar:?]
	at net.minecraft.client.Minecraft.run(Minecraft.java:718) ~[forge-1.20.1-47.4.0_mapped_official_1.20.1.jar:?]
	at net.minecraft.client.main.Main.main(Main.java:218) ~[forge-1.20.1-47.4.0_mapped_official_1.20.1.jar:?]
	at jdk.internal.reflect.NativeMethodAccessorImpl.invoke0(Native Method) ~[?:?]
	at jdk.internal.reflect.NativeMethodAccessorImpl.invoke(NativeMethodAccessorImpl.java:77) ~[?:?]
	at jdk.internal.reflect.DelegatingMethodAccessorImpl.invoke(DelegatingMethodAccessorImpl.java:43) ~[?:?]
	at java.lang.reflect.Method.invoke(Method.java:569) ~[?:?]
	at net.minecraftforge.fml.loading.targets.CommonLaunchHandler.runTarget(CommonLaunchHandler.java:111) ~[fmlloader-1.20.1-47.4.0.jar:?]
	at net.minecraftforge.fml.loading.targets.CommonLaunchHandler.clientService(CommonLaunchHandler.java:99) ~[fmlloader-1.20.1-47.4.0.jar:?]
	at net.minecraftforge.fml.loading.targets.ForgeClientUserdevLaunchHandler.devService(ForgeClientUserdevLaunchHandler.java:19) ~[fmlloader-1.20.1-47.4.0.jar:?]
	at net.minecraftforge.fml.loading.targets.CommonDevLaunchHandler.lambda$makeService$7(CommonDevLaunchHandler.java:135) ~[fmlloader-1.20.1-47.4.0.jar:?]
	at cpw.mods.modlauncher.LaunchServiceHandlerDecorator.launch(LaunchServiceHandlerDecorator.java:30) ~[modlauncher-10.0.9.jar:?]
	at cpw.mods.modlauncher.LaunchServiceHandler.launch(LaunchServiceHandler.java:53) ~[modlauncher-10.0.9.jar:?]
	at cpw.mods.modlauncher.LaunchServiceHandler.launch(LaunchServiceHandler.java:71) ~[modlauncher-10.0.9.jar:?]
	at cpw.mods.modlauncher.Launcher.run(Launcher.java:108) ~[modlauncher-10.0.9.jar:?]
	at cpw.mods.modlauncher.Launcher.main(Launcher.java:78) ~[modlauncher-10.0.9.jar:?]
	at cpw.mods.modlauncher.BootstrapLaunchConsumer.accept(BootstrapLaunchConsumer.java:26) ~[modlauncher-10.0.9.jar:?]
	at cpw.mods.modlauncher.BootstrapLaunchConsumer.accept(BootstrapLaunchConsumer.java:23) ~[modlauncher-10.0.9.jar:?]
	at cpw.mods.bootstraplauncher.BootstrapLauncher.main(BootstrapLauncher.java:141) ~[bootstraplauncher-1.1.2.jar:?]
[11Oct2025 15:39:16.451] [Render thread/WARN] [net.minecraft.client.renderer.texture.TextureManager/]: Failed to load texture: minecraft:textures/models/armor/electromancer_layer_1.png
java.io.FileNotFoundException: minecraft:textures/models/armor/electromancer_layer_1.png
	at net.minecraft.server.packs.resources.ResourceProvider.lambda$getResourceOrThrow$0(ResourceProvider.java:21) ~[forge-1.20.1-47.4.0_mapped_official_1.20.1.jar:?]
	at java.util.Optional.orElseThrow(Optional.java:403) ~[?:?]
	at net.minecraft.server.packs.resources.ResourceProvider.getResourceOrThrow(ResourceProvider.java:21) ~[forge-1.20.1-47.4.0_mapped_official_1.20.1.jar:?]
	at net.minecraft.client.renderer.texture.SimpleTexture$TextureImage.load(SimpleTexture.java:83) ~[forge-1.20.1-47.4.0_mapped_official_1.20.1.jar:?]
	at net.minecraft.client.renderer.texture.SimpleTexture.getTextureImage(SimpleTexture.java:58) ~[forge-1.20.1-47.4.0_mapped_official_1.20.1.jar:?]
	at net.minecraft.client.renderer.texture.SimpleTexture.load(SimpleTexture.java:29) ~[forge-1.20.1-47.4.0_mapped_official_1.20.1.jar:?]
	at net.minecraft.client.renderer.texture.TextureManager.loadTexture(TextureManager.java:96) ~[forge-1.20.1-47.4.0_mapped_official_1.20.1.jar:?]
	at net.minecraft.client.renderer.texture.TextureManager.register(TextureManager.java:66) ~[forge-1.20.1-47.4.0_mapped_official_1.20.1.jar:?]
	at net.minecraft.client.renderer.texture.TextureManager.getTexture(TextureManager.java:119) ~[forge-1.20.1-47.4.0_mapped_official_1.20.1.jar:?]
	at net.minecraft.client.renderer.RenderStateShard$TextureStateShard.lambda$new$0(RenderStateShard.java:243) ~[forge-1.20.1-47.4.0_mapped_official_1.20.1.jar:?]
	at net.minecraft.client.renderer.RenderStateShard.setupRenderState(RenderStateShard.java:37) ~[forge-1.20.1-47.4.0_mapped_official_1.20.1.jar:?]
	at com.google.common.collect.ImmutableList.forEach(ImmutableList.java:422) ~[guava-31.1-jre.jar:?]
	at net.minecraft.client.renderer.RenderType$CompositeRenderType.lambda$new$1(RenderType.java:490) ~[forge-1.20.1-47.4.0_mapped_official_1.20.1.jar:?]
	at net.minecraft.client.renderer.RenderStateShard.setupRenderState(RenderStateShard.java:37) ~[forge-1.20.1-47.4.0_mapped_official_1.20.1.jar:?]
	at net.minecraft.client.renderer.RenderType.end(RenderType.java:433) ~[forge-1.20.1-47.4.0_mapped_official_1.20.1.jar:?]
	at net.minecraft.client.renderer.MultiBufferSource$BufferSource.endBatch(MultiBufferSource.java:97) ~[forge-1.20.1-47.4.0_mapped_official_1.20.1.jar:?]
	at net.minecraft.client.renderer.MultiBufferSource$BufferSource.getBuffer(MultiBufferSource.java:46) ~[forge-1.20.1-47.4.0_mapped_official_1.20.1.jar:?]
	at net.minecraft.client.renderer.entity.ItemRenderer.getArmorFoilBuffer(ItemRenderer.java:163) ~[forge-1.20.1-47.4.0_mapped_official_1.20.1.jar:?]
	at software.bernie.geckolib.renderer.GeoArmorRenderer.renderToBuffer(GeoArmorRenderer.java:275) ~[geckolib-forge-1.20.1-4.4.9_mapped_official_1.20.1.jar:4.4.9]
	at net.minecraft.client.renderer.entity.layers.HumanoidArmorLayer.renderModel(HumanoidArmorLayer.java:110) ~[forge-1.20.1-47.4.0_mapped_official_1.20.1.jar:?]
	at net.minecraft.client.renderer.entity.layers.HumanoidArmorLayer.renderArmorPiece(HumanoidArmorLayer.java:67) ~[forge-1.20.1-47.4.0_mapped_official_1.20.1.jar:?]
	at net.minecraft.client.renderer.entity.layers.HumanoidArmorLayer.render(HumanoidArmorLayer.java:44) ~[forge-1.20.1-47.4.0_mapped_official_1.20.1.jar:?]
	at net.minecraft.client.renderer.entity.layers.HumanoidArmorLayer.render(HumanoidArmorLayer.java:29) ~[forge-1.20.1-47.4.0_mapped_official_1.20.1.jar:?]
	at net.minecraft.client.renderer.entity.LivingEntityRenderer.render(LivingEntityRenderer.java:131) ~[forge-1.20.1-47.4.0_mapped_official_1.20.1.jar:?]
	at net.minecraft.client.renderer.entity.player.PlayerRenderer.render(PlayerRenderer.java:63) ~[forge-1.20.1-47.4.0_mapped_official_1.20.1.jar:?]
	at net.minecraft.client.renderer.entity.player.PlayerRenderer.render(PlayerRenderer.java:44) ~[forge-1.20.1-47.4.0_mapped_official_1.20.1.jar:?]
	at net.minecraft.client.renderer.entity.EntityRenderDispatcher.render(EntityRenderDispatcher.java:140) ~[forge-1.20.1-47.4.0_mapped_official_1.20.1.jar:?]
	at net.minecraft.client.gui.screens.inventory.InventoryScreen.lambda$renderEntityInInventory$1(InventoryScreen.java:138) ~[forge-1.20.1-47.4.0_mapped_official_1.20.1.jar:?]
	at com.mojang.blaze3d.systems.RenderSystem.runAsFancy(RenderSystem.java:1191) ~[forge-1.20.1-47.4.0_mapped_official_1.20.1.jar:?]
	at net.minecraft.client.gui.screens.inventory.InventoryScreen.renderEntityInInventory(InventoryScreen.java:137) ~[forge-1.20.1-47.4.0_mapped_official_1.20.1.jar:?]
	at net.minecraft.client.gui.screens.inventory.InventoryScreen.renderEntityInInventoryFollowsAngle(InventoryScreen.java:116) ~[forge-1.20.1-47.4.0_mapped_official_1.20.1.jar:?]
	at net.minecraft.client.gui.screens.inventory.InventoryScreen.renderEntityInInventoryFollowsMouse(InventoryScreen.java:97) ~[forge-1.20.1-47.4.0_mapped_official_1.20.1.jar:?]
	at net.minecraft.client.gui.screens.inventory.CreativeModeInventoryScreen.renderBg(CreativeModeInventoryScreen.java:704) ~[forge-1.20.1-47.4.0_mapped_official_1.20.1.jar:?]
	at net.minecraft.client.gui.screens.inventory.AbstractContainerScreen.render(AbstractContainerScreen.java:92) ~[forge-1.20.1-47.4.0_mapped_official_1.20.1.jar:?]
	at net.minecraft.client.gui.screens.inventory.EffectRenderingInventoryScreen.render(EffectRenderingInventoryScreen.java:28) ~[forge-1.20.1-47.4.0_mapped_official_1.20.1.jar:?]
	at net.minecraft.client.gui.screens.inventory.CreativeModeInventoryScreen.render(CreativeModeInventoryScreen.java:629) ~[forge-1.20.1-47.4.0_mapped_official_1.20.1.jar:?]
	at net.minecraft.client.gui.screens.Screen.renderWithTooltip(Screen.java:109) ~[forge-1.20.1-47.4.0_mapped_official_1.20.1.jar:?]
	at net.minecraftforge.client.ForgeHooksClient.drawScreenInternal(ForgeHooksClient.java:428) ~[forge-1.20.1-47.4.0_mapped_official_1.20.1.jar:?]
	at net.minecraftforge.client.ForgeHooksClient.drawScreen(ForgeHooksClient.java:421) ~[forge-1.20.1-47.4.0_mapped_official_1.20.1.jar:?]
	at net.minecraft.client.renderer.GameRenderer.render(GameRenderer.java:965) ~[forge-1.20.1-47.4.0_mapped_official_1.20.1.jar:?]
	at net.minecraft.client.Minecraft.runTick(Minecraft.java:1146) ~[forge-1.20.1-47.4.0_mapped_official_1.20.1.jar:?]
	at net.minecraft.client.Minecraft.run(Minecraft.java:718) ~[forge-1.20.1-47.4.0_mapped_official_1.20.1.jar:?]
	at net.minecraft.client.main.Main.main(Main.java:218) ~[forge-1.20.1-47.4.0_mapped_official_1.20.1.jar:?]
	at jdk.internal.reflect.NativeMethodAccessorImpl.invoke0(Native Method) ~[?:?]
	at jdk.internal.reflect.NativeMethodAccessorImpl.invoke(NativeMethodAccessorImpl.java:77) ~[?:?]
	at jdk.internal.reflect.DelegatingMethodAccessorImpl.invoke(DelegatingMethodAccessorImpl.java:43) ~[?:?]
	at java.lang.reflect.Method.invoke(Method.java:569) ~[?:?]
	at net.minecraftforge.fml.loading.targets.CommonLaunchHandler.runTarget(CommonLaunchHandler.java:111) ~[fmlloader-1.20.1-47.4.0.jar:?]
	at net.minecraftforge.fml.loading.targets.CommonLaunchHandler.clientService(CommonLaunchHandler.java:99) ~[fmlloader-1.20.1-47.4.0.jar:?]
	at net.minecraftforge.fml.loading.targets.ForgeClientUserdevLaunchHandler.devService(ForgeClientUserdevLaunchHandler.java:19) ~[fmlloader-1.20.1-47.4.0.jar:?]
	at net.minecraftforge.fml.loading.targets.CommonDevLaunchHandler.lambda$makeService$7(CommonDevLaunchHandler.java:135) ~[fmlloader-1.20.1-47.4.0.jar:?]
	at cpw.mods.modlauncher.LaunchServiceHandlerDecorator.launch(LaunchServiceHandlerDecorator.java:30) ~[modlauncher-10.0.9.jar:?]
	at cpw.mods.modlauncher.LaunchServiceHandler.launch(LaunchServiceHandler.java:53) ~[modlauncher-10.0.9.jar:?]
	at cpw.mods.modlauncher.LaunchServiceHandler.launch(LaunchServiceHandler.java:71) ~[modlauncher-10.0.9.jar:?]
	at cpw.mods.modlauncher.Launcher.run(Launcher.java:108) ~[modlauncher-10.0.9.jar:?]
	at cpw.mods.modlauncher.Launcher.main(Launcher.java:78) ~[modlauncher-10.0.9.jar:?]
	at cpw.mods.modlauncher.BootstrapLaunchConsumer.accept(BootstrapLaunchConsumer.java:26) ~[modlauncher-10.0.9.jar:?]
	at cpw.mods.modlauncher.BootstrapLaunchConsumer.accept(BootstrapLaunchConsumer.java:23) ~[modlauncher-10.0.9.jar:?]
	at cpw.mods.bootstraplauncher.BootstrapLauncher.main(BootstrapLauncher.java:141) ~[bootstraplauncher-1.1.2.jar:?]
[11Oct2025 15:39:16.476] [Render thread/WARN] [net.minecraft.client.renderer.texture.TextureManager/]: Failed to load texture: minecraft:textures/models/armor/electromancer_layer_2.png
java.io.FileNotFoundException: minecraft:textures/models/armor/electromancer_layer_2.png
	at net.minecraft.server.packs.resources.ResourceProvider.lambda$getResourceOrThrow$0(ResourceProvider.java:21) ~[forge-1.20.1-47.4.0_mapped_official_1.20.1.jar:?]
	at java.util.Optional.orElseThrow(Optional.java:403) ~[?:?]
	at net.minecraft.server.packs.resources.ResourceProvider.getResourceOrThrow(ResourceProvider.java:21) ~[forge-1.20.1-47.4.0_mapped_official_1.20.1.jar:?]
	at software.bernie.geckolib.cache.texture.AnimatableTexture.load(AnimatableTexture.java:40) ~[geckolib-forge-1.20.1-4.4.9_mapped_official_1.20.1.jar:4.4.9]
	at net.minecraft.client.renderer.texture.TextureManager.loadTexture(TextureManager.java:96) ~[forge-1.20.1-47.4.0_mapped_official_1.20.1.jar:?]
	at net.minecraft.client.renderer.texture.TextureManager.register(TextureManager.java:66) ~[forge-1.20.1-47.4.0_mapped_official_1.20.1.jar:?]
	at net.minecraft.client.renderer.texture.TextureManager.handler$zee000$wrapAnimatableTexture(TextureManager.java:529) ~[forge-1.20.1-47.4.0_mapped_official_1.20.1.jar:?]
	at net.minecraft.client.renderer.texture.TextureManager.getTexture(TextureManager.java) ~[forge-1.20.1-47.4.0_mapped_official_1.20.1.jar:?]
	at net.minecraft.client.renderer.RenderStateShard$TextureStateShard.lambda$new$0(RenderStateShard.java:243) ~[forge-1.20.1-47.4.0_mapped_official_1.20.1.jar:?]
	at net.minecraft.client.renderer.RenderStateShard.setupRenderState(RenderStateShard.java:37) ~[forge-1.20.1-47.4.0_mapped_official_1.20.1.jar:?]
	at com.google.common.collect.ImmutableList.forEach(ImmutableList.java:422) ~[guava-31.1-jre.jar:?]
	at net.minecraft.client.renderer.RenderType$CompositeRenderType.lambda$new$1(RenderType.java:490) ~[forge-1.20.1-47.4.0_mapped_official_1.20.1.jar:?]
	at net.minecraft.client.renderer.RenderStateShard.setupRenderState(RenderStateShard.java:37) ~[forge-1.20.1-47.4.0_mapped_official_1.20.1.jar:?]
	at net.minecraft.client.renderer.RenderType.end(RenderType.java:433) ~[forge-1.20.1-47.4.0_mapped_official_1.20.1.jar:?]
	at net.minecraft.client.renderer.MultiBufferSource$BufferSource.endBatch(MultiBufferSource.java:97) ~[forge-1.20.1-47.4.0_mapped_official_1.20.1.jar:?]
	at net.minecraft.client.renderer.MultiBufferSource$BufferSource.getBuffer(MultiBufferSource.java:46) ~[forge-1.20.1-47.4.0_mapped_official_1.20.1.jar:?]
	at net.minecraft.client.renderer.entity.ItemRenderer.getArmorFoilBuffer(ItemRenderer.java:163) ~[forge-1.20.1-47.4.0_mapped_official_1.20.1.jar:?]
	at software.bernie.geckolib.renderer.GeoArmorRenderer.renderToBuffer(GeoArmorRenderer.java:275) ~[geckolib-forge-1.20.1-4.4.9_mapped_official_1.20.1.jar:4.4.9]
	at net.minecraft.client.renderer.entity.layers.HumanoidArmorLayer.renderModel(HumanoidArmorLayer.java:110) ~[forge-1.20.1-47.4.0_mapped_official_1.20.1.jar:?]
	at net.minecraft.client.renderer.entity.layers.HumanoidArmorLayer.renderArmorPiece(HumanoidArmorLayer.java:67) ~[forge-1.20.1-47.4.0_mapped_official_1.20.1.jar:?]
	at net.minecraft.client.renderer.entity.layers.HumanoidArmorLayer.render(HumanoidArmorLayer.java:45) ~[forge-1.20.1-47.4.0_mapped_official_1.20.1.jar:?]
	at net.minecraft.client.renderer.entity.layers.HumanoidArmorLayer.render(HumanoidArmorLayer.java:29) ~[forge-1.20.1-47.4.0_mapped_official_1.20.1.jar:?]
	at net.minecraft.client.renderer.entity.LivingEntityRenderer.render(LivingEntityRenderer.java:131) ~[forge-1.20.1-47.4.0_mapped_official_1.20.1.jar:?]
	at net.minecraft.client.renderer.entity.player.PlayerRenderer.render(PlayerRenderer.java:63) ~[forge-1.20.1-47.4.0_mapped_official_1.20.1.jar:?]
	at net.minecraft.client.renderer.entity.player.PlayerRenderer.render(PlayerRenderer.java:44) ~[forge-1.20.1-47.4.0_mapped_official_1.20.1.jar:?]
	at net.minecraft.client.renderer.entity.EntityRenderDispatcher.render(EntityRenderDispatcher.java:140) ~[forge-1.20.1-47.4.0_mapped_official_1.20.1.jar:?]
	at net.minecraft.client.gui.screens.inventory.InventoryScreen.lambda$renderEntityInInventory$1(InventoryScreen.java:138) ~[forge-1.20.1-47.4.0_mapped_official_1.20.1.jar:?]
	at com.mojang.blaze3d.systems.RenderSystem.runAsFancy(RenderSystem.java:1191) ~[forge-1.20.1-47.4.0_mapped_official_1.20.1.jar:?]
	at net.minecraft.client.gui.screens.inventory.InventoryScreen.renderEntityInInventory(InventoryScreen.java:137) ~[forge-1.20.1-47.4.0_mapped_official_1.20.1.jar:?]
	at net.minecraft.client.gui.screens.inventory.InventoryScreen.renderEntityInInventoryFollowsAngle(InventoryScreen.java:116) ~[forge-1.20.1-47.4.0_mapped_official_1.20.1.jar:?]
	at net.minecraft.client.gui.screens.inventory.InventoryScreen.renderEntityInInventoryFollowsMouse(InventoryScreen.java:97) ~[forge-1.20.1-47.4.0_mapped_official_1.20.1.jar:?]
	at net.minecraft.client.gui.screens.inventory.CreativeModeInventoryScreen.renderBg(CreativeModeInventoryScreen.java:704) ~[forge-1.20.1-47.4.0_mapped_official_1.20.1.jar:?]
	at net.minecraft.client.gui.screens.inventory.AbstractContainerScreen.render(AbstractContainerScreen.java:92) ~[forge-1.20.1-47.4.0_mapped_official_1.20.1.jar:?]
	at net.minecraft.client.gui.screens.inventory.EffectRenderingInventoryScreen.render(EffectRenderingInventoryScreen.java:28) ~[forge-1.20.1-47.4.0_mapped_official_1.20.1.jar:?]
	at net.minecraft.client.gui.screens.inventory.CreativeModeInventoryScreen.render(CreativeModeInventoryScreen.java:629) ~[forge-1.20.1-47.4.0_mapped_official_1.20.1.jar:?]
	at net.minecraft.client.gui.screens.Screen.renderWithTooltip(Screen.java:109) ~[forge-1.20.1-47.4.0_mapped_official_1.20.1.jar:?]
	at net.minecraftforge.client.ForgeHooksClient.drawScreenInternal(ForgeHooksClient.java:428) ~[forge-1.20.1-47.4.0_mapped_official_1.20.1.jar:?]
	at net.minecraftforge.client.ForgeHooksClient.drawScreen(ForgeHooksClient.java:421) ~[forge-1.20.1-47.4.0_mapped_official_1.20.1.jar:?]
	at net.minecraft.client.renderer.GameRenderer.render(GameRenderer.java:965) ~[forge-1.20.1-47.4.0_mapped_official_1.20.1.jar:?]
	at net.minecraft.client.Minecraft.runTick(Minecraft.java:1146) ~[forge-1.20.1-47.4.0_mapped_official_1.20.1.jar:?]
	at net.minecraft.client.Minecraft.run(Minecraft.java:718) ~[forge-1.20.1-47.4.0_mapped_official_1.20.1.jar:?]
	at net.minecraft.client.main.Main.main(Main.java:218) ~[forge-1.20.1-47.4.0_mapped_official_1.20.1.jar:?]
	at jdk.internal.reflect.NativeMethodAccessorImpl.invoke0(Native Method) ~[?:?]
	at jdk.internal.reflect.NativeMethodAccessorImpl.invoke(NativeMethodAccessorImpl.java:77) ~[?:?]
	at jdk.internal.reflect.DelegatingMethodAccessorImpl.invoke(DelegatingMethodAccessorImpl.java:43) ~[?:?]
	at java.lang.reflect.Method.invoke(Method.java:569) ~[?:?]
	at net.minecraftforge.fml.loading.targets.CommonLaunchHandler.runTarget(CommonLaunchHandler.java:111) ~[fmlloader-1.20.1-47.4.0.jar:?]
	at net.minecraftforge.fml.loading.targets.CommonLaunchHandler.clientService(CommonLaunchHandler.java:99) ~[fmlloader-1.20.1-47.4.0.jar:?]
	at net.minecraftforge.fml.loading.targets.ForgeClientUserdevLaunchHandler.devService(ForgeClientUserdevLaunchHandler.java:19) ~[fmlloader-1.20.1-47.4.0.jar:?]
	at net.minecraftforge.fml.loading.targets.CommonDevLaunchHandler.lambda$makeService$7(CommonDevLaunchHandler.java:135) ~[fmlloader-1.20.1-47.4.0.jar:?]
	at cpw.mods.modlauncher.LaunchServiceHandlerDecorator.launch(LaunchServiceHandlerDecorator.java:30) ~[modlauncher-10.0.9.jar:?]
	at cpw.mods.modlauncher.LaunchServiceHandler.launch(LaunchServiceHandler.java:53) ~[modlauncher-10.0.9.jar:?]
	at cpw.mods.modlauncher.LaunchServiceHandler.launch(LaunchServiceHandler.java:71) ~[modlauncher-10.0.9.jar:?]
	at cpw.mods.modlauncher.Launcher.run(Launcher.java:108) ~[modlauncher-10.0.9.jar:?]
	at cpw.mods.modlauncher.Launcher.main(Launcher.java:78) ~[modlauncher-10.0.9.jar:?]
	at cpw.mods.modlauncher.BootstrapLaunchConsumer.accept(BootstrapLaunchConsumer.java:26) ~[modlauncher-10.0.9.jar:?]
	at cpw.mods.modlauncher.BootstrapLaunchConsumer.accept(BootstrapLaunchConsumer.java:23) ~[modlauncher-10.0.9.jar:?]
	at cpw.mods.bootstraplauncher.BootstrapLauncher.main(BootstrapLauncher.java:141) ~[bootstraplauncher-1.1.2.jar:?]
[11Oct2025 15:39:16.478] [Render thread/WARN] [net.minecraft.client.renderer.texture.TextureManager/]: Failed to load texture: minecraft:textures/models/armor/electromancer_layer_2.png
java.io.FileNotFoundException: minecraft:textures/models/armor/electromancer_layer_2.png
	at net.minecraft.server.packs.resources.ResourceProvider.lambda$getResourceOrThrow$0(ResourceProvider.java:21) ~[forge-1.20.1-47.4.0_mapped_official_1.20.1.jar:?]
	at java.util.Optional.orElseThrow(Optional.java:403) ~[?:?]
	at net.minecraft.server.packs.resources.ResourceProvider.getResourceOrThrow(ResourceProvider.java:21) ~[forge-1.20.1-47.4.0_mapped_official_1.20.1.jar:?]
	at net.minecraft.client.renderer.texture.SimpleTexture$TextureImage.load(SimpleTexture.java:83) ~[forge-1.20.1-47.4.0_mapped_official_1.20.1.jar:?]
	at net.minecraft.client.renderer.texture.SimpleTexture.getTextureImage(SimpleTexture.java:58) ~[forge-1.20.1-47.4.0_mapped_official_1.20.1.jar:?]
	at net.minecraft.client.renderer.texture.SimpleTexture.load(SimpleTexture.java:29) ~[forge-1.20.1-47.4.0_mapped_official_1.20.1.jar:?]
	at net.minecraft.client.renderer.texture.TextureManager.loadTexture(TextureManager.java:96) ~[forge-1.20.1-47.4.0_mapped_official_1.20.1.jar:?]
	at net.minecraft.client.renderer.texture.TextureManager.register(TextureManager.java:66) ~[forge-1.20.1-47.4.0_mapped_official_1.20.1.jar:?]
	at net.minecraft.client.renderer.texture.TextureManager.getTexture(TextureManager.java:119) ~[forge-1.20.1-47.4.0_mapped_official_1.20.1.jar:?]
	at net.minecraft.client.renderer.RenderStateShard$TextureStateShard.lambda$new$0(RenderStateShard.java:243) ~[forge-1.20.1-47.4.0_mapped_official_1.20.1.jar:?]
	at net.minecraft.client.renderer.RenderStateShard.setupRenderState(RenderStateShard.java:37) ~[forge-1.20.1-47.4.0_mapped_official_1.20.1.jar:?]
	at com.google.common.collect.ImmutableList.forEach(ImmutableList.java:422) ~[guava-31.1-jre.jar:?]
	at net.minecraft.client.renderer.RenderType$CompositeRenderType.lambda$new$1(RenderType.java:490) ~[forge-1.20.1-47.4.0_mapped_official_1.20.1.jar:?]
	at net.minecraft.client.renderer.RenderStateShard.setupRenderState(RenderStateShard.java:37) ~[forge-1.20.1-47.4.0_mapped_official_1.20.1.jar:?]
	at net.minecraft.client.renderer.RenderType.end(RenderType.java:433) ~[forge-1.20.1-47.4.0_mapped_official_1.20.1.jar:?]
	at net.minecraft.client.renderer.MultiBufferSource$BufferSource.endBatch(MultiBufferSource.java:97) ~[forge-1.20.1-47.4.0_mapped_official_1.20.1.jar:?]
	at net.minecraft.client.renderer.MultiBufferSource$BufferSource.getBuffer(MultiBufferSource.java:46) ~[forge-1.20.1-47.4.0_mapped_official_1.20.1.jar:?]
	at net.minecraft.client.renderer.entity.ItemRenderer.getArmorFoilBuffer(ItemRenderer.java:163) ~[forge-1.20.1-47.4.0_mapped_official_1.20.1.jar:?]
	at software.bernie.geckolib.renderer.GeoArmorRenderer.renderToBuffer(GeoArmorRenderer.java:275) ~[geckolib-forge-1.20.1-4.4.9_mapped_official_1.20.1.jar:4.4.9]
	at net.minecraft.client.renderer.entity.layers.HumanoidArmorLayer.renderModel(HumanoidArmorLayer.java:110) ~[forge-1.20.1-47.4.0_mapped_official_1.20.1.jar:?]
	at net.minecraft.client.renderer.entity.layers.HumanoidArmorLayer.renderArmorPiece(HumanoidArmorLayer.java:67) ~[forge-1.20.1-47.4.0_mapped_official_1.20.1.jar:?]
	at net.minecraft.client.renderer.entity.layers.HumanoidArmorLayer.render(HumanoidArmorLayer.java:45) ~[forge-1.20.1-47.4.0_mapped_official_1.20.1.jar:?]
	at net.minecraft.client.renderer.entity.layers.HumanoidArmorLayer.render(HumanoidArmorLayer.java:29) ~[forge-1.20.1-47.4.0_mapped_official_1.20.1.jar:?]
	at net.minecraft.client.renderer.entity.LivingEntityRenderer.render(LivingEntityRenderer.java:131) ~[forge-1.20.1-47.4.0_mapped_official_1.20.1.jar:?]
	at net.minecraft.client.renderer.entity.player.PlayerRenderer.render(PlayerRenderer.java:63) ~[forge-1.20.1-47.4.0_mapped_official_1.20.1.jar:?]
	at net.minecraft.client.renderer.entity.player.PlayerRenderer.render(PlayerRenderer.java:44) ~[forge-1.20.1-47.4.0_mapped_official_1.20.1.jar:?]
	at net.minecraft.client.renderer.entity.EntityRenderDispatcher.render(EntityRenderDispatcher.java:140) ~[forge-1.20.1-47.4.0_mapped_official_1.20.1.jar:?]
	at net.minecraft.client.gui.screens.inventory.InventoryScreen.lambda$renderEntityInInventory$1(InventoryScreen.java:138) ~[forge-1.20.1-47.4.0_mapped_official_1.20.1.jar:?]
	at com.mojang.blaze3d.systems.RenderSystem.runAsFancy(RenderSystem.java:1191) ~[forge-1.20.1-47.4.0_mapped_official_1.20.1.jar:?]
	at net.minecraft.client.gui.screens.inventory.InventoryScreen.renderEntityInInventory(InventoryScreen.java:137) ~[forge-1.20.1-47.4.0_mapped_official_1.20.1.jar:?]
	at net.minecraft.client.gui.screens.inventory.InventoryScreen.renderEntityInInventoryFollowsAngle(InventoryScreen.java:116) ~[forge-1.20.1-47.4.0_mapped_official_1.20.1.jar:?]
	at net.minecraft.client.gui.screens.inventory.InventoryScreen.renderEntityInInventoryFollowsMouse(InventoryScreen.java:97) ~[forge-1.20.1-47.4.0_mapped_official_1.20.1.jar:?]
	at net.minecraft.client.gui.screens.inventory.CreativeModeInventoryScreen.renderBg(CreativeModeInventoryScreen.java:704) ~[forge-1.20.1-47.4.0_mapped_official_1.20.1.jar:?]
	at net.minecraft.client.gui.screens.inventory.AbstractContainerScreen.render(AbstractContainerScreen.java:92) ~[forge-1.20.1-47.4.0_mapped_official_1.20.1.jar:?]
	at net.minecraft.client.gui.screens.inventory.EffectRenderingInventoryScreen.render(EffectRenderingInventoryScreen.java:28) ~[forge-1.20.1-47.4.0_mapped_official_1.20.1.jar:?]
	at net.minecraft.client.gui.screens.inventory.CreativeModeInventoryScreen.render(CreativeModeInventoryScreen.java:629) ~[forge-1.20.1-47.4.0_mapped_official_1.20.1.jar:?]
	at net.minecraft.client.gui.screens.Screen.renderWithTooltip(Screen.java:109) ~[forge-1.20.1-47.4.0_mapped_official_1.20.1.jar:?]
	at net.minecraftforge.client.ForgeHooksClient.drawScreenInternal(ForgeHooksClient.java:428) ~[forge-1.20.1-47.4.0_mapped_official_1.20.1.jar:?]
	at net.minecraftforge.client.ForgeHooksClient.drawScreen(ForgeHooksClient.java:421) ~[forge-1.20.1-47.4.0_mapped_official_1.20.1.jar:?]
	at net.minecraft.client.renderer.GameRenderer.render(GameRenderer.java:965) ~[forge-1.20.1-47.4.0_mapped_official_1.20.1.jar:?]
	at net.minecraft.client.Minecraft.runTick(Minecraft.java:1146) ~[forge-1.20.1-47.4.0_mapped_official_1.20.1.jar:?]
	at net.minecraft.client.Minecraft.run(Minecraft.java:718) ~[forge-1.20.1-47.4.0_mapped_official_1.20.1.jar:?]
	at net.minecraft.client.main.Main.main(Main.java:218) ~[forge-1.20.1-47.4.0_mapped_official_1.20.1.jar:?]
	at jdk.internal.reflect.NativeMethodAccessorImpl.invoke0(Native Method) ~[?:?]
	at jdk.internal.reflect.NativeMethodAccessorImpl.invoke(NativeMethodAccessorImpl.java:77) ~[?:?]
	at jdk.internal.reflect.DelegatingMethodAccessorImpl.invoke(DelegatingMethodAccessorImpl.java:43) ~[?:?]
	at java.lang.reflect.Method.invoke(Method.java:569) ~[?:?]
	at net.minecraftforge.fml.loading.targets.CommonLaunchHandler.runTarget(CommonLaunchHandler.java:111) ~[fmlloader-1.20.1-47.4.0.jar:?]
	at net.minecraftforge.fml.loading.targets.CommonLaunchHandler.clientService(CommonLaunchHandler.java:99) ~[fmlloader-1.20.1-47.4.0.jar:?]
	at net.minecraftforge.fml.loading.targets.ForgeClientUserdevLaunchHandler.devService(ForgeClientUserdevLaunchHandler.java:19) ~[fmlloader-1.20.1-47.4.0.jar:?]
	at net.minecraftforge.fml.loading.targets.CommonDevLaunchHandler.lambda$makeService$7(CommonDevLaunchHandler.java:135) ~[fmlloader-1.20.1-47.4.0.jar:?]
	at cpw.mods.modlauncher.LaunchServiceHandlerDecorator.launch(LaunchServiceHandlerDecorator.java:30) ~[modlauncher-10.0.9.jar:?]
	at cpw.mods.modlauncher.LaunchServiceHandler.launch(LaunchServiceHandler.java:53) ~[modlauncher-10.0.9.jar:?]
	at cpw.mods.modlauncher.LaunchServiceHandler.launch(LaunchServiceHandler.java:71) ~[modlauncher-10.0.9.jar:?]
	at cpw.mods.modlauncher.Launcher.run(Launcher.java:108) ~[modlauncher-10.0.9.jar:?]
	at cpw.mods.modlauncher.Launcher.main(Launcher.java:78) ~[modlauncher-10.0.9.jar:?]
	at cpw.mods.modlauncher.BootstrapLaunchConsumer.accept(BootstrapLaunchConsumer.java:26) ~[modlauncher-10.0.9.jar:?]
	at cpw.mods.modlauncher.BootstrapLaunchConsumer.accept(BootstrapLaunchConsumer.java:23) ~[modlauncher-10.0.9.jar:?]
	at cpw.mods.bootstraplauncher.BootstrapLauncher.main(BootstrapLauncher.java:141) ~[bootstraplauncher-1.1.2.jar:?]
[11Oct2025 15:39:19.561] [Render thread/DEBUG] [mixin/]: Mixing client.MixinGunAnimationStateContext from gunsmithlib.mixins.json into com.tacz.guns.client.animation.statemachine.GunAnimationStateContext
[11Oct2025 15:39:19.562] [Render thread/DEBUG] [mixin/]: gunsmithlib.mixins.json:client.MixinGunAnimationStateContext: Class version 61 required is higher than the class version supported by the current version of Mixin (JAVA_8 supports class version 52)
[11Oct2025 15:39:19.562] [Render thread/DEBUG] [mixin/]: Mixing client.animation.MixinGunAnimationStateContext from gunsmithlib.mixins.json into com.tacz.guns.client.animation.statemachine.GunAnimationStateContext
[11Oct2025 15:39:19.562] [Render thread/DEBUG] [mixin/]: gunsmithlib.mixins.json:client.animation.MixinGunAnimationStateContext: Class version 61 required is higher than the class version supported by the current version of Mixin (JAVA_8 supports class version 52)
[11Oct2025 15:39:20.414] [Render thread/INFO] [net.playwright.magitacz.MagitaczMod/]: tacz:empty
[11Oct2025 15:39:20.416] [Render thread/DEBUG] [mixin/]: Mixing MixinAttachmentDataUtils from gunsmithlib.mixins.json into com.tacz.guns.util.AttachmentDataUtils
[11Oct2025 15:39:20.416] [Render thread/DEBUG] [mixin/]: gunsmithlib.mixins.json:MixinAttachmentDataUtils: Class version 61 required is higher than the class version supported by the current version of Mixin (JAVA_8 supports class version 52)
[11Oct2025 15:39:20.438] [Render thread/INFO] [net.playwright.magitacz.MagitaczMod/]: tacz:empty
[11Oct2025 15:39:20.450] [Render thread/INFO] [net.playwright.magitacz.MagitaczMod/]: tacz:empty
[11Oct2025 15:39:20.461] [Render thread/INFO] [net.playwright.magitacz.MagitaczMod/]: tacz:empty
[11Oct2025 15:39:20.472] [Render thread/INFO] [net.playwright.magitacz.MagitaczMod/]: tacz:empty
[11Oct2025 15:39:20.485] [Render thread/INFO] [net.playwright.magitacz.MagitaczMod/]: tacz:empty
[11Oct2025 15:39:20.496] [Render thread/INFO] [net.playwright.magitacz.MagitaczMod/]: tacz:empty
[11Oct2025 15:39:20.507] [Render thread/INFO] [net.playwright.magitacz.MagitaczMod/]: tacz:empty
[11Oct2025 15:39:20.518] [Render thread/INFO] [net.playwright.magitacz.MagitaczMod/]: tacz:empty
[11Oct2025 15:39:20.529] [Render thread/INFO] [net.playwright.magitacz.MagitaczMod/]: tacz:empty
[11Oct2025 15:39:20.541] [Render thread/INFO] [net.playwright.magitacz.MagitaczMod/]: tacz:empty
[11Oct2025 15:39:21.251] [Render thread/INFO] [net.playwright.magitacz.MagitaczMod/]: tacz:empty
[11Oct2025 15:39:21.262] [Render thread/INFO] [net.playwright.magitacz.MagitaczMod/]: tacz:empty
[11Oct2025 15:39:21.273] [Render thread/INFO] [net.playwright.magitacz.MagitaczMod/]: tacz:empty
[11Oct2025 15:39:21.285] [Render thread/INFO] [net.playwright.magitacz.MagitaczMod/]: tacz:empty
[11Oct2025 15:39:21.294] [Render thread/INFO] [net.playwright.magitacz.MagitaczMod/]: tacz:empty
[11Oct2025 15:39:21.304] [Render thread/INFO] [net.playwright.magitacz.MagitaczMod/]: tacz:empty
[11Oct2025 15:39:21.315] [Render thread/INFO] [net.playwright.magitacz.MagitaczMod/]: tacz:empty
[11Oct2025 15:39:21.324] [Render thread/INFO] [net.playwright.magitacz.MagitaczMod/]: tacz:empty
[11Oct2025 15:39:21.338] [Render thread/INFO] [net.playwright.magitacz.MagitaczMod/]: tacz:empty
[11Oct2025 15:39:21.348] [Render thread/INFO] [net.playwright.magitacz.MagitaczMod/]: tacz:empty
[11Oct2025 15:39:21.359] [Render thread/INFO] [net.playwright.magitacz.MagitaczMod/]: tacz:empty
[11Oct2025 15:39:21.369] [Render thread/INFO] [net.playwright.magitacz.MagitaczMod/]: tacz:empty
[11Oct2025 15:39:21.380] [Render thread/INFO] [net.playwright.magitacz.MagitaczMod/]: tacz:empty
[11Oct2025 15:39:21.392] [Render thread/INFO] [net.playwright.magitacz.MagitaczMod/]: tacz:empty
[11Oct2025 15:39:21.400] [Render thread/INFO] [net.playwright.magitacz.MagitaczMod/]: tacz:empty
[11Oct2025 15:39:21.412] [Render thread/INFO] [net.playwright.magitacz.MagitaczMod/]: tacz:empty
[11Oct2025 15:39:21.422] [Render thread/INFO] [net.playwright.magitacz.MagitaczMod/]: tacz:empty
[11Oct2025 15:39:21.434] [Render thread/INFO] [net.playwright.magitacz.MagitaczMod/]: tacz:empty
[11Oct2025 15:39:21.445] [Render thread/INFO] [net.playwright.magitacz.MagitaczMod/]: tacz:empty
[11Oct2025 15:39:21.454] [Render thread/INFO] [net.playwright.magitacz.MagitaczMod/]: tacz:empty
[11Oct2025 15:39:21.465] [Render thread/INFO] [net.playwright.magitacz.MagitaczMod/]: tacz:empty
[11Oct2025 15:39:21.950] [Render thread/DEBUG] [mixin/]: Mixing client.animation.MixinObjectAnimationRunner from gunsmithlib.mixins.json into com.tacz.guns.api.client.animation.ObjectAnimationRunner
[11Oct2025 15:39:21.950] [Render thread/DEBUG] [mixin/]: gunsmithlib.mixins.json:client.animation.MixinObjectAnimationRunner: Class version 61 required is higher than the class version supported by the current version of Mixin (JAVA_8 supports class version 52)
[11Oct2025 15:39:21.963] [Render thread/DEBUG] [mixin/]: Mixing tacz.client.BlueMuzzleFlashMixin$ModifyTexture from apotheosis_modern_ragnarok.mixins.json into com.tacz.guns.client.model.functional.MuzzleFlashRender
[11Oct2025 15:39:21.963] [Render thread/DEBUG] [mixin/]: apotheosis_modern_ragnarok.mixins.json:tacz.client.BlueMuzzleFlashMixin$ModifyTexture: Class version 61 required is higher than the class version supported by the current version of Mixin (JAVA_8 supports class version 52)
[11Oct2025 15:39:28.739] [Server thread/INFO] [net.playwright.magitacz.MagitaczMod/]: [Damage] Glow Squid took 2.0 damage | type=minecraft:drown | direct=null | attacker=null
[11Oct2025 15:39:28.747] [Server thread/INFO] [net.playwright.magitacz.MagitaczMod/]: tacz:empty
[11Oct2025 15:39:28.747] [Server thread/INFO] [net.playwright.magitacz.MagitaczMod/]: tacz:empty
[11Oct2025 15:39:28.792] [Render thread/DEBUG] [mixin/]: Mixing tacz.client.MagicShotParticleMixin from apotheosis_modern_ragnarok.mixins.json into com.tacz.guns.client.particle.AmmoParticleSpawner
[11Oct2025 15:39:28.792] [Render thread/DEBUG] [mixin/]: apotheosis_modern_ragnarok.mixins.json:tacz.client.MagicShotParticleMixin: Class version 61 required is higher than the class version supported by the current version of Mixin (JAVA_8 supports class version 52)
[11Oct2025 15:39:28.841] [Server thread/INFO] [net.playwright.magitacz.MagitaczMod/]: tacz:empty
[11Oct2025 15:39:28.841] [Server thread/INFO] [net.playwright.magitacz.MagitaczMod/]: tacz:empty
[11Oct2025 15:39:28.940] [Server thread/INFO] [net.playwright.magitacz.MagitaczMod/]: tacz:empty
[11Oct2025 15:39:28.942] [Server thread/INFO] [net.playwright.magitacz.MagitaczMod/]: tacz:empty
[11Oct2025 15:39:28.995] [Server thread/INFO] [net.playwright.magitacz.MagitaczMod/]: No Spell attached!
[11Oct2025 15:39:28.995] [Server thread/INFO] [net.playwright.magitacz.MagitaczMod/]: tacz:empty
[11Oct2025 15:39:28.995] [Server thread/INFO] [net.playwright.magitacz.MagitaczMod/]: tacz:empty
[11Oct2025 15:39:28.998] [Server thread/INFO] [net.playwright.magitacz.MagitaczMod/]: [Damage] Pig took 9.0 damage | type=tacz:bullet | direct=bullet | attacker=player
[11Oct2025 15:39:28.999] [Server thread/DEBUG] [mixin/]: Mixing CombatRulesMixin from attributeslib.mixins.json into net.minecraft.world.damagesource.CombatRules
[11Oct2025 15:39:29.004] [Server thread/INFO] [net.playwright.magitacz.MagitaczMod/]: tacz:empty
[11Oct2025 15:39:29.004] [Server thread/INFO] [net.playwright.magitacz.MagitaczMod/]: tacz:empty
[11Oct2025 15:39:29.005] [Server thread/DEBUG] [AMR Damage Debug/]: Gunshot hurt Pig['Pig'/1, l='ServerLevel[New World]', x=-75.77, y=97.00, z=-460.04], causes 9.0 damage
[11Oct2025 15:39:29.043] [Server thread/INFO] [net.playwright.magitacz.MagitaczMod/]: tacz:empty
[11Oct2025 15:39:29.043] [Server thread/INFO] [net.playwright.magitacz.MagitaczMod/]: tacz:empty
[11Oct2025 15:39:29.093] [Server thread/INFO] [net.playwright.magitacz.MagitaczMod/]: No Spell attached!
[11Oct2025 15:39:29.093] [Server thread/INFO] [net.playwright.magitacz.MagitaczMod/]: tacz:empty
[11Oct2025 15:39:29.093] [Server thread/INFO] [net.playwright.magitacz.MagitaczMod/]: tacz:empty
[11Oct2025 15:39:29.093] [Server thread/INFO] [net.playwright.magitacz.MagitaczMod/]: [Damage] Pig took 9.0 damage | type=tacz:bullet | direct=bullet | attacker=player
[11Oct2025 15:39:29.102] [Server thread/DEBUG] [AMR Damage Debug/]: Gunshot killed Pig['Pig'/1, l='ServerLevel[New World]', x=-75.82, y=97.00, z=-459.96], causes 1.0 damage
[11Oct2025 15:39:29.103] [Server thread/INFO] [net.playwright.magitacz.MagitaczMod/]: tacz:empty
[11Oct2025 15:39:29.104] [Server thread/INFO] [net.playwright.magitacz.MagitaczMod/]: tacz:empty
[11Oct2025 15:39:29.148] [Server thread/INFO] [net.playwright.magitacz.MagitaczMod/]: tacz:empty
[11Oct2025 15:39:29.148] [Server thread/INFO] [net.playwright.magitacz.MagitaczMod/]: tacz:empty
[11Oct2025 15:39:29.243] [Server thread/INFO] [net.playwright.magitacz.MagitaczMod/]: tacz:empty
[11Oct2025 15:39:29.243] [Server thread/INFO] [net.playwright.magitacz.MagitaczMod/]: tacz:empty
[11Oct2025 15:39:29.345] [Server thread/INFO] [net.playwright.magitacz.MagitaczMod/]: tacz:empty
[11Oct2025 15:39:29.345] [Server thread/INFO] [net.playwright.magitacz.MagitaczMod/]: tacz:empty
[11Oct2025 15:39:29.739] [Server thread/INFO] [net.playwright.magitacz.MagitaczMod/]: [Damage] Glow Squid took 2.0 damage | type=minecraft:drown | direct=null | attacker=null
[11Oct2025 15:39:30.739] [Server thread/INFO] [net.playwright.magitacz.MagitaczMod/]: [Damage] Glow Squid took 2.0 damage | type=minecraft:drown | direct=null | attacker=null
[11Oct2025 15:39:31.739] [Server thread/INFO] [net.playwright.magitacz.MagitaczMod/]: [Damage] Glow Squid took 2.0 damage | type=minecraft:drown | direct=null | attacker=null
[11Oct2025 15:39:32.741] [Server thread/INFO] [net.playwright.magitacz.MagitaczMod/]: [Damage] Glow Squid took 2.0 damage | type=minecraft:drown | direct=null | attacker=null
[11Oct2025 15:39:42.473] [Server thread/INFO] [net.playwright.magitacz.MagitaczMod/]: tacz:stock_carbon_bone_c5
[11Oct2025 15:39:42.474] [Server thread/INFO] [net.playwright.magitacz.MagitaczMod/]: tacz:stock_carbon_bone_c5
[11Oct2025 15:39:42.575] [Server thread/INFO] [net.playwright.magitacz.MagitaczMod/]: tacz:stock_carbon_bone_c5
[11Oct2025 15:39:42.575] [Server thread/INFO] [net.playwright.magitacz.MagitaczMod/]: tacz:stock_carbon_bone_c5
[11Oct2025 15:39:42.676] [Server thread/INFO] [net.playwright.magitacz.MagitaczMod/]: tacz:stock_carbon_bone_c5
[11Oct2025 15:39:42.676] [Server thread/INFO] [net.playwright.magitacz.MagitaczMod/]: tacz:stock_carbon_bone_c5
[11Oct2025 15:39:44.839] [Server thread/DEBUG] [mixin/]: Mixing apoth.MixinLootController from apotheosis_modern_ragnarok.mixins.json into dev.shadowsoffire.apotheosis.adventure.loot.LootController
[11Oct2025 15:39:44.839] [Server thread/DEBUG] [mixin/]: apotheosis_modern_ragnarok.mixins.json:apoth.MixinLootController: Class version 61 required is higher than the class version supported by the current version of Mixin (JAVA_8 supports class version 52)
[11Oct2025 15:39:44.839] [Server thread/DEBUG] [mixin/]: Renaming synthetic method lambda$blacklist$0(Ldev/shadowsoffire/apotheosis/adventure/affix/Affix;Lmod/chloeprime/apotheosismodernragnarok/common/gunpack/GunApothData;)Z to md1e559f$lambda$blacklist$0$0 in apotheosis_modern_ragnarok.mixins.json:apoth.MixinLootController
[11Oct2025 15:39:48.340] [Server thread/INFO] [net.playwright.magitacz.MagitaczMod/]: [Damage] Glow Squid took 2.0 damage | type=minecraft:drown | direct=null | attacker=null
[11Oct2025 15:39:49.340] [Server thread/INFO] [net.playwright.magitacz.MagitaczMod/]: [Damage] Glow Squid took 2.0 damage | type=minecraft:drown | direct=null | attacker=null
[11Oct2025 15:39:50.339] [Server thread/INFO] [net.playwright.magitacz.MagitaczMod/]: [Damage] Glow Squid took 2.0 damage | type=minecraft:drown | direct=null | attacker=null
[11Oct2025 15:39:51.338] [Server thread/INFO] [net.playwright.magitacz.MagitaczMod/]: [Damage] Glow Squid took 2.0 damage | type=minecraft:drown | direct=null | attacker=null
[11Oct2025 15:39:52.339] [Server thread/INFO] [net.playwright.magitacz.MagitaczMod/]: [Damage] Glow Squid took 2.0 damage | type=minecraft:drown | direct=null | attacker=null
[11Oct2025 15:40:09.238] [Server thread/INFO] [net.playwright.magitacz.MagitaczMod/]: [Damage] Glow Squid took 2.0 damage | type=minecraft:drown | direct=null | attacker=null
[11Oct2025 15:40:10.240] [Server thread/INFO] [net.playwright.magitacz.MagitaczMod/]: [Damage] Glow Squid took 2.0 damage | type=minecraft:drown | direct=null | attacker=null
[11Oct2025 15:40:11.239] [Server thread/INFO] [net.playwright.magitacz.MagitaczMod/]: [Damage] Glow Squid took 2.0 damage | type=minecraft:drown | direct=null | attacker=null
[11Oct2025 15:40:12.239] [Server thread/INFO] [net.playwright.magitacz.MagitaczMod/]: [Damage] Glow Squid took 2.0 damage | type=minecraft:drown | direct=null | attacker=null
[11Oct2025 15:40:12.339] [Server thread/INFO] [net.playwright.magitacz.MagitaczMod/]: [Damage] Glow Squid took 2.0 damage | type=minecraft:drown | direct=null | attacker=null
[11Oct2025 15:40:13.238] [Server thread/INFO] [net.playwright.magitacz.MagitaczMod/]: [Damage] Glow Squid took 2.0 damage | type=minecraft:drown | direct=null | attacker=null
[11Oct2025 15:40:13.339] [Server thread/INFO] [net.playwright.magitacz.MagitaczMod/]: [Damage] Glow Squid took 2.0 damage | type=minecraft:drown | direct=null | attacker=null
[11Oct2025 15:40:14.340] [Server thread/INFO] [net.playwright.magitacz.MagitaczMod/]: [Damage] Glow Squid took 2.0 damage | type=minecraft:drown | direct=null | attacker=null
[11Oct2025 15:40:14.390] [Server thread/INFO] [net.playwright.magitacz.MagitaczMod/]: [Damage] Glow Squid took 2.0 damage | type=minecraft:drown | direct=null | attacker=null
[11Oct2025 15:40:14.690] [Server thread/INFO] [net.playwright.magitacz.MagitaczMod/]: [Damage] Glow Squid took 2.0 damage | type=minecraft:drown | direct=null | attacker=null
[11Oct2025 15:40:15.341] [Server thread/INFO] [net.playwright.magitacz.MagitaczMod/]: [Damage] Glow Squid took 2.0 damage | type=minecraft:drown | direct=null | attacker=null
[11Oct2025 15:40:15.393] [Server thread/INFO] [net.playwright.magitacz.MagitaczMod/]: [Damage] Glow Squid took 2.0 damage | type=minecraft:drown | direct=null | attacker=null
[11Oct2025 15:40:15.690] [Server thread/INFO] [net.playwright.magitacz.MagitaczMod/]: [Damage] Glow Squid took 2.0 damage | type=minecraft:drown | direct=null | attacker=null
[11Oct2025 15:40:16.340] [Server thread/INFO] [net.playwright.magitacz.MagitaczMod/]: [Damage] Glow Squid took 2.0 damage | type=minecraft:drown | direct=null | attacker=null
[11Oct2025 15:40:16.390] [Server thread/INFO] [net.playwright.magitacz.MagitaczMod/]: [Damage] Glow Squid took 2.0 damage | type=minecraft:drown | direct=null | attacker=null
[11Oct2025 15:40:16.689] [Server thread/INFO] [net.playwright.magitacz.MagitaczMod/]: [Damage] Glow Squid took 2.0 damage | type=minecraft:drown | direct=null | attacker=null
[11Oct2025 15:40:17.389] [Server thread/INFO] [net.playwright.magitacz.MagitaczMod/]: [Damage] Glow Squid took 2.0 damage | type=minecraft:drown | direct=null | attacker=null
[11Oct2025 15:40:17.689] [Server thread/INFO] [net.playwright.magitacz.MagitaczMod/]: [Damage] Glow Squid took 2.0 damage | type=minecraft:drown | direct=null | attacker=null
[11Oct2025 15:40:18.389] [Server thread/INFO] [net.playwright.magitacz.MagitaczMod/]: [Damage] Glow Squid took 2.0 damage | type=minecraft:drown | direct=null | attacker=null
[11Oct2025 15:40:18.691] [Server thread/INFO] [net.playwright.magitacz.MagitaczMod/]: [Damage] Glow Squid took 2.0 damage | type=minecraft:drown | direct=null | attacker=null
[11Oct2025 15:40:39.940] [Server thread/INFO] [net.playwright.magitacz.MagitaczMod/]: [Damage] Glow Squid took 2.0 damage | type=minecraft:drown | direct=null | attacker=null
[11Oct2025 15:40:40.941] [Server thread/INFO] [net.playwright.magitacz.MagitaczMod/]: [Damage] Glow Squid took 2.0 damage | type=minecraft:drown | direct=null | attacker=null
[11Oct2025 15:40:41.939] [Server thread/INFO] [net.playwright.magitacz.MagitaczMod/]: [Damage] Glow Squid took 2.0 damage | type=minecraft:drown | direct=null | attacker=null
[11Oct2025 15:40:42.940] [Server thread/INFO] [net.playwright.magitacz.MagitaczMod/]: [Damage] Glow Squid took 2.0 damage | type=minecraft:drown | direct=null | attacker=null
[11Oct2025 15:40:43.688] [Render thread/INFO] [net.playwright.magitacz.MagitaczMod/]: tacz:stock_carbon_bone_c5
[11Oct2025 15:40:43.938] [Server thread/INFO] [net.playwright.magitacz.MagitaczMod/]: [Damage] Glow Squid took 2.0 damage | type=minecraft:drown | direct=null | attacker=null
[11Oct2025 15:40:44.139] [Render thread/INFO] [net.playwright.magitacz.MagitaczMod/]: tacz:stock_carbon_bone_c5
[11Oct2025 15:40:44.151] [Render thread/INFO] [net.playwright.magitacz.MagitaczMod/]: tacz:stock_carbon_bone_c5
[11Oct2025 15:40:44.163] [Render thread/INFO] [net.playwright.magitacz.MagitaczMod/]: tacz:stock_carbon_bone_c5
[11Oct2025 15:40:44.174] [Render thread/INFO] [net.playwright.magitacz.MagitaczMod/]: tacz:stock_carbon_bone_c5
[11Oct2025 15:40:44.189] [Render thread/INFO] [net.playwright.magitacz.MagitaczMod/]: tacz:stock_carbon_bone_c5
[11Oct2025 15:40:44.201] [Render thread/INFO] [net.playwright.magitacz.MagitaczMod/]: tacz:stock_carbon_bone_c5
[11Oct2025 15:40:44.212] [Render thread/INFO] [net.playwright.magitacz.MagitaczMod/]: tacz:stock_carbon_bone_c5
[11Oct2025 15:40:44.226] [Render thread/INFO] [net.playwright.magitacz.MagitaczMod/]: tacz:stock_carbon_bone_c5
[11Oct2025 15:40:44.239] [Render thread/INFO] [net.playwright.magitacz.MagitaczMod/]: tacz:stock_carbon_bone_c5
[11Oct2025 15:40:44.249] [Render thread/INFO] [net.playwright.magitacz.MagitaczMod/]: tacz:stock_carbon_bone_c5
[11Oct2025 15:40:44.261] [Render thread/INFO] [net.playwright.magitacz.MagitaczMod/]: tacz:stock_carbon_bone_c5
[11Oct2025 15:40:44.271] [Render thread/INFO] [net.playwright.magitacz.MagitaczMod/]: tacz:stock_carbon_bone_c5
[11Oct2025 15:40:44.285] [Render thread/INFO] [net.playwright.magitacz.MagitaczMod/]: tacz:stock_carbon_bone_c5
[11Oct2025 15:40:44.302] [Render thread/INFO] [net.playwright.magitacz.MagitaczMod/]: tacz:stock_carbon_bone_c5
[11Oct2025 15:40:44.317] [Render thread/INFO] [net.playwright.magitacz.MagitaczMod/]: tacz:stock_carbon_bone_c5
[11Oct2025 15:40:44.332] [Render thread/INFO] [net.playwright.magitacz.MagitaczMod/]: tacz:stock_carbon_bone_c5
[11Oct2025 15:40:44.352] [Render thread/INFO] [net.playwright.magitacz.MagitaczMod/]: tacz:stock_carbon_bone_c5
[11Oct2025 15:40:44.363] [Render thread/INFO] [net.playwright.magitacz.MagitaczMod/]: tacz:stock_carbon_bone_c5
[11Oct2025 15:40:44.374] [Render thread/INFO] [net.playwright.magitacz.MagitaczMod/]: tacz:stock_carbon_bone_c5
[11Oct2025 15:40:44.386] [Render thread/INFO] [net.playwright.magitacz.MagitaczMod/]: tacz:stock_carbon_bone_c5
[11Oct2025 15:40:44.398] [Render thread/INFO] [net.playwright.magitacz.MagitaczMod/]: tacz:stock_carbon_bone_c5
[11Oct2025 15:40:44.409] [Render thread/INFO] [net.playwright.magitacz.MagitaczMod/]: tacz:stock_carbon_bone_c5
[11Oct2025 15:40:44.421] [Render thread/INFO] [net.playwright.magitacz.MagitaczMod/]: tacz:stock_carbon_bone_c5
[11Oct2025 15:40:44.435] [Render thread/INFO] [net.playwright.magitacz.MagitaczMod/]: tacz:stock_carbon_bone_c5
[11Oct2025 15:40:44.447] [Render thread/INFO] [net.playwright.magitacz.MagitaczMod/]: tacz:stock_carbon_bone_c5
[11Oct2025 15:40:44.460] [Render thread/INFO] [net.playwright.magitacz.MagitaczMod/]: tacz:stock_carbon_bone_c5
[11Oct2025 15:40:44.471] [Render thread/INFO] [net.playwright.magitacz.MagitaczMod/]: tacz:stock_carbon_bone_c5
[11Oct2025 15:40:44.483] [Render thread/INFO] [net.playwright.magitacz.MagitaczMod/]: tacz:stock_carbon_bone_c5
[11Oct2025 15:40:44.495] [Render thread/INFO] [net.playwright.magitacz.MagitaczMod/]: tacz:stock_carbon_bone_c5
[11Oct2025 15:40:44.506] [Render thread/INFO] [net.playwright.magitacz.MagitaczMod/]: tacz:stock_carbon_bone_c5
[11Oct2025 15:40:44.517] [Render thread/INFO] [net.playwright.magitacz.MagitaczMod/]: tacz:stock_carbon_bone_c5
[11Oct2025 15:40:44.528] [Render thread/INFO] [net.playwright.magitacz.MagitaczMod/]: tacz:stock_carbon_bone_c5
[11Oct2025 15:40:44.541] [Render thread/INFO] [net.playwright.magitacz.MagitaczMod/]: tacz:stock_carbon_bone_c5
[11Oct2025 15:40:44.552] [Render thread/INFO] [net.playwright.magitacz.MagitaczMod/]: tacz:stock_carbon_bone_c5
[11Oct2025 15:40:44.563] [Render thread/INFO] [net.playwright.magitacz.MagitaczMod/]: tacz:stock_carbon_bone_c5
[11Oct2025 15:40:44.575] [Render thread/INFO] [net.playwright.magitacz.MagitaczMod/]: tacz:stock_carbon_bone_c5
[11Oct2025 15:40:44.586] [Render thread/INFO] [net.playwright.magitacz.MagitaczMod/]: tacz:stock_carbon_bone_c5
[11Oct2025 15:40:44.597] [Render thread/INFO] [net.playwright.magitacz.MagitaczMod/]: tacz:stock_carbon_bone_c5
[11Oct2025 15:40:44.609] [Render thread/INFO] [net.playwright.magitacz.MagitaczMod/]: tacz:stock_carbon_bone_c5
[11Oct2025 15:40:44.620] [Render thread/INFO] [net.playwright.magitacz.MagitaczMod/]: tacz:stock_carbon_bone_c5
[11Oct2025 15:40:44.631] [Render thread/INFO] [net.playwright.magitacz.MagitaczMod/]: tacz:stock_carbon_bone_c5
[11Oct2025 15:40:44.643] [Render thread/INFO] [net.playwright.magitacz.MagitaczMod/]: tacz:stock_carbon_bone_c5
[11Oct2025 15:40:44.652] [Render thread/INFO] [net.playwright.magitacz.MagitaczMod/]: tacz:stock_carbon_bone_c5
[11Oct2025 15:40:44.663] [Render thread/INFO] [net.playwright.magitacz.MagitaczMod/]: tacz:stock_carbon_bone_c5
[11Oct2025 15:40:44.674] [Render thread/INFO] [net.playwright.magitacz.MagitaczMod/]: tacz:stock_carbon_bone_c5
[11Oct2025 15:40:44.685] [Render thread/INFO] [net.playwright.magitacz.MagitaczMod/]: tacz:stock_carbon_bone_c5
[11Oct2025 15:40:44.696] [Render thread/INFO] [net.playwright.magitacz.MagitaczMod/]: tacz:stock_carbon_bone_c5
[11Oct2025 15:40:44.707] [Render thread/INFO] [net.playwright.magitacz.MagitaczMod/]: tacz:stock_carbon_bone_c5
[11Oct2025 15:40:44.717] [Render thread/INFO] [net.playwright.magitacz.MagitaczMod/]: tacz:stock_carbon_bone_c5
[11Oct2025 15:40:44.728] [Render thread/INFO] [net.playwright.magitacz.MagitaczMod/]: tacz:stock_carbon_bone_c5
[11Oct2025 15:40:44.741] [Render thread/INFO] [net.playwright.magitacz.MagitaczMod/]: tacz:stock_carbon_bone_c5
[11Oct2025 15:40:44.752] [Render thread/INFO] [net.playwright.magitacz.MagitaczMod/]: tacz:stock_carbon_bone_c5
[11Oct2025 15:40:44.762] [Render thread/INFO] [net.playwright.magitacz.MagitaczMod/]: tacz:stock_carbon_bone_c5
[11Oct2025 15:40:44.772] [Render thread/INFO] [net.playwright.magitacz.MagitaczMod/]: tacz:stock_carbon_bone_c5
[11Oct2025 15:40:44.786] [Render thread/INFO] [net.playwright.magitacz.MagitaczMod/]: tacz:stock_carbon_bone_c5
[11Oct2025 15:40:44.797] [Render thread/INFO] [net.playwright.magitacz.MagitaczMod/]: tacz:stock_carbon_bone_c5
[11Oct2025 15:40:44.807] [Render thread/INFO] [net.playwright.magitacz.MagitaczMod/]: tacz:stock_carbon_bone_c5
[11Oct2025 15:40:44.816] [Render thread/INFO] [net.playwright.magitacz.MagitaczMod/]: tacz:stock_carbon_bone_c5
[11Oct2025 15:40:44.825] [Render thread/INFO] [net.playwright.magitacz.MagitaczMod/]: tacz:stock_carbon_bone_c5
[11Oct2025 15:40:44.837] [Render thread/INFO] [net.playwright.magitacz.MagitaczMod/]: tacz:stock_carbon_bone_c5
[11Oct2025 15:40:44.847] [Render thread/INFO] [net.playwright.magitacz.MagitaczMod/]: tacz:stock_carbon_bone_c5
[11Oct2025 15:40:44.856] [Render thread/INFO] [net.playwright.magitacz.MagitaczMod/]: tacz:stock_carbon_bone_c5
[11Oct2025 15:40:44.866] [Render thread/INFO] [net.playwright.magitacz.MagitaczMod/]: tacz:stock_carbon_bone_c5
[11Oct2025 15:40:44.875] [Render thread/INFO] [net.playwright.magitacz.MagitaczMod/]: tacz:stock_carbon_bone_c5
[11Oct2025 15:40:44.887] [Render thread/INFO] [net.playwright.magitacz.MagitaczMod/]: tacz:stock_carbon_bone_c5
[11Oct2025 15:40:44.897] [Render thread/INFO] [net.playwright.magitacz.MagitaczMod/]: tacz:stock_carbon_bone_c5
[11Oct2025 15:40:44.906] [Render thread/INFO] [net.playwright.magitacz.MagitaczMod/]: tacz:stock_carbon_bone_c5
[11Oct2025 15:40:44.916] [Render thread/INFO] [net.playwright.magitacz.MagitaczMod/]: tacz:stock_carbon_bone_c5
[11Oct2025 15:40:44.926] [Render thread/INFO] [net.playwright.magitacz.MagitaczMod/]: tacz:stock_carbon_bone_c5
[11Oct2025 15:40:44.938] [Render thread/INFO] [net.playwright.magitacz.MagitaczMod/]: tacz:stock_carbon_bone_c5
[11Oct2025 15:40:44.949] [Render thread/INFO] [net.playwright.magitacz.MagitaczMod/]: tacz:stock_carbon_bone_c5
[11Oct2025 15:40:44.958] [Render thread/INFO] [net.playwright.magitacz.MagitaczMod/]: tacz:stock_carbon_bone_c5
[11Oct2025 15:40:44.967] [Render thread/INFO] [net.playwright.magitacz.MagitaczMod/]: tacz:stock_carbon_bone_c5
[11Oct2025 15:40:44.978] [Render thread/INFO] [net.playwright.magitacz.MagitaczMod/]: tacz:stock_carbon_bone_c5
[11Oct2025 15:40:44.989] [Render thread/INFO] [net.playwright.magitacz.MagitaczMod/]: tacz:stock_carbon_bone_c5
[11Oct2025 15:40:45.773] [Server thread/INFO] [net.playwright.magitacz.MagitaczMod/]: tacz:stock_carbon_bone_c5
[11Oct2025 15:40:45.774] [Server thread/INFO] [net.playwright.magitacz.MagitaczMod/]: tacz:stock_carbon_bone_c5
[11Oct2025 15:40:45.874] [Server thread/INFO] [net.playwright.magitacz.MagitaczMod/]: tacz:stock_carbon_bone_c5
[11Oct2025 15:40:45.874] [Server thread/INFO] [net.playwright.magitacz.MagitaczMod/]: tacz:stock_carbon_bone_c5
[11Oct2025 15:40:50.128] [Server thread/INFO] [net.playwright.magitacz.MagitaczMod/]: tacz:stock_carbon_bone_c5
[11Oct2025 15:40:50.128] [Server thread/INFO] [net.playwright.magitacz.MagitaczMod/]: tacz:stock_carbon_bone_c5
[11Oct2025 15:40:50.231] [Server thread/INFO] [net.playwright.magitacz.MagitaczMod/]: tacz:stock_carbon_bone_c5
[11Oct2025 15:40:50.231] [Server thread/INFO] [net.playwright.magitacz.MagitaczMod/]: tacz:stock_carbon_bone_c5
[11Oct2025 15:40:56.932] [Server thread/INFO] [net.playwright.magitacz.MagitaczMod/]: tacz:stock_carbon_bone_c5
[11Oct2025 15:40:56.932] [Server thread/INFO] [net.playwright.magitacz.MagitaczMod/]: tacz:stock_carbon_bone_c5
[11Oct2025 15:40:56.997] [Server thread/INFO] [net.playwright.magitacz.MagitaczMod/]: tacz:stock_carbon_bone_c5
[11Oct2025 15:40:56.997] [Server thread/INFO] [net.playwright.magitacz.MagitaczMod/]: tacz:stock_carbon_bone_c5
[11Oct2025 15:40:56.999] [Server thread/INFO] [net.playwright.magitacz.MagitaczMod/]: [Damage] Pig took 11.25 damage | type=irons_spellbooks:lightning_magic | direct=bullet | attacker=player
[11Oct2025 15:40:57.000] [Server thread/INFO] [net.playwright.magitacz.MagitaczMod/]: Bullet power multiplier: 1.68, calculated 1.68
[11Oct2025 15:40:57.002] [Server thread/DEBUG] [AMR Damage Debug/]: Gunshot killed Pig['Pig'/80, l='ServerLevel[New World]', x=-11.47, y=89.00, z=-431.36], causes 10.0 damage
[11Oct2025 15:40:57.006] [Server thread/INFO] [net.playwright.magitacz.MagitaczMod/]: tacz:stock_carbon_bone_c5
[11Oct2025 15:40:57.006] [Server thread/INFO] [net.playwright.magitacz.MagitaczMod/]: tacz:stock_carbon_bone_c5
[11Oct2025 15:40:57.006] [Server thread/INFO] [net.playwright.magitacz.MagitaczMod/]: Kill Count: 29
[11Oct2025 15:40:57.006] [Server thread/INFO] [net.playwright.magitacz.MagitaczMod/]: 29 % 5
[11Oct2025 15:40:57.032] [Server thread/INFO] [net.playwright.magitacz.MagitaczMod/]: tacz:stock_carbon_bone_c5
[11Oct2025 15:40:57.032] [Server thread/INFO] [net.playwright.magitacz.MagitaczMod/]: tacz:stock_carbon_bone_c5
[11Oct2025 15:40:57.132] [Server thread/INFO] [net.playwright.magitacz.MagitaczMod/]: tacz:stock_carbon_bone_c5
[11Oct2025 15:40:57.132] [Server thread/INFO] [net.playwright.magitacz.MagitaczMod/]: tacz:stock_carbon_bone_c5
[11Oct2025 15:40:57.234] [Server thread/INFO] [net.playwright.magitacz.MagitaczMod/]: tacz:stock_carbon_bone_c5
[11Oct2025 15:40:57.234] [Server thread/INFO] [net.playwright.magitacz.MagitaczMod/]: tacz:stock_carbon_bone_c5
[11Oct2025 15:41:01.183] [Server thread/INFO] [net.playwright.magitacz.MagitaczMod/]: tacz:stock_carbon_bone_c5
[11Oct2025 15:41:01.183] [Server thread/INFO] [net.playwright.magitacz.MagitaczMod/]: tacz:stock_carbon_bone_c5
[11Oct2025 15:41:01.282] [Server thread/INFO] [net.playwright.magitacz.MagitaczMod/]: tacz:stock_carbon_bone_c5
[11Oct2025 15:41:01.282] [Server thread/INFO] [net.playwright.magitacz.MagitaczMod/]: tacz:stock_carbon_bone_c5
[11Oct2025 15:41:01.383] [Server thread/INFO] [net.playwright.magitacz.MagitaczMod/]: tacz:stock_carbon_bone_c5
[11Oct2025 15:41:01.383] [Server thread/INFO] [net.playwright.magitacz.MagitaczMod/]: tacz:stock_carbon_bone_c5
[11Oct2025 15:41:01.491] [Server thread/INFO] [net.playwright.magitacz.MagitaczMod/]: tacz:stock_carbon_bone_c5
[11Oct2025 15:41:01.491] [Server thread/INFO] [net.playwright.magitacz.MagitaczMod/]: tacz:stock_carbon_bone_c5
[11Oct2025 15:41:01.591] [Server thread/INFO] [net.playwright.magitacz.MagitaczMod/]: tacz:stock_carbon_bone_c5
[11Oct2025 15:41:01.591] [Server thread/INFO] [net.playwright.magitacz.MagitaczMod/]: tacz:stock_carbon_bone_c5
[11Oct2025 15:41:01.690] [Server thread/INFO] [net.playwright.magitacz.MagitaczMod/]: tacz:stock_carbon_bone_c5
[11Oct2025 15:41:01.691] [Server thread/INFO] [net.playwright.magitacz.MagitaczMod/]: tacz:stock_carbon_bone_c5
[11Oct2025 15:41:01.790] [Server thread/INFO] [net.playwright.magitacz.MagitaczMod/]: tacz:stock_carbon_bone_c5
[11Oct2025 15:41:01.790] [Server thread/INFO] [net.playwright.magitacz.MagitaczMod/]: tacz:stock_carbon_bone_c5
[11Oct2025 15:41:01.974] [Server thread/INFO] [net.playwright.magitacz.MagitaczMod/]: tacz:stock_carbon_bone_c5
[11Oct2025 15:41:01.974] [Server thread/INFO] [net.playwright.magitacz.MagitaczMod/]: tacz:stock_carbon_bone_c5
[11Oct2025 15:41:01.990] [Server thread/INFO] [net.playwright.magitacz.MagitaczMod/]: tacz:stock_carbon_bone_c5
[11Oct2025 15:41:01.990] [Server thread/INFO] [net.playwright.magitacz.MagitaczMod/]: tacz:stock_carbon_bone_c5
[11Oct2025 15:41:01.990] [Server thread/INFO] [net.playwright.magitacz.MagitaczMod/]: [Damage] Cow took 9.0 damage | type=irons_spellbooks:lightning_magic | direct=bullet | attacker=player
[11Oct2025 15:41:01.990] [Server thread/INFO] [net.playwright.magitacz.MagitaczMod/]: Bullet power multiplier: 1.68, calculated 1.68
[11Oct2025 15:41:01.991] [Server thread/DEBUG] [AMR Damage Debug/]: Gunshot killed Cow['Cow'/60, l='ServerLevel[New World]', x=-14.46, y=85.00, z=-415.76], causes 10.0 damage
[11Oct2025 15:41:01.991] [Server thread/INFO] [net.playwright.magitacz.MagitaczMod/]: tacz:stock_carbon_bone_c5
[11Oct2025 15:41:01.991] [Server thread/INFO] [net.playwright.magitacz.MagitaczMod/]: tacz:stock_carbon_bone_c5
[11Oct2025 15:41:01.991] [Server thread/INFO] [net.playwright.magitacz.MagitaczMod/]: Kill Count: 30
[11Oct2025 15:41:01.992] [Server thread/INFO] [net.playwright.magitacz.MagitaczMod/]: 30 % 5
[11Oct2025 15:41:02.075] [Server thread/INFO] [net.playwright.magitacz.MagitaczMod/]: tacz:stock_carbon_bone_c5
[11Oct2025 15:41:02.075] [Server thread/INFO] [net.playwright.magitacz.MagitaczMod/]: tacz:stock_carbon_bone_c5
[11Oct2025 15:41:02.176] [Server thread/INFO] [net.playwright.magitacz.MagitaczMod/]: tacz:stock_carbon_bone_c5
[11Oct2025 15:41:02.176] [Server thread/INFO] [net.playwright.magitacz.MagitaczMod/]: tacz:stock_carbon_bone_c5
[11Oct2025 15:41:02.277] [Server thread/INFO] [net.playwright.magitacz.MagitaczMod/]: tacz:stock_carbon_bone_c5
[11Oct2025 15:41:02.277] [Server thread/INFO] [net.playwright.magitacz.MagitaczMod/]: tacz:stock_carbon_bone_c5
[11Oct2025 15:41:02.340] [Server thread/INFO] [net.playwright.magitacz.MagitaczMod/]: [Damage] Cow took 11.76 damage | type=irons_spellbooks:lightning_magic | direct=chain_lightning | attacker=player
[11Oct2025 15:41:06.130] [Server thread/INFO] [net.playwright.magitacz.MagitaczMod/]: tacz:stock_carbon_bone_c5
[11Oct2025 15:41:06.131] [Server thread/INFO] [net.playwright.magitacz.MagitaczMod/]: tacz:stock_carbon_bone_c5
[11Oct2025 15:41:06.231] [Server thread/INFO] [net.playwright.magitacz.MagitaczMod/]: tacz:stock_carbon_bone_c5
[11Oct2025 15:41:06.231] [Server thread/INFO] [net.playwright.magitacz.MagitaczMod/]: tacz:stock_carbon_bone_c5
[11Oct2025 15:41:06.333] [Server thread/INFO] [net.playwright.magitacz.MagitaczMod/]: tacz:stock_carbon_bone_c5
[11Oct2025 15:41:06.333] [Server thread/INFO] [net.playwright.magitacz.MagitaczMod/]: tacz:stock_carbon_bone_c5
[11Oct2025 15:41:06.341] [Server thread/INFO] [net.playwright.magitacz.MagitaczMod/]: tacz:stock_carbon_bone_c5
[11Oct2025 15:41:06.341] [Server thread/INFO] [net.playwright.magitacz.MagitaczMod/]: tacz:stock_carbon_bone_c5
[11Oct2025 15:41:06.341] [Server thread/INFO] [net.playwright.magitacz.MagitaczMod/]: [Damage] Cow took 11.25 damage | type=irons_spellbooks:lightning_magic | direct=bullet | attacker=player
[11Oct2025 15:41:06.341] [Server thread/INFO] [net.playwright.magitacz.MagitaczMod/]: Bullet power multiplier: 1.68, calculated 1.68
[11Oct2025 15:41:06.342] [Server thread/DEBUG] [AMR Damage Debug/]: Gunshot killed Cow['Cow'/86, l='ServerLevel[New World]', x=-17.54, y=69.00, z=-381.48], causes 10.0 damage
[11Oct2025 15:41:06.342] [Server thread/INFO] [net.playwright.magitacz.MagitaczMod/]: tacz:stock_carbon_bone_c5
[11Oct2025 15:41:06.342] [Server thread/INFO] [net.playwright.magitacz.MagitaczMod/]: tacz:stock_carbon_bone_c5
[11Oct2025 15:41:06.342] [Server thread/INFO] [net.playwright.magitacz.MagitaczMod/]: Kill Count: 31
[11Oct2025 15:41:06.342] [Server thread/INFO] [net.playwright.magitacz.MagitaczMod/]: 31 % 5
[11Oct2025 15:41:06.434] [Server thread/INFO] [net.playwright.magitacz.MagitaczMod/]: tacz:stock_carbon_bone_c5
[11Oct2025 15:41:06.434] [Server thread/INFO] [net.playwright.magitacz.MagitaczMod/]: tacz:stock_carbon_bone_c5
[11Oct2025 15:41:06.540] [Server thread/INFO] [net.playwright.magitacz.MagitaczMod/]: tacz:stock_carbon_bone_c5
[11Oct2025 15:41:06.540] [Server thread/INFO] [net.playwright.magitacz.MagitaczMod/]: tacz:stock_carbon_bone_c5
[11Oct2025 15:41:06.641] [Server thread/INFO] [net.playwright.magitacz.MagitaczMod/]: tacz:stock_carbon_bone_c5
[11Oct2025 15:41:06.641] [Server thread/INFO] [net.playwright.magitacz.MagitaczMod/]: tacz:stock_carbon_bone_c5
[11Oct2025 15:41:06.741] [Server thread/INFO] [net.playwright.magitacz.MagitaczMod/]: tacz:stock_carbon_bone_c5
[11Oct2025 15:41:06.741] [Server thread/INFO] [net.playwright.magitacz.MagitaczMod/]: tacz:stock_carbon_bone_c5
[11Oct2025 15:41:06.841] [Server thread/INFO] [net.playwright.magitacz.MagitaczMod/]: tacz:stock_carbon_bone_c5
[11Oct2025 15:41:06.841] [Server thread/INFO] [net.playwright.magitacz.MagitaczMod/]: tacz:stock_carbon_bone_c5
[11Oct2025 15:41:06.942] [Server thread/INFO] [net.playwright.magitacz.MagitaczMod/]: tacz:stock_carbon_bone_c5
[11Oct2025 15:41:06.942] [Server thread/INFO] [net.playwright.magitacz.MagitaczMod/]: tacz:stock_carbon_bone_c5
[11Oct2025 15:41:07.042] [Server thread/INFO] [net.playwright.magitacz.MagitaczMod/]: tacz:stock_carbon_bone_c5
[11Oct2025 15:41:07.042] [Server thread/INFO] [net.playwright.magitacz.MagitaczMod/]: tacz:stock_carbon_bone_c5
[11Oct2025 15:41:07.143] [Server thread/INFO] [net.playwright.magitacz.MagitaczMod/]: tacz:stock_carbon_bone_c5
[11Oct2025 15:41:07.143] [Server thread/INFO] [net.playwright.magitacz.MagitaczMod/]: tacz:stock_carbon_bone_c5
[11Oct2025 15:41:07.245] [Server thread/INFO] [net.playwright.magitacz.MagitaczMod/]: tacz:stock_carbon_bone_c5
[11Oct2025 15:41:07.245] [Server thread/INFO] [net.playwright.magitacz.MagitaczMod/]: tacz:stock_carbon_bone_c5
[11Oct2025 15:41:07.347] [Server thread/INFO] [net.playwright.magitacz.MagitaczMod/]: tacz:stock_carbon_bone_c5
[11Oct2025 15:41:07.347] [Server thread/INFO] [net.playwright.magitacz.MagitaczMod/]: tacz:stock_carbon_bone_c5
[11Oct2025 15:41:07.448] [Server thread/INFO] [net.playwright.magitacz.MagitaczMod/]: tacz:stock_carbon_bone_c5
[11Oct2025 15:41:07.448] [Server thread/INFO] [net.playwright.magitacz.MagitaczMod/]: tacz:stock_carbon_bone_c5
[11Oct2025 15:41:07.551] [Server thread/INFO] [net.playwright.magitacz.MagitaczMod/]: tacz:stock_carbon_bone_c5
[11Oct2025 15:41:07.551] [Server thread/INFO] [net.playwright.magitacz.MagitaczMod/]: tacz:stock_carbon_bone_c5
[11Oct2025 15:41:07.653] [Server thread/INFO] [net.playwright.magitacz.MagitaczMod/]: tacz:stock_carbon_bone_c5
[11Oct2025 15:41:07.653] [Server thread/INFO] [net.playwright.magitacz.MagitaczMod/]: tacz:stock_carbon_bone_c5
[11Oct2025 15:41:07.755] [Server thread/INFO] [net.playwright.magitacz.MagitaczMod/]: tacz:stock_carbon_bone_c5
[11Oct2025 15:41:07.755] [Server thread/INFO] [net.playwright.magitacz.MagitaczMod/]: tacz:stock_carbon_bone_c5
[11Oct2025 15:41:07.857] [Server thread/INFO] [net.playwright.magitacz.MagitaczMod/]: tacz:stock_carbon_bone_c5
[11Oct2025 15:41:07.857] [Server thread/INFO] [net.playwright.magitacz.MagitaczMod/]: tacz:stock_carbon_bone_c5
[11Oct2025 15:41:07.959] [Server thread/INFO] [net.playwright.magitacz.MagitaczMod/]: tacz:stock_carbon_bone_c5
[11Oct2025 15:41:07.959] [Server thread/INFO] [net.playwright.magitacz.MagitaczMod/]: tacz:stock_carbon_bone_c5
[11Oct2025 15:41:08.060] [Server thread/INFO] [net.playwright.magitacz.MagitaczMod/]: tacz:stock_carbon_bone_c5
[11Oct2025 15:41:08.061] [Server thread/INFO] [net.playwright.magitacz.MagitaczMod/]: tacz:stock_carbon_bone_c5
[11Oct2025 15:41:08.161] [Server thread/INFO] [net.playwright.magitacz.MagitaczMod/]: tacz:stock_carbon_bone_c5
[11Oct2025 15:41:08.161] [Server thread/INFO] [net.playwright.magitacz.MagitaczMod/]: tacz:stock_carbon_bone_c5
[11Oct2025 15:41:08.264] [Server thread/INFO] [net.playwright.magitacz.MagitaczMod/]: tacz:stock_carbon_bone_c5
[11Oct2025 15:41:08.264] [Server thread/INFO] [net.playwright.magitacz.MagitaczMod/]: tacz:stock_carbon_bone_c5
[11Oct2025 15:41:08.366] [Server thread/INFO] [net.playwright.magitacz.MagitaczMod/]: tacz:stock_carbon_bone_c5
[11Oct2025 15:41:08.366] [Server thread/INFO] [net.playwright.magitacz.MagitaczMod/]: tacz:stock_carbon_bone_c5
[11Oct2025 15:41:08.442] [Server thread/INFO] [net.playwright.magitacz.MagitaczMod/]: tacz:stock_carbon_bone_c5
[11Oct2025 15:41:08.443] [Server thread/INFO] [net.playwright.magitacz.MagitaczMod/]: tacz:stock_carbon_bone_c5
[11Oct2025 15:41:08.443] [Server thread/INFO] [net.playwright.magitacz.MagitaczMod/]: [Damage] Cow took 9.0 damage | type=irons_spellbooks:lightning_magic | direct=bullet | attacker=player
[11Oct2025 15:41:08.443] [Server thread/INFO] [net.playwright.magitacz.MagitaczMod/]: Bullet power multiplier: 1.68, calculated 1.68
[11Oct2025 15:41:08.444] [Server thread/DEBUG] [AMR Damage Debug/]: Gunshot killed Cow['Cow'/82, l='ServerLevel[New World]', x=-9.54, y=79.00, z=-385.36], causes 10.0 damage
[11Oct2025 15:41:08.444] [Server thread/INFO] [net.playwright.magitacz.MagitaczMod/]: tacz:stock_carbon_bone_c5
[11Oct2025 15:41:08.444] [Server thread/INFO] [net.playwright.magitacz.MagitaczMod/]: tacz:stock_carbon_bone_c5
[11Oct2025 15:41:08.444] [Server thread/INFO] [net.playwright.magitacz.MagitaczMod/]: Kill Count: 32
[11Oct2025 15:41:08.444] [Server thread/INFO] [net.playwright.magitacz.MagitaczMod/]: 32 % 5
[11Oct2025 15:41:08.468] [Server thread/INFO] [net.playwright.magitacz.MagitaczMod/]: tacz:stock_carbon_bone_c5
[11Oct2025 15:41:08.468] [Server thread/INFO] [net.playwright.magitacz.MagitaczMod/]: tacz:stock_carbon_bone_c5
[11Oct2025 15:41:08.570] [Server thread/INFO] [net.playwright.magitacz.MagitaczMod/]: tacz:stock_carbon_bone_c5
[11Oct2025 15:41:08.570] [Server thread/INFO] [net.playwright.magitacz.MagitaczMod/]: tacz:stock_carbon_bone_c5
[11Oct2025 15:41:08.672] [Server thread/INFO] [net.playwright.magitacz.MagitaczMod/]: tacz:stock_carbon_bone_c5
[11Oct2025 15:41:08.672] [Server thread/INFO] [net.playwright.magitacz.MagitaczMod/]: tacz:stock_carbon_bone_c5
[11Oct2025 15:41:08.774] [Server thread/INFO] [net.playwright.magitacz.MagitaczMod/]: tacz:stock_carbon_bone_c5
[11Oct2025 15:41:08.774] [Server thread/INFO] [net.playwright.magitacz.MagitaczMod/]: tacz:stock_carbon_bone_c5
[11Oct2025 15:41:08.879] [Server thread/INFO] [net.playwright.magitacz.MagitaczMod/]: tacz:stock_carbon_bone_c5
[11Oct2025 15:41:08.880] [Server thread/INFO] [net.playwright.magitacz.MagitaczMod/]: tacz:stock_carbon_bone_c5
[11Oct2025 15:41:08.982] [Server thread/INFO] [net.playwright.magitacz.MagitaczMod/]: tacz:stock_carbon_bone_c5
[11Oct2025 15:41:08.982] [Server thread/INFO] [net.playwright.magitacz.MagitaczMod/]: tacz:stock_carbon_bone_c5
[11Oct2025 15:41:09.084] [Server thread/INFO] [net.playwright.magitacz.MagitaczMod/]: tacz:stock_carbon_bone_c5
[11Oct2025 15:41:09.084] [Server thread/INFO] [net.playwright.magitacz.MagitaczMod/]: tacz:stock_carbon_bone_c5
[11Oct2025 15:41:09.192] [Server thread/INFO] [net.playwright.magitacz.MagitaczMod/]: tacz:stock_carbon_bone_c5
[11Oct2025 15:41:09.192] [Server thread/INFO] [net.playwright.magitacz.MagitaczMod/]: tacz:stock_carbon_bone_c5
[11Oct2025 15:41:10.257] [Render thread/WARN] [net.minecraft.client.renderer.texture.TextureManager/]: Failed to load texture: minecraft:textures/models/armor/wandering_magician_layer_1.png
java.io.FileNotFoundException: minecraft:textures/models/armor/wandering_magician_layer_1.png
	at net.minecraft.server.packs.resources.ResourceProvider.lambda$getResourceOrThrow$0(ResourceProvider.java:21) ~[forge-1.20.1-47.4.0_mapped_official_1.20.1.jar:?]
	at java.util.Optional.orElseThrow(Optional.java:403) ~[?:?]
	at net.minecraft.server.packs.resources.ResourceProvider.getResourceOrThrow(ResourceProvider.java:21) ~[forge-1.20.1-47.4.0_mapped_official_1.20.1.jar:?]
	at software.bernie.geckolib.cache.texture.AnimatableTexture.load(AnimatableTexture.java:40) ~[geckolib-forge-1.20.1-4.4.9_mapped_official_1.20.1.jar:4.4.9]
	at net.minecraft.client.renderer.texture.TextureManager.loadTexture(TextureManager.java:96) ~[forge-1.20.1-47.4.0_mapped_official_1.20.1.jar:?]
	at net.minecraft.client.renderer.texture.TextureManager.register(TextureManager.java:66) ~[forge-1.20.1-47.4.0_mapped_official_1.20.1.jar:?]
	at net.minecraft.client.renderer.texture.TextureManager.handler$zee000$wrapAnimatableTexture(TextureManager.java:529) ~[forge-1.20.1-47.4.0_mapped_official_1.20.1.jar:?]
	at net.minecraft.client.renderer.texture.TextureManager.getTexture(TextureManager.java) ~[forge-1.20.1-47.4.0_mapped_official_1.20.1.jar:?]
	at net.minecraft.client.renderer.RenderStateShard$TextureStateShard.lambda$new$0(RenderStateShard.java:243) ~[forge-1.20.1-47.4.0_mapped_official_1.20.1.jar:?]
	at net.minecraft.client.renderer.RenderStateShard.setupRenderState(RenderStateShard.java:37) ~[forge-1.20.1-47.4.0_mapped_official_1.20.1.jar:?]
	at com.google.common.collect.ImmutableList.forEach(ImmutableList.java:422) ~[guava-31.1-jre.jar:?]
	at net.minecraft.client.renderer.RenderType$CompositeRenderType.lambda$new$1(RenderType.java:490) ~[forge-1.20.1-47.4.0_mapped_official_1.20.1.jar:?]
	at net.minecraft.client.renderer.RenderStateShard.setupRenderState(RenderStateShard.java:37) ~[forge-1.20.1-47.4.0_mapped_official_1.20.1.jar:?]
	at net.minecraft.client.renderer.RenderType.end(RenderType.java:433) ~[forge-1.20.1-47.4.0_mapped_official_1.20.1.jar:?]
	at net.minecraft.client.renderer.MultiBufferSource$BufferSource.endBatch(MultiBufferSource.java:97) ~[forge-1.20.1-47.4.0_mapped_official_1.20.1.jar:?]
	at net.minecraft.client.renderer.MultiBufferSource$BufferSource.getBuffer(MultiBufferSource.java:46) ~[forge-1.20.1-47.4.0_mapped_official_1.20.1.jar:?]
	at net.minecraft.client.renderer.entity.ItemRenderer.getArmorFoilBuffer(ItemRenderer.java:163) ~[forge-1.20.1-47.4.0_mapped_official_1.20.1.jar:?]
	at software.bernie.geckolib.renderer.GeoArmorRenderer.renderToBuffer(GeoArmorRenderer.java:275) ~[geckolib-forge-1.20.1-4.4.9_mapped_official_1.20.1.jar:4.4.9]
	at net.minecraft.client.renderer.entity.layers.HumanoidArmorLayer.renderModel(HumanoidArmorLayer.java:110) ~[forge-1.20.1-47.4.0_mapped_official_1.20.1.jar:?]
	at net.minecraft.client.renderer.entity.layers.HumanoidArmorLayer.renderArmorPiece(HumanoidArmorLayer.java:67) ~[forge-1.20.1-47.4.0_mapped_official_1.20.1.jar:?]
	at net.minecraft.client.renderer.entity.layers.HumanoidArmorLayer.render(HumanoidArmorLayer.java:46) ~[forge-1.20.1-47.4.0_mapped_official_1.20.1.jar:?]
	at net.minecraft.client.renderer.entity.layers.HumanoidArmorLayer.render(HumanoidArmorLayer.java:29) ~[forge-1.20.1-47.4.0_mapped_official_1.20.1.jar:?]
	at net.minecraft.client.renderer.entity.LivingEntityRenderer.render(LivingEntityRenderer.java:131) ~[forge-1.20.1-47.4.0_mapped_official_1.20.1.jar:?]
	at net.minecraft.client.renderer.entity.MobRenderer.render(MobRenderer.java:45) ~[forge-1.20.1-47.4.0_mapped_official_1.20.1.jar:?]
	at net.minecraft.client.renderer.entity.MobRenderer.render(MobRenderer.java:18) ~[forge-1.20.1-47.4.0_mapped_official_1.20.1.jar:?]
	at net.minecraft.client.renderer.entity.EntityRenderDispatcher.render(EntityRenderDispatcher.java:140) ~[forge-1.20.1-47.4.0_mapped_official_1.20.1.jar:?]
	at net.minecraft.client.renderer.LevelRenderer.renderEntity(LevelRenderer.java:1440) ~[forge-1.20.1-47.4.0_mapped_official_1.20.1.jar:?]
	at net.minecraft.client.renderer.LevelRenderer.renderLevel(LevelRenderer.java:1223) ~[forge-1.20.1-47.4.0_mapped_official_1.20.1.jar:?]
	at net.minecraft.client.renderer.GameRenderer.renderLevel(GameRenderer.java:1126) ~[forge-1.20.1-47.4.0_mapped_official_1.20.1.jar:?]
	at net.minecraft.client.renderer.GameRenderer.render(GameRenderer.java:909) ~[forge-1.20.1-47.4.0_mapped_official_1.20.1.jar:?]
	at net.minecraft.client.Minecraft.runTick(Minecraft.java:1146) ~[forge-1.20.1-47.4.0_mapped_official_1.20.1.jar:?]
	at net.minecraft.client.Minecraft.run(Minecraft.java:718) ~[forge-1.20.1-47.4.0_mapped_official_1.20.1.jar:?]
	at net.minecraft.client.main.Main.main(Main.java:218) ~[forge-1.20.1-47.4.0_mapped_official_1.20.1.jar:?]
	at jdk.internal.reflect.NativeMethodAccessorImpl.invoke0(Native Method) ~[?:?]
	at jdk.internal.reflect.NativeMethodAccessorImpl.invoke(NativeMethodAccessorImpl.java:77) ~[?:?]
	at jdk.internal.reflect.DelegatingMethodAccessorImpl.invoke(DelegatingMethodAccessorImpl.java:43) ~[?:?]
	at java.lang.reflect.Method.invoke(Method.java:569) ~[?:?]
	at net.minecraftforge.fml.loading.targets.CommonLaunchHandler.runTarget(CommonLaunchHandler.java:111) ~[fmlloader-1.20.1-47.4.0.jar:?]
	at net.minecraftforge.fml.loading.targets.CommonLaunchHandler.clientService(CommonLaunchHandler.java:99) ~[fmlloader-1.20.1-47.4.0.jar:?]
	at net.minecraftforge.fml.loading.targets.ForgeClientUserdevLaunchHandler.devService(ForgeClientUserdevLaunchHandler.java:19) ~[fmlloader-1.20.1-47.4.0.jar:?]
	at net.minecraftforge.fml.loading.targets.CommonDevLaunchHandler.lambda$makeService$7(CommonDevLaunchHandler.java:135) ~[fmlloader-1.20.1-47.4.0.jar:?]
	at cpw.mods.modlauncher.LaunchServiceHandlerDecorator.launch(LaunchServiceHandlerDecorator.java:30) ~[modlauncher-10.0.9.jar:?]
	at cpw.mods.modlauncher.LaunchServiceHandler.launch(LaunchServiceHandler.java:53) ~[modlauncher-10.0.9.jar:?]
	at cpw.mods.modlauncher.LaunchServiceHandler.launch(LaunchServiceHandler.java:71) ~[modlauncher-10.0.9.jar:?]
	at cpw.mods.modlauncher.Launcher.run(Launcher.java:108) ~[modlauncher-10.0.9.jar:?]
	at cpw.mods.modlauncher.Launcher.main(Launcher.java:78) ~[modlauncher-10.0.9.jar:?]
	at cpw.mods.modlauncher.BootstrapLaunchConsumer.accept(BootstrapLaunchConsumer.java:26) ~[modlauncher-10.0.9.jar:?]
	at cpw.mods.modlauncher.BootstrapLaunchConsumer.accept(BootstrapLaunchConsumer.java:23) ~[modlauncher-10.0.9.jar:?]
	at cpw.mods.bootstraplauncher.BootstrapLauncher.main(BootstrapLauncher.java:141) ~[bootstraplauncher-1.1.2.jar:?]
[11Oct2025 15:41:10.263] [Render thread/WARN] [net.minecraft.client.renderer.texture.TextureManager/]: Failed to load texture: minecraft:textures/models/armor/wandering_magician_layer_1.png
java.io.FileNotFoundException: minecraft:textures/models/armor/wandering_magician_layer_1.png
	at net.minecraft.server.packs.resources.ResourceProvider.lambda$getResourceOrThrow$0(ResourceProvider.java:21) ~[forge-1.20.1-47.4.0_mapped_official_1.20.1.jar:?]
	at java.util.Optional.orElseThrow(Optional.java:403) ~[?:?]
	at net.minecraft.server.packs.resources.ResourceProvider.getResourceOrThrow(ResourceProvider.java:21) ~[forge-1.20.1-47.4.0_mapped_official_1.20.1.jar:?]
	at net.minecraft.client.renderer.texture.SimpleTexture$TextureImage.load(SimpleTexture.java:83) ~[forge-1.20.1-47.4.0_mapped_official_1.20.1.jar:?]
	at net.minecraft.client.renderer.texture.SimpleTexture.getTextureImage(SimpleTexture.java:58) ~[forge-1.20.1-47.4.0_mapped_official_1.20.1.jar:?]
	at net.minecraft.client.renderer.texture.SimpleTexture.load(SimpleTexture.java:29) ~[forge-1.20.1-47.4.0_mapped_official_1.20.1.jar:?]
	at net.minecraft.client.renderer.texture.TextureManager.loadTexture(TextureManager.java:96) ~[forge-1.20.1-47.4.0_mapped_official_1.20.1.jar:?]
	at net.minecraft.client.renderer.texture.TextureManager.register(TextureManager.java:66) ~[forge-1.20.1-47.4.0_mapped_official_1.20.1.jar:?]
	at net.minecraft.client.renderer.texture.TextureManager.getTexture(TextureManager.java:119) ~[forge-1.20.1-47.4.0_mapped_official_1.20.1.jar:?]
	at net.minecraft.client.renderer.RenderStateShard$TextureStateShard.lambda$new$0(RenderStateShard.java:243) ~[forge-1.20.1-47.4.0_mapped_official_1.20.1.jar:?]
	at net.minecraft.client.renderer.RenderStateShard.setupRenderState(RenderStateShard.java:37) ~[forge-1.20.1-47.4.0_mapped_official_1.20.1.jar:?]
	at com.google.common.collect.ImmutableList.forEach(ImmutableList.java:422) ~[guava-31.1-jre.jar:?]
	at net.minecraft.client.renderer.RenderType$CompositeRenderType.lambda$new$1(RenderType.java:490) ~[forge-1.20.1-47.4.0_mapped_official_1.20.1.jar:?]
	at net.minecraft.client.renderer.RenderStateShard.setupRenderState(RenderStateShard.java:37) ~[forge-1.20.1-47.4.0_mapped_official_1.20.1.jar:?]
	at net.minecraft.client.renderer.RenderType.end(RenderType.java:433) ~[forge-1.20.1-47.4.0_mapped_official_1.20.1.jar:?]
	at net.minecraft.client.renderer.MultiBufferSource$BufferSource.endBatch(MultiBufferSource.java:97) ~[forge-1.20.1-47.4.0_mapped_official_1.20.1.jar:?]
	at net.minecraft.client.renderer.MultiBufferSource$BufferSource.getBuffer(MultiBufferSource.java:46) ~[forge-1.20.1-47.4.0_mapped_official_1.20.1.jar:?]
	at net.minecraft.client.renderer.entity.ItemRenderer.getArmorFoilBuffer(ItemRenderer.java:163) ~[forge-1.20.1-47.4.0_mapped_official_1.20.1.jar:?]
	at software.bernie.geckolib.renderer.GeoArmorRenderer.renderToBuffer(GeoArmorRenderer.java:275) ~[geckolib-forge-1.20.1-4.4.9_mapped_official_1.20.1.jar:4.4.9]
	at net.minecraft.client.renderer.entity.layers.HumanoidArmorLayer.renderModel(HumanoidArmorLayer.java:110) ~[forge-1.20.1-47.4.0_mapped_official_1.20.1.jar:?]
	at net.minecraft.client.renderer.entity.layers.HumanoidArmorLayer.renderArmorPiece(HumanoidArmorLayer.java:67) ~[forge-1.20.1-47.4.0_mapped_official_1.20.1.jar:?]
	at net.minecraft.client.renderer.entity.layers.HumanoidArmorLayer.render(HumanoidArmorLayer.java:46) ~[forge-1.20.1-47.4.0_mapped_official_1.20.1.jar:?]
	at net.minecraft.client.renderer.entity.layers.HumanoidArmorLayer.render(HumanoidArmorLayer.java:29) ~[forge-1.20.1-47.4.0_mapped_official_1.20.1.jar:?]
	at net.minecraft.client.renderer.entity.LivingEntityRenderer.render(LivingEntityRenderer.java:131) ~[forge-1.20.1-47.4.0_mapped_official_1.20.1.jar:?]
	at net.minecraft.client.renderer.entity.MobRenderer.render(MobRenderer.java:45) ~[forge-1.20.1-47.4.0_mapped_official_1.20.1.jar:?]
	at net.minecraft.client.renderer.entity.MobRenderer.render(MobRenderer.java:18) ~[forge-1.20.1-47.4.0_mapped_official_1.20.1.jar:?]
	at net.minecraft.client.renderer.entity.EntityRenderDispatcher.render(EntityRenderDispatcher.java:140) ~[forge-1.20.1-47.4.0_mapped_official_1.20.1.jar:?]
	at net.minecraft.client.renderer.LevelRenderer.renderEntity(LevelRenderer.java:1440) ~[forge-1.20.1-47.4.0_mapped_official_1.20.1.jar:?]
	at net.minecraft.client.renderer.LevelRenderer.renderLevel(LevelRenderer.java:1223) ~[forge-1.20.1-47.4.0_mapped_official_1.20.1.jar:?]
	at net.minecraft.client.renderer.GameRenderer.renderLevel(GameRenderer.java:1126) ~[forge-1.20.1-47.4.0_mapped_official_1.20.1.jar:?]
	at net.minecraft.client.renderer.GameRenderer.render(GameRenderer.java:909) ~[forge-1.20.1-47.4.0_mapped_official_1.20.1.jar:?]
	at net.minecraft.client.Minecraft.runTick(Minecraft.java:1146) ~[forge-1.20.1-47.4.0_mapped_official_1.20.1.jar:?]
	at net.minecraft.client.Minecraft.run(Minecraft.java:718) ~[forge-1.20.1-47.4.0_mapped_official_1.20.1.jar:?]
	at net.minecraft.client.main.Main.main(Main.java:218) ~[forge-1.20.1-47.4.0_mapped_official_1.20.1.jar:?]
	at jdk.internal.reflect.NativeMethodAccessorImpl.invoke0(Native Method) ~[?:?]
	at jdk.internal.reflect.NativeMethodAccessorImpl.invoke(NativeMethodAccessorImpl.java:77) ~[?:?]
	at jdk.internal.reflect.DelegatingMethodAccessorImpl.invoke(DelegatingMethodAccessorImpl.java:43) ~[?:?]
	at java.lang.reflect.Method.invoke(Method.java:569) ~[?:?]
	at net.minecraftforge.fml.loading.targets.CommonLaunchHandler.runTarget(CommonLaunchHandler.java:111) ~[fmlloader-1.20.1-47.4.0.jar:?]
	at net.minecraftforge.fml.loading.targets.CommonLaunchHandler.clientService(CommonLaunchHandler.java:99) ~[fmlloader-1.20.1-47.4.0.jar:?]
	at net.minecraftforge.fml.loading.targets.ForgeClientUserdevLaunchHandler.devService(ForgeClientUserdevLaunchHandler.java:19) ~[fmlloader-1.20.1-47.4.0.jar:?]
	at net.minecraftforge.fml.loading.targets.CommonDevLaunchHandler.lambda$makeService$7(CommonDevLaunchHandler.java:135) ~[fmlloader-1.20.1-47.4.0.jar:?]
	at cpw.mods.modlauncher.LaunchServiceHandlerDecorator.launch(LaunchServiceHandlerDecorator.java:30) ~[modlauncher-10.0.9.jar:?]
	at cpw.mods.modlauncher.LaunchServiceHandler.launch(LaunchServiceHandler.java:53) ~[modlauncher-10.0.9.jar:?]
	at cpw.mods.modlauncher.LaunchServiceHandler.launch(LaunchServiceHandler.java:71) ~[modlauncher-10.0.9.jar:?]
	at cpw.mods.modlauncher.Launcher.run(Launcher.java:108) ~[modlauncher-10.0.9.jar:?]
	at cpw.mods.modlauncher.Launcher.main(Launcher.java:78) ~[modlauncher-10.0.9.jar:?]
	at cpw.mods.modlauncher.BootstrapLaunchConsumer.accept(BootstrapLaunchConsumer.java:26) ~[modlauncher-10.0.9.jar:?]
	at cpw.mods.modlauncher.BootstrapLaunchConsumer.accept(BootstrapLaunchConsumer.java:23) ~[modlauncher-10.0.9.jar:?]
	at cpw.mods.bootstraplauncher.BootstrapLauncher.main(BootstrapLauncher.java:141) ~[bootstraplauncher-1.1.2.jar:?]
[11Oct2025 15:41:12.973] [Server thread/INFO] [net.playwright.magitacz.MagitaczMod/]: tacz:stock_carbon_bone_c5
[11Oct2025 15:41:12.973] [Server thread/INFO] [net.playwright.magitacz.MagitaczMod/]: tacz:stock_carbon_bone_c5
[11Oct2025 15:41:12.989] [Server thread/INFO] [net.playwright.magitacz.MagitaczMod/]: tacz:stock_carbon_bone_c5
[11Oct2025 15:41:12.989] [Server thread/INFO] [net.playwright.magitacz.MagitaczMod/]: tacz:stock_carbon_bone_c5
[11Oct2025 15:41:12.989] [Server thread/INFO] [net.playwright.magitacz.MagitaczMod/]: [Damage] Sheep took 9.0 damage | type=irons_spellbooks:lightning_magic | direct=bullet | attacker=player
[11Oct2025 15:41:12.989] [Server thread/INFO] [net.playwright.magitacz.MagitaczMod/]: Bullet power multiplier: 1.68, calculated 1.68
[11Oct2025 15:41:12.991] [Server thread/DEBUG] [AMR Damage Debug/]: Gunshot killed Sheep['Sheep'/103, l='ServerLevel[New World]', x=6.56, y=88.00, z=-417.37], causes 8.0 damage
[11Oct2025 15:41:12.991] [Server thread/INFO] [net.playwright.magitacz.MagitaczMod/]: tacz:stock_carbon_bone_c5
[11Oct2025 15:41:12.991] [Server thread/INFO] [net.playwright.magitacz.MagitaczMod/]: tacz:stock_carbon_bone_c5
[11Oct2025 15:41:12.991] [Server thread/INFO] [net.playwright.magitacz.MagitaczMod/]: Kill Count: 33
[11Oct2025 15:41:12.991] [Server thread/INFO] [net.playwright.magitacz.MagitaczMod/]: 33 % 5
[11Oct2025 15:41:13.075] [Server thread/INFO] [net.playwright.magitacz.MagitaczMod/]: tacz:stock_carbon_bone_c5
[11Oct2025 15:41:13.075] [Server thread/INFO] [net.playwright.magitacz.MagitaczMod/]: tacz:stock_carbon_bone_c5
[11Oct2025 15:41:13.176] [Server thread/INFO] [net.playwright.magitacz.MagitaczMod/]: tacz:stock_carbon_bone_c5
[11Oct2025 15:41:13.176] [Server thread/INFO] [net.playwright.magitacz.MagitaczMod/]: tacz:stock_carbon_bone_c5
[11Oct2025 15:41:13.278] [Server thread/INFO] [net.playwright.magitacz.MagitaczMod/]: tacz:stock_carbon_bone_c5
[11Oct2025 15:41:13.278] [Server thread/INFO] [net.playwright.magitacz.MagitaczMod/]: tacz:stock_carbon_bone_c5
[11Oct2025 15:41:13.379] [Server thread/INFO] [net.playwright.magitacz.MagitaczMod/]: tacz:stock_carbon_bone_c5
[11Oct2025 15:41:13.380] [Server thread/INFO] [net.playwright.magitacz.MagitaczMod/]: tacz:stock_carbon_bone_c5
[11Oct2025 15:41:13.480] [Server thread/INFO] [net.playwright.magitacz.MagitaczMod/]: tacz:stock_carbon_bone_c5
[11Oct2025 15:41:13.481] [Server thread/INFO] [net.playwright.magitacz.MagitaczMod/]: tacz:stock_carbon_bone_c5
[11Oct2025 15:41:14.977] [Server thread/INFO] [net.playwright.magitacz.MagitaczMod/]: tacz:stock_carbon_bone_c5
[11Oct2025 15:41:14.977] [Server thread/INFO] [net.playwright.magitacz.MagitaczMod/]: tacz:stock_carbon_bone_c5
[11Oct2025 15:41:15.077] [Server thread/INFO] [net.playwright.magitacz.MagitaczMod/]: tacz:stock_carbon_bone_c5
[11Oct2025 15:41:15.077] [Server thread/INFO] [net.playwright.magitacz.MagitaczMod/]: tacz:stock_carbon_bone_c5
[11Oct2025 15:41:15.177] [Server thread/INFO] [net.playwright.magitacz.MagitaczMod/]: tacz:stock_carbon_bone_c5
[11Oct2025 15:41:15.177] [Server thread/INFO] [net.playwright.magitacz.MagitaczMod/]: tacz:stock_carbon_bone_c5
[11Oct2025 15:41:15.279] [Server thread/INFO] [net.playwright.magitacz.MagitaczMod/]: tacz:stock_carbon_bone_c5
[11Oct2025 15:41:15.279] [Server thread/INFO] [net.playwright.magitacz.MagitaczMod/]: tacz:stock_carbon_bone_c5
[11Oct2025 15:41:15.289] [Server thread/INFO] [net.playwright.magitacz.MagitaczMod/]: tacz:stock_carbon_bone_c5
[11Oct2025 15:41:15.289] [Server thread/INFO] [net.playwright.magitacz.MagitaczMod/]: tacz:stock_carbon_bone_c5
[11Oct2025 15:41:15.290] [Server thread/INFO] [net.playwright.magitacz.MagitaczMod/]: [Damage] Chicken took 9.0 damage | type=irons_spellbooks:lightning_magic | direct=bullet | attacker=player
[11Oct2025 15:41:15.290] [Server thread/INFO] [net.playwright.magitacz.MagitaczMod/]: Bullet power multiplier: 1.68, calculated 1.68
[11Oct2025 15:41:15.291] [Server thread/DEBUG] [AMR Damage Debug/]: Gunshot killed Chicken['Chicken'/106, l='ServerLevel[New World]', x=22.85, y=90.00, z=-400.43], causes 4.0 damage
[11Oct2025 15:41:15.291] [Server thread/INFO] [net.playwright.magitacz.MagitaczMod/]: tacz:stock_carbon_bone_c5
[11Oct2025 15:41:15.291] [Server thread/INFO] [net.playwright.magitacz.MagitaczMod/]: tacz:stock_carbon_bone_c5
[11Oct2025 15:41:15.291] [Server thread/INFO] [net.playwright.magitacz.MagitaczMod/]: Kill Count: 34
[11Oct2025 15:41:15.291] [Server thread/INFO] [net.playwright.magitacz.MagitaczMod/]: 34 % 5
[11Oct2025 15:41:15.380] [Server thread/INFO] [net.playwright.magitacz.MagitaczMod/]: tacz:stock_carbon_bone_c5
[11Oct2025 15:41:15.380] [Server thread/INFO] [net.playwright.magitacz.MagitaczMod/]: tacz:stock_carbon_bone_c5
[11Oct2025 15:41:15.482] [Server thread/INFO] [net.playwright.magitacz.MagitaczMod/]: tacz:stock_carbon_bone_c5
[11Oct2025 15:41:15.482] [Server thread/INFO] [net.playwright.magitacz.MagitaczMod/]: tacz:stock_carbon_bone_c5
[11Oct2025 15:41:15.602] [Server thread/INFO] [net.playwright.magitacz.MagitaczMod/]: tacz:stock_carbon_bone_c5
[11Oct2025 15:41:15.602] [Server thread/INFO] [net.playwright.magitacz.MagitaczMod/]: tacz:stock_carbon_bone_c5
[11Oct2025 15:41:21.824] [Server thread/INFO] [net.playwright.magitacz.MagitaczMod/]: tacz:stock_carbon_bone_c5
[11Oct2025 15:41:21.824] [Server thread/INFO] [net.playwright.magitacz.MagitaczMod/]: tacz:stock_carbon_bone_c5
[11Oct2025 15:41:21.925] [Server thread/INFO] [net.playwright.magitacz.MagitaczMod/]: tacz:stock_carbon_bone_c5
[11Oct2025 15:41:21.925] [Server thread/INFO] [net.playwright.magitacz.MagitaczMod/]: tacz:stock_carbon_bone_c5
[11Oct2025 15:41:26.526] [Server thread/INFO] [net.playwright.magitacz.MagitaczMod/]: tacz:stock_carbon_bone_c5
[11Oct2025 15:41:26.526] [Server thread/INFO] [net.playwright.magitacz.MagitaczMod/]: tacz:stock_carbon_bone_c5
[11Oct2025 15:41:26.540] [Server thread/INFO] [net.playwright.magitacz.MagitaczMod/]: tacz:stock_carbon_bone_c5
[11Oct2025 15:41:26.540] [Server thread/INFO] [net.playwright.magitacz.MagitaczMod/]: tacz:stock_carbon_bone_c5
[11Oct2025 15:41:26.540] [Server thread/INFO] [net.playwright.magitacz.MagitaczMod/]: [Damage] Target Dummy took 9.0 damage | type=irons_spellbooks:lightning_magic | direct=bullet | attacker=player
[11Oct2025 15:41:26.540] [Server thread/INFO] [net.playwright.magitacz.MagitaczMod/]: Bullet power multiplier: 1.68, calculated 1.68
[11Oct2025 15:41:26.541] [Server thread/INFO] [net.playwright.magitacz.MagitaczMod/]: tacz:stock_carbon_bone_c5
[11Oct2025 15:41:26.541] [Server thread/INFO] [net.playwright.magitacz.MagitaczMod/]: tacz:stock_carbon_bone_c5
[11Oct2025 15:41:26.541] [Server thread/DEBUG] [AMR Damage Debug/]: Gunshot hurt TargetDummyEntity['Target Dummy'/1067, l='ServerLevel[New World]', x=28.50, y=90.00, z=-413.50], causes 0.0 damage
[11Oct2025 15:41:26.628] [Server thread/INFO] [net.playwright.magitacz.MagitaczMod/]: tacz:stock_carbon_bone_c5
[11Oct2025 15:41:26.628] [Server thread/INFO] [net.playwright.magitacz.MagitaczMod/]: tacz:stock_carbon_bone_c5
[11Oct2025 15:41:26.638] [Server thread/INFO] [net.playwright.magitacz.MagitaczMod/]: tacz:stock_carbon_bone_c5
[11Oct2025 15:41:26.638] [Server thread/INFO] [net.playwright.magitacz.MagitaczMod/]: tacz:stock_carbon_bone_c5
[11Oct2025 15:41:26.638] [Server thread/INFO] [net.playwright.magitacz.MagitaczMod/]: [Damage] Target Dummy took 9.0 damage | type=irons_spellbooks:lightning_magic | direct=bullet | attacker=player
[11Oct2025 15:41:26.640] [Server thread/INFO] [net.playwright.magitacz.MagitaczMod/]: Bullet power multiplier: 1.68, calculated 1.68
[11Oct2025 15:41:26.640] [Server thread/INFO] [net.playwright.magitacz.MagitaczMod/]: tacz:stock_carbon_bone_c5
[11Oct2025 15:41:26.640] [Server thread/INFO] [net.playwright.magitacz.MagitaczMod/]: tacz:stock_carbon_bone_c5
[11Oct2025 15:41:26.640] [Server thread/DEBUG] [AMR Damage Debug/]: Gunshot hurt TargetDummyEntity['Target Dummy'/1067, l='ServerLevel[New World]', x=28.50, y=90.00, z=-413.50], causes 0.0 damage
[11Oct2025 15:41:26.730] [Server thread/INFO] [net.playwright.magitacz.MagitaczMod/]: tacz:stock_carbon_bone_c5
[11Oct2025 15:41:26.730] [Server thread/INFO] [net.playwright.magitacz.MagitaczMod/]: tacz:stock_carbon_bone_c5
[11Oct2025 15:41:26.741] [Server thread/INFO] [net.playwright.magitacz.MagitaczMod/]: tacz:stock_carbon_bone_c5
[11Oct2025 15:41:26.742] [Server thread/INFO] [net.playwright.magitacz.MagitaczMod/]: tacz:stock_carbon_bone_c5
[11Oct2025 15:41:26.742] [Server thread/INFO] [net.playwright.magitacz.MagitaczMod/]: SHOOT HURT
[11Oct2025 15:41:26.742] [Server thread/INFO] [net.playwright.magitacz.MagitaczMod/]: [Damage] Target Dummy took 9.0 damage | type=irons_spellbooks:lightning_magic | direct=bullet | attacker=player
[11Oct2025 15:41:26.742] [Server thread/INFO] [net.playwright.magitacz.MagitaczMod/]: Bullet power multiplier: 1.68, calculated 1.68
[11Oct2025 15:41:26.743] [Server thread/INFO] [net.playwright.magitacz.MagitaczMod/]: tacz:stock_carbon_bone_c5
[11Oct2025 15:41:26.743] [Server thread/INFO] [net.playwright.magitacz.MagitaczMod/]: tacz:stock_carbon_bone_c5
[11Oct2025 15:41:26.743] [Server thread/INFO] [net.playwright.magitacz.MagitaczMod/]: SHOOT HURT
[11Oct2025 15:41:26.743] [Server thread/DEBUG] [AMR Damage Debug/]: Gunshot hurt TargetDummyEntity['Target Dummy'/1067, l='ServerLevel[New World]', x=28.50, y=90.00, z=-413.50], causes 0.0 damage
[11Oct2025 15:41:26.790] [Server thread/INFO] [net.playwright.magitacz.MagitaczMod/]: [Damage] Target Dummy took 11.76 damage | type=irons_spellbooks:lightning_magic | direct=chain_lightning | attacker=player
[11Oct2025 15:41:26.831] [Server thread/INFO] [net.playwright.magitacz.MagitaczMod/]: tacz:stock_carbon_bone_c5
[11Oct2025 15:41:26.831] [Server thread/INFO] [net.playwright.magitacz.MagitaczMod/]: tacz:stock_carbon_bone_c5
[11Oct2025 15:41:26.840] [Server thread/INFO] [net.playwright.magitacz.MagitaczMod/]: tacz:stock_carbon_bone_c5
[11Oct2025 15:41:26.841] [Server thread/INFO] [net.playwright.magitacz.MagitaczMod/]: tacz:stock_carbon_bone_c5
[11Oct2025 15:41:26.841] [Server thread/INFO] [net.playwright.magitacz.MagitaczMod/]: [Damage] Target Dummy took 9.0 damage | type=irons_spellbooks:lightning_magic | direct=bullet | attacker=player
[11Oct2025 15:41:26.841] [Server thread/INFO] [net.playwright.magitacz.MagitaczMod/]: Bullet power multiplier: 1.68, calculated 1.68
[11Oct2025 15:41:26.841] [Server thread/INFO] [net.playwright.magitacz.MagitaczMod/]: tacz:stock_carbon_bone_c5
[11Oct2025 15:41:26.841] [Server thread/INFO] [net.playwright.magitacz.MagitaczMod/]: tacz:stock_carbon_bone_c5
[11Oct2025 15:41:26.841] [Server thread/DEBUG] [AMR Damage Debug/]: Gunshot hurt TargetDummyEntity['Target Dummy'/1067, l='ServerLevel[New World]', x=28.50, y=90.00, z=-413.50], causes 0.0 damage
[11Oct2025 15:41:26.931] [Server thread/INFO] [net.playwright.magitacz.MagitaczMod/]: tacz:stock_carbon_bone_c5
[11Oct2025 15:41:26.931] [Server thread/INFO] [net.playwright.magitacz.MagitaczMod/]: tacz:stock_carbon_bone_c5
[11Oct2025 15:41:26.940] [Server thread/INFO] [net.playwright.magitacz.MagitaczMod/]: tacz:stock_carbon_bone_c5
[11Oct2025 15:41:26.940] [Server thread/INFO] [net.playwright.magitacz.MagitaczMod/]: tacz:stock_carbon_bone_c5
[11Oct2025 15:41:26.940] [Server thread/INFO] [net.playwright.magitacz.MagitaczMod/]: [Damage] Target Dummy took 9.0 damage | type=irons_spellbooks:lightning_magic | direct=bullet | attacker=player
[11Oct2025 15:41:26.940] [Server thread/INFO] [net.playwright.magitacz.MagitaczMod/]: Bullet power multiplier: 1.68, calculated 1.68
[11Oct2025 15:41:26.941] [Server thread/INFO] [net.playwright.magitacz.MagitaczMod/]: tacz:stock_carbon_bone_c5
[11Oct2025 15:41:26.941] [Server thread/INFO] [net.playwright.magitacz.MagitaczMod/]: tacz:stock_carbon_bone_c5
[11Oct2025 15:41:26.941] [Server thread/DEBUG] [AMR Damage Debug/]: Gunshot hurt TargetDummyEntity['Target Dummy'/1067, l='ServerLevel[New World]', x=28.50, y=90.00, z=-413.50], causes 0.0 damage
[11Oct2025 15:41:27.031] [Server thread/INFO] [net.playwright.magitacz.MagitaczMod/]: tacz:stock_carbon_bone_c5
[11Oct2025 15:41:27.031] [Server thread/INFO] [net.playwright.magitacz.MagitaczMod/]: tacz:stock_carbon_bone_c5
[11Oct2025 15:41:27.040] [Server thread/INFO] [net.playwright.magitacz.MagitaczMod/]: tacz:stock_carbon_bone_c5
[11Oct2025 15:41:27.040] [Server thread/INFO] [net.playwright.magitacz.MagitaczMod/]: tacz:stock_carbon_bone_c5
[11Oct2025 15:41:27.040] [Server thread/INFO] [net.playwright.magitacz.MagitaczMod/]: [Damage] Target Dummy took 9.0 damage | type=irons_spellbooks:lightning_magic | direct=bullet | attacker=player
[11Oct2025 15:41:27.040] [Server thread/INFO] [net.playwright.magitacz.MagitaczMod/]: Bullet power multiplier: 1.68, calculated 1.68
[11Oct2025 15:41:27.041] [Server thread/INFO] [net.playwright.magitacz.MagitaczMod/]: tacz:stock_carbon_bone_c5
[11Oct2025 15:41:27.041] [Server thread/INFO] [net.playwright.magitacz.MagitaczMod/]: tacz:stock_carbon_bone_c5
[11Oct2025 15:41:27.041] [Server thread/DEBUG] [AMR Damage Debug/]: Gunshot hurt TargetDummyEntity['Target Dummy'/1067, l='ServerLevel[New World]', x=28.50, y=90.00, z=-413.50], causes 0.0 damage
[11Oct2025 15:41:27.131] [Server thread/INFO] [net.playwright.magitacz.MagitaczMod/]: tacz:stock_carbon_bone_c5
[11Oct2025 15:41:27.131] [Server thread/INFO] [net.playwright.magitacz.MagitaczMod/]: tacz:stock_carbon_bone_c5
[11Oct2025 15:41:27.141] [Server thread/INFO] [net.playwright.magitacz.MagitaczMod/]: tacz:stock_carbon_bone_c5
[11Oct2025 15:41:27.141] [Server thread/INFO] [net.playwright.magitacz.MagitaczMod/]: tacz:stock_carbon_bone_c5
[11Oct2025 15:41:27.142] [Server thread/INFO] [net.playwright.magitacz.MagitaczMod/]: [Damage] Target Dummy took 13.5 damage | type=irons_spellbooks:lightning_magic | direct=bullet | attacker=player
[11Oct2025 15:41:27.142] [Server thread/INFO] [net.playwright.magitacz.MagitaczMod/]: Bullet power multiplier: 1.68, calculated 1.68
[11Oct2025 15:41:27.142] [Server thread/INFO] [net.playwright.magitacz.MagitaczMod/]: tacz:stock_carbon_bone_c5
[11Oct2025 15:41:27.142] [Server thread/INFO] [net.playwright.magitacz.MagitaczMod/]: tacz:stock_carbon_bone_c5
[11Oct2025 15:41:27.142] [Server thread/DEBUG] [AMR Damage Debug/]: Gunshot hurt TargetDummyEntity['Target Dummy'/1067, l='ServerLevel[New World]', x=28.50, y=90.00, z=-413.50], causes 0.0 damage
[11Oct2025 15:41:27.233] [Server thread/INFO] [net.playwright.magitacz.MagitaczMod/]: tacz:stock_carbon_bone_c5
[11Oct2025 15:41:27.233] [Server thread/INFO] [net.playwright.magitacz.MagitaczMod/]: tacz:stock_carbon_bone_c5
[11Oct2025 15:41:27.238] [Server thread/INFO] [net.playwright.magitacz.MagitaczMod/]: tacz:stock_carbon_bone_c5
[11Oct2025 15:41:27.240] [Server thread/INFO] [net.playwright.magitacz.MagitaczMod/]: tacz:stock_carbon_bone_c5
[11Oct2025 15:41:27.240] [Server thread/INFO] [net.playwright.magitacz.MagitaczMod/]: SHOOT HURT
[11Oct2025 15:41:27.240] [Server thread/INFO] [net.playwright.magitacz.MagitaczMod/]: [Damage] Target Dummy took 9.0 damage | type=irons_spellbooks:lightning_magic | direct=bullet | attacker=player
[11Oct2025 15:41:27.240] [Server thread/INFO] [net.playwright.magitacz.MagitaczMod/]: Bullet power multiplier: 1.68, calculated 1.68
[11Oct2025 15:41:27.240] [Server thread/INFO] [net.playwright.magitacz.MagitaczMod/]: tacz:stock_carbon_bone_c5
[11Oct2025 15:41:27.240] [Server thread/INFO] [net.playwright.magitacz.MagitaczMod/]: tacz:stock_carbon_bone_c5
[11Oct2025 15:41:27.240] [Server thread/INFO] [net.playwright.magitacz.MagitaczMod/]: SHOOT HURT
[11Oct2025 15:41:27.240] [Server thread/DEBUG] [AMR Damage Debug/]: Gunshot hurt TargetDummyEntity['Target Dummy'/1067, l='ServerLevel[New World]', x=28.50, y=90.00, z=-413.50], causes 0.0 damage
[11Oct2025 15:41:27.290] [Server thread/INFO] [net.playwright.magitacz.MagitaczMod/]: [Damage] Target Dummy took 17.64 damage | type=irons_spellbooks:lightning_magic | direct=chain_lightning | attacker=player
[11Oct2025 15:41:27.334] [Server thread/INFO] [net.playwright.magitacz.MagitaczMod/]: tacz:stock_carbon_bone_c5
[11Oct2025 15:41:27.334] [Server thread/INFO] [net.playwright.magitacz.MagitaczMod/]: tacz:stock_carbon_bone_c5
[11Oct2025 15:41:27.341] [Server thread/INFO] [net.playwright.magitacz.MagitaczMod/]: tacz:stock_carbon_bone_c5
[11Oct2025 15:41:27.341] [Server thread/INFO] [net.playwright.magitacz.MagitaczMod/]: tacz:stock_carbon_bone_c5
[11Oct2025 15:41:27.341] [Server thread/INFO] [net.playwright.magitacz.MagitaczMod/]: [Damage] Target Dummy took 9.0 damage | type=irons_spellbooks:lightning_magic | direct=bullet | attacker=player
[11Oct2025 15:41:27.341] [Server thread/INFO] [net.playwright.magitacz.MagitaczMod/]: Bullet power multiplier: 1.68, calculated 1.68
[11Oct2025 15:41:27.341] [Server thread/INFO] [net.playwright.magitacz.MagitaczMod/]: tacz:stock_carbon_bone_c5
[11Oct2025 15:41:27.341] [Server thread/INFO] [net.playwright.magitacz.MagitaczMod/]: tacz:stock_carbon_bone_c5
[11Oct2025 15:41:27.341] [Server thread/DEBUG] [AMR Damage Debug/]: Gunshot hurt TargetDummyEntity['Target Dummy'/1067, l='ServerLevel[New World]', x=28.50, y=90.00, z=-413.50], causes 0.0 damage
[11Oct2025 15:41:27.439] [Server thread/INFO] [net.playwright.magitacz.MagitaczMod/]: tacz:stock_carbon_bone_c5
[11Oct2025 15:41:27.439] [Server thread/INFO] [net.playwright.magitacz.MagitaczMod/]: tacz:stock_carbon_bone_c5
[11Oct2025 15:41:27.490] [Server thread/INFO] [net.playwright.magitacz.MagitaczMod/]: tacz:stock_carbon_bone_c5
[11Oct2025 15:41:27.490] [Server thread/INFO] [net.playwright.magitacz.MagitaczMod/]: tacz:stock_carbon_bone_c5
[11Oct2025 15:41:27.490] [Server thread/INFO] [net.playwright.magitacz.MagitaczMod/]: [Damage] Target Dummy took 9.0 damage | type=irons_spellbooks:lightning_magic | direct=bullet | attacker=player
[11Oct2025 15:41:27.490] [Server thread/INFO] [net.playwright.magitacz.MagitaczMod/]: Bullet power multiplier: 1.68, calculated 1.68
[11Oct2025 15:41:27.491] [Server thread/INFO] [net.playwright.magitacz.MagitaczMod/]: tacz:stock_carbon_bone_c5
[11Oct2025 15:41:27.491] [Server thread/INFO] [net.playwright.magitacz.MagitaczMod/]: tacz:stock_carbon_bone_c5
[11Oct2025 15:41:27.491] [Server thread/DEBUG] [AMR Damage Debug/]: Gunshot hurt TargetDummyEntity['Target Dummy'/1067, l='ServerLevel[New World]', x=28.50, y=90.00, z=-413.50], causes 0.0 damage
[11Oct2025 15:41:27.540] [Server thread/INFO] [net.playwright.magitacz.MagitaczMod/]: tacz:stock_carbon_bone_c5
[11Oct2025 15:41:27.540] [Server thread/INFO] [net.playwright.magitacz.MagitaczMod/]: tacz:stock_carbon_bone_c5
[11Oct2025 15:41:27.591] [Server thread/INFO] [net.playwright.magitacz.MagitaczMod/]: tacz:stock_carbon_bone_c5
[11Oct2025 15:41:27.591] [Server thread/INFO] [net.playwright.magitacz.MagitaczMod/]: tacz:stock_carbon_bone_c5
[11Oct2025 15:41:27.591] [Server thread/INFO] [net.playwright.magitacz.MagitaczMod/]: [Damage] Target Dummy took 9.0 damage | type=irons_spellbooks:lightning_magic | direct=bullet | attacker=player
[11Oct2025 15:41:27.591] [Server thread/INFO] [net.playwright.magitacz.MagitaczMod/]: Bullet power multiplier: 1.68, calculated 1.68
[11Oct2025 15:41:27.592] [Server thread/INFO] [net.playwright.magitacz.MagitaczMod/]: tacz:stock_carbon_bone_c5
[11Oct2025 15:41:27.592] [Server thread/INFO] [net.playwright.magitacz.MagitaczMod/]: tacz:stock_carbon_bone_c5
[11Oct2025 15:41:27.592] [Server thread/DEBUG] [AMR Damage Debug/]: Gunshot hurt TargetDummyEntity['Target Dummy'/1067, l='ServerLevel[New World]', x=28.50, y=90.00, z=-413.50], causes 0.0 damage
[11Oct2025 15:41:27.642] [Server thread/INFO] [net.playwright.magitacz.MagitaczMod/]: tacz:stock_carbon_bone_c5
[11Oct2025 15:41:27.642] [Server thread/INFO] [net.playwright.magitacz.MagitaczMod/]: tacz:stock_carbon_bone_c5
[11Oct2025 15:41:27.691] [Server thread/INFO] [net.playwright.magitacz.MagitaczMod/]: tacz:stock_carbon_bone_c5
[11Oct2025 15:41:27.691] [Server thread/INFO] [net.playwright.magitacz.MagitaczMod/]: tacz:stock_carbon_bone_c5
[11Oct2025 15:41:27.691] [Server thread/INFO] [net.playwright.magitacz.MagitaczMod/]: [Damage] Target Dummy took 9.0 damage | type=irons_spellbooks:lightning_magic | direct=bullet | attacker=player
[11Oct2025 15:41:27.691] [Server thread/INFO] [net.playwright.magitacz.MagitaczMod/]: Bullet power multiplier: 1.68, calculated 1.68
[11Oct2025 15:41:27.692] [Server thread/INFO] [net.playwright.magitacz.MagitaczMod/]: tacz:stock_carbon_bone_c5
[11Oct2025 15:41:27.692] [Server thread/INFO] [net.playwright.magitacz.MagitaczMod/]: tacz:stock_carbon_bone_c5
[11Oct2025 15:41:27.692] [Server thread/DEBUG] [AMR Damage Debug/]: Gunshot hurt TargetDummyEntity['Target Dummy'/1067, l='ServerLevel[New World]', x=28.50, y=90.00, z=-413.50], causes 0.0 damage
[11Oct2025 15:41:27.740] [Server thread/INFO] [net.playwright.magitacz.MagitaczMod/]: tacz:stock_carbon_bone_c5
[11Oct2025 15:41:27.741] [Server thread/INFO] [net.playwright.magitacz.MagitaczMod/]: tacz:stock_carbon_bone_c5
[11Oct2025 15:41:27.841] [Server thread/INFO] [net.playwright.magitacz.MagitaczMod/]: tacz:stock_carbon_bone_c5
[11Oct2025 15:41:27.841] [Server thread/INFO] [net.playwright.magitacz.MagitaczMod/]: tacz:stock_carbon_bone_c5
[11Oct2025 15:41:27.890] [Server thread/INFO] [net.playwright.magitacz.MagitaczMod/]: tacz:stock_carbon_bone_c5
[11Oct2025 15:41:27.890] [Server thread/INFO] [net.playwright.magitacz.MagitaczMod/]: tacz:stock_carbon_bone_c5
[11Oct2025 15:41:27.890] [Server thread/INFO] [net.playwright.magitacz.MagitaczMod/]: [Damage] Target Dummy took 9.0 damage | type=irons_spellbooks:lightning_magic | direct=bullet | attacker=player
[11Oct2025 15:41:27.890] [Server thread/INFO] [net.playwright.magitacz.MagitaczMod/]: Bullet power multiplier: 1.68, calculated 1.68
[11Oct2025 15:41:27.892] [Server thread/INFO] [net.playwright.magitacz.MagitaczMod/]: tacz:stock_carbon_bone_c5
[11Oct2025 15:41:27.892] [Server thread/INFO] [net.playwright.magitacz.MagitaczMod/]: tacz:stock_carbon_bone_c5
[11Oct2025 15:41:27.892] [Server thread/DEBUG] [AMR Damage Debug/]: Gunshot hurt TargetDummyEntity['Target Dummy'/1067, l='ServerLevel[New World]', x=28.50, y=90.00, z=-413.50], causes 0.0 damage
[11Oct2025 15:41:27.940] [Server thread/INFO] [net.playwright.magitacz.MagitaczMod/]: tacz:stock_carbon_bone_c5
[11Oct2025 15:41:27.940] [Server thread/INFO] [net.playwright.magitacz.MagitaczMod/]: tacz:stock_carbon_bone_c5
[11Oct2025 15:41:27.991] [Server thread/INFO] [net.playwright.magitacz.MagitaczMod/]: tacz:stock_carbon_bone_c5
[11Oct2025 15:41:27.991] [Server thread/INFO] [net.playwright.magitacz.MagitaczMod/]: tacz:stock_carbon_bone_c5
[11Oct2025 15:41:27.991] [Server thread/INFO] [net.playwright.magitacz.MagitaczMod/]: [Damage] Target Dummy took 9.0 damage | type=irons_spellbooks:lightning_magic | direct=bullet | attacker=player
[11Oct2025 15:41:27.991] [Server thread/INFO] [net.playwright.magitacz.MagitaczMod/]: Bullet power multiplier: 1.68, calculated 1.68
[11Oct2025 15:41:27.991] [Server thread/INFO] [net.playwright.magitacz.MagitaczMod/]: tacz:stock_carbon_bone_c5
[11Oct2025 15:41:27.991] [Server thread/INFO] [net.playwright.magitacz.MagitaczMod/]: tacz:stock_carbon_bone_c5
[11Oct2025 15:41:27.992] [Server thread/DEBUG] [AMR Damage Debug/]: Gunshot hurt TargetDummyEntity['Target Dummy'/1067, l='ServerLevel[New World]', x=28.50, y=90.00, z=-413.50], causes 0.0 damage
[11Oct2025 15:41:28.041] [Server thread/INFO] [net.playwright.magitacz.MagitaczMod/]: tacz:stock_carbon_bone_c5
[11Oct2025 15:41:28.041] [Server thread/INFO] [net.playwright.magitacz.MagitaczMod/]: tacz:stock_carbon_bone_c5
[11Oct2025 15:41:28.142] [Server thread/INFO] [net.playwright.magitacz.MagitaczMod/]: tacz:stock_carbon_bone_c5
[11Oct2025 15:41:28.142] [Server thread/INFO] [net.playwright.magitacz.MagitaczMod/]: tacz:stock_carbon_bone_c5
[11Oct2025 15:41:28.243] [Server thread/INFO] [net.playwright.magitacz.MagitaczMod/]: tacz:stock_carbon_bone_c5
[11Oct2025 15:41:28.243] [Server thread/INFO] [net.playwright.magitacz.MagitaczMod/]: tacz:stock_carbon_bone_c5
[11Oct2025 15:41:28.345] [Server thread/INFO] [net.playwright.magitacz.MagitaczMod/]: tacz:stock_carbon_bone_c5
[11Oct2025 15:41:28.345] [Server thread/INFO] [net.playwright.magitacz.MagitaczMod/]: tacz:stock_carbon_bone_c5
[11Oct2025 15:41:28.446] [Server thread/INFO] [net.playwright.magitacz.MagitaczMod/]: tacz:stock_carbon_bone_c5
[11Oct2025 15:41:28.446] [Server thread/INFO] [net.playwright.magitacz.MagitaczMod/]: tacz:stock_carbon_bone_c5
[11Oct2025 15:41:28.489] [Server thread/INFO] [net.playwright.magitacz.MagitaczMod/]: tacz:stock_carbon_bone_c5
[11Oct2025 15:41:28.489] [Server thread/INFO] [net.playwright.magitacz.MagitaczMod/]: tacz:stock_carbon_bone_c5
[11Oct2025 15:41:28.489] [Server thread/INFO] [net.playwright.magitacz.MagitaczMod/]: [Damage] Target Dummy took 9.0 damage | type=irons_spellbooks:lightning_magic | direct=bullet | attacker=player
[11Oct2025 15:41:28.489] [Server thread/INFO] [net.playwright.magitacz.MagitaczMod/]: Bullet power multiplier: 1.68, calculated 1.68
[11Oct2025 15:41:28.490] [Server thread/INFO] [net.playwright.magitacz.MagitaczMod/]: tacz:stock_carbon_bone_c5
[11Oct2025 15:41:28.490] [Server thread/INFO] [net.playwright.magitacz.MagitaczMod/]: tacz:stock_carbon_bone_c5
[11Oct2025 15:41:28.490] [Server thread/DEBUG] [AMR Damage Debug/]: Gunshot hurt TargetDummyEntity['Target Dummy'/1067, l='ServerLevel[New World]', x=28.50, y=90.00, z=-413.50], causes 0.0 damage
[11Oct2025 15:41:28.547] [Server thread/INFO] [net.playwright.magitacz.MagitaczMod/]: tacz:stock_carbon_bone_c5
[11Oct2025 15:41:28.547] [Server thread/INFO] [net.playwright.magitacz.MagitaczMod/]: tacz:stock_carbon_bone_c5
[11Oct2025 15:41:28.648] [Server thread/INFO] [net.playwright.magitacz.MagitaczMod/]: tacz:stock_carbon_bone_c5
[11Oct2025 15:41:28.648] [Server thread/INFO] [net.playwright.magitacz.MagitaczMod/]: tacz:stock_carbon_bone_c5
[11Oct2025 15:41:28.748] [Server thread/INFO] [net.playwright.magitacz.MagitaczMod/]: tacz:stock_carbon_bone_c5
[11Oct2025 15:41:28.748] [Server thread/INFO] [net.playwright.magitacz.MagitaczMod/]: tacz:stock_carbon_bone_c5
[11Oct2025 15:41:28.850] [Server thread/INFO] [net.playwright.magitacz.MagitaczMod/]: tacz:stock_carbon_bone_c5
[11Oct2025 15:41:28.850] [Server thread/INFO] [net.playwright.magitacz.MagitaczMod/]: tacz:stock_carbon_bone_c5
[11Oct2025 15:41:28.890] [Server thread/INFO] [net.playwright.magitacz.MagitaczMod/]: tacz:stock_carbon_bone_c5
[11Oct2025 15:41:28.890] [Server thread/INFO] [net.playwright.magitacz.MagitaczMod/]: tacz:stock_carbon_bone_c5
[11Oct2025 15:41:28.891] [Server thread/INFO] [net.playwright.magitacz.MagitaczMod/]: [Damage] Target Dummy took 9.0 damage | type=irons_spellbooks:lightning_magic | direct=bullet | attacker=player
[11Oct2025 15:41:28.891] [Server thread/INFO] [net.playwright.magitacz.MagitaczMod/]: Bullet power multiplier: 1.68, calculated 1.68
[11Oct2025 15:41:28.891] [Server thread/INFO] [net.playwright.magitacz.MagitaczMod/]: tacz:stock_carbon_bone_c5
[11Oct2025 15:41:28.891] [Server thread/INFO] [net.playwright.magitacz.MagitaczMod/]: tacz:stock_carbon_bone_c5
[11Oct2025 15:41:28.891] [Server thread/DEBUG] [AMR Damage Debug/]: Gunshot hurt TargetDummyEntity['Target Dummy'/1067, l='ServerLevel[New World]', x=28.50, y=90.00, z=-413.50], causes 0.0 damage
[11Oct2025 15:41:28.951] [Server thread/INFO] [net.playwright.magitacz.MagitaczMod/]: tacz:stock_carbon_bone_c5
[11Oct2025 15:41:28.951] [Server thread/INFO] [net.playwright.magitacz.MagitaczMod/]: tacz:stock_carbon_bone_c5
[11Oct2025 15:41:29.053] [Server thread/INFO] [net.playwright.magitacz.MagitaczMod/]: tacz:stock_carbon_bone_c5
[11Oct2025 15:41:29.053] [Server thread/INFO] [net.playwright.magitacz.MagitaczMod/]: tacz:stock_carbon_bone_c5
[11Oct2025 15:41:29.154] [Server thread/INFO] [net.playwright.magitacz.MagitaczMod/]: tacz:stock_carbon_bone_c5
[11Oct2025 15:41:29.154] [Server thread/INFO] [net.playwright.magitacz.MagitaczMod/]: tacz:stock_carbon_bone_c5
[11Oct2025 15:41:29.256] [Server thread/INFO] [net.playwright.magitacz.MagitaczMod/]: tacz:stock_carbon_bone_c5
[11Oct2025 15:41:29.256] [Server thread/INFO] [net.playwright.magitacz.MagitaczMod/]: tacz:stock_carbon_bone_c5
[11Oct2025 15:41:29.291] [Server thread/INFO] [net.playwright.magitacz.MagitaczMod/]: tacz:stock_carbon_bone_c5
[11Oct2025 15:41:29.291] [Server thread/INFO] [net.playwright.magitacz.MagitaczMod/]: tacz:stock_carbon_bone_c5
[11Oct2025 15:41:29.291] [Server thread/INFO] [net.playwright.magitacz.MagitaczMod/]: SHOOT HURT
[11Oct2025 15:41:29.292] [Server thread/INFO] [net.playwright.magitacz.MagitaczMod/]: [Damage] Target Dummy took 9.0 damage | type=irons_spellbooks:lightning_magic | direct=bullet | attacker=player
[11Oct2025 15:41:29.292] [Server thread/INFO] [net.playwright.magitacz.MagitaczMod/]: Bullet power multiplier: 1.68, calculated 1.68
[11Oct2025 15:41:29.292] [Server thread/INFO] [net.playwright.magitacz.MagitaczMod/]: tacz:stock_carbon_bone_c5
[11Oct2025 15:41:29.292] [Server thread/INFO] [net.playwright.magitacz.MagitaczMod/]: tacz:stock_carbon_bone_c5
[11Oct2025 15:41:29.292] [Server thread/INFO] [net.playwright.magitacz.MagitaczMod/]: SHOOT HURT
[11Oct2025 15:41:29.293] [Server thread/DEBUG] [AMR Damage Debug/]: Gunshot hurt TargetDummyEntity['Target Dummy'/1067, l='ServerLevel[New World]', x=28.50, y=90.00, z=-413.50], causes 0.0 damage
[11Oct2025 15:41:29.340] [Server thread/INFO] [net.playwright.magitacz.MagitaczMod/]: [Damage] Target Dummy took 11.76 damage | type=irons_spellbooks:lightning_magic | direct=chain_lightning | attacker=player
[11Oct2025 15:41:29.358] [Server thread/INFO] [net.playwright.magitacz.MagitaczMod/]: tacz:stock_carbon_bone_c5
[11Oct2025 15:41:29.358] [Server thread/INFO] [net.playwright.magitacz.MagitaczMod/]: tacz:stock_carbon_bone_c5
[11Oct2025 15:41:29.391] [Server thread/INFO] [net.playwright.magitacz.MagitaczMod/]: tacz:stock_carbon_bone_c5
[11Oct2025 15:41:29.391] [Server thread/INFO] [net.playwright.magitacz.MagitaczMod/]: tacz:stock_carbon_bone_c5
[11Oct2025 15:41:29.391] [Server thread/INFO] [net.playwright.magitacz.MagitaczMod/]: [Damage] Target Dummy took 9.0 damage | type=irons_spellbooks:lightning_magic | direct=bullet | attacker=player
[11Oct2025 15:41:29.391] [Server thread/INFO] [net.playwright.magitacz.MagitaczMod/]: Bullet power multiplier: 1.68, calculated 1.68
[11Oct2025 15:41:29.391] [Server thread/INFO] [net.playwright.magitacz.MagitaczMod/]: tacz:stock_carbon_bone_c5
[11Oct2025 15:41:29.392] [Server thread/INFO] [net.playwright.magitacz.MagitaczMod/]: tacz:stock_carbon_bone_c5
[11Oct2025 15:41:29.392] [Server thread/DEBUG] [AMR Damage Debug/]: Gunshot hurt TargetDummyEntity['Target Dummy'/1067, l='ServerLevel[New World]', x=28.50, y=90.00, z=-413.50], causes 0.0 damage
[11Oct2025 15:41:43.691] [Server thread/INFO] [net.playwright.magitacz.MagitaczMod/]: [Damage] Target Dummy took 5.1000004 damage | type=irons_spellbooks:blood_magic | direct=blood_needle | attacker=player
[11Oct2025 15:41:43.692] [Server thread/INFO] [net.playwright.magitacz.MagitaczMod/]: [Damage] Target Dummy took 5.1000004 damage | type=irons_spellbooks:blood_magic | direct=blood_needle | attacker=player
[11Oct2025 15:41:43.693] [Server thread/INFO] [net.playwright.magitacz.MagitaczMod/]: [Damage] Target Dummy took 5.1000004 damage | type=irons_spellbooks:blood_magic | direct=blood_needle | attacker=player
[11Oct2025 15:41:44.090] [Server thread/INFO] [net.playwright.magitacz.MagitaczMod/]: [Damage] Target Dummy took 5.1000004 damage | type=irons_spellbooks:blood_magic | direct=blood_needle | attacker=player
[11Oct2025 15:41:44.091] [Server thread/INFO] [net.playwright.magitacz.MagitaczMod/]: [Damage] Target Dummy took 5.1000004 damage | type=irons_spellbooks:blood_magic | direct=blood_needle | attacker=player
[11Oct2025 15:41:44.091] [Server thread/INFO] [net.playwright.magitacz.MagitaczMod/]: [Damage] Target Dummy took 5.1000004 damage | type=irons_spellbooks:blood_magic | direct=blood_needle | attacker=player
[11Oct2025 15:41:44.091] [Server thread/INFO] [net.playwright.magitacz.MagitaczMod/]: [Damage] Target Dummy took 5.1000004 damage | type=irons_spellbooks:blood_magic | direct=blood_needle | attacker=player
[11Oct2025 15:41:44.092] [Server thread/INFO] [net.playwright.magitacz.MagitaczMod/]: [Damage] Target Dummy took 5.1000004 damage | type=irons_spellbooks:blood_magic | direct=blood_needle | attacker=player
[11Oct2025 15:41:44.292] [Server thread/INFO] [net.playwright.magitacz.MagitaczMod/]: [Damage] Target Dummy took 5.1000004 damage | type=irons_spellbooks:blood_magic | direct=blood_needle | attacker=player
[11Oct2025 15:41:44.293] [Server thread/INFO] [net.playwright.magitacz.MagitaczMod/]: [Damage] Target Dummy took 5.1000004 damage | type=irons_spellbooks:blood_magic | direct=blood_needle | attacker=player
[11Oct2025 15:41:44.293] [Server thread/INFO] [net.playwright.magitacz.MagitaczMod/]: [Damage] Target Dummy took 5.1000004 damage | type=irons_spellbooks:blood_magic | direct=blood_needle | attacker=player
[11Oct2025 15:41:44.294] [Server thread/INFO] [net.playwright.magitacz.MagitaczMod/]: [Damage] Target Dummy took 5.1000004 damage | type=irons_spellbooks:blood_magic | direct=blood_needle | attacker=player
[11Oct2025 15:41:44.294] [Server thread/INFO] [net.playwright.magitacz.MagitaczMod/]: [Damage] Target Dummy took 5.1000004 damage | type=irons_spellbooks:blood_magic | direct=blood_needle | attacker=player
[11Oct2025 15:41:44.489] [Server thread/INFO] [net.playwright.magitacz.MagitaczMod/]: [Damage] Target Dummy took 5.1000004 damage | type=irons_spellbooks:blood_magic | direct=blood_needle | attacker=player
[11Oct2025 15:41:44.489] [Server thread/INFO] [net.playwright.magitacz.MagitaczMod/]: [Damage] Target Dummy took 5.1000004 damage | type=irons_spellbooks:blood_magic | direct=blood_needle | attacker=player
[11Oct2025 15:41:44.489] [Server thread/INFO] [net.playwright.magitacz.MagitaczMod/]: [Damage] Target Dummy took 5.1000004 damage | type=irons_spellbooks:blood_magic | direct=blood_needle | attacker=player
[11Oct2025 15:41:44.490] [Server thread/INFO] [net.playwright.magitacz.MagitaczMod/]: [Damage] Target Dummy took 5.1000004 damage | type=irons_spellbooks:blood_magic | direct=blood_needle | attacker=player
[11Oct2025 15:41:44.490] [Server thread/INFO] [net.playwright.magitacz.MagitaczMod/]: [Damage] Target Dummy took 5.1000004 damage | type=irons_spellbooks:blood_magic | direct=blood_needle | attacker=player
[11Oct2025 15:41:44.740] [Server thread/INFO] [net.playwright.magitacz.MagitaczMod/]: [Damage] Target Dummy took 5.1000004 damage | type=irons_spellbooks:blood_magic | direct=blood_needle | attacker=player
[11Oct2025 15:41:44.740] [Server thread/INFO] [net.playwright.magitacz.MagitaczMod/]: [Damage] Target Dummy took 5.1000004 damage | type=irons_spellbooks:blood_magic | direct=blood_needle | attacker=player
[11Oct2025 15:41:44.741] [Server thread/INFO] [net.playwright.magitacz.MagitaczMod/]: [Damage] Target Dummy took 5.1000004 damage | type=irons_spellbooks:blood_magic | direct=blood_needle | attacker=player
[11Oct2025 15:41:44.741] [Server thread/INFO] [net.playwright.magitacz.MagitaczMod/]: [Damage] Target Dummy took 5.1000004 damage | type=irons_spellbooks:blood_magic | direct=blood_needle | attacker=player
[11Oct2025 15:41:44.741] [Server thread/INFO] [net.playwright.magitacz.MagitaczMod/]: [Damage] Target Dummy took 7.6500006 damage | type=irons_spellbooks:blood_magic | direct=blood_needle | attacker=player
[11Oct2025 15:41:44.940] [Server thread/INFO] [net.playwright.magitacz.MagitaczMod/]: [Damage] Target Dummy took 5.1000004 damage | type=irons_spellbooks:blood_magic | direct=blood_needle | attacker=player
[11Oct2025 15:41:44.941] [Server thread/INFO] [net.playwright.magitacz.MagitaczMod/]: [Damage] Target Dummy took 5.1000004 damage | type=irons_spellbooks:blood_magic | direct=blood_needle | attacker=player
[11Oct2025 15:41:44.941] [Server thread/INFO] [net.playwright.magitacz.MagitaczMod/]: [Damage] Target Dummy took 5.1000004 damage | type=irons_spellbooks:blood_magic | direct=blood_needle | attacker=player
[11Oct2025 15:41:44.941] [Server thread/INFO] [net.playwright.magitacz.MagitaczMod/]: [Damage] Target Dummy took 5.1000004 damage | type=irons_spellbooks:blood_magic | direct=blood_needle | attacker=player
[11Oct2025 15:41:44.942] [Server thread/INFO] [net.playwright.magitacz.MagitaczMod/]: [Damage] Target Dummy took 5.1000004 damage | type=irons_spellbooks:blood_magic | direct=blood_needle | attacker=player
[11Oct2025 15:41:45.189] [Server thread/INFO] [net.playwright.magitacz.MagitaczMod/]: [Damage] Target Dummy took 7.6500006 damage | type=irons_spellbooks:blood_magic | direct=blood_needle | attacker=player
[11Oct2025 15:41:45.189] [Server thread/INFO] [net.playwright.magitacz.MagitaczMod/]: [Damage] Target Dummy took 5.1000004 damage | type=irons_spellbooks:blood_magic | direct=blood_needle | attacker=player
[11Oct2025 15:41:45.190] [Server thread/INFO] [net.playwright.magitacz.MagitaczMod/]: [Damage] Target Dummy took 5.1000004 damage | type=irons_spellbooks:blood_magic | direct=blood_needle | attacker=player
[11Oct2025 15:41:45.190] [Server thread/INFO] [net.playwright.magitacz.MagitaczMod/]: [Damage] Target Dummy took 5.1000004 damage | type=irons_spellbooks:blood_magic | direct=blood_needle | attacker=player
[11Oct2025 15:41:45.190] [Server thread/INFO] [net.playwright.magitacz.MagitaczMod/]: [Damage] Target Dummy took 5.1000004 damage | type=irons_spellbooks:blood_magic | direct=blood_needle | attacker=player
[11Oct2025 15:41:45.641] [Server thread/INFO] [net.playwright.magitacz.MagitaczMod/]: [Damage] Target Dummy took 5.1000004 damage | type=irons_spellbooks:blood_magic | direct=blood_needle | attacker=player
[11Oct2025 15:41:45.641] [Server thread/INFO] [net.playwright.magitacz.MagitaczMod/]: [Damage] Target Dummy took 5.1000004 damage | type=irons_spellbooks:blood_magic | direct=blood_needle | attacker=player
[11Oct2025 15:41:45.642] [Server thread/INFO] [net.playwright.magitacz.MagitaczMod/]: [Damage] Target Dummy took 5.1000004 damage | type=irons_spellbooks:blood_magic | direct=blood_needle | attacker=player
[11Oct2025 15:41:45.642] [Server thread/INFO] [net.playwright.magitacz.MagitaczMod/]: [Damage] Target Dummy took 5.1000004 damage | type=irons_spellbooks:blood_magic | direct=blood_needle | attacker=player
[11Oct2025 15:41:45.643] [Server thread/INFO] [net.playwright.magitacz.MagitaczMod/]: [Damage] Target Dummy took 5.1000004 damage | type=irons_spellbooks:blood_magic | direct=blood_needle | attacker=player
[11Oct2025 15:41:47.878] [Server thread/INFO] [net.playwright.magitacz.MagitaczMod/]: tacz:stock_carbon_bone_c5
[11Oct2025 15:41:47.878] [Server thread/INFO] [net.playwright.magitacz.MagitaczMod/]: tacz:stock_carbon_bone_c5
[11Oct2025 15:41:47.941] [Server thread/INFO] [net.playwright.magitacz.MagitaczMod/]: tacz:stock_carbon_bone_c5
[11Oct2025 15:41:47.941] [Server thread/INFO] [net.playwright.magitacz.MagitaczMod/]: tacz:stock_carbon_bone_c5
[11Oct2025 15:41:47.941] [Server thread/INFO] [net.playwright.magitacz.MagitaczMod/]: [Damage] Target Dummy took 9.0 damage | type=irons_spellbooks:lightning_magic | direct=bullet | attacker=player
[11Oct2025 15:41:47.942] [Server thread/INFO] [net.playwright.magitacz.MagitaczMod/]: Bullet power multiplier: 1.68, calculated 1.68
[11Oct2025 15:41:47.942] [Server thread/INFO] [net.playwright.magitacz.MagitaczMod/]: tacz:stock_carbon_bone_c5
[11Oct2025 15:41:47.942] [Server thread/INFO] [net.playwright.magitacz.MagitaczMod/]: tacz:stock_carbon_bone_c5
[11Oct2025 15:41:47.942] [Server thread/DEBUG] [AMR Damage Debug/]: Gunshot hurt TargetDummyEntity['Target Dummy'/1067, l='ServerLevel[New World]', x=28.50, y=90.00, z=-413.50], causes 0.0 damage
[11Oct2025 15:41:47.980] [Server thread/INFO] [net.playwright.magitacz.MagitaczMod/]: tacz:stock_carbon_bone_c5
[11Oct2025 15:41:47.980] [Server thread/INFO] [net.playwright.magitacz.MagitaczMod/]: tacz:stock_carbon_bone_c5
[11Oct2025 15:41:48.038] [Server thread/INFO] [net.playwright.magitacz.MagitaczMod/]: tacz:stock_carbon_bone_c5
[11Oct2025 15:41:48.038] [Server thread/INFO] [net.playwright.magitacz.MagitaczMod/]: tacz:stock_carbon_bone_c5
[11Oct2025 15:41:48.038] [Server thread/INFO] [net.playwright.magitacz.MagitaczMod/]: [Damage] Target Dummy took 9.0 damage | type=irons_spellbooks:lightning_magic | direct=bullet | attacker=player
[11Oct2025 15:41:48.040] [Server thread/INFO] [net.playwright.magitacz.MagitaczMod/]: Bullet power multiplier: 1.68, calculated 1.68
[11Oct2025 15:41:48.040] [Server thread/INFO] [net.playwright.magitacz.MagitaczMod/]: tacz:stock_carbon_bone_c5
[11Oct2025 15:41:48.040] [Server thread/INFO] [net.playwright.magitacz.MagitaczMod/]: tacz:stock_carbon_bone_c5
[11Oct2025 15:41:48.040] [Server thread/DEBUG] [AMR Damage Debug/]: Gunshot hurt TargetDummyEntity['Target Dummy'/1067, l='ServerLevel[New World]', x=28.50, y=90.00, z=-413.50], causes 0.0 damage
[11Oct2025 15:41:48.081] [Server thread/INFO] [net.playwright.magitacz.MagitaczMod/]: tacz:stock_carbon_bone_c5
[11Oct2025 15:41:48.081] [Server thread/INFO] [net.playwright.magitacz.MagitaczMod/]: tacz:stock_carbon_bone_c5
[11Oct2025 15:41:48.140] [Server thread/INFO] [net.playwright.magitacz.MagitaczMod/]: tacz:stock_carbon_bone_c5
[11Oct2025 15:41:48.140] [Server thread/INFO] [net.playwright.magitacz.MagitaczMod/]: tacz:stock_carbon_bone_c5
[11Oct2025 15:41:48.140] [Server thread/INFO] [net.playwright.magitacz.MagitaczMod/]: [Damage] Target Dummy took 9.0 damage | type=irons_spellbooks:lightning_magic | direct=bullet | attacker=player
[11Oct2025 15:41:48.140] [Server thread/INFO] [net.playwright.magitacz.MagitaczMod/]: Bullet power multiplier: 1.68, calculated 1.68
[11Oct2025 15:41:48.140] [Server thread/INFO] [net.playwright.magitacz.MagitaczMod/]: tacz:stock_carbon_bone_c5
[11Oct2025 15:41:48.140] [Server thread/INFO] [net.playwright.magitacz.MagitaczMod/]: tacz:stock_carbon_bone_c5
[11Oct2025 15:41:48.141] [Server thread/DEBUG] [AMR Damage Debug/]: Gunshot hurt TargetDummyEntity['Target Dummy'/1067, l='ServerLevel[New World]', x=28.50, y=90.00, z=-413.50], causes 0.0 damage
[11Oct2025 15:41:48.183] [Server thread/INFO] [net.playwright.magitacz.MagitaczMod/]: tacz:stock_carbon_bone_c5
[11Oct2025 15:41:48.183] [Server thread/INFO] [net.playwright.magitacz.MagitaczMod/]: tacz:stock_carbon_bone_c5
[11Oct2025 15:41:48.240] [Server thread/INFO] [net.playwright.magitacz.MagitaczMod/]: tacz:stock_carbon_bone_c5
[11Oct2025 15:41:48.240] [Server thread/INFO] [net.playwright.magitacz.MagitaczMod/]: tacz:stock_carbon_bone_c5
[11Oct2025 15:41:48.240] [Server thread/INFO] [net.playwright.magitacz.MagitaczMod/]: SHOOT HURT
[11Oct2025 15:41:48.241] [Server thread/INFO] [net.playwright.magitacz.MagitaczMod/]: [Damage] Target Dummy took 9.0 damage | type=irons_spellbooks:lightning_magic | direct=bullet | attacker=player
[11Oct2025 15:41:48.241] [Server thread/INFO] [net.playwright.magitacz.MagitaczMod/]: Bullet power multiplier: 1.68, calculated 1.68
[11Oct2025 15:41:48.241] [Server thread/INFO] [net.playwright.magitacz.MagitaczMod/]: tacz:stock_carbon_bone_c5
[11Oct2025 15:41:48.241] [Server thread/INFO] [net.playwright.magitacz.MagitaczMod/]: tacz:stock_carbon_bone_c5
[11Oct2025 15:41:48.241] [Server thread/INFO] [net.playwright.magitacz.MagitaczMod/]: SHOOT HURT
[11Oct2025 15:41:48.241] [Server thread/DEBUG] [AMR Damage Debug/]: Gunshot hurt TargetDummyEntity['Target Dummy'/1067, l='ServerLevel[New World]', x=28.50, y=90.00, z=-413.50], causes 0.0 damage
[11Oct2025 15:41:48.284] [Server thread/INFO] [net.playwright.magitacz.MagitaczMod/]: tacz:stock_carbon_bone_c5
[11Oct2025 15:41:48.285] [Server thread/INFO] [net.playwright.magitacz.MagitaczMod/]: tacz:stock_carbon_bone_c5
[11Oct2025 15:41:48.290] [Server thread/INFO] [net.playwright.magitacz.MagitaczMod/]: [Damage] Target Dummy took 11.76 damage | type=irons_spellbooks:lightning_magic | direct=chain_lightning | attacker=player
[11Oct2025 15:41:48.340] [Server thread/INFO] [net.playwright.magitacz.MagitaczMod/]: tacz:stock_carbon_bone_c5
[11Oct2025 15:41:48.341] [Server thread/INFO] [net.playwright.magitacz.MagitaczMod/]: tacz:stock_carbon_bone_c5
[11Oct2025 15:41:48.341] [Server thread/INFO] [net.playwright.magitacz.MagitaczMod/]: [Damage] Target Dummy took 9.0 damage | type=irons_spellbooks:lightning_magic | direct=bullet | attacker=player
[11Oct2025 15:41:48.341] [Server thread/INFO] [net.playwright.magitacz.MagitaczMod/]: Bullet power multiplier: 1.68, calculated 1.68
[11Oct2025 15:41:48.341] [Server thread/INFO] [net.playwright.magitacz.MagitaczMod/]: tacz:stock_carbon_bone_c5
[11Oct2025 15:41:48.341] [Server thread/INFO] [net.playwright.magitacz.MagitaczMod/]: tacz:stock_carbon_bone_c5
[11Oct2025 15:41:48.342] [Server thread/DEBUG] [AMR Damage Debug/]: Gunshot hurt TargetDummyEntity['Target Dummy'/1067, l='ServerLevel[New World]', x=28.50, y=90.00, z=-413.50], causes 0.0 damage
[11Oct2025 15:41:48.390] [Server thread/INFO] [net.playwright.magitacz.MagitaczMod/]: tacz:stock_carbon_bone_c5
[11Oct2025 15:41:48.390] [Server thread/INFO] [net.playwright.magitacz.MagitaczMod/]: tacz:stock_carbon_bone_c5
[11Oct2025 15:41:48.488] [Server thread/INFO] [net.playwright.magitacz.MagitaczMod/]: tacz:stock_carbon_bone_c5
[11Oct2025 15:41:48.488] [Server thread/INFO] [net.playwright.magitacz.MagitaczMod/]: tacz:stock_carbon_bone_c5
[11Oct2025 15:41:48.488] [Server thread/INFO] [net.playwright.magitacz.MagitaczMod/]: [Damage] Target Dummy took 9.0 damage | type=irons_spellbooks:lightning_magic | direct=bullet | attacker=player
[11Oct2025 15:41:48.490] [Server thread/INFO] [net.playwright.magitacz.MagitaczMod/]: Bullet power multiplier: 1.68, calculated 1.68
[11Oct2025 15:41:48.490] [Server thread/INFO] [net.playwright.magitacz.MagitaczMod/]: tacz:stock_carbon_bone_c5
[11Oct2025 15:41:48.490] [Server thread/INFO] [net.playwright.magitacz.MagitaczMod/]: tacz:stock_carbon_bone_c5
[11Oct2025 15:41:48.490] [Server thread/DEBUG] [AMR Damage Debug/]: Gunshot hurt TargetDummyEntity['Target Dummy'/1067, l='ServerLevel[New World]', x=28.50, y=90.00, z=-413.50], causes 0.0 damage
[11Oct2025 15:41:57.272] [Server thread/INFO] [net.playwright.magitacz.MagitaczMod/]: tacz:stock_carbon_bone_c5
[11Oct2025 15:41:57.272] [Server thread/INFO] [net.playwright.magitacz.MagitaczMod/]: tacz:stock_carbon_bone_c5
[11Oct2025 15:41:57.373] [Server thread/INFO] [net.playwright.magitacz.MagitaczMod/]: tacz:stock_carbon_bone_c5
[11Oct2025 15:41:57.373] [Server thread/INFO] [net.playwright.magitacz.MagitaczMod/]: tacz:stock_carbon_bone_c5
[11Oct2025 15:41:57.442] [Server thread/INFO] [net.playwright.magitacz.MagitaczMod/]: tacz:stock_carbon_bone_c5
[11Oct2025 15:41:57.442] [Server thread/INFO] [net.playwright.magitacz.MagitaczMod/]: tacz:stock_carbon_bone_c5
[11Oct2025 15:41:57.443] [Server thread/INFO] [net.playwright.magitacz.MagitaczMod/]: [Damage] Pig took 7.5 damage | type=irons_spellbooks:lightning_magic | direct=bullet | attacker=player
[11Oct2025 15:41:57.443] [Server thread/INFO] [net.playwright.magitacz.MagitaczMod/]: Bullet power multiplier: 1.68, calculated 1.68
[11Oct2025 15:41:57.444] [Server thread/DEBUG] [AMR Damage Debug/]: Gunshot killed Pig['Pig'/113, l='ServerLevel[New World]', x=-9.48, y=64.00, z=-577.46], causes 10.0 damage
[11Oct2025 15:41:57.444] [Server thread/INFO] [net.playwright.magitacz.MagitaczMod/]: tacz:stock_carbon_bone_c5
[11Oct2025 15:41:57.444] [Server thread/INFO] [net.playwright.magitacz.MagitaczMod/]: tacz:stock_carbon_bone_c5
[11Oct2025 15:41:57.444] [Server thread/INFO] [net.playwright.magitacz.MagitaczMod/]: Kill Count: 35
[11Oct2025 15:41:57.444] [Server thread/INFO] [net.playwright.magitacz.MagitaczMod/]: 35 % 5
[11Oct2025 15:41:57.474] [Server thread/INFO] [net.playwright.magitacz.MagitaczMod/]: tacz:stock_carbon_bone_c5
[11Oct2025 15:41:57.474] [Server thread/INFO] [net.playwright.magitacz.MagitaczMod/]: tacz:stock_carbon_bone_c5
[11Oct2025 15:41:57.576] [Server thread/INFO] [net.playwright.magitacz.MagitaczMod/]: tacz:stock_carbon_bone_c5
[11Oct2025 15:41:57.576] [Server thread/INFO] [net.playwright.magitacz.MagitaczMod/]: tacz:stock_carbon_bone_c5
[11Oct2025 15:41:57.773] [Server thread/INFO] [net.playwright.magitacz.MagitaczMod/]: tacz:stock_carbon_bone_c5
[11Oct2025 15:41:57.773] [Server thread/INFO] [net.playwright.magitacz.MagitaczMod/]: tacz:stock_carbon_bone_c5
[11Oct2025 15:41:57.874] [Server thread/INFO] [net.playwright.magitacz.MagitaczMod/]: tacz:stock_carbon_bone_c5
[11Oct2025 15:41:57.874] [Server thread/INFO] [net.playwright.magitacz.MagitaczMod/]: tacz:stock_carbon_bone_c5
[11Oct2025 15:42:06.123] [Worker-Main-1/DEBUG] [mixin/]: Mixing BeardifierMixin from mixins.irons_spellbooks.json into net.minecraft.world.level.levelgen.Beardifier
[11Oct2025 15:42:08.824] [Server thread/INFO] [net.playwright.magitacz.MagitaczMod/]: tacz:stock_carbon_bone_c5
[11Oct2025 15:42:08.824] [Server thread/INFO] [net.playwright.magitacz.MagitaczMod/]: tacz:stock_carbon_bone_c5
[11Oct2025 15:42:08.924] [Server thread/INFO] [net.playwright.magitacz.MagitaczMod/]: tacz:stock_carbon_bone_c5
[11Oct2025 15:42:08.924] [Server thread/INFO] [net.playwright.magitacz.MagitaczMod/]: tacz:stock_carbon_bone_c5
[11Oct2025 15:42:09.026] [Server thread/INFO] [net.playwright.magitacz.MagitaczMod/]: tacz:stock_carbon_bone_c5
[11Oct2025 15:42:09.026] [Server thread/INFO] [net.playwright.magitacz.MagitaczMod/]: tacz:stock_carbon_bone_c5
[11Oct2025 15:42:09.127] [Server thread/INFO] [net.playwright.magitacz.MagitaczMod/]: tacz:stock_carbon_bone_c5
[11Oct2025 15:42:09.127] [Server thread/INFO] [net.playwright.magitacz.MagitaczMod/]: tacz:stock_carbon_bone_c5
[11Oct2025 15:42:09.477] [Server thread/INFO] [net.playwright.magitacz.MagitaczMod/]: tacz:stock_carbon_bone_c5
[11Oct2025 15:42:09.477] [Server thread/INFO] [net.playwright.magitacz.MagitaczMod/]: tacz:stock_carbon_bone_c5
[11Oct2025 15:42:09.579] [Server thread/INFO] [net.playwright.magitacz.MagitaczMod/]: tacz:stock_carbon_bone_c5
[11Oct2025 15:42:09.579] [Server thread/INFO] [net.playwright.magitacz.MagitaczMod/]: tacz:stock_carbon_bone_c5
[11Oct2025 15:42:09.681] [Server thread/INFO] [net.playwright.magitacz.MagitaczMod/]: tacz:stock_carbon_bone_c5
[11Oct2025 15:42:09.681] [Server thread/INFO] [net.playwright.magitacz.MagitaczMod/]: tacz:stock_carbon_bone_c5
[11Oct2025 15:42:09.781] [Server thread/INFO] [net.playwright.magitacz.MagitaczMod/]: tacz:stock_carbon_bone_c5
[11Oct2025 15:42:09.781] [Server thread/INFO] [net.playwright.magitacz.MagitaczMod/]: tacz:stock_carbon_bone_c5
[11Oct2025 15:42:09.883] [Server thread/INFO] [net.playwright.magitacz.MagitaczMod/]: tacz:stock_carbon_bone_c5
[11Oct2025 15:42:09.883] [Server thread/INFO] [net.playwright.magitacz.MagitaczMod/]: tacz:stock_carbon_bone_c5
[11Oct2025 15:42:09.985] [Server thread/INFO] [net.playwright.magitacz.MagitaczMod/]: tacz:stock_carbon_bone_c5
[11Oct2025 15:42:09.985] [Server thread/INFO] [net.playwright.magitacz.MagitaczMod/]: tacz:stock_carbon_bone_c5
[11Oct2025 15:42:10.097] [Server thread/INFO] [net.playwright.magitacz.MagitaczMod/]: tacz:stock_carbon_bone_c5
[11Oct2025 15:42:10.097] [Server thread/INFO] [net.playwright.magitacz.MagitaczMod/]: tacz:stock_carbon_bone_c5
[11Oct2025 15:42:10.192] [Server thread/INFO] [net.playwright.magitacz.MagitaczMod/]: tacz:stock_carbon_bone_c5
[11Oct2025 15:42:10.192] [Server thread/INFO] [net.playwright.magitacz.MagitaczMod/]: tacz:stock_carbon_bone_c5
[11Oct2025 15:42:10.293] [Server thread/INFO] [net.playwright.magitacz.MagitaczMod/]: tacz:stock_carbon_bone_c5
[11Oct2025 15:42:10.293] [Server thread/INFO] [net.playwright.magitacz.MagitaczMod/]: tacz:stock_carbon_bone_c5
[11Oct2025 15:42:10.393] [Server thread/INFO] [net.playwright.magitacz.MagitaczMod/]: tacz:stock_carbon_bone_c5
[11Oct2025 15:42:10.393] [Server thread/INFO] [net.playwright.magitacz.MagitaczMod/]: tacz:stock_carbon_bone_c5
[11Oct2025 15:42:12.665] [Render thread/INFO] [net.playwright.magitacz.MagitaczMod/]: tacz:stock_carbon_bone_c5
[11Oct2025 15:42:12.679] [Render thread/INFO] [net.playwright.magitacz.MagitaczMod/]: tacz:stock_carbon_bone_c5
[11Oct2025 15:42:34.289] [Server thread/INFO] [net.playwright.magitacz.MagitaczMod/]: [Damage] Bat took 4.0 damage | type=minecraft:lava | direct=null | attacker=null
[11Oct2025 15:42:35.740] [Server thread/INFO] [net.playwright.magitacz.MagitaczMod/]: [Damage] Bat took 1.0 damage | type=minecraft:on_fire | direct=null | attacker=null
[11Oct2025 15:42:36.740] [Server thread/INFO] [net.playwright.magitacz.MagitaczMod/]: [Damage] Bat took 1.0 damage | type=minecraft:on_fire | direct=null | attacker=null
[11Oct2025 15:42:50.657] [Worker-Main-12/DEBUG] [io.redspace.ironsspellbooks.IronsSpellbooks/]: IndividualTerrainStructurePoolElement.place: BlockPos{x=127, y=16, z=-922}
[11Oct2025 15:42:50.674] [Worker-Main-12/DEBUG] [io.redspace.ironsspellbooks.IronsSpellbooks/]: IndividualTerrainStructurePoolElement.place: BlockPos{x=111, y=16, z=-922}
[11Oct2025 15:42:50.686] [Worker-Main-4/DEBUG] [io.redspace.ironsspellbooks.IronsSpellbooks/]: IndividualTerrainStructurePoolElement.place: BlockPos{x=111, y=16, z=-922}
[11Oct2025 15:42:50.812] [Worker-Main-1/DEBUG] [io.redspace.ironsspellbooks.IronsSpellbooks/]: IndividualTerrainStructurePoolElement.place: BlockPos{x=127, y=16, z=-922}
[11Oct2025 15:42:50.910] [Worker-Main-7/DEBUG] [io.redspace.ironsspellbooks.IronsSpellbooks/]: IndividualTerrainStructurePoolElement.place: BlockPos{x=175, y=16, z=-922}
[11Oct2025 15:42:50.957] [Worker-Main-9/DEBUG] [io.redspace.ironsspellbooks.IronsSpellbooks/]: IndividualTerrainStructurePoolElement.place: BlockPos{x=175, y=16, z=-922}
[11Oct2025 15:42:50.957] [Worker-Main-9/DEBUG] [io.redspace.ironsspellbooks.IronsSpellbooks/]: IndividualTerrainStructurePoolElement.place: BlockPos{x=187, y=29, z=-922}
[11Oct2025 15:42:50.975] [Worker-Main-9/DEBUG] [io.redspace.ironsspellbooks.IronsSpellbooks/]: IndividualTerrainStructurePoolElement.place: BlockPos{x=187, y=29, z=-922}
[11Oct2025 15:42:51.051] [Worker-Main-15/DEBUG] [io.redspace.ironsspellbooks.IronsSpellbooks/]: IndividualTerrainStructurePoolElement.place: BlockPos{x=209, y=29, z=-922}
[11Oct2025 15:43:12.889] [Server thread/INFO] [net.playwright.magitacz.MagitaczMod/]: [Damage] Bat took 4.0 damage | type=minecraft:lava | direct=null | attacker=null
[11Oct2025 15:43:14.190] [Server thread/INFO] [net.playwright.magitacz.MagitaczMod/]: [Damage] Bat took 1.0 damage | type=minecraft:on_fire | direct=null | attacker=null
[11Oct2025 15:43:14.939] [Server thread/INFO] [net.playwright.magitacz.MagitaczMod/]: [Damage] Bat took 4.0 damage | type=minecraft:lava | direct=null | attacker=null
[11Oct2025 15:43:44.091] [Server thread/INFO] [net.playwright.magitacz.MagitaczMod/]: [Damage] Enderman took 1.0 damage | type=minecraft:drown | direct=null | attacker=null
[11Oct2025 15:43:44.592] [Server thread/INFO] [net.playwright.magitacz.MagitaczMod/]: [Damage] Enderman took 1.0 damage | type=minecraft:drown | direct=null | attacker=null
[11Oct2025 15:43:45.096] [Server thread/INFO] [net.playwright.magitacz.MagitaczMod/]: [Damage] Enderman took 1.0 damage | type=minecraft:drown | direct=null | attacker=null
[11Oct2025 15:43:45.592] [Server thread/INFO] [net.playwright.magitacz.MagitaczMod/]: [Damage] Enderman took 1.0 damage | type=minecraft:drown | direct=null | attacker=null
[11Oct2025 15:43:46.093] [Server thread/INFO] [net.playwright.magitacz.MagitaczMod/]: [Damage] Enderman took 1.0 damage | type=minecraft:drown | direct=null | attacker=null
[11Oct2025 15:43:46.593] [Server thread/INFO] [net.playwright.magitacz.MagitaczMod/]: [Damage] Enderman took 1.0 damage | type=minecraft:drown | direct=null | attacker=null
[11Oct2025 15:43:47.093] [Server thread/INFO] [net.playwright.magitacz.MagitaczMod/]: [Damage] Enderman took 1.0 damage | type=minecraft:drown | direct=null | attacker=null
[11Oct2025 15:44:08.172] [Server thread/DEBUG] [net.minecraftforge.common.ForgeHooks/WP]: Gathering id map for writing to world save New World
[11Oct2025 15:44:08.189] [Server thread/DEBUG] [net.minecraftforge.common.ForgeHooks/WP]: ID Map collection complete New World
[11Oct2025 15:44:11.786] [Server thread/ERROR] [placebo/]: Failed to locate any gear sets matching the following predicates: 
[11Oct2025 15:44:11.786] [Server thread/ERROR] [placebo/]: SetPredicate[#irons_spellbooks]
[11Oct2025 15:44:24.393] [Render thread/INFO] [net.minecraft.client.Minecraft/]: Stopping!
[11Oct2025 15:44:24.396] [Render thread/DEBUG] [io.redspace.ironsspellbooks.IronsSpellbooks/]: ClientPlayerNetworkEvent onPlayerLogOut
[11Oct2025 15:44:24.450] [Server thread/INFO] [net.minecraft.server.network.ServerGamePacketListenerImpl/]: Dev lost connection: Disconnected
[11Oct2025 15:44:24.450] [Server thread/INFO] [net.minecraft.server.MinecraftServer/]: Dev left the game
[11Oct2025 15:44:24.463] [Server thread/INFO] [net.minecraft.server.network.ServerGamePacketListenerImpl/]: Stopping singleplayer server as player logged out
[11Oct2025 15:44:24.490] [Server thread/INFO] [net.minecraft.server.MinecraftServer/]: Stopping server
[11Oct2025 15:44:24.491] [Server thread/INFO] [net.minecraft.server.MinecraftServer/]: Saving players
[11Oct2025 15:44:24.491] [Server thread/INFO] [net.minecraft.server.MinecraftServer/]: Saving worlds
[11Oct2025 15:44:24.821] [Server thread/INFO] [net.minecraft.server.MinecraftServer/]: Saving chunks for level 'ServerLevel[New World]'/minecraft:overworld
[11Oct2025 15:44:25.225] [Server thread/INFO] [net.minecraft.server.MinecraftServer/]: Saving chunks for level 'ServerLevel[New World]'/minecraft:the_nether
[11Oct2025 15:44:25.226] [Server thread/INFO] [net.minecraft.server.MinecraftServer/]: Saving chunks for level 'ServerLevel[New World]'/minecraft:the_end
[11Oct2025 15:44:25.229] [Server thread/DEBUG] [net.minecraftforge.common.ForgeHooks/WP]: Gathering id map for writing to world save New World
[11Oct2025 15:44:25.233] [Server thread/DEBUG] [net.minecraftforge.common.ForgeHooks/WP]: ID Map collection complete New World
[11Oct2025 15:44:25.243] [Server thread/INFO] [net.minecraft.server.MinecraftServer/]: ThreadedAnvilChunkStorage (New World): All chunks are saved
[11Oct2025 15:44:25.243] [Server thread/INFO] [net.minecraft.server.MinecraftServer/]: ThreadedAnvilChunkStorage (DIM-1): All chunks are saved
[11Oct2025 15:44:25.243] [Server thread/INFO] [net.minecraft.server.MinecraftServer/]: ThreadedAnvilChunkStorage (DIM1): All chunks are saved
[11Oct2025 15:44:25.243] [Server thread/INFO] [net.minecraft.server.MinecraftServer/]: ThreadedAnvilChunkStorage: All dimensions are saved
[11Oct2025 15:44:25.282] [Server thread/DEBUG] [net.minecraftforge.registries.GameData/REGISTRIES]: Reverting to FROZEN data state.
[11Oct2025 15:44:25.283] [Server thread/DEBUG] [net.minecraftforge.registries.ForgeRegistry/REGISTRIES]: Registry minecraft:block Sync: ACTIVE -> FROZEN
[11Oct2025 15:44:25.283] [Server thread/DEBUG] [net.minecraftforge.registries.ForgeRegistry/REGISTRIES]: Registry minecraft:block Override: minecraft:spawner Block{minecraft:spawner} -> Block{minecraft:air}
[11Oct2025 15:44:25.284] [Server thread/DEBUG] [net.minecraftforge.registries.ForgeRegistry/REGISTRIES]: Registry minecraft:block Override: minecraft:cactus Block{minecraft:cactus} -> Block{minecraft:air}
[11Oct2025 15:44:25.284] [Server thread/DEBUG] [net.minecraftforge.registries.ForgeRegistry/REGISTRIES]: Registry minecraft:block Override: minecraft:sugar_cane Block{minecraft:sugar_cane} -> Block{minecraft:air}
[11Oct2025 15:44:25.284] [Server thread/DEBUG] [net.minecraftforge.registries.ForgeRegistry/REGISTRIES]: Registry minecraft:block Override: minecraft:enchanting_table Block{minecraft:enchanting_table} -> Block{minecraft:air}
[11Oct2025 15:44:25.285] [Server thread/DEBUG] [net.minecraftforge.registries.ForgeRegistry/REGISTRIES]: Registry minecraft:block Override: minecraft:anvil Block{minecraft:anvil} -> Block{minecraft:air}
[11Oct2025 15:44:25.285] [Server thread/DEBUG] [net.minecraftforge.registries.ForgeRegistry/REGISTRIES]: Registry minecraft:block Override: minecraft:chipped_anvil Block{minecraft:chipped_anvil} -> Block{minecraft:air}
[11Oct2025 15:44:25.285] [Server thread/DEBUG] [net.minecraftforge.registries.ForgeRegistry/REGISTRIES]: Registry minecraft:block Override: minecraft:damaged_anvil Block{minecraft:damaged_anvil} -> Block{minecraft:air}
[11Oct2025 15:44:25.286] [Server thread/DEBUG] [net.minecraftforge.registries.ForgeRegistry/REGISTRIES]: Registry minecraft:block Override: minecraft:bamboo Block{minecraft:bamboo} -> Block{minecraft:air}
[11Oct2025 15:44:25.287] [Server thread/DEBUG] [net.minecraftforge.registries.ForgeRegistry/REGISTRIES]: Registry minecraft:block Override: minecraft:fletching_table Block{minecraft:fletching_table} -> Block{minecraft:air}
[11Oct2025 15:44:25.288] [Server thread/DEBUG] [net.minecraftforge.registries.ForgeRegistry/REGISTRIES]: Registry minecraft:fluid Sync: ACTIVE -> FROZEN
[11Oct2025 15:44:25.288] [Server thread/DEBUG] [net.minecraftforge.registries.ForgeRegistry/REGISTRIES]: Registry minecraft:item Sync: ACTIVE -> FROZEN
[11Oct2025 15:44:25.289] [Server thread/DEBUG] [net.minecraftforge.registries.ForgeRegistry/REGISTRIES]: Registry minecraft:item Override: minecraft:sugar_cane sugar_cane -> air
[11Oct2025 15:44:25.289] [Server thread/DEBUG] [net.minecraftforge.registries.ForgeRegistry/REGISTRIES]: Registry minecraft:item Override: minecraft:bamboo bamboo -> air
[11Oct2025 15:44:25.289] [Server thread/DEBUG] [net.minecraftforge.registries.ForgeRegistry/REGISTRIES]: Registry minecraft:item Override: minecraft:spawner spawner -> air
[11Oct2025 15:44:25.289] [Server thread/DEBUG] [net.minecraftforge.registries.ForgeRegistry/REGISTRIES]: Registry minecraft:item Override: minecraft:cactus cactus -> air
[11Oct2025 15:44:25.289] [Server thread/DEBUG] [net.minecraftforge.registries.ForgeRegistry/REGISTRIES]: Registry minecraft:item Override: minecraft:enchanting_table enchanting_table -> air
[11Oct2025 15:44:25.290] [Server thread/DEBUG] [net.minecraftforge.registries.ForgeRegistry/REGISTRIES]: Registry minecraft:item Override: minecraft:anvil anvil -> air
[11Oct2025 15:44:25.290] [Server thread/DEBUG] [net.minecraftforge.registries.ForgeRegistry/REGISTRIES]: Registry minecraft:item Override: minecraft:chipped_anvil chipped_anvil -> air
[11Oct2025 15:44:25.290] [Server thread/DEBUG] [net.minecraftforge.registries.ForgeRegistry/REGISTRIES]: Registry minecraft:item Override: minecraft:damaged_anvil damaged_anvil -> air
[11Oct2025 15:44:25.293] [Server thread/DEBUG] [net.minecraftforge.registries.ForgeRegistry/REGISTRIES]: Registry minecraft:item Override: minecraft:fletching_table fletching_table -> air
[11Oct2025 15:44:25.296] [Server thread/DEBUG] [net.minecraftforge.registries.ForgeRegistry/REGISTRIES]: Registry minecraft:mob_effect Sync: ACTIVE -> FROZEN
[11Oct2025 15:44:25.296] [Server thread/DEBUG] [net.minecraftforge.registries.ForgeRegistry/REGISTRIES]: Registry minecraft:sound_event Sync: ACTIVE -> FROZEN
[11Oct2025 15:44:25.301] [Server thread/DEBUG] [net.minecraftforge.registries.ForgeRegistry/REGISTRIES]: Registry minecraft:potion Sync: ACTIVE -> FROZEN
[11Oct2025 15:44:25.302] [Server thread/DEBUG] [net.minecraftforge.registries.ForgeRegistry/REGISTRIES]: Registry minecraft:enchantment Sync: ACTIVE -> FROZEN
[11Oct2025 15:44:25.302] [Server thread/DEBUG] [net.minecraftforge.registries.ForgeRegistry/REGISTRIES]: Registry minecraft:enchantment Override: minecraft:protection net.minecraft.world.item.enchantment.ProtectionEnchantment@6da8c432 -> dev.shadowsoffire.apotheosis.ench.replacements.DefenseEnchant@4e3d36c2
[11Oct2025 15:44:25.302] [Server thread/DEBUG] [net.minecraftforge.registries.ForgeRegistry/REGISTRIES]: Registry minecraft:enchantment Override: minecraft:fire_protection net.minecraft.world.item.enchantment.ProtectionEnchantment@2bb69a17 -> dev.shadowsoffire.apotheosis.ench.replacements.DefenseEnchant@4add4dff
[11Oct2025 15:44:25.302] [Server thread/DEBUG] [net.minecraftforge.registries.ForgeRegistry/REGISTRIES]: Registry minecraft:enchantment Override: minecraft:feather_falling net.minecraft.world.item.enchantment.ProtectionEnchantment@79cd8532 -> dev.shadowsoffire.apotheosis.ench.replacements.DefenseEnchant@263e512e
[11Oct2025 15:44:25.302] [Server thread/DEBUG] [net.minecraftforge.registries.ForgeRegistry/REGISTRIES]: Registry minecraft:enchantment Override: minecraft:blast_protection net.minecraft.world.item.enchantment.ProtectionEnchantment@4fe507f2 -> dev.shadowsoffire.apotheosis.ench.replacements.DefenseEnchant@25dc2c0
[11Oct2025 15:44:25.302] [Server thread/DEBUG] [net.minecraftforge.registries.ForgeRegistry/REGISTRIES]: Registry minecraft:enchantment Override: minecraft:projectile_protection net.minecraft.world.item.enchantment.ProtectionEnchantment@72c3964c -> dev.shadowsoffire.apotheosis.ench.replacements.DefenseEnchant@192ecf8
[11Oct2025 15:44:25.302] [Server thread/DEBUG] [net.minecraftforge.registries.ForgeRegistry/REGISTRIES]: Registry minecraft:enchantment Override: minecraft:sharpness net.minecraft.world.item.enchantment.DamageEnchantment@2df86dfc -> dev.shadowsoffire.apotheosis.ench.replacements.BaneEnchant@1b53e6fc
[11Oct2025 15:44:25.302] [Server thread/DEBUG] [net.minecraftforge.registries.ForgeRegistry/REGISTRIES]: Registry minecraft:enchantment Override: minecraft:smite net.minecraft.world.item.enchantment.DamageEnchantment@75964bfa -> dev.shadowsoffire.apotheosis.ench.replacements.BaneEnchant@3293030b
[11Oct2025 15:44:25.302] [Server thread/DEBUG] [net.minecraftforge.registries.ForgeRegistry/REGISTRIES]: Registry minecraft:enchantment Override: minecraft:bane_of_arthropods net.minecraft.world.item.enchantment.DamageEnchantment@21f02214 -> dev.shadowsoffire.apotheosis.ench.replacements.BaneEnchant@2ba9ed19
[11Oct2025 15:44:25.302] [Server thread/DEBUG] [net.minecraftforge.registries.ForgeRegistry/REGISTRIES]: Registry minecraft:entity_type Sync: ACTIVE -> FROZEN
[11Oct2025 15:44:25.303] [Server thread/DEBUG] [net.minecraftforge.registries.ForgeRegistry/REGISTRIES]: Registry minecraft:block_entity_type Sync: ACTIVE -> FROZEN
[11Oct2025 15:44:25.303] [Server thread/DEBUG] [net.minecraftforge.registries.ForgeRegistry/REGISTRIES]: Registry minecraft:particle_type Sync: ACTIVE -> FROZEN
[11Oct2025 15:44:25.303] [Server thread/DEBUG] [net.minecraftforge.registries.ForgeRegistry/REGISTRIES]: Registry minecraft:menu Sync: ACTIVE -> FROZEN
[11Oct2025 15:44:25.303] [Server thread/DEBUG] [net.minecraftforge.registries.ForgeRegistry/REGISTRIES]: Registry minecraft:painting_variant Sync: ACTIVE -> FROZEN
[11Oct2025 15:44:25.303] [Server thread/DEBUG] [net.minecraftforge.registries.ForgeRegistry/REGISTRIES]: Registry minecraft:recipe_type Sync: ACTIVE -> FROZEN
[11Oct2025 15:44:25.303] [Server thread/DEBUG] [net.minecraftforge.registries.ForgeRegistry/REGISTRIES]: Registry minecraft:recipe_serializer Sync: ACTIVE -> FROZEN
[11Oct2025 15:44:25.303] [Server thread/DEBUG] [net.minecraftforge.registries.ForgeRegistry/REGISTRIES]: Registry minecraft:attribute Sync: ACTIVE -> FROZEN
[11Oct2025 15:44:25.304] [Server thread/DEBUG] [net.minecraftforge.registries.ForgeRegistry/REGISTRIES]: Registry minecraft:stat_type Sync: ACTIVE -> FROZEN
[11Oct2025 15:44:25.304] [Server thread/DEBUG] [net.minecraftforge.registries.ForgeRegistry/REGISTRIES]: Registry minecraft:command_argument_type Sync: ACTIVE -> FROZEN
[11Oct2025 15:44:25.304] [Server thread/DEBUG] [net.minecraftforge.registries.ForgeRegistry/REGISTRIES]: Registry minecraft:villager_profession Sync: ACTIVE -> FROZEN
[11Oct2025 15:44:25.304] [Server thread/DEBUG] [net.minecraftforge.registries.ForgeRegistry/REGISTRIES]: Registry minecraft:point_of_interest_type Sync: ACTIVE -> FROZEN
[11Oct2025 15:44:25.305] [Server thread/DEBUG] [net.minecraftforge.registries.ForgeRegistry/REGISTRIES]: Registry minecraft:memory_module_type Sync: ACTIVE -> FROZEN
[11Oct2025 15:44:25.305] [Server thread/DEBUG] [net.minecraftforge.registries.ForgeRegistry/REGISTRIES]: Registry minecraft:sensor_type Sync: ACTIVE -> FROZEN
[11Oct2025 15:44:25.305] [Server thread/DEBUG] [net.minecraftforge.registries.ForgeRegistry/REGISTRIES]: Registry minecraft:schedule Sync: ACTIVE -> FROZEN
[11Oct2025 15:44:25.305] [Server thread/DEBUG] [net.minecraftforge.registries.ForgeRegistry/REGISTRIES]: Registry minecraft:activity Sync: ACTIVE -> FROZEN
[11Oct2025 15:44:25.306] [Server thread/DEBUG] [net.minecraftforge.registries.ForgeRegistry/REGISTRIES]: Registry minecraft:worldgen/carver Sync: ACTIVE -> FROZEN
[11Oct2025 15:44:25.306] [Server thread/DEBUG] [net.minecraftforge.registries.ForgeRegistry/REGISTRIES]: Registry minecraft:worldgen/feature Sync: ACTIVE -> FROZEN
[11Oct2025 15:44:25.306] [Server thread/DEBUG] [net.minecraftforge.registries.ForgeRegistry/REGISTRIES]: Registry minecraft:chunk_status Sync: ACTIVE -> FROZEN
[11Oct2025 15:44:25.306] [Server thread/DEBUG] [net.minecraftforge.registries.ForgeRegistry/REGISTRIES]: Registry minecraft:worldgen/block_state_provider_type Sync: ACTIVE -> FROZEN
[11Oct2025 15:44:25.306] [Server thread/DEBUG] [net.minecraftforge.registries.ForgeRegistry/REGISTRIES]: Registry minecraft:worldgen/foliage_placer_type Sync: ACTIVE -> FROZEN
[11Oct2025 15:44:25.306] [Server thread/DEBUG] [net.minecraftforge.registries.ForgeRegistry/REGISTRIES]: Registry minecraft:worldgen/tree_decorator_type Sync: ACTIVE -> FROZEN
[11Oct2025 15:44:25.306] [Server thread/DEBUG] [net.minecraftforge.registries.ForgeRegistry/REGISTRIES]: Registry minecraft:worldgen/biome Sync: ACTIVE -> FROZEN
[11Oct2025 15:44:25.306] [Server thread/DEBUG] [net.minecraftforge.registries.ForgeRegistry/REGISTRIES]: Registry irons_spellbooks:schools Sync: ACTIVE -> FROZEN
[11Oct2025 15:44:25.306] [Server thread/DEBUG] [net.minecraftforge.registries.ForgeRegistry/REGISTRIES]: Registry irons_spellbooks:spells Sync: ACTIVE -> FROZEN
[11Oct2025 15:44:25.307] [Server thread/DEBUG] [net.minecraftforge.registries.ForgeRegistry/REGISTRIES]: Registry forge:entity_data_serializers Sync: ACTIVE -> FROZEN
[11Oct2025 15:44:25.307] [Server thread/DEBUG] [net.minecraftforge.registries.ForgeRegistry/REGISTRIES]: Registry forge:global_loot_modifier_serializers Sync: ACTIVE -> FROZEN
[11Oct2025 15:44:25.308] [Server thread/DEBUG] [net.minecraftforge.registries.ForgeRegistry/REGISTRIES]: Registry forge:biome_modifier_serializers Sync: ACTIVE -> FROZEN
[11Oct2025 15:44:25.308] [Server thread/DEBUG] [net.minecraftforge.registries.ForgeRegistry/REGISTRIES]: Registry forge:fluid_type Sync: ACTIVE -> FROZEN
[11Oct2025 15:44:25.308] [Server thread/DEBUG] [net.minecraftforge.registries.ForgeRegistry/REGISTRIES]: Registry forge:structure_modifier_serializers Sync: ACTIVE -> FROZEN
[11Oct2025 15:44:25.308] [Server thread/DEBUG] [net.minecraftforge.registries.ForgeRegistry/REGISTRIES]: Registry forge:holder_set_type Sync: ACTIVE -> FROZEN
[11Oct2025 15:44:25.308] [Server thread/DEBUG] [net.minecraftforge.registries.ForgeRegistry/REGISTRIES]: Registry forge:display_contexts Sync: ACTIVE -> FROZEN
[11Oct2025 15:44:25.611] [Server thread/DEBUG] [net.minecraftforge.registries.ObjectHolderRegistry/REGISTRIES]: Applying holder lookups
[11Oct2025 15:44:25.613] [Server thread/DEBUG] [net.minecraftforge.registries.ObjectHolderRegistry/REGISTRIES]: Holder lookups applied
[11Oct2025 15:44:25.613] [Server thread/DEBUG] [net.minecraftforge.registries.GameData/REGISTRIES]: FROZEN state restored.
[11Oct2025 15:44:25.613] [Server thread/DEBUG] [net.minecraftforge.fml.config.ConfigTracker/CONFIG]: Unloading configs type SERVER
