[12Apr2026 16:46:27.983] [main/INFO] [cpw.mods.modlauncher.Launcher/MODLAUNCHER]: ModLauncher running: args [--launchTarget, forgeclientuserdev, --version, MOD_DEV, --assetIndex, 5, --assetsDir, C:\Users\Hell-\.gradle\caches\forge_gradle\assets, --gameDir, ., --fml.forgeVersion, 47.4.0, --fml.mcVersion, 1.20.1, --fml.forgeGroup, net.minecraftforge, --fml.mcpVersion, 20230612.114412, --mixin.config, magitacz.mixins.json]
[12Apr2026 16:46:27.993] [main/INFO] [cpw.mods.modlauncher.Launcher/MODLAUNCHER]: ModLauncher 10.0.9+10.0.9+main.dcd20f30 starting: java version 17.0.15 by Eclipse Adoptium; OS Windows 11 arch amd64 version 10.0
[12Apr2026 16:46:28.175] [main/INFO] [net.minecraftforge.fml.loading.ImmediateWindowHandler/]: Loading ImmediateWindowProvider fmlearlywindow
[12Apr2026 16:46:28.256] [main/INFO] [EARLYDISPLAY/]: Trying GL version 4.6
[12Apr2026 16:46:28.382] [main/INFO] [EARLYDISPLAY/]: Requested GL version 4.6 got version 4.6
[12Apr2026 16:46:28.494] [main/INFO] [mixin/]: SpongePowered MIXIN Subsystem Version=0.8.5 Source=union:/C:/Users/Hell-/.gradle/caches/modules-2/files-2.1/org.spongepowered/mixin/0.8.5/9d1c0c3a304ae6697ecd477218fa61b850bf57fc/mixin-0.8.5.jar%23128!/ Service=ModLauncher Env=CLIENT
[12Apr2026 16:46:28.517] [pool-2-thread-1/INFO] [EARLYDISPLAY/]: GL info: AMD Radeon RX 9070 XT GL version 4.6.0 Core Profile Context 26.3.1.260309, ATI Technologies Inc.
[12Apr2026 16:46:28.957] [main/WARN] [net.minecraftforge.fml.loading.moddiscovery.ModFileParser/LOADING]: Mod file C:\Users\Hell-\.gradle\caches\modules-2\files-2.1\net.minecraftforge\javafmllanguage\1.20.1-47.4.0\f0c0b352173d0a378cbdcec9cfc4ba65899a721\javafmllanguage-1.20.1-47.4.0.jar is missing mods.toml file
[12Apr2026 16:46:28.959] [main/WARN] [net.minecraftforge.fml.loading.moddiscovery.ModFileParser/LOADING]: Mod file C:\Users\Hell-\.gradle\caches\modules-2\files-2.1\net.minecraftforge\lowcodelanguage\1.20.1-47.4.0\e862740d8c84d08dbfedea412bef88fe42e727c5\lowcodelanguage-1.20.1-47.4.0.jar is missing mods.toml file
[12Apr2026 16:46:28.963] [main/WARN] [net.minecraftforge.fml.loading.moddiscovery.ModFileParser/LOADING]: Mod file C:\Users\Hell-\.gradle\caches\modules-2\files-2.1\net.minecraftforge\mclanguage\1.20.1-47.4.0\5719b3a297a33f877ed5dde4cb4bd75c859096af\mclanguage-1.20.1-47.4.0.jar is missing mods.toml file
[12Apr2026 16:46:28.966] [main/WARN] [net.minecraftforge.fml.loading.moddiscovery.ModFileParser/LOADING]: Mod file C:\Users\Hell-\.gradle\caches\modules-2\files-2.1\net.minecraftforge\fmlcore\1.20.1-47.4.0\235975dafa4309945b59c56b53f31dc5b65a6051\fmlcore-1.20.1-47.4.0.jar is missing mods.toml file
[12Apr2026 16:46:29.595] [main/WARN] [net.minecraftforge.jarjar.selection.JarSelector/]: Attempted to select a dependency jar for JarJar which was passed in as source: gunsmithlib. Using Mod File: C:\Users\Hell-\.gradle\caches\forge_gradle\deobf_dependencies\curse\maven\gunsmith-lib-1264058\7049169_mapped_official_1.20.1\gunsmith-lib-1264058-7049169_mapped_official_1.20.1.jar
[12Apr2026 16:46:29.595] [main/INFO] [net.minecraftforge.fml.loading.moddiscovery.JarInJarDependencyLocator/]: Found 7 dependencies adding them to mods collection
[12Apr2026 16:46:32.752] [main/WARN] [mixin/]: Compatibility level JAVA_17 specified by magitacz.mixins.json is higher than the maximum level supported by this version of mixin (JAVA_13).
[12Apr2026 16:46:32.753] [main/INFO] [mixin/]: Compatibility level set to JAVA_17
[12Apr2026 16:46:32.760] [main/INFO] [mixin/]: Compatibility level JAVA_8 specified by gunsmithlib.mixins.json is lower than the default level supported by the current mixin service (JAVA_16).
[12Apr2026 16:46:32.766] [main/WARN] [mixin/]: Compatibility level JAVA_16 specified by playerAnimator-common.mixins.json is higher than the maximum level supported by this version of mixin (JAVA_13).
[12Apr2026 16:46:32.791] [main/INFO] [mixin/]: Compatibility level JAVA_8 specified by apotheosis_modern_ragnarok.mixins.json is lower than the default level supported by the current mixin service (JAVA_16).
[12Apr2026 16:46:32.796] [main/WARN] [mixin/]: Compatibility level JAVA_16 specified by dummmmmmy.mixins.json is higher than the maximum level supported by this version of mixin (JAVA_13).
[12Apr2026 16:46:32.802] [main/INFO] [cpw.mods.modlauncher.LaunchServiceHandler/MODLAUNCHER]: Launching target 'forgeclientuserdev' with arguments [--version, MOD_DEV, --gameDir, ., --assetsDir, C:\Users\Hell-\.gradle\caches\forge_gradle\assets, --assetIndex, 5]
[12Apr2026 16:46:32.920] [main/INFO] [mixin/]: Attempting to load Fernflower decompiler (Threaded mode)
[12Apr2026 16:46:32.921] [main/INFO] [mixin/]: Fernflower could not be loaded, exported classes will not be decompiled. NoClassDefFoundError: org/jetbrains/java/decompiler/main/extern/IResultSaver
[12Apr2026 16:46:33.128] [main/INFO] [mixin/]: Preparing mixins for MixinEnvironment[DEFAULT]
[12Apr2026 16:46:33.128] [main/INFO] [mixin/]: Selecting config magitacz.mixins.json
[12Apr2026 16:46:33.146] [main/WARN] [mixin/]: Reference map 'magitacz.refmap.json' for magitacz.mixins.json could not be read. If this is a development environment you can ignore this message
[12Apr2026 16:46:33.149] [main/INFO] [mixin/]: Selecting config moonlight-common.mixins.json
[12Apr2026 16:46:33.346] [main/INFO] [mixin/]: Remapping refMap moonlight-common-refmap.json using C:\Projects\magitacz-forge/build/createSrgToMcp/output.srg
[12Apr2026 16:46:33.346] [main/INFO] [mixin/]: Selecting config moonlight.mixins.json
[12Apr2026 16:46:33.347] [main/INFO] [mixin/]: Remapping refMap moonlight-forge-refmap.json using C:\Projects\magitacz-forge/build/createSrgToMcp/output.srg
[12Apr2026 16:46:33.348] [main/INFO] [mixin/]: Selecting config gunsmithlib.mixins.json
[12Apr2026 16:46:33.349] [main/INFO] [mixin/]: Remapping refMap gunsmithlib.refmap.json using C:\Projects\magitacz-forge/build/createSrgToMcp/output.srg
[12Apr2026 16:46:33.349] [main/INFO] [mixin/]: Selecting config geckolib.mixins.json
[12Apr2026 16:46:33.350] [main/INFO] [mixin/]: Remapping refMap geckolib.refmap.json using C:\Projects\magitacz-forge/build/createSrgToMcp/output.srg
[12Apr2026 16:46:33.350] [main/INFO] [mixin/]: Selecting config playerAnimator-common.mixins.json
[12Apr2026 16:46:33.353] [main/INFO] [mixin/]: Remapping refMap player-animation-lib-minecraft_common-refmap.json using C:\Projects\magitacz-forge/build/createSrgToMcp/output.srg
[12Apr2026 16:46:33.353] [main/INFO] [mixin/]: Selecting config tacz.mixins.json
[12Apr2026 16:46:33.354] [main/INFO] [mixin/]: Remapping refMap tacz.refmap.json using C:\Projects\magitacz-forge/build/createSrgToMcp/output.srg
[12Apr2026 16:46:33.355] [main/INFO] [mixin/]: Selecting config caelus.mixins.json
[12Apr2026 16:46:33.356] [main/INFO] [mixin/]: Remapping refMap caelus.refmap.json using C:\Projects\magitacz-forge/build/createSrgToMcp/output.srg
[12Apr2026 16:46:33.356] [main/INFO] [mixin/]: Selecting config curios.mixins.json
[12Apr2026 16:46:33.357] [main/INFO] [mixin/]: Remapping refMap curios.refmap.json using C:\Projects\magitacz-forge/build/createSrgToMcp/output.srg
[12Apr2026 16:46:33.357] [main/INFO] [mixin/]: Selecting config irons_patreon_lib.mixins.json
[12Apr2026 16:46:33.358] [main/INFO] [mixin/]: Remapping refMap irons_patreon_lib.refmap.json using C:\Projects\magitacz-forge/build/createSrgToMcp/output.srg
[12Apr2026 16:46:33.358] [main/INFO] [mixin/]: Selecting config placebo.mixins.json
[12Apr2026 16:46:33.359] [main/INFO] [mixin/]: Remapping refMap placebo.refmap.json using C:\Projects\magitacz-forge/build/createSrgToMcp/output.srg
[12Apr2026 16:46:33.359] [main/INFO] [mixin/]: Selecting config attributeslib.mixins.json
[12Apr2026 16:46:33.360] [main/INFO] [mixin/]: Remapping refMap attributeslib.refmap.json using C:\Projects\magitacz-forge/build/createSrgToMcp/output.srg
[12Apr2026 16:46:33.360] [main/INFO] [mixin/]: Selecting config mixins.irons_spellbooks.json
[12Apr2026 16:46:33.361] [main/INFO] [mixin/]: Remapping refMap irons_spellbooks.refmap.json using C:\Projects\magitacz-forge/build/createSrgToMcp/output.srg
[12Apr2026 16:46:33.361] [main/INFO] [mixin/]: Selecting config pillagers_gun.mixins.json
[12Apr2026 16:46:33.367] [main/INFO] [mixin/]: Remapping refMap pillagers_gun.refmap.json using C:\Projects\magitacz-forge/build/createSrgToMcp/output.srg
[12Apr2026 16:46:33.367] [main/INFO] [mixin/]: Selecting config apotheosis.mixins.json
[12Apr2026 16:46:33.368] [main/INFO] [mixin/]: Remapping refMap apotheosis.refmap.json using C:\Projects\magitacz-forge/build/createSrgToMcp/output.srg
[12Apr2026 16:46:33.369] [main/INFO] [mixin/]: Selecting config apotheosis_modern_ragnarok.mixins.json
[12Apr2026 16:46:33.370] [main/INFO] [mixin/]: Remapping refMap apotheosis_modern_ragnarok.refmap.json using C:\Projects\magitacz-forge/build/createSrgToMcp/output.srg
[12Apr2026 16:46:33.370] [main/INFO] [mixin/]: Selecting config dummmmmmy-common.mixins.json
[12Apr2026 16:46:33.371] [main/INFO] [mixin/]: Remapping refMap dummmmmmy-common-refmap.json using C:\Projects\magitacz-forge/build/createSrgToMcp/output.srg
[12Apr2026 16:46:33.371] [main/INFO] [mixin/]: Selecting config dummmmmmy.mixins.json
[12Apr2026 16:46:33.373] [main/INFO] [mixin/]: Selecting config mixinextras.init.mixins.json
[12Apr2026 16:46:33.473] [main/INFO] [mixin/]: Preparing magitacz.mixins.json (1)
[12Apr2026 16:46:33.517] [main/INFO] [mixin/]: Preparing moonlight-common.mixins.json (35)
[12Apr2026 16:46:34.065] [main/INFO] [mixin/]: Preparing moonlight.mixins.json (11)
[12Apr2026 16:46:34.080] [main/INFO] [mixin/]: Preparing gunsmithlib.mixins.json (33)
[12Apr2026 16:46:34.136] [main/INFO] [net.minecraftforge.coremod.CoreMod.placebo/COREMODLOG]: Patching IForgeItemStack#getEnchantmentLevel
[12Apr2026 16:46:34.169] [main/INFO] [net.minecraftforge.coremod.CoreMod.placebo/COREMODLOG]: Patching IForgeItemStack#getEnchantmentLevel
[12Apr2026 16:46:34.250] [main/INFO] [mixin/]: Preparing geckolib.mixins.json (1)
[12Apr2026 16:46:34.253] [main/INFO] [mixin/]: Preparing playerAnimator-common.mixins.json (14)
[12Apr2026 16:46:34.298] [main/INFO] [mixin/]: Preparing tacz.mixins.json (14)
[12Apr2026 16:46:34.321] [main/INFO] [mixin/]: Preparing caelus.mixins.json (4)
[12Apr2026 16:46:34.324] [main/INFO] [mixin/]: Preparing curios.mixins.json (13)
[12Apr2026 16:46:34.354] [main/INFO] [mixin/]: Preparing irons_patreon_lib.mixins.json (9)
[12Apr2026 16:46:34.364] [main/INFO] [mixin/]: Preparing placebo.mixins.json (6)
[12Apr2026 16:46:34.375] [main/INFO] [mixin/]: Preparing attributeslib.mixins.json (17)
[12Apr2026 16:46:34.393] [main/INFO] [mixin/]: Preparing mixins.irons_spellbooks.json (30)
[12Apr2026 16:46:34.408] [main/INFO] [net.minecraftforge.coremod.CoreMod.placebo/COREMODLOG]: Patching IForgeItemStack#getEnchantmentLevel
[12Apr2026 16:46:34.409] [main/INFO] [net.minecraftforge.coremod.CoreMod.placebo/COREMODLOG]: Patching IForgeItemStack#getEnchantmentLevel
[12Apr2026 16:46:34.432] [main/INFO] [mixin/]: Preparing pillagers_gun.mixins.json (13)
[12Apr2026 16:46:34.441] [main/INFO] [mixin/]: Preparing apotheosis.mixins.json (31)
[12Apr2026 16:46:34.553] [main/INFO] [net.minecraftforge.coremod.CoreMod.apotheosis/COREMODLOG]: Replaced 2 calls to Enchantment#getMaxLevel() in net/minecraft/world/inventory/AnvilMenu
[12Apr2026 16:46:34.574] [main/WARN] [mixin/]: Error loading class: org/violetmoon/quark/content/tweaks/module/GoldToolsHaveFortuneModule (java.lang.ClassNotFoundException: org.violetmoon.quark.content.tweaks.module.GoldToolsHaveFortuneModule)
[12Apr2026 16:46:34.580] [main/WARN] [mixin/]: Error loading class: com/hollingsworth/arsnouveau/common/items/SpellCrossbow (java.lang.ClassNotFoundException: com.hollingsworth.arsnouveau.common.items.SpellCrossbow)
[12Apr2026 16:46:34.593] [main/WARN] [mixin/]: Error loading class: org/violetmoon/quark/content/client/tooltip/AttributeTooltips (java.lang.ClassNotFoundException: org.violetmoon.quark.content.client.tooltip.AttributeTooltips)
[12Apr2026 16:46:34.596] [main/INFO] [mixin/]: Preparing apotheosis_modern_ragnarok.mixins.json (34)
[12Apr2026 16:46:34.629] [main/INFO] [mixin/]: Preparing dummmmmmy-common.mixins.json (5)
[12Apr2026 16:46:34.632] [main/INFO] [mixin/]: Preparing dummmmmmy.mixins.json (0)
[12Apr2026 16:46:34.632] [main/INFO] [mixin/]: Preparing mixinextras.init.mixins.json (0)
[12Apr2026 16:46:34.714] [main/INFO] [mixin/]: Prepared 261 mixins in 1.585 sec (6.1ms avg) (0ms load, 0ms transform, 0ms plugin)
[12Apr2026 16:46:34.723] [main/INFO] [MixinExtras|Service/]: Initializing MixinExtras via com.llamalad7.mixinextras.service.MixinExtrasServiceImpl(version=0.5.0).
[12Apr2026 16:46:34.740] [main/INFO] [mixin/]: Mixing SimpleTextureMixin from mixins.irons_spellbooks.json into net.minecraft.client.renderer.texture.SimpleTexture
[12Apr2026 16:46:34.820] [main/INFO] [mixin/]: Mixing GuiGraphicsMixin from irons_patreon_lib.mixins.json into net.minecraft.client.gui.GuiGraphics
[12Apr2026 16:46:34.864] [main/INFO] [mixin/]: Mixing MinecraftMixin from moonlight-common.mixins.json into net.minecraft.client.Minecraft
[12Apr2026 16:46:34.874] [main/INFO] [mixin/]: Mixing MinecraftMixin from mixins.irons_spellbooks.json into net.minecraft.client.Minecraft
[12Apr2026 16:46:36.794] [pool-4-thread-1/INFO] [mixin/]: Mixing BlockMixin from apotheosis.mixins.json into net.minecraft.world.level.block.Block
[12Apr2026 16:46:36.863] [pool-4-thread-1/INFO] [mixin/]: Mixing AccessorEntity from curios.mixins.json into net.minecraft.world.entity.Entity
[12Apr2026 16:46:36.872] [pool-4-thread-1/INFO] [mixin/]: Mixing EntityMixin from attributeslib.mixins.json into net.minecraft.world.entity.Entity
[12Apr2026 16:46:36.874] [pool-4-thread-1/INFO] [mixin/]: Mixing EntityAccessor from mixins.irons_spellbooks.json into net.minecraft.world.entity.Entity
[12Apr2026 16:46:36.879] [pool-4-thread-1/INFO] [mixin/]: Mixing EntityMixin from mixins.irons_spellbooks.json into net.minecraft.world.entity.Entity
[12Apr2026 16:46:36.886] [pool-4-thread-1/INFO] [mixin/]: Mixing ClientEntityMixin from mixins.irons_spellbooks.json into net.minecraft.world.entity.Entity
[12Apr2026 16:46:36.955] [pool-4-thread-1/INFO] [mixin/]: Mixing IForgeEntityMixin from attributeslib.mixins.json into net.minecraftforge.common.extensions.IForgeEntity
[12Apr2026 16:46:36.992] [pool-4-thread-1/INFO] [mixin/]: Mixing MixinLivingEntity from gunsmithlib.mixins.json into net.minecraft.world.entity.LivingEntity
[12Apr2026 16:46:36.993] [pool-4-thread-1/WARN] [mixin/]: gunsmithlib.mixins.json:MixinLivingEntity: Class version 61 required is higher than the class version supported by the current version of Mixin (JAVA_8 supports class version 52)
[12Apr2026 16:46:36.994] [pool-4-thread-1/INFO] [mixin/]: Renaming synthetic method lambda$useSpecialSetHealthWhenNeeded$1(Lcom/llamalad7/mixinextras/injector/wrapoperation/Operation;Lnet/minecraft/world/entity/LivingEntity;F)V to mdace725$lambda$useSpecialSetHealthWhenNeeded$1$0 in gunsmithlib.mixins.json:MixinLivingEntity
[12Apr2026 16:46:36.995] [pool-4-thread-1/INFO] [mixin/]: Renaming synthetic method lambda$useSpecialActuallyHurtWhenNeeded$0(Lcom/llamalad7/mixinextras/injector/wrapoperation/Operation;Lnet/minecraft/world/entity/LivingEntity;Lnet/minecraft/world/damagesource/DamageSource;F)V to mdace725$lambda$useSpecialActuallyHurtWhenNeeded$0$1 in gunsmithlib.mixins.json:MixinLivingEntity
[12Apr2026 16:46:37.001] [pool-4-thread-1/INFO] [mixin/]: Mixing common.LivingEntityMixin from tacz.mixins.json into net.minecraft.world.entity.LivingEntity
[12Apr2026 16:46:37.006] [pool-4-thread-1/INFO] [mixin/]: Renaming synthetic method lambda$initialData$0()Lnet/minecraft/world/item/ItemStack; to mdace725$lambda$initialData$0$2 in tacz.mixins.json:common.LivingEntityMixin
[12Apr2026 16:46:37.019] [pool-4-thread-1/INFO] [mixin/]: Mixing MixinLivingEntity from caelus.mixins.json into net.minecraft.world.entity.LivingEntity
[12Apr2026 16:46:37.020] [pool-4-thread-1/INFO] [mixin/]: Mixing MixinLivingEntity from curios.mixins.json into net.minecraft.world.entity.LivingEntity
[12Apr2026 16:46:37.021] [pool-4-thread-1/INFO] [mixin/]: Mixing ClientLivingEntityMixin from irons_patreon_lib.mixins.json into net.minecraft.world.entity.LivingEntity
[12Apr2026 16:46:37.022] [pool-4-thread-1/INFO] [mixin/]: Mixing LivingEntityMixin from attributeslib.mixins.json into net.minecraft.world.entity.LivingEntity
[12Apr2026 16:46:37.023] [pool-4-thread-1/WARN] [mixin/]: @Shadow target attributeslib.mixins.json:LivingEntityMixin::attributes is final but shadow is not decorated with @Final
[12Apr2026 16:46:37.024] [pool-4-thread-1/INFO] [mixin/]: Mixing LivingEntityAccessor from mixins.irons_spellbooks.json into net.minecraft.world.entity.LivingEntity
[12Apr2026 16:46:37.029] [pool-4-thread-1/INFO] [mixin/]: Mixing LivingEntityMixin from mixins.irons_spellbooks.json into net.minecraft.world.entity.LivingEntity
[12Apr2026 16:46:37.029] [pool-4-thread-1/INFO] [mixin/]: Renaming synthetic method lambda$static$1(Lnet/minecraft/world/entity/ai/attributes/Attribute;)Z to mdace725$lambda$static$1$3 in mixins.irons_spellbooks.json:LivingEntityMixin
[12Apr2026 16:46:37.029] [pool-4-thread-1/INFO] [mixin/]: Renaming synthetic method lambda$static$0(Lnet/minecraft/world/entity/ai/attributes/Attribute;)Z to mdace725$lambda$static$0$4 in mixins.irons_spellbooks.json:LivingEntityMixin
[12Apr2026 16:46:37.046] [pool-4-thread-1/INFO] [mixin/]: Mixing LivingEntityInvoker from apotheosis.mixins.json into net.minecraft.world.entity.LivingEntity
[12Apr2026 16:46:37.069] [pool-4-thread-1/INFO] [mixin/]: Mixing LivingEntityMixin from apotheosis.mixins.json into net.minecraft.world.entity.LivingEntity
[12Apr2026 16:46:37.074] [pool-4-thread-1/INFO] [mixin/]: Mixing MHFMixinLivingEntity from apotheosis.mixins.json into net.minecraft.world.entity.LivingEntity
[12Apr2026 16:46:37.075] [pool-4-thread-1/INFO] [mixin/]: Mixing minecraft.LivingEntityAccessor from apotheosis_modern_ragnarok.mixins.json into net.minecraft.world.entity.LivingEntity
[12Apr2026 16:46:37.075] [pool-4-thread-1/WARN] [mixin/]: apotheosis_modern_ragnarok.mixins.json:minecraft.LivingEntityAccessor: Class version 61 required is higher than the class version supported by the current version of Mixin (JAVA_8 supports class version 52)
[12Apr2026 16:46:37.076] [pool-4-thread-1/INFO] [mixin/]: Renaming @Accessor method getDataHealthId()Lnet/minecraft/network/syncher/EntityDataAccessor; to getDataHealthId_$md$ace725$5 in apotheosis_modern_ragnarok.mixins.json:minecraft.LivingEntityAccessor
[12Apr2026 16:46:37.102] [pool-4-thread-1/INFO] [mixin/]: Mixing LivingEntityMixin from dummmmmmy-common.mixins.json into net.minecraft.world.entity.LivingEntity
[12Apr2026 16:46:37.104] [pool-4-thread-1/INFO] [mixin/]: Mixing minecraft.MixinLivingEntity from apotheosis_modern_ragnarok.mixins.json into net.minecraft.world.entity.LivingEntity
[12Apr2026 16:46:37.107] [pool-4-thread-1/INFO] [mixin/]: Renaming synthetic method lambda$onLivingDamage$2(Lcom/llamalad7/mixinextras/injector/wrapoperation/Operation;Lnet/minecraft/world/entity/LivingEntity;Lnet/minecraft/world/damagesource/DamageSource;F)Ljava/lang/Float; to mdace725$lambda$onLivingDamage$2$6 in apotheosis_modern_ragnarok.mixins.json:minecraft.MixinLivingEntity
[12Apr2026 16:46:37.107] [pool-4-thread-1/INFO] [mixin/]: Renaming synthetic method lambda$onLivingHurt$1(Lcom/llamalad7/mixinextras/injector/wrapoperation/Operation;Lnet/minecraft/world/entity/LivingEntity;Lnet/minecraft/world/damagesource/DamageSource;F)Ljava/lang/Float; to mdace725$lambda$onLivingHurt$1$7 in apotheosis_modern_ragnarok.mixins.json:minecraft.MixinLivingEntity
[12Apr2026 16:46:37.107] [pool-4-thread-1/INFO] [mixin/]: Renaming synthetic method lambda$onLivingAttack$0(Lcom/llamalad7/mixinextras/injector/wrapoperation/Operation;Lnet/minecraft/world/entity/LivingEntity;Lnet/minecraft/world/damagesource/DamageSource;F)Z to mdace725$lambda$onLivingAttack$0$8 in apotheosis_modern_ragnarok.mixins.json:minecraft.MixinLivingEntity
[12Apr2026 16:46:37.512] [pool-4-thread-1/INFO] [mixin/]: Mixing LevelAccessor from gunsmithlib.mixins.json into net.minecraft.world.level.Level
[12Apr2026 16:46:37.519] [pool-4-thread-1/INFO] [mixin/]: Mixing LevelMixin from mixins.irons_spellbooks.json into net.minecraft.world.level.Level
[12Apr2026 16:46:37.554] [pool-4-thread-1/INFO] [mixin/]: Mixing ServerLevelMixin from moonlight-common.mixins.json into net.minecraft.server.level.ServerLevel
[12Apr2026 16:46:37.623] [pool-4-thread-1/INFO] [mixin/]: Mixing MixinPlayer from gunsmithlib.mixins.json into net.minecraft.world.entity.player.Player
[12Apr2026 16:46:37.625] [pool-4-thread-1/INFO] [mixin/]: Mixing PlayerEntityMixin from playerAnimator-common.mixins.json into net.minecraft.world.entity.player.Player
[12Apr2026 16:46:37.625] [pool-4-thread-1/WARN] [mixin/]: playerAnimator-common.mixins.json:PlayerEntityMixin: Class version 61 required is higher than the class version supported by the current version of Mixin (JAVA_16 supports class version 60)
[12Apr2026 16:46:37.634] [pool-4-thread-1/INFO] [mixin/]: Mixing PlayerAccessor from irons_patreon_lib.mixins.json into net.minecraft.world.entity.player.Player
[12Apr2026 16:46:37.635] [pool-4-thread-1/INFO] [mixin/]: Renaming @Accessor method getDataPlayerModeCustomisation()Lnet/minecraft/network/syncher/EntityDataAccessor; to getDataPlayerModeCustomisation_$md$ace725$0 in irons_patreon_lib.mixins.json:PlayerAccessor
[12Apr2026 16:46:37.640] [pool-4-thread-1/INFO] [mixin/]: Mixing ClientPlayerMixin from irons_patreon_lib.mixins.json into net.minecraft.world.entity.player.Player
[12Apr2026 16:46:37.643] [pool-4-thread-1/INFO] [mixin/]: Mixing PlayerMixin from attributeslib.mixins.json into net.minecraft.world.entity.player.Player
[12Apr2026 16:46:37.645] [pool-4-thread-1/WARN] [mixin/]: @Shadow target attributeslib.mixins.json:PlayerMixin::abilities is final but shadow is not decorated with @Final
[12Apr2026 16:46:37.646] [pool-4-thread-1/INFO] [mixin/]: Mixing PlayerMixin from mixins.irons_spellbooks.json into net.minecraft.world.entity.player.Player
[12Apr2026 16:46:37.647] [pool-4-thread-1/INFO] [mixin/]: Mixing PlayerMixin from dummmmmmy-common.mixins.json into net.minecraft.world.entity.player.Player
[12Apr2026 16:46:37.814] [pool-4-thread-1/INFO] [mixin/]: Mixing hacks.InterfaceDefaultImplInjectors$Item from apotheosis_modern_ragnarok.mixins.json into net.minecraft.world.item.Item
[12Apr2026 16:46:37.814] [pool-4-thread-1/INFO] [mixin/]: Mixing ItemMixin from moonlight-common.mixins.json into net.minecraft.world.item.Item
[12Apr2026 16:46:37.818] [pool-4-thread-1/INFO] [mixin/]: Mixing ItemMixin from moonlight.mixins.json into net.minecraft.world.item.Item
[12Apr2026 16:46:37.822] [pool-4-thread-1/INFO] [mixin/]: Mixing ItemMixin from mixins.irons_spellbooks.json into net.minecraft.world.item.Item
[12Apr2026 16:46:37.825] [pool-4-thread-1/INFO] [mixin/]: Mixing ItemMixin from apotheosis.mixins.json into net.minecraft.world.item.Item
[12Apr2026 16:46:37.826] [pool-4-thread-1/INFO] [mixin/]: Mixing minecraft.MakeGunEnchantableMixin from apotheosis_modern_ragnarok.mixins.json into net.minecraft.world.item.Item
[12Apr2026 16:46:37.827] [pool-4-thread-1/INFO] [mixin/]: Renaming synthetic method lambda$giveEnchantmentValue$1(Lmod/chloeprime/gunsmithlib/api/util/GunInfo;)Ljava/lang/Integer; to mdace725$lambda$giveEnchantmentValue$1$0 in apotheosis_modern_ragnarok.mixins.json:minecraft.MakeGunEnchantableMixin
[12Apr2026 16:46:37.827] [pool-4-thread-1/INFO] [mixin/]: Renaming synthetic method lambda$giveEnchantmentValue$0(Lmod/chloeprime/apotheosismodernragnarok/common/gunpack/GunApothData;)Ljava/lang/Integer; to mdace725$lambda$giveEnchantmentValue$0$1 in apotheosis_modern_ragnarok.mixins.json:minecraft.MakeGunEnchantableMixin
[12Apr2026 16:46:37.891] [pool-4-thread-1/INFO] [mixin/]: Mixing IForgeItemMixin from attributeslib.mixins.json into net.minecraftforge.common.extensions.IForgeItem
[12Apr2026 16:46:38.334] [pool-4-thread-1/INFO] [mixin/]: Mixing MobEffectMixin from mixins.irons_spellbooks.json into net.minecraft.world.effect.MobEffect
[12Apr2026 16:46:38.347] [pool-4-thread-1/INFO] [mixin/]: Mixing EnchantmentMixin from apotheosis.mixins.json into net.minecraft.world.item.enchantment.Enchantment
[12Apr2026 16:46:38.348] [pool-4-thread-1/INFO] [mixin/]: Renaming synthetic method lambda$apoth_modifyEnchColorForAboveMaxLevel$0(Lnet/minecraft/network/chat/Style;)Lnet/minecraft/network/chat/Style; to mdace725$lambda$apoth_modifyEnchColorForAboveMaxLevel$0$0 in apotheosis.mixins.json:EnchantmentMixin
[12Apr2026 16:46:38.385] [pool-4-thread-1/INFO] [mixin/]: Mixing AttributeMixin from attributeslib.mixins.json into net.minecraft.world.entity.ai.attributes.Attribute
[12Apr2026 16:46:38.545] [pool-4-thread-1/INFO] [net.minecraftforge.coremod.CoreMod.apotheosis/COREMODLOG]: Replaced 2 calls to Enchantment#getMaxLevel() in net/minecraft/world/item/CreativeModeTabs
[12Apr2026 16:46:38.569] [pool-4-thread-1/INFO] [mixin/]: Mixing FireBlockMixin from moonlight.mixins.json into net.minecraft.world.level.block.FireBlock
[12Apr2026 16:46:38.856] [pool-4-thread-1/INFO] [mixin/]: Mixing accessor.DispenserBlockAccessor from moonlight-common.mixins.json into net.minecraft.world.level.block.DispenserBlock
[12Apr2026 16:46:38.857] [pool-4-thread-1/INFO] [mixin/]: Renaming @Accessor method getDispenserRegistry()Ljava/util/Map; to getDispenserRegistry_$md$ace725$0 in moonlight-common.mixins.json:accessor.DispenserBlockAccessor
[12Apr2026 16:46:38.861] [pool-4-thread-1/INFO] [mixin/]: Mixing DispenserBlockMixin from mixins.irons_spellbooks.json into net.minecraft.world.level.block.DispenserBlock
[12Apr2026 16:46:38.907] [pool-4-thread-1/INFO] [mixin/]: Mixing interactkey.StairBlockAccessor from gunsmithlib.mixins.json into net.minecraft.world.level.block.StairBlock
[12Apr2026 16:46:38.912] [pool-4-thread-1/INFO] [mixin/]: Mixing client.StairBlockAccessor from tacz.mixins.json into net.minecraft.world.level.block.StairBlock
[12Apr2026 16:46:39.001] [pool-4-thread-1/INFO] [mixin/]: Mixing AnvilBlockMixin from placebo.mixins.json into net.minecraft.world.level.block.AnvilBlock
[12Apr2026 16:46:39.075] [pool-4-thread-1/INFO] [mixin/]: Mixing CandleBlockMixin from apotheosis.mixins.json into net.minecraft.world.level.block.CandleBlock
[12Apr2026 16:46:39.087] [pool-4-thread-1/INFO] [mixin/]: Mixing MixinPowderSnowBlock from curios.mixins.json into net.minecraft.world.level.block.PowderSnowBlock
[12Apr2026 16:46:39.278] [pool-4-thread-1/INFO] [mixin/]: Mixing FallingBlockEntityMixin from apotheosis.mixins.json into net.minecraft.world.entity.item.FallingBlockEntity
[12Apr2026 16:46:39.348] [pool-4-thread-1/INFO] [mixin/]: Mixing accessor.DispenserBlockEntityAccessor from moonlight-common.mixins.json into net.minecraft.world.level.block.entity.DispenserBlockEntity
[12Apr2026 16:46:39.537] [pool-4-thread-1/INFO] [mixin/]: Mixing PistonBlockEntityMixin from moonlight-common.mixins.json into net.minecraft.world.level.block.piston.PistonMovingBlockEntity
[12Apr2026 16:46:39.584] [pool-4-thread-1/INFO] [mixin/]: Mixing ServerPlayerMixin from moonlight-common.mixins.json into net.minecraft.server.level.ServerPlayer
[12Apr2026 16:46:39.585] [pool-4-thread-1/INFO] [mixin/]: Mixing common.ServerPlayerMixin from tacz.mixins.json into net.minecraft.server.level.ServerPlayer
[12Apr2026 16:46:39.751] [pool-4-thread-1/INFO] [mixin/]: Mixing AbstractContainerMenuInvoker from placebo.mixins.json into net.minecraft.world.inventory.AbstractContainerMenu
[12Apr2026 16:46:39.869] [pool-4-thread-1/INFO] [mixin/]: Mixing EntityMixin from moonlight-common.mixins.json into net.minecraft.world.entity.Mob
[12Apr2026 16:46:39.870] [pool-4-thread-1/INFO] [mixin/]: Mixing MixinMob from gunsmithlib.mixins.json into net.minecraft.world.entity.Mob
[12Apr2026 16:46:39.995] [pool-4-thread-1/INFO] [mixin/]: Mixing ItemStackMixin from apotheosis.mixins.json into net.minecraft.world.item.ItemStack
[12Apr2026 16:46:39.997] [pool-4-thread-1/INFO] [mixin/]: Renaming synthetic method lambda$swapDura$2(DD)D to mdace725$lambda$swapDura$2$0 in apotheosis.mixins.json:ItemStackMixin
[12Apr2026 16:46:39.998] [pool-4-thread-1/INFO] [mixin/]: Renaming synthetic method lambda$swapDura$1(Lnet/minecraft/server/level/ServerPlayer;Ldev/shadowsoffire/apotheosis/adventure/affix/AffixInstance;)D to mdace725$lambda$swapDura$1$1 in apotheosis.mixins.json:ItemStackMixin
[12Apr2026 16:46:39.998] [pool-4-thread-1/INFO] [mixin/]: Renaming synthetic method lambda$apoth_affixItemName$0(Ldev/shadowsoffire/placebo/reload/DynamicHolder;Lnet/minecraft/network/chat/Style;)Lnet/minecraft/network/chat/Style; to mdace725$lambda$apoth_affixItemName$0$2 in apotheosis.mixins.json:ItemStackMixin
[12Apr2026 16:46:40.009] [pool-4-thread-1/INFO] [mixin/]: Mixing MixinItemStack from gunsmithlib.mixins.json into net.minecraft.world.item.ItemStack
[12Apr2026 16:46:40.010] [pool-4-thread-1/INFO] [mixin/]: Mixing ItemStackMixin from placebo.mixins.json into net.minecraft.world.item.ItemStack
[12Apr2026 16:46:40.011] [pool-4-thread-1/INFO] [mixin/]: Renaming synthetic method lambda$getOrCreate$0(Ljava/util/function/Function;Ljava/util/function/ToIntFunction;Lnet/minecraft/resources/ResourceLocation;)Ldev/shadowsoffire/placebo/util/CachedObject; to mdace725$lambda$getOrCreate$0$3 in placebo.mixins.json:ItemStackMixin
[12Apr2026 16:46:40.014] [pool-4-thread-1/INFO] [mixin/]: Mixing ItemStackMixin from attributeslib.mixins.json into net.minecraft.world.item.ItemStack
[12Apr2026 16:46:40.014] [pool-4-thread-1/INFO] [mixin/]: Mixing ItemStackMixin from mixins.irons_spellbooks.json into net.minecraft.world.item.ItemStack
[12Apr2026 16:46:40.131] [pool-4-thread-1/INFO] [net.minecraftforge.coremod.CoreMod.placebo/COREMODLOG]: Patching IForgeItemStack#getEnchantmentLevel
[12Apr2026 16:46:40.131] [pool-4-thread-1/INFO] [net.minecraftforge.coremod.CoreMod.placebo/COREMODLOG]: Patching IForgeItemStack#getEnchantmentLevel
[12Apr2026 16:46:40.132] [pool-4-thread-1/INFO] [mixin/]: Mixing IItemExtensionMixin from mixins.irons_spellbooks.json into net.minecraftforge.common.extensions.IForgeItemStack
[12Apr2026 16:46:40.132] [pool-4-thread-1/INFO] [mixin/]: Mixing IForgeItemStackMixin from apotheosis.mixins.json into net.minecraftforge.common.extensions.IForgeItemStack
[12Apr2026 16:46:40.250] [pool-4-thread-1/INFO] [net.minecraftforge.coremod.CoreMod.apotheosis/COREMODLOG]: Replaced 2 calls to Enchantment#getMaxLevel() in net/minecraft/world/inventory/AnvilMenu
[12Apr2026 16:46:40.250] [pool-4-thread-1/INFO] [mixin/]: Mixing AnvilMenuMixin from apotheosis.mixins.json into net.minecraft.world.inventory.AnvilMenu
[12Apr2026 16:46:40.498] [pool-4-thread-1/INFO] [mixin/]: Mixing LecternBlockEntityMixin from mixins.irons_spellbooks.json into net.minecraft.world.level.block.entity.LecternBlockEntity
[12Apr2026 16:46:40.526] [pool-4-thread-1/INFO] [mixin/]: Mixing SmithingMenuMixin from apotheosis.mixins.json into net.minecraft.world.inventory.SmithingMenu
[12Apr2026 16:46:40.694] [pool-4-thread-1/INFO] [mixin/]: Mixing LightningEntityMixin from moonlight-common.mixins.json into net.minecraft.world.entity.LightningBolt
[12Apr2026 16:46:40.768] [pool-4-thread-1/INFO] [mixin/]: Mixing BlockItemMixin from moonlight-common.mixins.json into net.minecraft.world.item.BlockItem
[12Apr2026 16:46:40.804] [pool-4-thread-1/INFO] [mixin/]: Mixing FlintAnSteelItemMixin from mixins.irons_spellbooks.json into net.minecraft.world.item.FlintAndSteelItem
[12Apr2026 16:46:40.804] [pool-4-thread-1/INFO] [mixin/]: Renaming synthetic method lambda$useOn$0(Lnet/minecraft/world/item/context/UseOnContext;Lnet/minecraft/world/entity/player/Player;)V to mdace725$lambda$useOn$0$0 in mixins.irons_spellbooks.json:FlintAnSteelItemMixin
[12Apr2026 16:46:40.826] [pool-4-thread-1/INFO] [mixin/]: Mixing ArrowItemMixin from apotheosis.mixins.json into net.minecraft.world.item.ArrowItem
[12Apr2026 16:46:40.834] [pool-4-thread-1/INFO] [mixin/]: Mixing SwordItemMixin from dummmmmmy-common.mixins.json into net.minecraft.world.item.SwordItem
[12Apr2026 16:46:40.850] [pool-4-thread-1/INFO] [mixin/]: Mixing ToolItemMixin from dummmmmmy-common.mixins.json into net.minecraft.world.item.DiggerItem
[12Apr2026 16:46:40.881] [pool-4-thread-1/INFO] [mixin/]: Mixing MapItemMixin from moonlight-common.mixins.json into net.minecraft.world.item.MapItem
[12Apr2026 16:46:40.882] [pool-4-thread-1/INFO] [mixin/]: Renaming synthetic method lambda$update$1(Lnet/minecraft/world/level/saveddata/maps/MapItemSavedData;Lnet/minecraft/world/entity/Entity;Ljava/util/concurrent/atomic/AtomicBoolean;Lnet/minecraft/resources/ResourceLocation;Lnet/mehvahdjukaar/moonlight/api/map/CustomMapData;)V to mdace725$lambda$update$1$0 in moonlight-common.mixins.json:MapItemMixin
[12Apr2026 16:46:40.882] [pool-4-thread-1/INFO] [mixin/]: Renaming synthetic method lambda$appendHoverText$0(Lnet/minecraft/world/level/saveddata/maps/MapItemSavedData;Lnet/minecraft/world/item/ItemStack;Ljava/util/List;Lnet/minecraft/resources/ResourceLocation;Lnet/mehvahdjukaar/moonlight/api/map/CustomMapData;)V to mdace725$lambda$appendHoverText$0$1 in moonlight-common.mixins.json:MapItemMixin
[12Apr2026 16:46:40.900] [pool-4-thread-1/INFO] [mixin/]: Mixing ShearItemMixin from moonlight-common.mixins.json into net.minecraft.world.item.ShearsItem
[12Apr2026 16:46:40.901] [pool-4-thread-1/INFO] [mixin/]: Mixing MixinShearsItem from curios.mixins.json into net.minecraft.world.item.ShearsItem
[12Apr2026 16:46:40.901] [pool-4-thread-1/INFO] [mixin/]: Mixing ShearsItemMixin from apotheosis.mixins.json into net.minecraft.world.item.ShearsItem
[12Apr2026 16:46:40.946] [pool-4-thread-1/INFO] [mixin/]: Mixing ArmorStandFIxMixin from dummmmmmy-common.mixins.json into net.minecraft.world.item.ArmorStandItem
[12Apr2026 16:46:40.966] [pool-4-thread-1/INFO] [mixin/]: Mixing TridentItemMixin from mixins.irons_spellbooks.json into net.minecraft.world.item.TridentItem
[12Apr2026 16:46:40.967] [pool-4-thread-1/INFO] [mixin/]: Mixing TridentItemMixin from apotheosis.mixins.json into net.minecraft.world.item.TridentItem
[12Apr2026 16:46:40.976] [pool-4-thread-1/INFO] [mixin/]: Mixing CrossbowItemMixin from apotheosis.mixins.json into net.minecraft.world.item.CrossbowItem
[12Apr2026 16:46:41.762] [pool-4-thread-1/INFO] [mixin/]: Mixing MixinAreaEffectCloud from gunsmithlib.mixins.json into net.minecraft.world.entity.AreaEffectCloud
[12Apr2026 16:46:41.928] [Datafixer Bootstrap/INFO] [com.mojang.datafixers.DataFixerBuilder/]: 188 Datafixer optimizations took 179 milliseconds
[12Apr2026 16:46:42.221] [pool-4-thread-1/INFO] [mixin/]: Mixing ArmorStandAccessor from irons_patreon_lib.mixins.json into net.minecraft.world.entity.decoration.ArmorStand
[12Apr2026 16:46:42.226] [pool-4-thread-1/INFO] [mixin/]: Mixing ClientArmorStandMixin from irons_patreon_lib.mixins.json into net.minecraft.world.entity.decoration.ArmorStand
[12Apr2026 16:46:42.282] [pool-4-thread-1/INFO] [mixin/]: Mixing TemptGoalMixin from apotheosis.mixins.json into net.minecraft.world.entity.ai.goal.TemptGoal
[12Apr2026 16:46:42.295] [pool-4-thread-1/INFO] [mixin/]: Mixing BeeGoalMixin from moonlight-common.mixins.json into net.minecraft.world.entity.animal.Bee$BeeGrowCropGoal
[12Apr2026 16:46:42.318] [pool-4-thread-1/INFO] [mixin/]: Mixing NearestAttackableTargetGoalMixin from attributeslib.mixins.json into net.minecraft.world.entity.ai.goal.target.NearestAttackableTargetGoal
[12Apr2026 16:46:42.320] [pool-4-thread-1/INFO] [mixin/]: Mixing NearestAttackableTargetGoalMixin from pillagers_gun.mixins.json into net.minecraft.world.entity.ai.goal.target.NearestAttackableTargetGoal
[12Apr2026 16:46:42.408] [pool-4-thread-1/INFO] [mixin/]: Mixing CreeperMixin from mixins.irons_spellbooks.json into net.minecraft.world.entity.monster.Creeper
[12Apr2026 16:46:42.461] [pool-4-thread-1/INFO] [mixin/]: Mixing ThrownTridentMixin from attributeslib.mixins.json into net.minecraft.world.entity.projectile.ThrownTrident
[12Apr2026 16:46:42.461] [pool-4-thread-1/INFO] [mixin/]: Mixing ThrownTridentMixin from apotheosis.mixins.json into net.minecraft.world.entity.projectile.ThrownTrident
[12Apr2026 16:46:42.522] [pool-4-thread-1/INFO] [mixin/]: Mixing FixBlockPlaceContextMixin from moonlight-common.mixins.json into net.minecraft.world.item.context.BlockPlaceContext
[12Apr2026 16:46:42.594] [pool-4-thread-1/INFO] [mixin/]: Mixing SlimeMixin from apotheosis.mixins.json into net.minecraft.world.entity.monster.Slime
[12Apr2026 16:46:42.653] [pool-4-thread-1/INFO] [mixin/]: Mixing PillagerMixin from pillagers_gun.mixins.json into net.minecraft.world.entity.monster.Pillager
[12Apr2026 16:46:42.654] [pool-4-thread-1/INFO] [mixin/]: Renaming synthetic method lambda$onGetArmPose$0(Lnet/minecraft/world/item/ItemStack;)Z to mdace725$lambda$onGetArmPose$0$0 in pillagers_gun.mixins.json:PillagerMixin
[12Apr2026 16:46:42.671] [pool-4-thread-1/INFO] [mixin/]: Mixing ThrownPotionMixin from moonlight-common.mixins.json into net.minecraft.world.entity.projectile.ThrownPotion
[12Apr2026 16:46:42.693] [pool-4-thread-1/INFO] [mixin/]: Mixing SheepMixin from apotheosis.mixins.json into net.minecraft.world.entity.animal.Sheep
[12Apr2026 16:46:42.828] [pool-4-thread-1/INFO] [mixin/]: Mixing LevelChunkMixin from moonlight-common.mixins.json into net.minecraft.world.level.chunk.LevelChunk
[12Apr2026 16:46:42.888] [pool-4-thread-1/INFO] [mixin/]: Mixing VillagerMixin from moonlight-common.mixins.json into net.minecraft.world.entity.npc.Villager
[12Apr2026 16:46:42.940] [pool-4-thread-1/INFO] [net.minecraftforge.coremod.CoreMod.apotheosis/COREMODLOG]: Patching FishingHook#catchingFish
[12Apr2026 16:46:42.965] [pool-4-thread-1/INFO] [mixin/]: Mixing minecraft.MixinMobEffectInstance from apotheosis_modern_ragnarok.mixins.json into net.minecraft.world.effect.MobEffectInstance
[12Apr2026 16:46:43.003] [pool-4-thread-1/INFO] [mixin/]: Mixing common.ServerGamePacketListenerImplMixin from tacz.mixins.json into net.minecraft.server.network.ServerGamePacketListenerImpl
[12Apr2026 16:46:43.003] [pool-4-thread-1/INFO] [mixin/]: Mixing common.ServerPlayNetHandlerMixin from tacz.mixins.json into net.minecraft.server.network.ServerGamePacketListenerImpl
[12Apr2026 16:46:43.166] [pool-4-thread-1/INFO] [mixin/]: Mixing MixinInventory from curios.mixins.json into net.minecraft.world.entity.player.Inventory
[12Apr2026 16:46:43.167] [pool-4-thread-1/INFO] [mixin/]: Mixing InventoryMixin from moonlight-common.mixins.json into net.minecraft.world.entity.player.Inventory
[12Apr2026 16:46:43.201] [pool-4-thread-1/INFO] [mixin/]: Mixing GrindstoneMenuSlotMixin from moonlight-common.mixins.json into net.minecraft.world.inventory.GrindstoneMenu$4
[12Apr2026 16:46:43.216] [pool-4-thread-1/INFO] [mixin/]: Mixing MapExtendingRecipeMixin from moonlight-common.mixins.json into net.minecraft.world.item.crafting.MapExtendingRecipe
[12Apr2026 16:46:43.319] [pool-4-thread-1/INFO] [net.minecraftforge.coremod.CoreMod.apotheosis/COREMODLOG]: Replaced 1 calls to Enchantment#getMaxLevel() in net/minecraft/world/level/storage/loot/functions/EnchantRandomlyFunction
[12Apr2026 16:46:43.319] [pool-4-thread-1/INFO] [net.minecraftforge.coremod.CoreMod.apotheosis/COREMODLOG]: Replaced 1 calls to Enchantment#isDiscoverable() in net/minecraft/world/level/storage/loot/functions/EnchantRandomlyFunction
[12Apr2026 16:46:43.329] [pool-4-thread-1/INFO] [mixin/]: Mixing MixinApplyBonusCount from curios.mixins.json into net.minecraft.world.level.storage.loot.functions.ApplyBonusCount
[12Apr2026 16:46:43.748] [pool-4-thread-1/INFO] [mixin/]: Mixing NoiseChunkGeneratorMixin from mixins.irons_spellbooks.json into net.minecraft.world.level.levelgen.NoiseBasedChunkGenerator
[12Apr2026 16:46:43.749] [pool-4-thread-1/INFO] [mixin/]: Renaming synthetic method lambda$irons_spellbooks$detectAquifers$2(I)[Lnet/minecraft/world/level/levelgen/structure/BoundingBox; to mdace725$lambda$irons_spellbooks$detectAquifers$2$0 in mixins.irons_spellbooks.json:NoiseChunkGeneratorMixin
[12Apr2026 16:46:43.749] [pool-4-thread-1/INFO] [mixin/]: Renaming synthetic method lambda$irons_spellbooks$detectAquifers$1(Lnet/minecraft/world/level/levelgen/structure/StructureStart;)Ljava/util/stream/Stream; to mdace725$lambda$irons_spellbooks$detectAquifers$1$1 in mixins.irons_spellbooks.json:NoiseChunkGeneratorMixin
[12Apr2026 16:46:43.749] [pool-4-thread-1/INFO] [mixin/]: Renaming synthetic method lambda$irons_spellbooks$detectAquifers$0(Lnet/minecraft/world/level/StructureManager;Lnet/minecraft/world/level/levelgen/structure/Structure;)Z to mdace725$lambda$irons_spellbooks$detectAquifers$0$2 in mixins.irons_spellbooks.json:NoiseChunkGeneratorMixin
[12Apr2026 16:46:44.194] [pool-4-thread-1/INFO] [mixin/]: Mixing client.ProjectileJoinWorldOwnerFixMixin from gunsmithlib.mixins.json into net.minecraftforge.network.PlayMessages$SpawnEntity
[12Apr2026 16:46:44.369] [Render thread/INFO] [mixin/]: Mixing GuiMixin from mixins.irons_spellbooks.json into net.minecraft.client.gui.Gui
[12Apr2026 16:46:44.372] [Render thread/INFO] [mixin/]: Mixing client.GuiMixin from apotheosis.mixins.json into net.minecraft.client.gui.Gui
[12Apr2026 16:46:44.389] [Render thread/INFO] [mixin/]: BeforeConstant is searching for constants in method with descriptor (Lnet/minecraft/network/chat/Component;Z)V
[12Apr2026 16:46:44.390] [Render thread/INFO] [mixin/]:   BeforeConstant found INTEGER constant: value = 0, intValue = null
[12Apr2026 16:46:44.390] [Render thread/INFO] [mixin/]:     BeforeConstant found a matching constant TYPE at ordinal 0
[12Apr2026 16:46:44.390] [Render thread/INFO] [mixin/]:       BeforeConstant found Insn [ICONST_0] 
[12Apr2026 16:46:44.390] [Render thread/INFO] [mixin/]:   BeforeConstant found INTEGER constant: value = 60, intValue = null
[12Apr2026 16:46:44.390] [Render thread/INFO] [mixin/]:     BeforeConstant found a matching constant TYPE at ordinal 1
[12Apr2026 16:46:44.390] [Render thread/INFO] [mixin/]:       BeforeConstant found IntInsn 60
[12Apr2026 16:46:44.405] [Render thread/INFO] [mixin/]: Mixing client.LocalPlayerMixin from tacz.mixins.json into net.minecraft.client.player.LocalPlayer
[12Apr2026 16:46:44.417] [Render thread/INFO] [mixin/]: Mixing MixinLocalPlayer from caelus.mixins.json into net.minecraft.client.player.LocalPlayer
[12Apr2026 16:46:44.464] [Render thread/INFO] [net.minecraftforge.coremod.CoreMod.attributeslib/COREMODLOG]: Patching EffectRenderingInventoryScreen#renderEffects
[12Apr2026 16:46:44.468] [Render thread/INFO] [mixin/]: Mixing client.AbstractContainerScreenMixin from attributeslib.mixins.json into net.minecraft.client.gui.screens.inventory.AbstractContainerScreen
[12Apr2026 16:46:44.469] [Render thread/INFO] [mixin/]: Mixing client.AbstractContainerScreenMixin from apotheosis.mixins.json into net.minecraft.client.gui.screens.inventory.AbstractContainerScreen
[12Apr2026 16:46:44.492] [Render thread/INFO] [mixin/]: Mixing ConditionHackMixin from moonlight.mixins.json into net.minecraft.server.packs.resources.SimplePreparableReloadListener
[12Apr2026 16:46:44.571] [Render thread/WARN] [net.minecraft.server.packs.VanillaPackResourcesBuilder/]: Assets URL 'union:/C:/Users/Hell-/.gradle/caches/forge_gradle/minecraft_user_repo/net/minecraftforge/forge/1.20.1-47.4.0_mapped_official_1.20.1/forge-1.20.1-47.4.0_mapped_official_1.20.1-recomp.jar%23191!/assets/.mcassetsroot' uses unexpected schema
[12Apr2026 16:46:44.571] [Render thread/WARN] [net.minecraft.server.packs.VanillaPackResourcesBuilder/]: Assets URL 'union:/C:/Users/Hell-/.gradle/caches/forge_gradle/minecraft_user_repo/net/minecraftforge/forge/1.20.1-47.4.0_mapped_official_1.20.1/forge-1.20.1-47.4.0_mapped_official_1.20.1-recomp.jar%23191!/data/.mcassetsroot' uses unexpected schema
[12Apr2026 16:46:44.602] [Render thread/INFO] [com.mojang.authlib.yggdrasil.YggdrasilAuthenticationService/]: Environment: authHost='https://authserver.mojang.com', accountsHost='https://api.mojang.com', sessionHost='https://sessionserver.mojang.com', servicesHost='https://api.minecraftservices.com', name='PROD'
[12Apr2026 16:46:44.609] [Render thread/INFO] [net.minecraft.client.Minecraft/]: Setting user: Dev
[12Apr2026 16:46:44.628] [Render thread/INFO] [mixin/]: Mixing client.AbstractButtonMixin from tacz.mixins.json into net.minecraft.client.gui.components.AbstractButton
[12Apr2026 16:46:44.651] [Render thread/INFO] [mixin/]: Mixing client.ChatComponentMixin from placebo.mixins.json into net.minecraft.client.gui.components.ChatComponent
[12Apr2026 16:46:44.656] [Render thread/INFO] [mixin/]: BeforeConstant is searching for constants in method with descriptor (Lnet/minecraft/network/chat/Component;Lnet/minecraft/client/GuiMessageTag;)V
[12Apr2026 16:46:44.657] [Render thread/INFO] [mixin/]:   BeforeConstant found STRING constant: value = , stringValue = null
[12Apr2026 16:46:44.657] [Render thread/INFO] [mixin/]:     BeforeConstant found a matching constant TYPE at ordinal 0
[12Apr2026 16:46:44.657] [Render thread/INFO] [mixin/]:       BeforeConstant found LdcInsn 
[12Apr2026 16:46:44.657] [Render thread/INFO] [mixin/]:   BeforeConstant found STRING constant: value = \\r, stringValue = null
[12Apr2026 16:46:44.657] [Render thread/INFO] [mixin/]:     BeforeConstant found a matching constant TYPE at ordinal 1
[12Apr2026 16:46:44.657] [Render thread/INFO] [mixin/]:       BeforeConstant found LdcInsn \\r
[12Apr2026 16:46:44.657] [Render thread/INFO] [mixin/]:   BeforeConstant found STRING constant: value = 
, stringValue = null
[12Apr2026 16:46:44.657] [Render thread/INFO] [mixin/]:     BeforeConstant found a matching constant TYPE at ordinal 2
[12Apr2026 16:46:44.657] [Render thread/INFO] [mixin/]:       BeforeConstant found LdcInsn 

[12Apr2026 16:46:44.657] [Render thread/INFO] [mixin/]:   BeforeConstant found STRING constant: value = \\n, stringValue = null
[12Apr2026 16:46:44.657] [Render thread/INFO] [mixin/]:     BeforeConstant found a matching constant TYPE at ordinal 3
[12Apr2026 16:46:44.657] [Render thread/INFO] [mixin/]:       BeforeConstant found LdcInsn \\n
[12Apr2026 16:46:44.657] [Render thread/INFO] [mixin/]:   BeforeConstant found CLASS constant: value = Ljava/lang/String;, typeValue = null
[12Apr2026 16:46:44.657] [Render thread/INFO] [mixin/]:   BeforeConstant found STRING constant: value = [{}] [CHAT] {}, stringValue = null
[12Apr2026 16:46:44.657] [Render thread/INFO] [mixin/]:     BeforeConstant found a matching constant TYPE at ordinal 4
[12Apr2026 16:46:44.657] [Render thread/INFO] [mixin/]:       BeforeConstant found LdcInsn [{}] [CHAT] {}
[12Apr2026 16:46:44.657] [Render thread/INFO] [mixin/]:   BeforeConstant found STRING constant: value = [CHAT] {}, stringValue = null
[12Apr2026 16:46:44.657] [Render thread/INFO] [mixin/]:     BeforeConstant found a matching constant TYPE at ordinal 5
[12Apr2026 16:46:44.657] [Render thread/INFO] [mixin/]:       BeforeConstant found LdcInsn [CHAT] {}
[12Apr2026 16:46:44.731] [Render thread/INFO] [net.minecraft.client.Minecraft/]: Backend library: LWJGL version 3.3.1 build 7
[12Apr2026 16:46:44.812] [Render thread/INFO] [mixin/]: Mixing client.MouseHandlerMixin from tacz.mixins.json into net.minecraft.client.MouseHandler
[12Apr2026 16:46:45.010] [Render thread/INFO] [mixin/]: Mixing MultiPackResourceManagerMixin from moonlight-common.mixins.json into net.minecraft.server.packs.resources.MultiPackResourceManager
[12Apr2026 16:46:45.092] [modloading-worker-0/INFO] [mixin/]: Mixing MixinCaelusApi from caelus.mixins.json into top.theillusivec4.caelus.api.CaelusApi
[12Apr2026 16:46:45.149] [modloading-worker-0/INFO] [mixin/]: Mixing apoth.MixinAttributeLibAttributeEvents from apotheosis_modern_ragnarok.mixins.json into dev.shadowsoffire.attributeslib.impl.AttributeEvents
[12Apr2026 16:46:45.211] [modloading-worker-0/INFO] [net.minecraftforge.common.ForgeMod/FORGEMOD]: Forge mod loading, version 47.4.0, for MC 1.20.1 with MCP 20230612.114412
[12Apr2026 16:46:45.211] [modloading-worker-0/INFO] [net.minecraftforge.common.MinecraftForge/FORGE]: MinecraftForge v47.4.0 Initialized
[12Apr2026 16:46:45.233] [modloading-worker-0/INFO] [mixin/]: Mixing GameTypeMixin from attributeslib.mixins.json into net.minecraft.world.level.GameType
[12Apr2026 16:46:45.251] [modloading-worker-0/INFO] [mixin/]: Mixing ServerResourcesMixin from placebo.mixins.json into net.minecraft.server.ReloadableServerResources
[12Apr2026 16:46:45.263] [modloading-worker-0/INFO] [mixin/]: Mixing DamageSourceMixin from apotheosis.mixins.json into net.minecraft.world.damagesource.DamageSource
[12Apr2026 16:46:45.264] [modloading-worker-0/INFO] [mixin/]: Mixing minecraft.MixinDamageSource from apotheosis_modern_ragnarok.mixins.json into net.minecraft.world.damagesource.DamageSource
[12Apr2026 16:46:45.279] [modloading-worker-0/INFO] [mixin/]: Mixing client.AnvilScreenMixin from apotheosis.mixins.json into net.minecraft.client.gui.screens.inventory.AnvilScreen
[12Apr2026 16:46:45.317] [modloading-worker-0/INFO] [mixin/]: Mixing EntityRendererMixin from mixins.irons_spellbooks.json into net.minecraft.client.renderer.entity.EntityRenderer
[12Apr2026 16:46:45.317] [modloading-worker-0/INFO] [mixin/]: Mixing minecraft.client.EntityRenderAccessor from apotheosis_modern_ragnarok.mixins.json into net.minecraft.client.renderer.entity.EntityRenderer
[12Apr2026 16:46:45.338] [modloading-worker-0/INFO] [mixin/]: Mixing LivingEntityRendererMixin from irons_patreon_lib.mixins.json into net.minecraft.client.renderer.entity.LivingEntityRenderer
[12Apr2026 16:46:45.339] [modloading-worker-0/INFO] [mixin/]: Mixing firstPerson.LivingEntityRendererMixin from playerAnimator-common.mixins.json into net.minecraft.client.renderer.entity.LivingEntityRenderer
[12Apr2026 16:46:45.339] [modloading-worker-0/INFO] [mixin/]: Renaming synthetic method lambda$filterLayers$0(Ljava/lang/Object;)Z to mdace725$lambda$filterLayers$0$0 in playerAnimator-common.mixins.json:firstPerson.LivingEntityRendererMixin
[12Apr2026 16:46:45.367] [modloading-worker-0/INFO] [mixin/]: Mixing FeatureRendererMixin from playerAnimator-common.mixins.json into net.minecraft.client.renderer.entity.layers.RenderLayer
[12Apr2026 16:46:45.377] [modloading-worker-0/INFO] [mixin/]: Mixing AttributeInstanceAccessor from attributeslib.mixins.json into net.minecraft.world.entity.ai.attributes.AttributeInstance
[12Apr2026 16:46:45.421] [modloading-worker-0/INFO] [mixin/]: Mixing apoth.EnderSurgeGemCompatMixin from apotheosis_modern_ragnarok.mixins.json into dev.shadowsoffire.apotheosis.adventure.socket.gem.bonus.GemBonus
[12Apr2026 16:46:45.423] [modloading-worker-0/WARN] [mixin/]: Write access to @Mutable @Final field gemClass:Ldev/shadowsoffire/apotheosis/adventure/socket/gem/GemClass; in apotheosis_modern_ragnarok.mixins.json:apoth.EnderSurgeGemCompatMixin::handler$zlb000$addGunsToCategorySet
[12Apr2026 16:46:45.468] [modloading-worker-0/INFO] [mixin/]: Mixing minecraft.LootTableAccessor from apotheosis_modern_ragnarok.mixins.json into net.minecraft.world.level.storage.loot.LootTable
[12Apr2026 16:46:45.527] [modloading-worker-0/INFO] [mixin/]: Mixing MixinModernKineticGunItem from gunsmithlib.mixins.json into com.tacz.guns.item.ModernKineticGunItem
[12Apr2026 16:46:45.527] [modloading-worker-0/INFO] [mixin/]: Renaming synthetic method lambda$configuredEnergyWeaponLockHeatForeverUntilReload$0(Lcom/tacz/guns/entity/shooter/ShooterDataHolder;Lmod/chloeprime/gunsmithlib/common/gunpack_extension/gun/energy/EnergyWeaponData$Runtime;)V to mdace725$lambda$configuredEnergyWeaponLockHeatForeverUntilReload$0$0 in gunsmithlib.mixins.json:MixinModernKineticGunItem
[12Apr2026 16:46:45.528] [modloading-worker-0/INFO] [mixin/]: Mixing tacz.ModernKineticGunItemMixin from pillagers_gun.mixins.json into com.tacz.guns.item.ModernKineticGunItem
[12Apr2026 16:46:45.528] [modloading-worker-0/INFO] [mixin/]: Renaming synthetic method lambda$pillagersGun$gunnerShoot$0(FLnet/minecraft/world/entity/LivingEntity;Lcom/tacz/guns/entity/EntityKineticBullet;FFFLorg/spongepowered/asm/mixin/injection/callback/CallbackInfo;Lcom/tacz/guns/resource/index/CommonGunIndex;)V to mdace725$lambda$pillagersGun$gunnerShoot$0$1 in pillagers_gun.mixins.json:tacz.ModernKineticGunItemMixin
[12Apr2026 16:46:45.530] [modloading-worker-0/INFO] [mixin/]: Mixing tacz.MixinModernKineticGunItem from apotheosis_modern_ragnarok.mixins.json into com.tacz.guns.item.ModernKineticGunItem
[12Apr2026 16:46:45.561] [modloading-worker-0/INFO] [mixin/]: Mixing apoth.MeleeGunIsSwordMixin from apotheosis_modern_ragnarok.mixins.json into dev.shadowsoffire.apotheosis.adventure.loot.LootCategory
[12Apr2026 16:46:45.562] [modloading-worker-0/INFO] [mixin/]: Renaming synthetic method lambda$overrideLootCategory$1(Lmod/chloeprime/apotheosismodernragnarok/common/gunpack/GunApothData;)Ljava/lang/Object; to mdace725$lambda$overrideLootCategory$1$0 in apotheosis_modern_ragnarok.mixins.json:apoth.MeleeGunIsSwordMixin
[12Apr2026 16:46:45.562] [modloading-worker-0/INFO] [mixin/]: Renaming synthetic method lambda$overrideLootCategory$0(Lcom/tacz/guns/resource/pojo/data/gun/GunData;)Ljava/util/Optional; to mdace725$lambda$overrideLootCategory$0$1 in apotheosis_modern_ragnarok.mixins.json:apoth.MeleeGunIsSwordMixin
[12Apr2026 16:46:45.563] [modloading-worker-0/INFO] [mixin/]: Mixing apoth.MixinLootCategory from apotheosis_modern_ragnarok.mixins.json into dev.shadowsoffire.apotheosis.adventure.loot.LootCategory
[12Apr2026 16:46:45.564] [modloading-worker-0/INFO] [mixin/]: Renaming synthetic method lambda$gunpackOverride$0(Lorg/spongepowered/asm/mixin/injection/callback/CallbackInfoReturnable;Lmod/chloeprime/apotheosismodernragnarok/common/gunpack/GunApothData;)V to mdace725$lambda$gunpackOverride$0$2 in apotheosis_modern_ragnarok.mixins.json:apoth.MixinLootCategory
[12Apr2026 16:46:45.589] [modloading-worker-0/INFO] [mixin/]: Mixing MixinAbstractGunItem from gunsmithlib.mixins.json into com.tacz.guns.api.item.gun.AbstractGunItem
[12Apr2026 16:46:45.590] [modloading-worker-0/INFO] [mixin/]: Mixing tacz.MixinAbstractGunItem from apotheosis_modern_ragnarok.mixins.json into com.tacz.guns.api.item.gun.AbstractGunItem
[12Apr2026 16:46:45.603] [modloading-worker-0/INFO] [mixin/]: Mixing apoth.GemInstanceAccessor from apotheosis_modern_ragnarok.mixins.json into dev.shadowsoffire.apotheosis.adventure.socket.gem.GemInstance
[12Apr2026 16:46:45.617] [modloading-worker-0/INFO] [mixin/]: Mixing apoth.AffixAdaptableMixin$Potion from apotheosis_modern_ragnarok.mixins.json into dev.shadowsoffire.apotheosis.adventure.affix.effect.PotionAffix
[12Apr2026 16:46:45.618] [modloading-worker-0/INFO] [mixin/]: Renaming synthetic method lambda$onGunshotKill$1(Ldev/shadowsoffire/apotheosis/adventure/affix/AffixInstance;Lnet/minecraft/world/entity/LivingEntity;)V to mdace725$lambda$onGunshotKill$1$0 in apotheosis_modern_ragnarok.mixins.json:apoth.AffixAdaptableMixin$Potion
[12Apr2026 16:46:45.618] [modloading-worker-0/INFO] [mixin/]: Renaming synthetic method lambda$onGunshotPost$0(Ldev/shadowsoffire/apotheosis/adventure/affix/AffixInstance;Lnet/minecraft/world/entity/LivingEntity;)V to mdace725$lambda$onGunshotPost$0$1 in apotheosis_modern_ragnarok.mixins.json:apoth.AffixAdaptableMixin$Potion
[12Apr2026 16:46:45.637] [modloading-worker-0/INFO] [mixin/]: Mixing firstPerson.LevelRendererMixin from playerAnimator-common.mixins.json into net.minecraft.client.renderer.LevelRenderer
[12Apr2026 16:46:45.696] [modloading-worker-0/INFO] [mixin/]: Mixing apoth.MagicDamageReductionFixMixin from apotheosis_modern_ragnarok.mixins.json into dev.shadowsoffire.apotheosis.adventure.affix.effect.DamageReductionAffix$DamageType
[12Apr2026 16:46:45.714] [modloading-worker-0/INFO] [mixin/]: Mixing firstPerson.CameraAccessor from playerAnimator-common.mixins.json into net.minecraft.client.Camera
[12Apr2026 16:46:45.843] [modloading-worker-0/INFO] [mixin/]: Mixing apoth.AffixAdaptableMixin$Telepathic from apotheosis_modern_ragnarok.mixins.json into dev.shadowsoffire.apotheosis.adventure.affix.effect.TelepathicAffix
[12Apr2026 16:46:46.070] [modloading-worker-0/INFO] [mixin/]: Mixing MixinGunData from gunsmithlib.mixins.json into com.tacz.guns.resource.pojo.data.gun.GunData
[12Apr2026 16:46:46.072] [modloading-worker-0/INFO] [mixin/]: Mixing tacz.gunpack.MixinGunData from apotheosis_modern_ragnarok.mixins.json into com.tacz.guns.resource.pojo.data.gun.GunData
[12Apr2026 16:46:46.099] [modloading-worker-0/INFO] [mixin/]: Mixing MixinAttachmentData from gunsmithlib.mixins.json into com.tacz.guns.resource.pojo.data.attachment.AttachmentData
[12Apr2026 16:46:46.152] [modloading-worker-0/INFO] [mixin/]: Mixing tacz.MixinEntityKineticBulletHigh from apotheosis_modern_ragnarok.mixins.json into com.tacz.guns.entity.EntityKineticBullet
[12Apr2026 16:46:46.153] [modloading-worker-0/INFO] [mixin/]: Mixing AlternativeArmorPierceFormulaMixin from gunsmithlib.mixins.json into com.tacz.guns.entity.EntityKineticBullet
[12Apr2026 16:46:46.154] [modloading-worker-0/INFO] [mixin/]: Mixing EntityKineticBulletAccessor from gunsmithlib.mixins.json into com.tacz.guns.entity.EntityKineticBullet
[12Apr2026 16:46:46.161] [modloading-worker-0/INFO] [mixin/]: Mixing MixinBullet from gunsmithlib.mixins.json into com.tacz.guns.entity.EntityKineticBullet
[12Apr2026 16:46:46.174] [modloading-worker-0/INFO] [mixin/]: Renaming synthetic method lambda$useSpecialHurtByTag$0(Lcom/llamalad7/mixinextras/injector/wrapoperation/Operation;Lnet/minecraft/world/entity/Entity;Lnet/minecraft/world/damagesource/DamageSource;F)Z to mdace725$lambda$useSpecialHurtByTag$0$0 in gunsmithlib.mixins.json:MixinBullet
[12Apr2026 16:46:46.175] [modloading-worker-0/INFO] [mixin/]: Mixing tacz.EntityKineticBulletMixin from pillagers_gun.mixins.json into com.tacz.guns.entity.EntityKineticBullet
[12Apr2026 16:46:46.175] [modloading-worker-0/INFO] [mixin/]: Renaming synthetic method lambda$pillagersGun$checkFriendlyFireEntities$0(Lcom/tacz/guns/entity/EntityKineticBullet$EntityResult;)Z to mdace725$lambda$pillagersGun$checkFriendlyFireEntities$0$1 in pillagers_gun.mixins.json:tacz.EntityKineticBulletMixin
[12Apr2026 16:46:46.176] [modloading-worker-0/INFO] [mixin/]: Mixing tacz.EntityKineticBulletAccessor from apotheosis_modern_ragnarok.mixins.json into com.tacz.guns.entity.EntityKineticBullet
[12Apr2026 16:46:46.181] [modloading-worker-0/INFO] [mixin/]: Mixing tacz.MixinEntityKineticBullet from apotheosis_modern_ragnarok.mixins.json into com.tacz.guns.entity.EntityKineticBullet
[12Apr2026 16:46:46.351] [modloading-worker-0/INFO] [mixin/]: Mixing minecraft.client.MixinSoundEngine from apotheosis_modern_ragnarok.mixins.json into net.minecraft.client.sounds.SoundEngine
[12Apr2026 16:46:46.372] [modloading-worker-0/INFO] [mixin/]: Mixing tacz.client.BlueMuzzleFlashMixin$CaptureState from apotheosis_modern_ragnarok.mixins.json into com.tacz.guns.client.model.BedrockGunModel
[12Apr2026 16:46:46.393] [modloading-worker-0/INFO] [mixin/]: Mixing client.RecoilAttributeMixin from gunsmithlib.mixins.json into com.tacz.guns.client.event.CameraSetupEvent
[12Apr2026 16:46:46.413] [modloading-worker-0/INFO] [mixin/]: Mixing GameRendererMixin from moonlight-common.mixins.json into net.minecraft.client.renderer.GameRenderer
[12Apr2026 16:46:46.414] [modloading-worker-0/INFO] [mixin/]: Mixing client.GameRendererMixin from tacz.mixins.json into net.minecraft.client.renderer.GameRenderer
[12Apr2026 16:46:46.518] [modloading-worker-0/INFO] [mixin/]: Mixing ParticleAccessor from mixins.irons_spellbooks.json into net.minecraft.client.particle.Particle
[12Apr2026 16:46:46.540] [modloading-worker-0/INFO] [mixin/]: Mixing ParticleMixin from mixins.irons_spellbooks.json into net.minecraft.client.particle.Particle
[12Apr2026 16:46:46.541] [modloading-worker-0/INFO] [mixin/]: Mixing minecraft.client.MixinParticle from apotheosis_modern_ragnarok.mixins.json into net.minecraft.client.particle.Particle
[12Apr2026 16:46:46.574] [modloading-worker-0/INFO] [mixin/]: Mixing AttributeMapMixin from attributeslib.mixins.json into net.minecraft.world.entity.ai.attributes.AttributeMap
[12Apr2026 16:46:46.575] [modloading-worker-0/INFO] [mixin/]: Renaming synthetic method lambda$setAttributesUpdating$0(Lnet/minecraft/world/entity/ai/attributes/Attribute;Lcom/mojang/datafixers/util/Pair;)V to mdace725$lambda$setAttributesUpdating$0$0 in attributeslib.mixins.json:AttributeMapMixin
[12Apr2026 16:46:47.083] [Render thread/INFO] [Moonlight/]: Initialized block sets in 16ms
[12Apr2026 16:46:47.192] [Render thread/INFO] [mixin/]: Mixing ThirdPersonRendererMixin from moonlight-common.mixins.json into net.minecraft.client.model.HumanoidModel
[12Apr2026 16:46:47.194] [Render thread/INFO] [mixin/]: Mixing BipedEntityModelMixin from playerAnimator-common.mixins.json into net.minecraft.client.model.HumanoidModel
[12Apr2026 16:46:47.196] [Render thread/INFO] [mixin/]: Renaming synthetic method lambda$renderToBuffer$3(Lcom/mojang/blaze3d/vertex/PoseStack;Lcom/mojang/blaze3d/vertex/VertexConsumer;IIFFFFLnet/minecraft/client/model/geom/ModelPart;)V to mdace725$lambda$renderToBuffer$3$0 in playerAnimator-common.mixins.json:BipedEntityModelMixin
[12Apr2026 16:46:47.196] [Render thread/INFO] [mixin/]: Renaming synthetic method lambda$renderToBuffer$2(Lcom/mojang/blaze3d/vertex/PoseStack;Lcom/mojang/blaze3d/vertex/VertexConsumer;IIFFFFLnet/minecraft/client/model/geom/ModelPart;)V to mdace725$lambda$renderToBuffer$2$1 in playerAnimator-common.mixins.json:BipedEntityModelMixin
[12Apr2026 16:46:47.196] [Render thread/INFO] [mixin/]: Renaming synthetic method lambda$renderToBuffer$1(Lcom/mojang/blaze3d/vertex/PoseStack;Lcom/mojang/blaze3d/vertex/VertexConsumer;IIFFFFLnet/minecraft/client/model/geom/ModelPart;)V to mdace725$lambda$renderToBuffer$1$2 in playerAnimator-common.mixins.json:BipedEntityModelMixin
[12Apr2026 16:46:47.196] [Render thread/INFO] [mixin/]: Renaming synthetic method lambda$renderToBuffer$0(Lcom/mojang/blaze3d/vertex/PoseStack;Lcom/mojang/blaze3d/vertex/VertexConsumer;IIFFFFLnet/minecraft/client/model/geom/ModelPart;)V to mdace725$lambda$renderToBuffer$0$3 in playerAnimator-common.mixins.json:BipedEntityModelMixin
[12Apr2026 16:46:47.199] [Render thread/INFO] [mixin/]: Mixing client.HumanoidModelMixin from tacz.mixins.json into net.minecraft.client.model.HumanoidModel
[12Apr2026 16:46:47.535] [Render thread/INFO] [mixin/]: Mixing accessor.BrainAccessor from moonlight-common.mixins.json into net.minecraft.world.entity.ai.Brain
[12Apr2026 16:46:47.736] [Render thread/INFO] [mixin/]: Mixing ForgeHooksMixin from apotheosis.mixins.json into net.minecraftforge.common.ForgeHooks
[12Apr2026 16:46:47.838] [Render thread/INFO] [net.playwright.magitacz.MagitaczMod/]: Adding Spell Shot Reduction Attribute
[12Apr2026 16:46:55.929] [Render thread/INFO] [tacz/GunPackFinder]: Start scanning for gun packs in C:\Projects\magitacz-forge\run\tacz
[12Apr2026 16:46:55.932] [Render thread/INFO] [tacz/GunPackFinder]: - playwrights_gunpack, Main namespace: playwrights_gunpack
[12Apr2026 16:46:55.933] [Render thread/INFO] [tacz/GunPackFinder]: - tacz_default_gun, Main namespace: tacz
[12Apr2026 16:46:55.934] [Render thread/INFO] [tacz/GunPackFinder]: Found 2 possible gunpack(s) and added them to resource set.
[12Apr2026 16:46:56.458] [Render thread/INFO] [mixin/]: Mixing ClientLanguagesMixin from moonlight-common.mixins.json into net.minecraft.client.resources.language.ClientLanguage
[12Apr2026 16:46:56.461] [Render thread/INFO] [mixin/]: Renaming synthetic method lambda$addEntries$0(Lnet/mehvahdjukaar/moonlight/api/events/AfterLanguageLoadEvent;Lnet/mehvahdjukaar/moonlight/api/set/BlockTypeRegistry;)V to mdace725$lambda$addEntries$0$0 in moonlight-common.mixins.json:ClientLanguagesMixin
[12Apr2026 16:46:56.463] [Render thread/INFO] [mixin/]: Mixing client.LanguageMixin from tacz.mixins.json into net.minecraft.client.resources.language.ClientLanguage
[12Apr2026 16:46:56.521] [Render thread/INFO] [mixin/]: Mixing client.TextureManagerMixin from geckolib.mixins.json into net.minecraft.client.renderer.texture.TextureManager
[12Apr2026 16:46:56.558] [Render thread/INFO] [mixin/]: Mixing DynamicTextureMixin from moonlight-common.mixins.json into net.minecraft.client.renderer.texture.DynamicTexture
[12Apr2026 16:46:57.056] [Render thread/INFO] [mixin/]: Mixing firstPerson.EntityRenderDispatcherMixin from playerAnimator-common.mixins.json into net.minecraft.client.renderer.entity.EntityRenderDispatcher
[12Apr2026 16:46:57.199] [Render thread/INFO] [mixin/]: Mixing ItemInHandRendererMixin from moonlight-common.mixins.json into net.minecraft.client.renderer.ItemInHandRenderer
[12Apr2026 16:46:57.201] [Render thread/INFO] [mixin/]: Mixing firstPerson.ItemInHandRendererMixin from playerAnimator-common.mixins.json into net.minecraft.client.renderer.ItemInHandRenderer
[12Apr2026 16:46:57.204] [Render thread/INFO] [mixin/]: Mixing client.ItemInHandRendererMixin from tacz.mixins.json into net.minecraft.client.renderer.ItemInHandRenderer
[12Apr2026 16:46:57.360] [Render thread/INFO] [mixin/]: Mixing MapRendererMixin from moonlight-common.mixins.json into net.minecraft.client.gui.MapRenderer
[12Apr2026 16:46:57.710] [Render thread/INFO] [net.minecraftforge.gametest.ForgeGameTestHooks/]: Enabled Gametest Namespaces: [magitacz]
[12Apr2026 16:46:57.722] [Render thread/INFO] [mixin/]: Mixing client.MixinGunDisplayInstance from gunsmithlib.mixins.json into com.tacz.guns.client.resource.GunDisplayInstance
[12Apr2026 16:46:57.762] [Render thread/INFO] [mixin/]: Mixing client.MixinLuaAnimationConstant from gunsmithlib.mixins.json into com.tacz.guns.api.vmlib.LuaAnimationConstant
[12Apr2026 16:46:57.818] [Render thread/INFO] [mixin/]: Mixing client.MixinGunDisplay from gunsmithlib.mixins.json into com.tacz.guns.client.resource.pojo.display.gun.GunDisplay
[12Apr2026 16:46:57.933] [Render thread/INFO] [mixin/]: Mixing PlayerRendererMixin from playerAnimator-common.mixins.json into net.minecraft.client.renderer.entity.player.PlayerRenderer
[12Apr2026 16:46:57.960] [Render thread/INFO] [mixin/]: Mixing PlayerRendererMixin from pillagers_gun.mixins.json into net.minecraft.client.renderer.entity.player.PlayerRenderer
[12Apr2026 16:46:58.118] [Render thread/INFO] [mixin/]: Mixing HeldItemMixin from playerAnimator-common.mixins.json into net.minecraft.client.renderer.entity.layers.ItemInHandLayer
[12Apr2026 16:46:58.126] [Render thread/INFO] [mixin/]: Mixing client.ItemInHandLayerMixin from tacz.mixins.json into net.minecraft.client.renderer.entity.layers.ItemInHandLayer
[12Apr2026 16:46:58.130] [Render thread/INFO] [mixin/]: Mixing ItemInHandLayerMixin from pillagers_gun.mixins.json into net.minecraft.client.renderer.entity.layers.ItemInHandLayer
[12Apr2026 16:46:58.283] [Render thread/INFO] [mixin/]: Mixing ArmorFeatureRendererMixin from playerAnimator-common.mixins.json into net.minecraft.client.renderer.entity.layers.HumanoidArmorLayer
[12Apr2026 16:46:58.287] [Render thread/INFO] [mixin/]: Mixing HumanoidArmorLayerInvoker from irons_patreon_lib.mixins.json into net.minecraft.client.renderer.entity.layers.HumanoidArmorLayer
[12Apr2026 16:46:58.297] [Render thread/INFO] [mixin/]: Mixing HumanoidArmorLayerMixin from irons_patreon_lib.mixins.json into net.minecraft.client.renderer.entity.layers.HumanoidArmorLayer
[12Apr2026 16:46:58.375] [Render thread/INFO] [mixin/]: Mixing tacz.IllagerModelMixin from pillagers_gun.mixins.json into net.minecraft.client.model.IllagerModel
[12Apr2026 16:46:58.602] [Render thread/INFO] [mixin/]: Mixing LecternRendererMixin from mixins.irons_spellbooks.json into net.minecraft.client.renderer.blockentity.LecternRenderer
[12Apr2026 16:46:58.602] [Render thread/WARN] [mixin/]: @Shadow target mixins.irons_spellbooks.json:LecternRendererMixin::bookModel is final but shadow is not decorated with @Final
[12Apr2026 16:46:58.709] [Render thread/INFO] [mixin/]: Mixing client.MixinClientGunTooltip from gunsmithlib.mixins.json into com.tacz.guns.client.tooltip.ClientGunTooltip
[12Apr2026 16:46:58.763] [Render thread/INFO] [mixin/]: Mixing client.MixinGunHudOverlay from gunsmithlib.mixins.json into com.tacz.guns.client.gui.overlay.GunHudOverlay
[12Apr2026 16:46:58.763] [Render thread/INFO] [mixin/]: Renaming synthetic method lambda$energyWeaponShowHeat$0(Lcom/llamalad7/mixinextras/injector/wrapoperation/Operation;Lnet/minecraft/client/gui/GuiGraphics;Lnet/minecraft/client/gui/Font;Ljava/lang/String;FFIZ)I to mdace725$lambda$energyWeaponShowHeat$0$0 in gunsmithlib.mixins.json:client.MixinGunHudOverlay
[12Apr2026 16:46:58.830] [Render thread/INFO] [mixin/]: Mixing client.MixinHeatBarOverlay from gunsmithlib.mixins.json into com.tacz.guns.client.gui.overlay.HeatBarOverlay
[12Apr2026 16:46:58.830] [Render thread/INFO] [mixin/]: Renaming synthetic method lambda$disableHeatBarIfConfigured$0(Lcom/tacz/guns/client/resource/GunDisplayInstance;)Lmod/chloeprime/gunsmithlib/client/gunpack_extension/EnhancedGunDisplay; to mdace725$lambda$disableHeatBarIfConfigured$0$0 in gunsmithlib.mixins.json:client.MixinHeatBarOverlay
[12Apr2026 16:46:59.003] [Render thread/INFO] [net.minecraft.server.packs.resources.ReloadableResourceManager/]: Reloading ResourceManager: vanilla, tacz_resources, mod_resources, Moonlight Mods Dynamic Assets
[12Apr2026 16:46:59.016] [Render thread/INFO] [Moonlight/]: Generated runtime CLIENT_RESOURCES for pack Moonlight Mods Dynamic Assets (moonlight) in: 3 ms (debug resource dump on)
[12Apr2026 16:46:59.093] [modloading-worker-0/INFO] [net.playwright.magitacz.MagitaczMod/]: Loaded Magitacz config file magitacz-common.toml
[12Apr2026 16:46:59.416] [Worker-Main-15/INFO] [net.minecraft.client.gui.font.providers.UnihexProvider/]: Found unifont_all_no_pua-15.0.06.hex, loading
[12Apr2026 16:46:59.620] [Worker-Main-13/INFO] [mixin/]: Mixing MixinSlotAttribute from curios.mixins.json into top.theillusivec4.curios.api.SlotAttribute
[12Apr2026 16:46:59.633] [Worker-Main-13/INFO] [mixin/]: Mixing MixinCuriosApi from curios.mixins.json into top.theillusivec4.curios.api.CuriosApi
[12Apr2026 16:46:59.939] [Worker-Main-11/WARN] [net.minecraft.client.renderer.texture.SpriteContents/]: Unused frames in sprite apotheosis:items/gems/blood_lord: [9]
[12Apr2026 16:46:59.980] [Worker-Main-3/WARN] [net.minecraft.client.renderer.texture.SpriteContents/]: Unused frames in sprite irons_spellbooks:item/upgrade_orb_ender: [1, 5, 6, 7]
[12Apr2026 16:46:59.988] [Worker-Main-12/WARN] [net.minecraft.client.renderer.texture.SpriteContents/]: Unused frames in sprite irons_spellbooks:item/energized_core_energy: [11]
[12Apr2026 16:47:00.233] [Forge Version Check/INFO] [net.minecraftforge.fml.VersionChecker/]: [moonlight] Starting version check at https://raw.githubusercontent.com/MehVahdJukaar/Moonlight/multi-loader/forge/update.json
[12Apr2026 16:47:00.237] [Worker-Main-6/INFO] [mixin/]: Mixing apoth.MixinGem from apotheosis_modern_ragnarok.mixins.json into dev.shadowsoffire.apotheosis.adventure.socket.gem.Gem
[12Apr2026 16:47:00.644] [Render thread/INFO] [Moonlight/]: Initialized color sets in 72ms
[12Apr2026 16:47:00.952] [Forge Version Check/INFO] [net.minecraftforge.fml.VersionChecker/]: [moonlight] Found status: BETA Current: 1.20-2.13.81 Target: null
[12Apr2026 16:47:00.952] [Forge Version Check/INFO] [net.minecraftforge.fml.VersionChecker/]: [forge] Starting version check at https://files.minecraftforge.net/net/minecraftforge/forge/promotions_slim.json
[12Apr2026 16:47:01.006] [Render thread/INFO] [tacz/SYNCED_ENTITY_DATA_TAC_COPY]: Registered synced data key tacz:shoot_cool_down for minecraft:living_entity
[12Apr2026 16:47:01.006] [Render thread/INFO] [tacz/SYNCED_ENTITY_DATA_TAC_COPY]: Registered synced data key tacz:melee_cool_down for minecraft:living_entity
[12Apr2026 16:47:01.006] [Render thread/INFO] [tacz/SYNCED_ENTITY_DATA_TAC_COPY]: Registered synced data key tacz:reload_state for minecraft:living_entity
[12Apr2026 16:47:01.006] [Render thread/INFO] [tacz/SYNCED_ENTITY_DATA_TAC_COPY]: Registered synced data key tacz:aiming_progress for minecraft:living_entity
[12Apr2026 16:47:01.006] [Render thread/INFO] [tacz/SYNCED_ENTITY_DATA_TAC_COPY]: Registered synced data key tacz:draw_cool_down for minecraft:living_entity
[12Apr2026 16:47:01.006] [Render thread/INFO] [tacz/SYNCED_ENTITY_DATA_TAC_COPY]: Registered synced data key tacz:is_aiming for minecraft:living_entity
[12Apr2026 16:47:01.007] [Render thread/INFO] [tacz/SYNCED_ENTITY_DATA_TAC_COPY]: Registered synced data key tacz:sprint_time for minecraft:living_entity
[12Apr2026 16:47:01.007] [Render thread/INFO] [tacz/SYNCED_ENTITY_DATA_TAC_COPY]: Registered synced data key tacz:is_bolting for minecraft:living_entity
[12Apr2026 16:47:01.007] [Render thread/INFO] [tacz/SYNCED_ENTITY_DATA_TAC_COPY]: Registered synced data key tacz:throwable_using for minecraft:living_entity
[12Apr2026 16:47:01.072] [Worker-Main-13/WARN] [net.minecraft.client.resources.model.ModelBakery/]: Unable to load model: 'magitacz:elementium#inventory' referenced from: magitacz:elementium#inventory: java.io.FileNotFoundException: magitacz:models/item/elementium.json
[12Apr2026 16:47:01.074] [Worker-Main-13/WARN] [net.minecraft.client.resources.model.ModelBakery/]: Unable to load model: 'magitacz:elementium_helmet#inventory' referenced from: magitacz:elementium_helmet#inventory: java.io.FileNotFoundException: magitacz:models/item/elementium_helmet.json
[12Apr2026 16:47:01.074] [Worker-Main-13/WARN] [net.minecraft.client.resources.model.ModelBakery/]: Unable to load model: 'magitacz:elementium_chestplate#inventory' referenced from: magitacz:elementium_chestplate#inventory: java.io.FileNotFoundException: magitacz:models/item/elementium_chestplate.json
[12Apr2026 16:47:01.074] [Worker-Main-13/WARN] [net.minecraft.client.resources.model.ModelBakery/]: Unable to load model: 'magitacz:elementium_leggings#inventory' referenced from: magitacz:elementium_leggings#inventory: java.io.FileNotFoundException: magitacz:models/item/elementium_leggings.json
[12Apr2026 16:47:01.074] [Worker-Main-13/WARN] [net.minecraft.client.resources.model.ModelBakery/]: Unable to load model: 'magitacz:elementium_boots#inventory' referenced from: magitacz:elementium_boots#inventory: java.io.FileNotFoundException: magitacz:models/item/elementium_boots.json
[12Apr2026 16:47:01.075] [Worker-Main-13/WARN] [net.minecraft.client.resources.model.ModelBakery/]: Unable to load model: 'magitacz:elementium_sword#inventory' referenced from: magitacz:elementium_sword#inventory: java.io.FileNotFoundException: magitacz:models/item/elementium_sword.json
[12Apr2026 16:47:01.077] [Worker-Main-13/WARN] [net.minecraft.client.resources.model.ModelBakery/]: Unable to load model: 'magitacz:raw_elementium#inventory' referenced from: magitacz:raw_elementium#inventory: java.io.FileNotFoundException: magitacz:models/item/raw_elementium.json
[12Apr2026 16:47:01.077] [Worker-Main-13/WARN] [net.minecraft.client.resources.model.ModelBakery/]: Unable to load model: 'magitacz:elementium_block#inventory' referenced from: magitacz:elementium_block#inventory: java.io.FileNotFoundException: magitacz:models/item/elementium_block.json
[12Apr2026 16:47:01.077] [Worker-Main-13/WARN] [net.minecraft.client.resources.model.ModelBakery/]: Unable to load model: 'magitacz:raw_elementium_block#inventory' referenced from: magitacz:raw_elementium_block#inventory: java.io.FileNotFoundException: magitacz:models/item/raw_elementium_block.json
[12Apr2026 16:47:01.142] [Render thread/INFO] [mixin/]: Mixing minecraft.LootPoolAccessor from apotheosis_modern_ragnarok.mixins.json into net.minecraft.world.level.storage.loot.LootPool
[12Apr2026 16:47:01.172] [Worker-Main-13/WARN] [net.minecraft.client.resources.model.ModelBakery/]: Unable to load model: 'irons_spellbooks:item/template_open_spell_book_model' referenced from: irons_spellbooks:item/template_open_spell_book_model: java.io.FileNotFoundException: irons_spellbooks:models/item/template_open_spell_book_model.json
[12Apr2026 16:47:01.187] [Forge Version Check/INFO] [net.minecraftforge.fml.VersionChecker/]: [forge] Found status: OUTDATED Current: 47.4.0 Target: 47.4.10
[12Apr2026 16:47:01.210] [Render thread/INFO] [mixin/]: Mixing LootTablesMixin from placebo.mixins.json into net.minecraft.world.level.storage.loot.LootDataManager
[12Apr2026 16:47:01.210] [Render thread/INFO] [mixin/]: Renaming synthetic method lambda$apply$0(Lnet/minecraft/world/level/storage/loot/LootDataId;Lnet/minecraft/world/level/storage/loot/LootTable;)V to mdace725$lambda$apply$0$0 in placebo.mixins.json:LootTablesMixin
[12Apr2026 16:47:01.466] [Placebo Patreon Trail Loader/INFO] [placebo/]: Loading patreon trails data...
[12Apr2026 16:47:01.472] [Placebo Patreon Wing Loader/INFO] [placebo/]: Loading patreon wing data...
[12Apr2026 16:47:01.539] [Placebo Patreon Trail Loader/INFO] [placebo/]: Loaded 49 patreon trails.
[12Apr2026 16:47:01.540] [Placebo Patreon Wing Loader/INFO] [placebo/]: Loaded 42 patreon wings.
[12Apr2026 16:47:01.581] [Worker-Main-1/INFO] [mixin/]: Mixing client.EnchantmentScreenMixin from apotheosis.mixins.json into net.minecraft.client.gui.screens.inventory.EnchantmentScreen
[12Apr2026 16:47:01.611] [Worker-Main-1/INFO] [mixin/]: Mixing ClientBookAccessMixin from mixins.irons_spellbooks.json into net.minecraft.client.gui.screens.inventory.LecternScreen
[12Apr2026 16:47:02.122] [Worker-Main-13/WARN] [net.minecraft.client.resources.model.ModelManager/]: Missing textures in model apotheosis:ancient_material#inventory:
    minecraft:textures/atlas/blocks.png:apotheosis:items/ancient_material
[12Apr2026 16:47:04.120] [Render thread/INFO] [mixin/]: Mixing minecraft.client.AbstractSoundInstanceAccessor from apotheosis_modern_ragnarok.mixins.json into net.minecraft.client.resources.sounds.AbstractSoundInstance
[12Apr2026 16:47:04.130] [Render thread/INFO] [mixin/]: Mixing minecraft.client.EntityBoundSoundInstanceAccessor from apotheosis_modern_ragnarok.mixins.json into net.minecraft.client.resources.sounds.EntityBoundSoundInstance
[12Apr2026 16:47:04.709] [Worker-Main-13/INFO] [io.redspace.ironsspellbooks.IronsSpellbooks/]: Got IMC []
[12Apr2026 16:47:06.322] [Render thread/WARN] [net.minecraft.client.sounds.SoundEngine/]: Missing sound for event: minecraft:item.goat_horn.play
[12Apr2026 16:47:06.322] [Render thread/WARN] [net.minecraft.client.sounds.SoundEngine/]: Missing sound for event: minecraft:entity.goat.screaming.horn_break
[12Apr2026 16:47:06.323] [Render thread/WARN] [net.minecraft.client.sounds.SoundEngine/]: Missing sound for event: irons_spellbooks:entity.generic.swing_weird
[12Apr2026 16:47:06.323] [Render thread/WARN] [net.minecraft.client.sounds.SoundEngine/]: Missing sound for event: irons_spellbooks:entity.dead_king.music.drum_loop
[12Apr2026 16:47:06.364] [Render thread/INFO] [com.mojang.blaze3d.audio.Library/]: OpenAL initialized on device OpenAL Soft on Speakers (Logitech PRO X Gaming Headset)
[12Apr2026 16:47:06.365] [Render thread/INFO] [net.minecraft.client.sounds.SoundEngine/SOUNDS]: Sound engine started
[12Apr2026 16:47:06.518] [Render thread/INFO] [net.minecraft.client.renderer.texture.TextureAtlas/]: Created: 2048x1024x4 minecraft:textures/atlas/blocks.png-atlas
[12Apr2026 16:47:06.635] [Render thread/INFO] [net.minecraft.client.renderer.texture.TextureAtlas/]: Created: 256x256x4 minecraft:textures/atlas/signs.png-atlas
[12Apr2026 16:47:06.635] [Render thread/INFO] [net.minecraft.client.renderer.texture.TextureAtlas/]: Created: 512x512x4 minecraft:textures/atlas/banner_patterns.png-atlas
[12Apr2026 16:47:06.635] [Render thread/INFO] [net.minecraft.client.renderer.texture.TextureAtlas/]: Created: 512x512x4 minecraft:textures/atlas/shield_patterns.png-atlas
[12Apr2026 16:47:06.635] [Render thread/INFO] [net.minecraft.client.renderer.texture.TextureAtlas/]: Created: 1024x1024x4 minecraft:textures/atlas/armor_trims.png-atlas
[12Apr2026 16:47:06.638] [Render thread/INFO] [net.minecraft.client.renderer.texture.TextureAtlas/]: Created: 256x256x4 minecraft:textures/atlas/chest.png-atlas
[12Apr2026 16:47:06.639] [Render thread/INFO] [net.minecraft.client.renderer.texture.TextureAtlas/]: Created: 128x64x4 minecraft:textures/atlas/decorated_pot.png-atlas
[12Apr2026 16:47:06.639] [Render thread/INFO] [net.minecraft.client.renderer.texture.TextureAtlas/]: Created: 512x256x4 minecraft:textures/atlas/beds.png-atlas
[12Apr2026 16:47:06.639] [Render thread/INFO] [net.minecraft.client.renderer.texture.TextureAtlas/]: Created: 512x256x4 minecraft:textures/atlas/shulker_boxes.png-atlas
[12Apr2026 16:47:06.650] [Render thread/INFO] [mixin/]: Mixing client.PlayerModelMixin from tacz.mixins.json into net.minecraft.client.model.PlayerModel
[12Apr2026 16:47:06.651] [Render thread/INFO] [mixin/]: Mixing PlayerModelMixin from playerAnimator-common.mixins.json into net.minecraft.client.model.PlayerModel
[12Apr2026 16:47:06.697] [Render thread/INFO] [mixin/]: Mixing SpinAttackEffectLayerMixin from mixins.irons_spellbooks.json into net.minecraft.client.renderer.entity.layers.SpinAttackEffectLayer
[12Apr2026 16:47:06.719] [Render thread/INFO] [mixin/]: Mixing ModelPartMixin from playerAnimator-common.mixins.json into net.minecraft.client.model.geom.ModelPart
[12Apr2026 16:47:06.788] [Render thread/INFO] [mixin/]: Mixing PlayerItemInHandLayerMixin from moonlight-common.mixins.json into net.minecraft.client.renderer.entity.layers.PlayerItemInHandLayer
[12Apr2026 16:47:06.798] [Render thread/INFO] [mixin/]: Mixing MixinCapeLayer from caelus.mixins.json into net.minecraft.client.renderer.entity.layers.CapeLayer
[12Apr2026 16:47:06.854] [Render thread/WARN] [net.minecraft.client.renderer.ShaderInstance/]: Shader rendertype_entity_translucent_emissive could not find sampler named Sampler2 in the specified shader program.
[12Apr2026 16:47:06.919] [Render thread/INFO] [net.minecraft.client.renderer.texture.TextureAtlas/]: Created: 512x512x0 minecraft:textures/atlas/particles.png-atlas
[12Apr2026 16:47:06.921] [Render thread/INFO] [net.minecraft.client.renderer.texture.TextureAtlas/]: Created: 256x256x0 minecraft:textures/atlas/paintings.png-atlas
[12Apr2026 16:47:06.921] [Render thread/INFO] [net.minecraft.client.renderer.texture.TextureAtlas/]: Created: 256x128x0 minecraft:textures/atlas/mob_effects.png-atlas
[12Apr2026 16:47:06.929] [Render thread/INFO] [net.minecraft.client.renderer.texture.TextureAtlas/]: Created: 256x256x0 moonlight:textures/atlas/map_markers.png-atlas
[12Apr2026 16:47:08.799] [Realms Notification Availability checker #1/INFO] [com.mojang.realmsclient.client.RealmsClient/]: Could not authorize you against Realms server: java.lang.RuntimeException: Failed to parse into SignedJWT: 0
[12Apr2026 16:47:35.659] [Render thread/WARN] [net.minecraftforge.common.ForgeHooks/WP]: The following mods have version differences that were not resolved:
tslatentitystatus (version 1.5.1 -> MISSING)
Things may not work well.
[12Apr2026 16:47:35.671] [Render thread/INFO] [net.minecraftforge.registries.GameData/REGISTRIES]: Injecting existing registry data into this CLIENT instance
[12Apr2026 16:47:36.211] [Render thread/INFO] [tacz/GunPackFinder]: Start scanning for gun packs in C:\Projects\magitacz-forge\run\tacz
[12Apr2026 16:47:36.212] [Render thread/INFO] [tacz/GunPackFinder]: - playwrights_gunpack, Main namespace: playwrights_gunpack
[12Apr2026 16:47:36.212] [Render thread/INFO] [tacz/GunPackFinder]: - tacz_default_gun, Main namespace: tacz
[12Apr2026 16:47:36.212] [Render thread/INFO] [tacz/GunPackFinder]: Found 2 possible gunpack(s) and added them to resource set.
[12Apr2026 16:47:36.414] [Render thread/WARN] [net.minecraft.server.MinecraftServer/]: Missing data pack mod:tslatentitystatus
[12Apr2026 16:47:37.069] [Render thread/INFO] [mixin/]: Mixing PotionUtilsMixin from attributeslib.mixins.json into net.minecraft.world.item.alchemy.PotionUtils
[12Apr2026 16:47:37.198] [Render thread/INFO] [net.minecraftforge.coremod.CoreMod.apotheosis/COREMODLOG]: Replaced 2 calls to Enchantment#getMaxLevel() in net/minecraft/server/commands/EnchantCommand
[12Apr2026 16:47:37.399] [Render thread/INFO] [mixin/]: Mixing MixinLuaGunLogicConstant from gunsmithlib.mixins.json into com.tacz.guns.api.vmlib.LuaGunLogicConstant
[12Apr2026 16:47:37.547] [Worker-Main-14/ERROR] [net.minecraft.server.packs.resources.SimpleJsonResourceReloadListener/]: Couldn't parse data file playwrights_guns_and_buns:elemental_bullets/elemental_bullet_eldritch from playwrights_guns_and_buns:affixes/elemental_bullets/elemental_bullet_eldritch.json
com.google.gson.JsonParseException: com.google.gson.stream.MalformedJsonException: Use JsonReader.setLenient(true) to accept malformed JSON at line 9 column 4 path $.types[4]
	at net.minecraft.util.GsonHelper.fromNullableJson(GsonHelper.java:436) ~[forge-1.20.1-47.4.0_mapped_official_1.20.1-recomp.jar%23191!/:?]
	at net.minecraft.util.GsonHelper.fromJson(GsonHelper.java:441) ~[forge-1.20.1-47.4.0_mapped_official_1.20.1-recomp.jar%23191!/:?]
	at net.minecraft.util.GsonHelper.fromJson(GsonHelper.java:493) ~[forge-1.20.1-47.4.0_mapped_official_1.20.1-recomp.jar%23191!/:?]
	at net.minecraft.server.packs.resources.SimpleJsonResourceReloadListener.scanDirectory(SimpleJsonResourceReloadListener.java:41) ~[forge-1.20.1-47.4.0_mapped_official_1.20.1-recomp.jar%23191!/:?]
	at net.minecraft.server.packs.resources.SimpleJsonResourceReloadListener.prepare(SimpleJsonResourceReloadListener.java:29) ~[forge-1.20.1-47.4.0_mapped_official_1.20.1-recomp.jar%23191!/:?]
	at net.minecraft.server.packs.resources.SimpleJsonResourceReloadListener.prepare(SimpleJsonResourceReloadListener.java:17) ~[forge-1.20.1-47.4.0_mapped_official_1.20.1-recomp.jar%23191!/:?]
	at net.minecraft.server.packs.resources.SimplePreparableReloadListener.lambda$reload$0(SimplePreparableReloadListener.java:10) ~[forge-1.20.1-47.4.0_mapped_official_1.20.1-recomp.jar%23191!/:?]
	at java.util.concurrent.CompletableFuture$AsyncSupply.run(CompletableFuture.java:1768) ~[?:?]
	at java.util.concurrent.CompletableFuture$AsyncSupply.exec(CompletableFuture.java:1760) ~[?:?]
	at java.util.concurrent.ForkJoinTask.doExec(ForkJoinTask.java:373) ~[?:?]
	at java.util.concurrent.ForkJoinPool$WorkQueue.topLevelExec(ForkJoinPool.java:1182) ~[?:?]
	at java.util.concurrent.ForkJoinPool.scan(ForkJoinPool.java:1655) ~[?:?]
	at java.util.concurrent.ForkJoinPool.runWorker(ForkJoinPool.java:1622) ~[?:?]
	at java.util.concurrent.ForkJoinWorkerThread.run(ForkJoinWorkerThread.java:165) ~[?:?]
Caused by: com.google.gson.stream.MalformedJsonException: Use JsonReader.setLenient(true) to accept malformed JSON at line 9 column 4 path $.types[4]
	at com.google.gson.stream.JsonReader.syntaxError(JsonReader.java:1657) ~[gson-2.10.jar%23130!/:?]
	at com.google.gson.stream.JsonReader.checkLenient(JsonReader.java:1463) ~[gson-2.10.jar%23130!/:?]
	at com.google.gson.stream.JsonReader.doPeek(JsonReader.java:569) ~[gson-2.10.jar%23130!/:?]
	at com.google.gson.stream.JsonReader.hasNext(JsonReader.java:422) ~[gson-2.10.jar%23130!/:?]
	at com.google.gson.internal.bind.TypeAdapters$28.read(TypeAdapters.java:779) ~[gson-2.10.jar%23130!/:?]
	at com.google.gson.internal.bind.TypeAdapters$28.read(TypeAdapters.java:725) ~[gson-2.10.jar%23130!/:?]
	at com.google.gson.internal.bind.TypeAdapters$34$1.read(TypeAdapters.java:1007) ~[gson-2.10.jar%23130!/:?]
	at net.minecraft.util.GsonHelper.fromNullableJson(GsonHelper.java:434) ~[forge-1.20.1-47.4.0_mapped_official_1.20.1-recomp.jar%23191!/:?]
	... 13 more
[12Apr2026 16:47:37.608] [Worker-Main-3/INFO] [mixin/]: Mixing MixinNbtPredicate from curios.mixins.json into net.minecraft.advancements.critereon.NbtPredicate
[12Apr2026 16:47:37.791] [Worker-Main-3/ERROR] [net.minecraftforge.common.ForgeHooks/]: Couldn't parse element loot_tables:apotheosis:book
com.google.gson.JsonSyntaxException: Expected name to be an item, was unknown string 'patchouli:guide_book'
	at net.minecraft.util.GsonHelper.lambda$convertToItem$0(GsonHelper.java:116) ~[forge-1.20.1-47.4.0_mapped_official_1.20.1-recomp.jar%23191!/:?]
	at java.util.Optional.orElseThrow(Optional.java:403) ~[?:?]
	at net.minecraft.util.GsonHelper.convertToItem(GsonHelper.java:115) ~[forge-1.20.1-47.4.0_mapped_official_1.20.1-recomp.jar%23191!/:?]
	at net.minecraft.util.GsonHelper.getAsItem(GsonHelper.java:125) ~[forge-1.20.1-47.4.0_mapped_official_1.20.1-recomp.jar%23191!/:?]
	at net.minecraft.world.level.storage.loot.entries.LootItem$Serializer.deserialize(LootItem.java:51) ~[forge-1.20.1-47.4.0_mapped_official_1.20.1-recomp.jar%23191!/:?]
	at net.minecraft.world.level.storage.loot.entries.LootItem$Serializer.deserialize(LootItem.java:39) ~[forge-1.20.1-47.4.0_mapped_official_1.20.1-recomp.jar%23191!/:?]
	at net.minecraft.world.level.storage.loot.entries.LootPoolSingletonContainer$Serializer.deserializeCustom(LootPoolSingletonContainer.java:138) ~[forge-1.20.1-47.4.0_mapped_official_1.20.1-recomp.jar%23191!/:?]
	at net.minecraft.world.level.storage.loot.entries.LootPoolSingletonContainer$Serializer.deserializeCustom(LootPoolSingletonContainer.java:118) ~[forge-1.20.1-47.4.0_mapped_official_1.20.1-recomp.jar%23191!/:?]
	at net.minecraft.world.level.storage.loot.entries.LootPoolEntryContainer$Serializer.deserialize(LootPoolEntryContainer.java:83) ~[forge-1.20.1-47.4.0_mapped_official_1.20.1-recomp.jar%23191!/:?]
	at net.minecraft.world.level.storage.loot.entries.LootPoolEntryContainer$Serializer.deserialize(LootPoolEntryContainer.java:72) ~[forge-1.20.1-47.4.0_mapped_official_1.20.1-recomp.jar%23191!/:?]
	at net.minecraft.world.level.storage.loot.GsonAdapterFactory$JsonAdapter.deserialize(GsonAdapterFactory.java:96) ~[forge-1.20.1-47.4.0_mapped_official_1.20.1-recomp.jar%23191!/:?]
	at com.google.gson.internal.bind.TreeTypeAdapter.read(TreeTypeAdapter.java:76) ~[gson-2.10.jar%23130!/:?]
	at com.google.gson.internal.bind.TypeAdapterRuntimeTypeWrapper.read(TypeAdapterRuntimeTypeWrapper.java:40) ~[gson-2.10.jar%23130!/:?]
	at com.google.gson.internal.bind.ArrayTypeAdapter.read(ArrayTypeAdapter.java:72) ~[gson-2.10.jar%23130!/:?]
	at com.google.gson.Gson.fromJson(Gson.java:1214) ~[gson-2.10.jar%23130!/:?]
	at com.google.gson.Gson.fromJson(Gson.java:1319) ~[gson-2.10.jar%23130!/:?]
	at com.google.gson.Gson.fromJson(Gson.java:1290) ~[gson-2.10.jar%23130!/:?]
	at com.google.gson.internal.bind.TreeTypeAdapter$GsonContextImpl.deserialize(TreeTypeAdapter.java:179) ~[gson-2.10.jar%23130!/:?]
	at net.minecraft.util.GsonHelper.convertToObject(GsonHelper.java:383) ~[forge-1.20.1-47.4.0_mapped_official_1.20.1-recomp.jar%23191!/:?]
	at net.minecraft.util.GsonHelper.getAsObject(GsonHelper.java:391) ~[forge-1.20.1-47.4.0_mapped_official_1.20.1-recomp.jar%23191!/:?]
	at net.minecraft.world.level.storage.loot.LootPool$Serializer.deserialize(LootPool.java:192) ~[forge-1.20.1-47.4.0_mapped_official_1.20.1-recomp.jar%23191!/:?]
	at net.minecraft.world.level.storage.loot.LootPool$Serializer.deserialize(LootPool.java:189) ~[forge-1.20.1-47.4.0_mapped_official_1.20.1-recomp.jar%23191!/:?]
	at com.google.gson.internal.bind.TreeTypeAdapter.read(TreeTypeAdapter.java:76) ~[gson-2.10.jar%23130!/:?]
	at com.google.gson.internal.bind.TypeAdapterRuntimeTypeWrapper.read(TypeAdapterRuntimeTypeWrapper.java:40) ~[gson-2.10.jar%23130!/:?]
	at com.google.gson.internal.bind.ArrayTypeAdapter.read(ArrayTypeAdapter.java:72) ~[gson-2.10.jar%23130!/:?]
	at com.google.gson.Gson.fromJson(Gson.java:1214) ~[gson-2.10.jar%23130!/:?]
	at com.google.gson.Gson.fromJson(Gson.java:1319) ~[gson-2.10.jar%23130!/:?]
	at com.google.gson.Gson.fromJson(Gson.java:1290) ~[gson-2.10.jar%23130!/:?]
	at com.google.gson.internal.bind.TreeTypeAdapter$GsonContextImpl.deserialize(TreeTypeAdapter.java:179) ~[gson-2.10.jar%23130!/:?]
	at net.minecraft.util.GsonHelper.convertToObject(GsonHelper.java:383) ~[forge-1.20.1-47.4.0_mapped_official_1.20.1-recomp.jar%23191!/:?]
	at net.minecraft.util.GsonHelper.getAsObject(GsonHelper.java:400) ~[forge-1.20.1-47.4.0_mapped_official_1.20.1-recomp.jar%23191!/:?]
	at net.minecraft.world.level.storage.loot.LootTable$Serializer.deserialize(LootTable.java:294) ~[forge-1.20.1-47.4.0_mapped_official_1.20.1-recomp.jar%23191!/:?]
	at net.minecraft.world.level.storage.loot.LootTable$Serializer.deserialize(LootTable.java:291) ~[forge-1.20.1-47.4.0_mapped_official_1.20.1-recomp.jar%23191!/:?]
	at com.google.gson.internal.bind.TreeTypeAdapter.read(TreeTypeAdapter.java:76) ~[gson-2.10.jar%23130!/:?]
	at com.google.gson.Gson.fromJson(Gson.java:1214) ~[gson-2.10.jar%23130!/:?]
	at com.google.gson.Gson.fromJson(Gson.java:1319) ~[gson-2.10.jar%23130!/:?]
	at com.google.gson.Gson.fromJson(Gson.java:1261) ~[gson-2.10.jar%23130!/:?]
	at net.minecraftforge.common.ForgeHooks.loadLootTable(ForgeHooks.java:873) ~[forge-1.20.1-47.4.0_mapped_official_1.20.1-recomp.jar%23190%23197!/:?]
	at net.minecraftforge.common.ForgeHooks.lambda$getLootTableDeserializer$3(ForgeHooks.java:850) ~[forge-1.20.1-47.4.0_mapped_official_1.20.1-recomp.jar%23190%23197!/:?]
	at net.minecraft.world.level.storage.loot.LootDataType.deserialize(LootDataType.java:45) ~[forge-1.20.1-47.4.0_mapped_official_1.20.1-recomp.jar%23191!/:?]
	at net.minecraft.world.level.storage.loot.LootDataManager.lambda$scheduleElementParse$4(LootDataManager.java:56) ~[forge-1.20.1-47.4.0_mapped_official_1.20.1-recomp.jar%23191!/:?]
	at java.util.HashMap.forEach(HashMap.java:1421) ~[?:?]
	at net.minecraft.world.level.storage.loot.LootDataManager.lambda$scheduleElementParse$5(LootDataManager.java:55) ~[forge-1.20.1-47.4.0_mapped_official_1.20.1-recomp.jar%23191!/:?]
	at java.util.concurrent.CompletableFuture$AsyncRun.run(CompletableFuture.java:1804) ~[?:?]
	at java.util.concurrent.CompletableFuture$AsyncRun.exec(CompletableFuture.java:1796) ~[?:?]
	at java.util.concurrent.ForkJoinTask.doExec(ForkJoinTask.java:373) ~[?:?]
	at java.util.concurrent.ForkJoinPool$WorkQueue.topLevelExec(ForkJoinPool.java:1182) ~[?:?]
	at java.util.concurrent.ForkJoinPool.scan(ForkJoinPool.java:1655) ~[?:?]
	at java.util.concurrent.ForkJoinPool.runWorker(ForkJoinPool.java:1622) ~[?:?]
	at java.util.concurrent.ForkJoinWorkerThread.run(ForkJoinWorkerThread.java:165) ~[?:?]
[12Apr2026 16:47:37.797] [Worker-Main-3/ERROR] [net.minecraftforge.common.ForgeHooks/]: Couldn't parse element loot_tables:irons_spellbooks:chests/citadel/citadel_tomes
com.google.gson.JsonSyntaxException: Unknown type 'minecraft:set_written_book_pages'
	at net.minecraft.world.level.storage.loot.GsonAdapterFactory$JsonAdapter.deserialize(GsonAdapterFactory.java:94) ~[forge-1.20.1-47.4.0_mapped_official_1.20.1-recomp.jar%23191!/:?]
	at com.google.gson.internal.bind.TreeTypeAdapter.read(TreeTypeAdapter.java:76) ~[gson-2.10.jar%23130!/:?]
	at com.google.gson.internal.bind.TypeAdapterRuntimeTypeWrapper.read(TypeAdapterRuntimeTypeWrapper.java:40) ~[gson-2.10.jar%23130!/:?]
	at com.google.gson.internal.bind.ArrayTypeAdapter.read(ArrayTypeAdapter.java:72) ~[gson-2.10.jar%23130!/:?]
	at com.google.gson.Gson.fromJson(Gson.java:1214) ~[gson-2.10.jar%23130!/:?]
	at com.google.gson.Gson.fromJson(Gson.java:1319) ~[gson-2.10.jar%23130!/:?]
	at com.google.gson.Gson.fromJson(Gson.java:1290) ~[gson-2.10.jar%23130!/:?]
	at com.google.gson.internal.bind.TreeTypeAdapter$GsonContextImpl.deserialize(TreeTypeAdapter.java:179) ~[gson-2.10.jar%23130!/:?]
	at net.minecraft.util.GsonHelper.convertToObject(GsonHelper.java:383) ~[forge-1.20.1-47.4.0_mapped_official_1.20.1-recomp.jar%23191!/:?]
	at net.minecraft.util.GsonHelper.getAsObject(GsonHelper.java:400) ~[forge-1.20.1-47.4.0_mapped_official_1.20.1-recomp.jar%23191!/:?]
	at net.minecraft.world.level.storage.loot.entries.LootPoolSingletonContainer$Serializer.deserializeCustom(LootPoolSingletonContainer.java:137) ~[forge-1.20.1-47.4.0_mapped_official_1.20.1-recomp.jar%23191!/:?]
	at net.minecraft.world.level.storage.loot.entries.LootPoolSingletonContainer$Serializer.deserializeCustom(LootPoolSingletonContainer.java:118) ~[forge-1.20.1-47.4.0_mapped_official_1.20.1-recomp.jar%23191!/:?]
	at net.minecraft.world.level.storage.loot.entries.LootPoolEntryContainer$Serializer.deserialize(LootPoolEntryContainer.java:83) ~[forge-1.20.1-47.4.0_mapped_official_1.20.1-recomp.jar%23191!/:?]
	at net.minecraft.world.level.storage.loot.entries.LootPoolEntryContainer$Serializer.deserialize(LootPoolEntryContainer.java:72) ~[forge-1.20.1-47.4.0_mapped_official_1.20.1-recomp.jar%23191!/:?]
	at net.minecraft.world.level.storage.loot.GsonAdapterFactory$JsonAdapter.deserialize(GsonAdapterFactory.java:96) ~[forge-1.20.1-47.4.0_mapped_official_1.20.1-recomp.jar%23191!/:?]
	at com.google.gson.internal.bind.TreeTypeAdapter.read(TreeTypeAdapter.java:76) ~[gson-2.10.jar%23130!/:?]
	at com.google.gson.internal.bind.TypeAdapterRuntimeTypeWrapper.read(TypeAdapterRuntimeTypeWrapper.java:40) ~[gson-2.10.jar%23130!/:?]
	at com.google.gson.internal.bind.ArrayTypeAdapter.read(ArrayTypeAdapter.java:72) ~[gson-2.10.jar%23130!/:?]
	at com.google.gson.Gson.fromJson(Gson.java:1214) ~[gson-2.10.jar%23130!/:?]
	at com.google.gson.Gson.fromJson(Gson.java:1319) ~[gson-2.10.jar%23130!/:?]
	at com.google.gson.Gson.fromJson(Gson.java:1290) ~[gson-2.10.jar%23130!/:?]
	at com.google.gson.internal.bind.TreeTypeAdapter$GsonContextImpl.deserialize(TreeTypeAdapter.java:179) ~[gson-2.10.jar%23130!/:?]
	at net.minecraft.util.GsonHelper.convertToObject(GsonHelper.java:383) ~[forge-1.20.1-47.4.0_mapped_official_1.20.1-recomp.jar%23191!/:?]
	at net.minecraft.util.GsonHelper.getAsObject(GsonHelper.java:391) ~[forge-1.20.1-47.4.0_mapped_official_1.20.1-recomp.jar%23191!/:?]
	at net.minecraft.world.level.storage.loot.LootPool$Serializer.deserialize(LootPool.java:192) ~[forge-1.20.1-47.4.0_mapped_official_1.20.1-recomp.jar%23191!/:?]
	at net.minecraft.world.level.storage.loot.LootPool$Serializer.deserialize(LootPool.java:189) ~[forge-1.20.1-47.4.0_mapped_official_1.20.1-recomp.jar%23191!/:?]
	at com.google.gson.internal.bind.TreeTypeAdapter.read(TreeTypeAdapter.java:76) ~[gson-2.10.jar%23130!/:?]
	at com.google.gson.internal.bind.TypeAdapterRuntimeTypeWrapper.read(TypeAdapterRuntimeTypeWrapper.java:40) ~[gson-2.10.jar%23130!/:?]
	at com.google.gson.internal.bind.ArrayTypeAdapter.read(ArrayTypeAdapter.java:72) ~[gson-2.10.jar%23130!/:?]
	at com.google.gson.Gson.fromJson(Gson.java:1214) ~[gson-2.10.jar%23130!/:?]
	at com.google.gson.Gson.fromJson(Gson.java:1319) ~[gson-2.10.jar%23130!/:?]
	at com.google.gson.Gson.fromJson(Gson.java:1290) ~[gson-2.10.jar%23130!/:?]
	at com.google.gson.internal.bind.TreeTypeAdapter$GsonContextImpl.deserialize(TreeTypeAdapter.java:179) ~[gson-2.10.jar%23130!/:?]
	at net.minecraft.util.GsonHelper.convertToObject(GsonHelper.java:383) ~[forge-1.20.1-47.4.0_mapped_official_1.20.1-recomp.jar%23191!/:?]
	at net.minecraft.util.GsonHelper.getAsObject(GsonHelper.java:400) ~[forge-1.20.1-47.4.0_mapped_official_1.20.1-recomp.jar%23191!/:?]
	at net.minecraft.world.level.storage.loot.LootTable$Serializer.deserialize(LootTable.java:294) ~[forge-1.20.1-47.4.0_mapped_official_1.20.1-recomp.jar%23191!/:?]
	at net.minecraft.world.level.storage.loot.LootTable$Serializer.deserialize(LootTable.java:291) ~[forge-1.20.1-47.4.0_mapped_official_1.20.1-recomp.jar%23191!/:?]
	at com.google.gson.internal.bind.TreeTypeAdapter.read(TreeTypeAdapter.java:76) ~[gson-2.10.jar%23130!/:?]
	at com.google.gson.Gson.fromJson(Gson.java:1214) ~[gson-2.10.jar%23130!/:?]
	at com.google.gson.Gson.fromJson(Gson.java:1319) ~[gson-2.10.jar%23130!/:?]
	at com.google.gson.Gson.fromJson(Gson.java:1261) ~[gson-2.10.jar%23130!/:?]
	at net.minecraftforge.common.ForgeHooks.loadLootTable(ForgeHooks.java:873) ~[forge-1.20.1-47.4.0_mapped_official_1.20.1-recomp.jar%23190%23197!/:?]
	at net.minecraftforge.common.ForgeHooks.lambda$getLootTableDeserializer$3(ForgeHooks.java:850) ~[forge-1.20.1-47.4.0_mapped_official_1.20.1-recomp.jar%23190%23197!/:?]
	at net.minecraft.world.level.storage.loot.LootDataType.deserialize(LootDataType.java:45) ~[forge-1.20.1-47.4.0_mapped_official_1.20.1-recomp.jar%23191!/:?]
	at net.minecraft.world.level.storage.loot.LootDataManager.lambda$scheduleElementParse$4(LootDataManager.java:56) ~[forge-1.20.1-47.4.0_mapped_official_1.20.1-recomp.jar%23191!/:?]
	at java.util.HashMap.forEach(HashMap.java:1421) ~[?:?]
	at net.minecraft.world.level.storage.loot.LootDataManager.lambda$scheduleElementParse$5(LootDataManager.java:55) ~[forge-1.20.1-47.4.0_mapped_official_1.20.1-recomp.jar%23191!/:?]
	at java.util.concurrent.CompletableFuture$AsyncRun.run(CompletableFuture.java:1804) ~[?:?]
	at java.util.concurrent.CompletableFuture$AsyncRun.exec(CompletableFuture.java:1796) ~[?:?]
	at java.util.concurrent.ForkJoinTask.doExec(ForkJoinTask.java:373) ~[?:?]
	at java.util.concurrent.ForkJoinPool$WorkQueue.topLevelExec(ForkJoinPool.java:1182) ~[?:?]
	at java.util.concurrent.ForkJoinPool.scan(ForkJoinPool.java:1655) ~[?:?]
	at java.util.concurrent.ForkJoinPool.runWorker(ForkJoinPool.java:1622) ~[?:?]
	at java.util.concurrent.ForkJoinWorkerThread.run(ForkJoinWorkerThread.java:165) ~[?:?]
[12Apr2026 16:47:37.870] [Render thread/WARN] [net.minecraft.world.level.storage.loot.LootDataManager/]: Found loot table element validation problem in {loot_tables:irons_spellbooks:chests/citadel/citadel_bookshelf}.pools[8].entries[0]: Unknown loot table called irons_spellbooks:chests/citadel/citadel_tomes
[12Apr2026 16:47:37.873] [Render thread/INFO] [placebo/]: Registered 34 additional loot tables.
[12Apr2026 16:47:37.937] [Render thread/INFO] [mixin/]: Mixing SmithingRecipeMixin from mixins.irons_spellbooks.json into net.minecraft.world.item.crafting.SmithingTransformRecipe
[12Apr2026 16:47:38.008] [Render thread/INFO] [net.minecraft.world.item.crafting.RecipeManager/]: Loaded 16 recipes
[12Apr2026 16:47:38.112] [Render thread/INFO] [net.minecraft.advancements.AdvancementList/]: Loaded 1355 advancements
[12Apr2026 16:47:38.123] [Render thread/INFO] [placebo/]: Registered 26 additional recipes.
[12Apr2026 16:47:38.134] [Render thread/INFO] [top.theillusivec4.curios.Curios/]: Loaded 11 curio slots
[12Apr2026 16:47:38.139] [Render thread/INFO] [top.theillusivec4.curios.Curios/]: Loaded 1 curio entities
[12Apr2026 16:47:38.308] [Render thread/INFO] [placebo/]: Registered 16 gear_sets.
[12Apr2026 16:47:38.315] [Render thread/INFO] [Apotheosis : Enchantment/]: Registered 29 enchanting_stats.
[12Apr2026 16:47:38.318] [Render thread/INFO] [Apotheosis : Adventure/]: Registered 6 rarities.
[12Apr2026 16:47:38.343] [Render thread/ERROR] [Apotheosis : Adventure/]: Failed parsing affixes file playwrights_guns_and_buns:spell/generated/blood_slash.
[12Apr2026 16:47:38.343] [Render thread/ERROR] [Apotheosis : Adventure/]: Underlying Exception: 
java.lang.IllegalArgumentException: null
	at com.google.common.base.Preconditions.checkArgument(Preconditions.java:131) ~[guava-31.1-jre.jar:?]
	at dev.shadowsoffire.placebo.util.StepFunction.<init>(StepFunction.java:49) ~[Placebo-1.20.1-8.6.3_mapped_official_1.20.1.jar:8.6.3]
	at com.mojang.datafixers.util.Function3.lambda$curry$0(Function3.java:10) ~[datafixerupper-6.0.8.jar:?]
	at com.mojang.datafixers.kinds.Applicative.lambda$ap2$8(Applicative.java:75) ~[datafixerupper-6.0.8.jar:?]
	at com.mojang.serialization.DataResult.lambda$ap$19(DataResult.java:160) ~[datafixerupper-6.0.8.jar:?]
	at java.util.Optional.map(Optional.java:260) ~[?:?]
	at com.mojang.serialization.DataResult.lambda$ap$20(DataResult.java:160) ~[datafixerupper-6.0.8.jar:?]
	at com.mojang.datafixers.util.Either$Right.mapBoth(Either.java:94) ~[datafixerupper-6.0.8.jar:?]
	at com.mojang.serialization.DataResult.lambda$ap$21(DataResult.java:158) ~[datafixerupper-6.0.8.jar:?]
	at com.mojang.datafixers.util.Either$Left.map(Either.java:38) ~[datafixerupper-6.0.8.jar:?]
	at com.mojang.serialization.DataResult.ap(DataResult.java:157) ~[datafixerupper-6.0.8.jar:?]
	at com.mojang.serialization.DataResult$Instance.ap(DataResult.java:304) ~[datafixerupper-6.0.8.jar:?]
	at com.mojang.datafixers.kinds.Applicative.ap2(Applicative.java:76) ~[datafixerupper-6.0.8.jar:?]
	at com.mojang.serialization.DataResult$Instance.ap2(DataResult.java:324) ~[datafixerupper-6.0.8.jar:?]
	at com.mojang.datafixers.kinds.Applicative.ap3(Applicative.java:80) ~[datafixerupper-6.0.8.jar:?]
	at com.mojang.serialization.DataResult$Instance.ap3(DataResult.java:347) ~[datafixerupper-6.0.8.jar:?]
	at com.mojang.serialization.codecs.RecordCodecBuilder$Instance$5.decode(RecordCodecBuilder.java:321) ~[datafixerupper-6.0.8.jar:?]
	at com.mojang.serialization.codecs.RecordCodecBuilder$2.decode(RecordCodecBuilder.java:107) ~[datafixerupper-6.0.8.jar:?]
	at com.mojang.serialization.MapDecoder.lambda$compressedDecode$1(MapDecoder.java:52) ~[datafixerupper-6.0.8.jar:?]
	at com.mojang.serialization.DataResult.lambda$flatMap$11(DataResult.java:139) ~[datafixerupper-6.0.8.jar:?]
	at com.mojang.datafixers.util.Either$Left.map(Either.java:38) ~[datafixerupper-6.0.8.jar:?]
	at com.mojang.serialization.DataResult.flatMap(DataResult.java:137) ~[datafixerupper-6.0.8.jar:?]
	at com.mojang.serialization.MapDecoder.compressedDecode(MapDecoder.java:52) ~[datafixerupper-6.0.8.jar:?]
	at com.mojang.serialization.MapCodec$MapCodecCodec.decode(MapCodec.java:91) ~[datafixerupper-6.0.8.jar:?]
	at com.mojang.serialization.codecs.EitherCodec.decode(EitherCodec.java:28) ~[datafixerupper-6.0.8.jar:?]
	at com.mojang.serialization.Decoder$2.decode(Decoder.java:63) ~[datafixerupper-6.0.8.jar:?]
	at com.mojang.serialization.Codec$2.decode(Codec.java:71) ~[datafixerupper-6.0.8.jar:?]
	at com.mojang.serialization.Decoder.parse(Decoder.java:18) ~[datafixerupper-6.0.8.jar:?]
	at com.mojang.serialization.codecs.BaseMapCodec.lambda$decode$2(BaseMapCodec.java:31) ~[datafixerupper-6.0.8.jar:?]
	at java.util.stream.ReduceOps$1ReducingSink.accept(ReduceOps.java:80) ~[?:?]
	at java.util.stream.ReferencePipeline$3$1.accept(ReferencePipeline.java:197) ~[?:?]
	at java.util.Iterator.forEachRemaining(Iterator.java:133) ~[?:?]
	at java.util.Spliterators$IteratorSpliterator.forEachRemaining(Spliterators.java:1845) ~[?:?]
	at java.util.stream.AbstractPipeline.copyInto(AbstractPipeline.java:509) ~[?:?]
	at java.util.stream.AbstractPipeline.wrapAndCopyInto(AbstractPipeline.java:499) ~[?:?]
	at java.util.stream.ReduceOps$ReduceOp.evaluateSequential(ReduceOps.java:921) ~[?:?]
	at java.util.stream.AbstractPipeline.evaluate(AbstractPipeline.java:234) ~[?:?]
	at java.util.stream.ReferencePipeline.reduce(ReferencePipeline.java:667) ~[?:?]
	at com.mojang.serialization.codecs.BaseMapCodec.decode(BaseMapCodec.java:27) ~[datafixerupper-6.0.8.jar:?]
	at com.mojang.serialization.codecs.UnboundedMapCodec.lambda$decode$0(UnboundedMapCodec.java:38) ~[datafixerupper-6.0.8.jar:?]
	at com.mojang.serialization.DataResult.lambda$flatMap$11(DataResult.java:139) ~[datafixerupper-6.0.8.jar:?]
	at com.mojang.datafixers.util.Either$Left.map(Either.java:38) ~[datafixerupper-6.0.8.jar:?]
	at com.mojang.serialization.DataResult.flatMap(DataResult.java:137) ~[datafixerupper-6.0.8.jar:?]
	at com.mojang.serialization.codecs.UnboundedMapCodec.decode(UnboundedMapCodec.java:38) ~[datafixerupper-6.0.8.jar:?]
	at com.mojang.serialization.Decoder.parse(Decoder.java:18) ~[datafixerupper-6.0.8.jar:?]
	at com.mojang.serialization.codecs.FieldDecoder.decode(FieldDecoder.java:29) ~[datafixerupper-6.0.8.jar:?]
	at com.mojang.serialization.MapCodec$1.decode(MapCodec.java:34) ~[datafixerupper-6.0.8.jar:?]
	at com.mojang.serialization.codecs.RecordCodecBuilder$Instance$5.decode(RecordCodecBuilder.java:324) ~[datafixerupper-6.0.8.jar:?]
	at com.mojang.serialization.codecs.RecordCodecBuilder$Instance$5.decode(RecordCodecBuilder.java:322) ~[datafixerupper-6.0.8.jar:?]
	at com.mojang.serialization.codecs.RecordCodecBuilder$2.decode(RecordCodecBuilder.java:107) ~[datafixerupper-6.0.8.jar:?]
	at com.mojang.serialization.MapDecoder.lambda$compressedDecode$1(MapDecoder.java:52) ~[datafixerupper-6.0.8.jar:?]
	at com.mojang.serialization.DataResult.lambda$flatMap$11(DataResult.java:139) ~[datafixerupper-6.0.8.jar:?]
	at com.mojang.datafixers.util.Either$Left.map(Either.java:38) ~[datafixerupper-6.0.8.jar:?]
	at com.mojang.serialization.DataResult.flatMap(DataResult.java:137) ~[datafixerupper-6.0.8.jar:?]
	at com.mojang.serialization.MapDecoder.compressedDecode(MapDecoder.java:52) ~[datafixerupper-6.0.8.jar:?]
	at com.mojang.serialization.MapCodec$MapCodecCodec.decode(MapCodec.java:91) ~[datafixerupper-6.0.8.jar:?]
	at dev.shadowsoffire.placebo.codec.MapBackedCodec.decode(MapBackedCodec.java:54) ~[Placebo-1.20.1-8.6.3_mapped_official_1.20.1.jar:8.6.3]
	at dev.shadowsoffire.placebo.codec.CodecMap.decode(CodecMap.java:116) ~[Placebo-1.20.1-8.6.3_mapped_official_1.20.1.jar:8.6.3]
	at dev.shadowsoffire.placebo.reload.DynamicRegistry.lambda$apply$0(DynamicRegistry.java:140) ~[Placebo-1.20.1-8.6.3_mapped_official_1.20.1.jar:8.6.3]
	at java.util.HashMap.forEach(HashMap.java:1421) ~[?:?]
	at dev.shadowsoffire.placebo.reload.DynamicRegistry.apply(DynamicRegistry.java:136) ~[Placebo-1.20.1-8.6.3_mapped_official_1.20.1.jar:8.6.3]
	at dev.shadowsoffire.placebo.reload.DynamicRegistry.apply(DynamicRegistry.java:62) ~[Placebo-1.20.1-8.6.3_mapped_official_1.20.1.jar:8.6.3]
	at net.minecraft.server.packs.resources.SimplePreparableReloadListener.lambda$reload$1(SimplePreparableReloadListener.java:12) ~[forge-1.20.1-47.4.0_mapped_official_1.20.1-recomp.jar:?]
	at java.util.concurrent.CompletableFuture$UniAccept.tryFire(CompletableFuture.java:718) ~[?:?]
	at java.util.concurrent.CompletableFuture$Completion.run(CompletableFuture.java:482) ~[?:?]
	at net.minecraft.server.packs.resources.SimpleReloadInstance.lambda$new$3(SimpleReloadInstance.java:65) ~[forge-1.20.1-47.4.0_mapped_official_1.20.1-recomp.jar:?]
	at net.minecraft.util.thread.BlockableEventLoop.doRunTask(BlockableEventLoop.java:143) ~[forge-1.20.1-47.4.0_mapped_official_1.20.1-recomp.jar:?]
	at net.minecraft.util.thread.ReentrantBlockableEventLoop.doRunTask(ReentrantBlockableEventLoop.java:22) ~[forge-1.20.1-47.4.0_mapped_official_1.20.1-recomp.jar:?]
	at net.minecraft.util.thread.BlockableEventLoop.pollTask(BlockableEventLoop.java:116) ~[forge-1.20.1-47.4.0_mapped_official_1.20.1-recomp.jar:?]
	at net.minecraft.util.thread.BlockableEventLoop.managedBlock(BlockableEventLoop.java:126) ~[forge-1.20.1-47.4.0_mapped_official_1.20.1-recomp.jar:?]
	at net.minecraft.client.gui.screens.worldselection.WorldOpenFlows.loadWorldDataBlocking(WorldOpenFlows.java:163) ~[forge-1.20.1-47.4.0_mapped_official_1.20.1-recomp.jar:?]
	at net.minecraft.client.gui.screens.worldselection.WorldOpenFlows.loadWorldStem(WorldOpenFlows.java:113) ~[forge-1.20.1-47.4.0_mapped_official_1.20.1-recomp.jar:?]
	at net.minecraft.client.gui.screens.worldselection.WorldOpenFlows.doLoadLevel(WorldOpenFlows.java:181) ~[forge-1.20.1-47.4.0_mapped_official_1.20.1-recomp.jar:?]
	at net.minecraft.client.gui.screens.worldselection.WorldOpenFlows.doLoadLevel(WorldOpenFlows.java:169) ~[forge-1.20.1-47.4.0_mapped_official_1.20.1-recomp.jar:?]
	at net.minecraft.client.gui.screens.worldselection.WorldOpenFlows.loadLevel(WorldOpenFlows.java:65) ~[forge-1.20.1-47.4.0_mapped_official_1.20.1-recomp.jar:?]
	at net.minecraft.client.gui.screens.worldselection.WorldSelectionList$WorldListEntry.loadWorld(WorldSelectionList.java:575) ~[forge-1.20.1-47.4.0_mapped_official_1.20.1-recomp.jar:?]
	at net.minecraft.client.gui.screens.worldselection.WorldSelectionList$WorldListEntry.joinWorld(WorldSelectionList.java:474) ~[forge-1.20.1-47.4.0_mapped_official_1.20.1-recomp.jar:?]
	at net.minecraft.client.gui.screens.worldselection.WorldSelectionList$WorldListEntry.mouseClicked(WorldSelectionList.java:416) ~[forge-1.20.1-47.4.0_mapped_official_1.20.1-recomp.jar:?]
	at net.minecraft.client.gui.components.AbstractSelectionList.mouseClicked(AbstractSelectionList.java:298) ~[forge-1.20.1-47.4.0_mapped_official_1.20.1-recomp.jar:?]
	at net.minecraft.client.gui.components.events.ContainerEventHandler.mouseClicked(ContainerEventHandler.java:39) ~[forge-1.20.1-47.4.0_mapped_official_1.20.1-recomp.jar:?]
	at net.minecraft.client.MouseHandler.lambda$onPress$0(MouseHandler.java:92) ~[forge-1.20.1-47.4.0_mapped_official_1.20.1-recomp.jar:?]
	at net.minecraft.client.gui.screens.Screen.wrapScreenError(Screen.java:437) ~[forge-1.20.1-47.4.0_mapped_official_1.20.1-recomp.jar:?]
	at net.minecraft.client.MouseHandler.onPress(MouseHandler.java:89) ~[forge-1.20.1-47.4.0_mapped_official_1.20.1-recomp.jar:?]
	at net.minecraft.client.MouseHandler.lambda$setup$4(MouseHandler.java:189) ~[forge-1.20.1-47.4.0_mapped_official_1.20.1-recomp.jar:?]
	at net.minecraft.util.thread.BlockableEventLoop.execute(BlockableEventLoop.java:90) ~[forge-1.20.1-47.4.0_mapped_official_1.20.1-recomp.jar:?]
	at net.minecraft.client.MouseHandler.lambda$setup$5(MouseHandler.java:188) ~[forge-1.20.1-47.4.0_mapped_official_1.20.1-recomp.jar:?]
	at org.lwjgl.glfw.GLFWMouseButtonCallbackI.callback(GLFWMouseButtonCallbackI.java:43) ~[lwjgl-glfw-3.3.1.jar:build 7]
	at org.lwjgl.system.JNI.invokeV(Native Method) ~[lwjgl-3.3.1.jar:build 7]
	at org.lwjgl.glfw.GLFW.glfwWaitEventsTimeout(GLFW.java:3474) ~[lwjgl-glfw-3.3.1.jar:build 7]
	at com.mojang.blaze3d.systems.RenderSystem.limitDisplayFPS(RenderSystem.java:207) ~[forge-1.20.1-47.4.0_mapped_official_1.20.1-recomp.jar:?]
	at net.minecraft.client.Minecraft.runTick(Minecraft.java:1173) ~[forge-1.20.1-47.4.0_mapped_official_1.20.1-recomp.jar:?]
	at net.minecraft.client.Minecraft.run(Minecraft.java:718) ~[forge-1.20.1-47.4.0_mapped_official_1.20.1-recomp.jar:?]
	at net.minecraft.client.main.Main.main(Main.java:218) ~[forge-1.20.1-47.4.0_mapped_official_1.20.1-recomp.jar:?]
	at jdk.internal.reflect.NativeMethodAccessorImpl.invoke0(Native Method) ~[?:?]
	at jdk.internal.reflect.NativeMethodAccessorImpl.invoke(NativeMethodAccessorImpl.java:77) ~[?:?]
	at jdk.internal.reflect.DelegatingMethodAccessorImpl.invoke(DelegatingMethodAccessorImpl.java:43) ~[?:?]
	at java.lang.reflect.Method.invoke(Method.java:569) ~[?:?]
	at net.minecraftforge.fml.loading.targets.CommonLaunchHandler.runTarget(CommonLaunchHandler.java:111) ~[fmlloader-1.20.1-47.4.0.jar:?]
	at net.minecraftforge.fml.loading.targets.CommonLaunchHandler.clientService(CommonLaunchHandler.java:99) ~[fmlloader-1.20.1-47.4.0.jar:?]
	at net.minecraftforge.fml.loading.targets.ForgeClientUserdevLaunchHandler.devService(ForgeClientUserdevLaunchHandler.java:19) ~[fmlloader-1.20.1-47.4.0.jar:?]
	at net.minecraftforge.fml.loading.targets.CommonDevLaunchHandler.lambda$makeService$7(CommonDevLaunchHandler.java:135) ~[fmlloader-1.20.1-47.4.0.jar:?]
	at cpw.mods.modlauncher.LaunchServiceHandlerDecorator.launch(LaunchServiceHandlerDecorator.java:30) ~[modlauncher-10.0.9.jar:?]
	at cpw.mods.modlauncher.LaunchServiceHandler.launch(LaunchServiceHandler.java:53) ~[modlauncher-10.0.9.jar:?]
	at cpw.mods.modlauncher.LaunchServiceHandler.launch(LaunchServiceHandler.java:71) ~[modlauncher-10.0.9.jar:?]
	at cpw.mods.modlauncher.Launcher.run(Launcher.java:108) ~[modlauncher-10.0.9.jar:?]
	at cpw.mods.modlauncher.Launcher.main(Launcher.java:78) ~[modlauncher-10.0.9.jar:?]
	at cpw.mods.modlauncher.BootstrapLaunchConsumer.accept(BootstrapLaunchConsumer.java:26) ~[modlauncher-10.0.9.jar:?]
	at cpw.mods.modlauncher.BootstrapLaunchConsumer.accept(BootstrapLaunchConsumer.java:23) ~[modlauncher-10.0.9.jar:?]
	at cpw.mods.bootstraplauncher.BootstrapLauncher.main(BootstrapLauncher.java:141) ~[bootstraplauncher-1.1.2.jar:?]
[12Apr2026 16:47:38.425] [Render thread/ERROR] [placebo/]: Codec failure for type affixes, message: Failure when parsing a affixes. Unrecognized type: apotheosis_modern_ragnarok:ammo_capacity
[12Apr2026 16:47:38.425] [Render thread/ERROR] [Apotheosis : Adventure/]: Failed parsing affixes file apotheosis_modern_ragnarok:clip_expansion.
[12Apr2026 16:47:38.425] [Render thread/ERROR] [Apotheosis : Adventure/]: Underlying Exception: 
java.lang.RuntimeException: Failure when parsing a affixes. Unrecognized type: apotheosis_modern_ragnarok:ammo_capacity
	at com.mojang.serialization.DataResult.lambda$getOrThrow$5(DataResult.java:101) ~[datafixerupper-6.0.8.jar:?]
	at com.mojang.datafixers.util.Either$Right.map(Either.java:99) ~[datafixerupper-6.0.8.jar:?]
	at com.mojang.serialization.DataResult.getOrThrow(DataResult.java:93) ~[datafixerupper-6.0.8.jar:?]
	at dev.shadowsoffire.placebo.reload.DynamicRegistry.lambda$apply$0(DynamicRegistry.java:140) ~[Placebo-1.20.1-8.6.3_mapped_official_1.20.1.jar:8.6.3]
	at java.util.HashMap.forEach(HashMap.java:1421) ~[?:?]
	at dev.shadowsoffire.placebo.reload.DynamicRegistry.apply(DynamicRegistry.java:136) ~[Placebo-1.20.1-8.6.3_mapped_official_1.20.1.jar:8.6.3]
	at dev.shadowsoffire.placebo.reload.DynamicRegistry.apply(DynamicRegistry.java:62) ~[Placebo-1.20.1-8.6.3_mapped_official_1.20.1.jar:8.6.3]
	at net.minecraft.server.packs.resources.SimplePreparableReloadListener.lambda$reload$1(SimplePreparableReloadListener.java:12) ~[forge-1.20.1-47.4.0_mapped_official_1.20.1-recomp.jar:?]
	at java.util.concurrent.CompletableFuture$UniAccept.tryFire(CompletableFuture.java:718) ~[?:?]
	at java.util.concurrent.CompletableFuture$Completion.run(CompletableFuture.java:482) ~[?:?]
	at net.minecraft.server.packs.resources.SimpleReloadInstance.lambda$new$3(SimpleReloadInstance.java:65) ~[forge-1.20.1-47.4.0_mapped_official_1.20.1-recomp.jar:?]
	at net.minecraft.util.thread.BlockableEventLoop.doRunTask(BlockableEventLoop.java:143) ~[forge-1.20.1-47.4.0_mapped_official_1.20.1-recomp.jar:?]
	at net.minecraft.util.thread.ReentrantBlockableEventLoop.doRunTask(ReentrantBlockableEventLoop.java:22) ~[forge-1.20.1-47.4.0_mapped_official_1.20.1-recomp.jar:?]
	at net.minecraft.util.thread.BlockableEventLoop.pollTask(BlockableEventLoop.java:116) ~[forge-1.20.1-47.4.0_mapped_official_1.20.1-recomp.jar:?]
	at net.minecraft.util.thread.BlockableEventLoop.managedBlock(BlockableEventLoop.java:126) ~[forge-1.20.1-47.4.0_mapped_official_1.20.1-recomp.jar:?]
	at net.minecraft.client.gui.screens.worldselection.WorldOpenFlows.loadWorldDataBlocking(WorldOpenFlows.java:163) ~[forge-1.20.1-47.4.0_mapped_official_1.20.1-recomp.jar:?]
	at net.minecraft.client.gui.screens.worldselection.WorldOpenFlows.loadWorldStem(WorldOpenFlows.java:113) ~[forge-1.20.1-47.4.0_mapped_official_1.20.1-recomp.jar:?]
	at net.minecraft.client.gui.screens.worldselection.WorldOpenFlows.doLoadLevel(WorldOpenFlows.java:181) ~[forge-1.20.1-47.4.0_mapped_official_1.20.1-recomp.jar:?]
	at net.minecraft.client.gui.screens.worldselection.WorldOpenFlows.doLoadLevel(WorldOpenFlows.java:169) ~[forge-1.20.1-47.4.0_mapped_official_1.20.1-recomp.jar:?]
	at net.minecraft.client.gui.screens.worldselection.WorldOpenFlows.loadLevel(WorldOpenFlows.java:65) ~[forge-1.20.1-47.4.0_mapped_official_1.20.1-recomp.jar:?]
	at net.minecraft.client.gui.screens.worldselection.WorldSelectionList$WorldListEntry.loadWorld(WorldSelectionList.java:575) ~[forge-1.20.1-47.4.0_mapped_official_1.20.1-recomp.jar:?]
	at net.minecraft.client.gui.screens.worldselection.WorldSelectionList$WorldListEntry.joinWorld(WorldSelectionList.java:474) ~[forge-1.20.1-47.4.0_mapped_official_1.20.1-recomp.jar:?]
	at net.minecraft.client.gui.screens.worldselection.WorldSelectionList$WorldListEntry.mouseClicked(WorldSelectionList.java:416) ~[forge-1.20.1-47.4.0_mapped_official_1.20.1-recomp.jar:?]
	at net.minecraft.client.gui.components.AbstractSelectionList.mouseClicked(AbstractSelectionList.java:298) ~[forge-1.20.1-47.4.0_mapped_official_1.20.1-recomp.jar:?]
	at net.minecraft.client.gui.components.events.ContainerEventHandler.mouseClicked(ContainerEventHandler.java:39) ~[forge-1.20.1-47.4.0_mapped_official_1.20.1-recomp.jar:?]
	at net.minecraft.client.MouseHandler.lambda$onPress$0(MouseHandler.java:92) ~[forge-1.20.1-47.4.0_mapped_official_1.20.1-recomp.jar:?]
	at net.minecraft.client.gui.screens.Screen.wrapScreenError(Screen.java:437) ~[forge-1.20.1-47.4.0_mapped_official_1.20.1-recomp.jar:?]
	at net.minecraft.client.MouseHandler.onPress(MouseHandler.java:89) ~[forge-1.20.1-47.4.0_mapped_official_1.20.1-recomp.jar:?]
	at net.minecraft.client.MouseHandler.lambda$setup$4(MouseHandler.java:189) ~[forge-1.20.1-47.4.0_mapped_official_1.20.1-recomp.jar:?]
	at net.minecraft.util.thread.BlockableEventLoop.execute(BlockableEventLoop.java:90) ~[forge-1.20.1-47.4.0_mapped_official_1.20.1-recomp.jar:?]
	at net.minecraft.client.MouseHandler.lambda$setup$5(MouseHandler.java:188) ~[forge-1.20.1-47.4.0_mapped_official_1.20.1-recomp.jar:?]
	at org.lwjgl.glfw.GLFWMouseButtonCallbackI.callback(GLFWMouseButtonCallbackI.java:43) ~[lwjgl-glfw-3.3.1.jar:build 7]
	at org.lwjgl.system.JNI.invokeV(Native Method) ~[lwjgl-3.3.1.jar:build 7]
	at org.lwjgl.glfw.GLFW.glfwWaitEventsTimeout(GLFW.java:3474) ~[lwjgl-glfw-3.3.1.jar:build 7]
	at com.mojang.blaze3d.systems.RenderSystem.limitDisplayFPS(RenderSystem.java:207) ~[forge-1.20.1-47.4.0_mapped_official_1.20.1-recomp.jar:?]
	at net.minecraft.client.Minecraft.runTick(Minecraft.java:1173) ~[forge-1.20.1-47.4.0_mapped_official_1.20.1-recomp.jar:?]
	at net.minecraft.client.Minecraft.run(Minecraft.java:718) ~[forge-1.20.1-47.4.0_mapped_official_1.20.1-recomp.jar:?]
	at net.minecraft.client.main.Main.main(Main.java:218) ~[forge-1.20.1-47.4.0_mapped_official_1.20.1-recomp.jar:?]
	at jdk.internal.reflect.NativeMethodAccessorImpl.invoke0(Native Method) ~[?:?]
	at jdk.internal.reflect.NativeMethodAccessorImpl.invoke(NativeMethodAccessorImpl.java:77) ~[?:?]
	at jdk.internal.reflect.DelegatingMethodAccessorImpl.invoke(DelegatingMethodAccessorImpl.java:43) ~[?:?]
	at java.lang.reflect.Method.invoke(Method.java:569) ~[?:?]
	at net.minecraftforge.fml.loading.targets.CommonLaunchHandler.runTarget(CommonLaunchHandler.java:111) ~[fmlloader-1.20.1-47.4.0.jar:?]
	at net.minecraftforge.fml.loading.targets.CommonLaunchHandler.clientService(CommonLaunchHandler.java:99) ~[fmlloader-1.20.1-47.4.0.jar:?]
	at net.minecraftforge.fml.loading.targets.ForgeClientUserdevLaunchHandler.devService(ForgeClientUserdevLaunchHandler.java:19) ~[fmlloader-1.20.1-47.4.0.jar:?]
	at net.minecraftforge.fml.loading.targets.CommonDevLaunchHandler.lambda$makeService$7(CommonDevLaunchHandler.java:135) ~[fmlloader-1.20.1-47.4.0.jar:?]
	at cpw.mods.modlauncher.LaunchServiceHandlerDecorator.launch(LaunchServiceHandlerDecorator.java:30) ~[modlauncher-10.0.9.jar:?]
	at cpw.mods.modlauncher.LaunchServiceHandler.launch(LaunchServiceHandler.java:53) ~[modlauncher-10.0.9.jar:?]
	at cpw.mods.modlauncher.LaunchServiceHandler.launch(LaunchServiceHandler.java:71) ~[modlauncher-10.0.9.jar:?]
	at cpw.mods.modlauncher.Launcher.run(Launcher.java:108) ~[modlauncher-10.0.9.jar:?]
	at cpw.mods.modlauncher.Launcher.main(Launcher.java:78) ~[modlauncher-10.0.9.jar:?]
	at cpw.mods.modlauncher.BootstrapLaunchConsumer.accept(BootstrapLaunchConsumer.java:26) ~[modlauncher-10.0.9.jar:?]
	at cpw.mods.modlauncher.BootstrapLaunchConsumer.accept(BootstrapLaunchConsumer.java:23) ~[modlauncher-10.0.9.jar:?]
	at cpw.mods.bootstraplauncher.BootstrapLauncher.main(BootstrapLauncher.java:141) ~[bootstraplauncher-1.1.2.jar:?]
[12Apr2026 16:47:38.428] [Render thread/ERROR] [Apotheosis : Adventure/]: Failed parsing affixes file playwrights_guns_and_buns:spell/generated/fireball.
[12Apr2026 16:47:38.428] [Render thread/ERROR] [Apotheosis : Adventure/]: Underlying Exception: 
java.lang.IllegalArgumentException: null
	at com.google.common.base.Preconditions.checkArgument(Preconditions.java:131) ~[guava-31.1-jre.jar:?]
	at dev.shadowsoffire.placebo.util.StepFunction.<init>(StepFunction.java:49) ~[Placebo-1.20.1-8.6.3_mapped_official_1.20.1.jar:8.6.3]
	at com.mojang.datafixers.util.Function3.lambda$curry$0(Function3.java:10) ~[datafixerupper-6.0.8.jar:?]
	at com.mojang.datafixers.kinds.Applicative.lambda$ap2$8(Applicative.java:75) ~[datafixerupper-6.0.8.jar:?]
	at com.mojang.serialization.DataResult.lambda$ap$19(DataResult.java:160) ~[datafixerupper-6.0.8.jar:?]
	at java.util.Optional.map(Optional.java:260) ~[?:?]
	at com.mojang.serialization.DataResult.lambda$ap$20(DataResult.java:160) ~[datafixerupper-6.0.8.jar:?]
	at com.mojang.datafixers.util.Either$Right.mapBoth(Either.java:94) ~[datafixerupper-6.0.8.jar:?]
	at com.mojang.serialization.DataResult.lambda$ap$21(DataResult.java:158) ~[datafixerupper-6.0.8.jar:?]
	at com.mojang.datafixers.util.Either$Left.map(Either.java:38) ~[datafixerupper-6.0.8.jar:?]
	at com.mojang.serialization.DataResult.ap(DataResult.java:157) ~[datafixerupper-6.0.8.jar:?]
	at com.mojang.serialization.DataResult$Instance.ap(DataResult.java:304) ~[datafixerupper-6.0.8.jar:?]
	at com.mojang.datafixers.kinds.Applicative.ap2(Applicative.java:76) ~[datafixerupper-6.0.8.jar:?]
	at com.mojang.serialization.DataResult$Instance.ap2(DataResult.java:324) ~[datafixerupper-6.0.8.jar:?]
	at com.mojang.datafixers.kinds.Applicative.ap3(Applicative.java:80) ~[datafixerupper-6.0.8.jar:?]
	at com.mojang.serialization.DataResult$Instance.ap3(DataResult.java:347) ~[datafixerupper-6.0.8.jar:?]
	at com.mojang.serialization.codecs.RecordCodecBuilder$Instance$5.decode(RecordCodecBuilder.java:321) ~[datafixerupper-6.0.8.jar:?]
	at com.mojang.serialization.codecs.RecordCodecBuilder$2.decode(RecordCodecBuilder.java:107) ~[datafixerupper-6.0.8.jar:?]
	at com.mojang.serialization.MapDecoder.lambda$compressedDecode$1(MapDecoder.java:52) ~[datafixerupper-6.0.8.jar:?]
	at com.mojang.serialization.DataResult.lambda$flatMap$11(DataResult.java:139) ~[datafixerupper-6.0.8.jar:?]
	at com.mojang.datafixers.util.Either$Left.map(Either.java:38) ~[datafixerupper-6.0.8.jar:?]
	at com.mojang.serialization.DataResult.flatMap(DataResult.java:137) ~[datafixerupper-6.0.8.jar:?]
	at com.mojang.serialization.MapDecoder.compressedDecode(MapDecoder.java:52) ~[datafixerupper-6.0.8.jar:?]
	at com.mojang.serialization.MapCodec$MapCodecCodec.decode(MapCodec.java:91) ~[datafixerupper-6.0.8.jar:?]
	at com.mojang.serialization.codecs.EitherCodec.decode(EitherCodec.java:28) ~[datafixerupper-6.0.8.jar:?]
	at com.mojang.serialization.Decoder$2.decode(Decoder.java:63) ~[datafixerupper-6.0.8.jar:?]
	at com.mojang.serialization.Codec$2.decode(Codec.java:71) ~[datafixerupper-6.0.8.jar:?]
	at com.mojang.serialization.Decoder.parse(Decoder.java:18) ~[datafixerupper-6.0.8.jar:?]
	at com.mojang.serialization.codecs.BaseMapCodec.lambda$decode$2(BaseMapCodec.java:31) ~[datafixerupper-6.0.8.jar:?]
	at java.util.stream.ReduceOps$1ReducingSink.accept(ReduceOps.java:80) ~[?:?]
	at java.util.stream.ReferencePipeline$3$1.accept(ReferencePipeline.java:197) ~[?:?]
	at java.util.Iterator.forEachRemaining(Iterator.java:133) ~[?:?]
	at java.util.Spliterators$IteratorSpliterator.forEachRemaining(Spliterators.java:1845) ~[?:?]
	at java.util.stream.AbstractPipeline.copyInto(AbstractPipeline.java:509) ~[?:?]
	at java.util.stream.AbstractPipeline.wrapAndCopyInto(AbstractPipeline.java:499) ~[?:?]
	at java.util.stream.ReduceOps$ReduceOp.evaluateSequential(ReduceOps.java:921) ~[?:?]
	at java.util.stream.AbstractPipeline.evaluate(AbstractPipeline.java:234) ~[?:?]
	at java.util.stream.ReferencePipeline.reduce(ReferencePipeline.java:667) ~[?:?]
	at com.mojang.serialization.codecs.BaseMapCodec.decode(BaseMapCodec.java:27) ~[datafixerupper-6.0.8.jar:?]
	at com.mojang.serialization.codecs.UnboundedMapCodec.lambda$decode$0(UnboundedMapCodec.java:38) ~[datafixerupper-6.0.8.jar:?]
	at com.mojang.serialization.DataResult.lambda$flatMap$11(DataResult.java:139) ~[datafixerupper-6.0.8.jar:?]
	at com.mojang.datafixers.util.Either$Left.map(Either.java:38) ~[datafixerupper-6.0.8.jar:?]
	at com.mojang.serialization.DataResult.flatMap(DataResult.java:137) ~[datafixerupper-6.0.8.jar:?]
	at com.mojang.serialization.codecs.UnboundedMapCodec.decode(UnboundedMapCodec.java:38) ~[datafixerupper-6.0.8.jar:?]
	at com.mojang.serialization.Decoder.parse(Decoder.java:18) ~[datafixerupper-6.0.8.jar:?]
	at com.mojang.serialization.codecs.FieldDecoder.decode(FieldDecoder.java:29) ~[datafixerupper-6.0.8.jar:?]
	at com.mojang.serialization.MapCodec$1.decode(MapCodec.java:34) ~[datafixerupper-6.0.8.jar:?]
	at com.mojang.serialization.codecs.RecordCodecBuilder$Instance$5.decode(RecordCodecBuilder.java:324) ~[datafixerupper-6.0.8.jar:?]
	at com.mojang.serialization.codecs.RecordCodecBuilder$Instance$5.decode(RecordCodecBuilder.java:322) ~[datafixerupper-6.0.8.jar:?]
	at com.mojang.serialization.codecs.RecordCodecBuilder$2.decode(RecordCodecBuilder.java:107) ~[datafixerupper-6.0.8.jar:?]
	at com.mojang.serialization.MapDecoder.lambda$compressedDecode$1(MapDecoder.java:52) ~[datafixerupper-6.0.8.jar:?]
	at com.mojang.serialization.DataResult.lambda$flatMap$11(DataResult.java:139) ~[datafixerupper-6.0.8.jar:?]
	at com.mojang.datafixers.util.Either$Left.map(Either.java:38) ~[datafixerupper-6.0.8.jar:?]
	at com.mojang.serialization.DataResult.flatMap(DataResult.java:137) ~[datafixerupper-6.0.8.jar:?]
	at com.mojang.serialization.MapDecoder.compressedDecode(MapDecoder.java:52) ~[datafixerupper-6.0.8.jar:?]
	at com.mojang.serialization.MapCodec$MapCodecCodec.decode(MapCodec.java:91) ~[datafixerupper-6.0.8.jar:?]
	at dev.shadowsoffire.placebo.codec.MapBackedCodec.decode(MapBackedCodec.java:54) ~[Placebo-1.20.1-8.6.3_mapped_official_1.20.1.jar:8.6.3]
	at dev.shadowsoffire.placebo.codec.CodecMap.decode(CodecMap.java:116) ~[Placebo-1.20.1-8.6.3_mapped_official_1.20.1.jar:8.6.3]
	at dev.shadowsoffire.placebo.reload.DynamicRegistry.lambda$apply$0(DynamicRegistry.java:140) ~[Placebo-1.20.1-8.6.3_mapped_official_1.20.1.jar:8.6.3]
	at java.util.HashMap.forEach(HashMap.java:1421) ~[?:?]
	at dev.shadowsoffire.placebo.reload.DynamicRegistry.apply(DynamicRegistry.java:136) ~[Placebo-1.20.1-8.6.3_mapped_official_1.20.1.jar:8.6.3]
	at dev.shadowsoffire.placebo.reload.DynamicRegistry.apply(DynamicRegistry.java:62) ~[Placebo-1.20.1-8.6.3_mapped_official_1.20.1.jar:8.6.3]
	at net.minecraft.server.packs.resources.SimplePreparableReloadListener.lambda$reload$1(SimplePreparableReloadListener.java:12) ~[forge-1.20.1-47.4.0_mapped_official_1.20.1-recomp.jar:?]
	at java.util.concurrent.CompletableFuture$UniAccept.tryFire(CompletableFuture.java:718) ~[?:?]
	at java.util.concurrent.CompletableFuture$Completion.run(CompletableFuture.java:482) ~[?:?]
	at net.minecraft.server.packs.resources.SimpleReloadInstance.lambda$new$3(SimpleReloadInstance.java:65) ~[forge-1.20.1-47.4.0_mapped_official_1.20.1-recomp.jar:?]
	at net.minecraft.util.thread.BlockableEventLoop.doRunTask(BlockableEventLoop.java:143) ~[forge-1.20.1-47.4.0_mapped_official_1.20.1-recomp.jar:?]
	at net.minecraft.util.thread.ReentrantBlockableEventLoop.doRunTask(ReentrantBlockableEventLoop.java:22) ~[forge-1.20.1-47.4.0_mapped_official_1.20.1-recomp.jar:?]
	at net.minecraft.util.thread.BlockableEventLoop.pollTask(BlockableEventLoop.java:116) ~[forge-1.20.1-47.4.0_mapped_official_1.20.1-recomp.jar:?]
	at net.minecraft.util.thread.BlockableEventLoop.managedBlock(BlockableEventLoop.java:126) ~[forge-1.20.1-47.4.0_mapped_official_1.20.1-recomp.jar:?]
	at net.minecraft.client.gui.screens.worldselection.WorldOpenFlows.loadWorldDataBlocking(WorldOpenFlows.java:163) ~[forge-1.20.1-47.4.0_mapped_official_1.20.1-recomp.jar:?]
	at net.minecraft.client.gui.screens.worldselection.WorldOpenFlows.loadWorldStem(WorldOpenFlows.java:113) ~[forge-1.20.1-47.4.0_mapped_official_1.20.1-recomp.jar:?]
	at net.minecraft.client.gui.screens.worldselection.WorldOpenFlows.doLoadLevel(WorldOpenFlows.java:181) ~[forge-1.20.1-47.4.0_mapped_official_1.20.1-recomp.jar:?]
	at net.minecraft.client.gui.screens.worldselection.WorldOpenFlows.doLoadLevel(WorldOpenFlows.java:169) ~[forge-1.20.1-47.4.0_mapped_official_1.20.1-recomp.jar:?]
	at net.minecraft.client.gui.screens.worldselection.WorldOpenFlows.loadLevel(WorldOpenFlows.java:65) ~[forge-1.20.1-47.4.0_mapped_official_1.20.1-recomp.jar:?]
	at net.minecraft.client.gui.screens.worldselection.WorldSelectionList$WorldListEntry.loadWorld(WorldSelectionList.java:575) ~[forge-1.20.1-47.4.0_mapped_official_1.20.1-recomp.jar:?]
	at net.minecraft.client.gui.screens.worldselection.WorldSelectionList$WorldListEntry.joinWorld(WorldSelectionList.java:474) ~[forge-1.20.1-47.4.0_mapped_official_1.20.1-recomp.jar:?]
	at net.minecraft.client.gui.screens.worldselection.WorldSelectionList$WorldListEntry.mouseClicked(WorldSelectionList.java:416) ~[forge-1.20.1-47.4.0_mapped_official_1.20.1-recomp.jar:?]
	at net.minecraft.client.gui.components.AbstractSelectionList.mouseClicked(AbstractSelectionList.java:298) ~[forge-1.20.1-47.4.0_mapped_official_1.20.1-recomp.jar:?]
	at net.minecraft.client.gui.components.events.ContainerEventHandler.mouseClicked(ContainerEventHandler.java:39) ~[forge-1.20.1-47.4.0_mapped_official_1.20.1-recomp.jar:?]
	at net.minecraft.client.MouseHandler.lambda$onPress$0(MouseHandler.java:92) ~[forge-1.20.1-47.4.0_mapped_official_1.20.1-recomp.jar:?]
	at net.minecraft.client.gui.screens.Screen.wrapScreenError(Screen.java:437) ~[forge-1.20.1-47.4.0_mapped_official_1.20.1-recomp.jar:?]
	at net.minecraft.client.MouseHandler.onPress(MouseHandler.java:89) ~[forge-1.20.1-47.4.0_mapped_official_1.20.1-recomp.jar:?]
	at net.minecraft.client.MouseHandler.lambda$setup$4(MouseHandler.java:189) ~[forge-1.20.1-47.4.0_mapped_official_1.20.1-recomp.jar:?]
	at net.minecraft.util.thread.BlockableEventLoop.execute(BlockableEventLoop.java:90) ~[forge-1.20.1-47.4.0_mapped_official_1.20.1-recomp.jar:?]
	at net.minecraft.client.MouseHandler.lambda$setup$5(MouseHandler.java:188) ~[forge-1.20.1-47.4.0_mapped_official_1.20.1-recomp.jar:?]
	at org.lwjgl.glfw.GLFWMouseButtonCallbackI.callback(GLFWMouseButtonCallbackI.java:43) ~[lwjgl-glfw-3.3.1.jar:build 7]
	at org.lwjgl.system.JNI.invokeV(Native Method) ~[lwjgl-3.3.1.jar:build 7]
	at org.lwjgl.glfw.GLFW.glfwWaitEventsTimeout(GLFW.java:3474) ~[lwjgl-glfw-3.3.1.jar:build 7]
	at com.mojang.blaze3d.systems.RenderSystem.limitDisplayFPS(RenderSystem.java:207) ~[forge-1.20.1-47.4.0_mapped_official_1.20.1-recomp.jar:?]
	at net.minecraft.client.Minecraft.runTick(Minecraft.java:1173) ~[forge-1.20.1-47.4.0_mapped_official_1.20.1-recomp.jar:?]
	at net.minecraft.client.Minecraft.run(Minecraft.java:718) ~[forge-1.20.1-47.4.0_mapped_official_1.20.1-recomp.jar:?]
	at net.minecraft.client.main.Main.main(Main.java:218) ~[forge-1.20.1-47.4.0_mapped_official_1.20.1-recomp.jar:?]
	at jdk.internal.reflect.NativeMethodAccessorImpl.invoke0(Native Method) ~[?:?]
	at jdk.internal.reflect.NativeMethodAccessorImpl.invoke(NativeMethodAccessorImpl.java:77) ~[?:?]
	at jdk.internal.reflect.DelegatingMethodAccessorImpl.invoke(DelegatingMethodAccessorImpl.java:43) ~[?:?]
	at java.lang.reflect.Method.invoke(Method.java:569) ~[?:?]
	at net.minecraftforge.fml.loading.targets.CommonLaunchHandler.runTarget(CommonLaunchHandler.java:111) ~[fmlloader-1.20.1-47.4.0.jar:?]
	at net.minecraftforge.fml.loading.targets.CommonLaunchHandler.clientService(CommonLaunchHandler.java:99) ~[fmlloader-1.20.1-47.4.0.jar:?]
	at net.minecraftforge.fml.loading.targets.ForgeClientUserdevLaunchHandler.devService(ForgeClientUserdevLaunchHandler.java:19) ~[fmlloader-1.20.1-47.4.0.jar:?]
	at net.minecraftforge.fml.loading.targets.CommonDevLaunchHandler.lambda$makeService$7(CommonDevLaunchHandler.java:135) ~[fmlloader-1.20.1-47.4.0.jar:?]
	at cpw.mods.modlauncher.LaunchServiceHandlerDecorator.launch(LaunchServiceHandlerDecorator.java:30) ~[modlauncher-10.0.9.jar:?]
	at cpw.mods.modlauncher.LaunchServiceHandler.launch(LaunchServiceHandler.java:53) ~[modlauncher-10.0.9.jar:?]
	at cpw.mods.modlauncher.LaunchServiceHandler.launch(LaunchServiceHandler.java:71) ~[modlauncher-10.0.9.jar:?]
	at cpw.mods.modlauncher.Launcher.run(Launcher.java:108) ~[modlauncher-10.0.9.jar:?]
	at cpw.mods.modlauncher.Launcher.main(Launcher.java:78) ~[modlauncher-10.0.9.jar:?]
	at cpw.mods.modlauncher.BootstrapLaunchConsumer.accept(BootstrapLaunchConsumer.java:26) ~[modlauncher-10.0.9.jar:?]
	at cpw.mods.modlauncher.BootstrapLaunchConsumer.accept(BootstrapLaunchConsumer.java:23) ~[modlauncher-10.0.9.jar:?]
	at cpw.mods.bootstraplauncher.BootstrapLauncher.main(BootstrapLauncher.java:141) ~[bootstraplauncher-1.1.2.jar:?]
[12Apr2026 16:47:38.439] [Render thread/ERROR] [Apotheosis : Adventure/]: Failed parsing affixes file playwrights_guns_and_buns:spell/generated/poison_arrow.
[12Apr2026 16:47:38.439] [Render thread/ERROR] [Apotheosis : Adventure/]: Underlying Exception: 
java.lang.IllegalArgumentException: null
	at com.google.common.base.Preconditions.checkArgument(Preconditions.java:131) ~[guava-31.1-jre.jar:?]
	at dev.shadowsoffire.placebo.util.StepFunction.<init>(StepFunction.java:49) ~[Placebo-1.20.1-8.6.3_mapped_official_1.20.1.jar:8.6.3]
	at com.mojang.datafixers.util.Function3.lambda$curry$0(Function3.java:10) ~[datafixerupper-6.0.8.jar:?]
	at com.mojang.datafixers.kinds.Applicative.lambda$ap2$8(Applicative.java:75) ~[datafixerupper-6.0.8.jar:?]
	at com.mojang.serialization.DataResult.lambda$ap$19(DataResult.java:160) ~[datafixerupper-6.0.8.jar:?]
	at java.util.Optional.map(Optional.java:260) ~[?:?]
	at com.mojang.serialization.DataResult.lambda$ap$20(DataResult.java:160) ~[datafixerupper-6.0.8.jar:?]
	at com.mojang.datafixers.util.Either$Right.mapBoth(Either.java:94) ~[datafixerupper-6.0.8.jar:?]
	at com.mojang.serialization.DataResult.lambda$ap$21(DataResult.java:158) ~[datafixerupper-6.0.8.jar:?]
	at com.mojang.datafixers.util.Either$Left.map(Either.java:38) ~[datafixerupper-6.0.8.jar:?]
	at com.mojang.serialization.DataResult.ap(DataResult.java:157) ~[datafixerupper-6.0.8.jar:?]
	at com.mojang.serialization.DataResult$Instance.ap(DataResult.java:304) ~[datafixerupper-6.0.8.jar:?]
	at com.mojang.datafixers.kinds.Applicative.ap2(Applicative.java:76) ~[datafixerupper-6.0.8.jar:?]
	at com.mojang.serialization.DataResult$Instance.ap2(DataResult.java:324) ~[datafixerupper-6.0.8.jar:?]
	at com.mojang.datafixers.kinds.Applicative.ap3(Applicative.java:80) ~[datafixerupper-6.0.8.jar:?]
	at com.mojang.serialization.DataResult$Instance.ap3(DataResult.java:347) ~[datafixerupper-6.0.8.jar:?]
	at com.mojang.serialization.codecs.RecordCodecBuilder$Instance$5.decode(RecordCodecBuilder.java:321) ~[datafixerupper-6.0.8.jar:?]
	at com.mojang.serialization.codecs.RecordCodecBuilder$2.decode(RecordCodecBuilder.java:107) ~[datafixerupper-6.0.8.jar:?]
	at com.mojang.serialization.MapDecoder.lambda$compressedDecode$1(MapDecoder.java:52) ~[datafixerupper-6.0.8.jar:?]
	at com.mojang.serialization.DataResult.lambda$flatMap$11(DataResult.java:139) ~[datafixerupper-6.0.8.jar:?]
	at com.mojang.datafixers.util.Either$Left.map(Either.java:38) ~[datafixerupper-6.0.8.jar:?]
	at com.mojang.serialization.DataResult.flatMap(DataResult.java:137) ~[datafixerupper-6.0.8.jar:?]
	at com.mojang.serialization.MapDecoder.compressedDecode(MapDecoder.java:52) ~[datafixerupper-6.0.8.jar:?]
	at com.mojang.serialization.MapCodec$MapCodecCodec.decode(MapCodec.java:91) ~[datafixerupper-6.0.8.jar:?]
	at com.mojang.serialization.codecs.EitherCodec.decode(EitherCodec.java:28) ~[datafixerupper-6.0.8.jar:?]
	at com.mojang.serialization.Decoder$2.decode(Decoder.java:63) ~[datafixerupper-6.0.8.jar:?]
	at com.mojang.serialization.Codec$2.decode(Codec.java:71) ~[datafixerupper-6.0.8.jar:?]
	at com.mojang.serialization.Decoder.parse(Decoder.java:18) ~[datafixerupper-6.0.8.jar:?]
	at com.mojang.serialization.codecs.BaseMapCodec.lambda$decode$2(BaseMapCodec.java:31) ~[datafixerupper-6.0.8.jar:?]
	at java.util.stream.ReduceOps$1ReducingSink.accept(ReduceOps.java:80) ~[?:?]
	at java.util.stream.ReferencePipeline$3$1.accept(ReferencePipeline.java:197) ~[?:?]
	at java.util.Iterator.forEachRemaining(Iterator.java:133) ~[?:?]
	at java.util.Spliterators$IteratorSpliterator.forEachRemaining(Spliterators.java:1845) ~[?:?]
	at java.util.stream.AbstractPipeline.copyInto(AbstractPipeline.java:509) ~[?:?]
	at java.util.stream.AbstractPipeline.wrapAndCopyInto(AbstractPipeline.java:499) ~[?:?]
	at java.util.stream.ReduceOps$ReduceOp.evaluateSequential(ReduceOps.java:921) ~[?:?]
	at java.util.stream.AbstractPipeline.evaluate(AbstractPipeline.java:234) ~[?:?]
	at java.util.stream.ReferencePipeline.reduce(ReferencePipeline.java:667) ~[?:?]
	at com.mojang.serialization.codecs.BaseMapCodec.decode(BaseMapCodec.java:27) ~[datafixerupper-6.0.8.jar:?]
	at com.mojang.serialization.codecs.UnboundedMapCodec.lambda$decode$0(UnboundedMapCodec.java:38) ~[datafixerupper-6.0.8.jar:?]
	at com.mojang.serialization.DataResult.lambda$flatMap$11(DataResult.java:139) ~[datafixerupper-6.0.8.jar:?]
	at com.mojang.datafixers.util.Either$Left.map(Either.java:38) ~[datafixerupper-6.0.8.jar:?]
	at com.mojang.serialization.DataResult.flatMap(DataResult.java:137) ~[datafixerupper-6.0.8.jar:?]
	at com.mojang.serialization.codecs.UnboundedMapCodec.decode(UnboundedMapCodec.java:38) ~[datafixerupper-6.0.8.jar:?]
	at com.mojang.serialization.Decoder.parse(Decoder.java:18) ~[datafixerupper-6.0.8.jar:?]
	at com.mojang.serialization.codecs.FieldDecoder.decode(FieldDecoder.java:29) ~[datafixerupper-6.0.8.jar:?]
	at com.mojang.serialization.MapCodec$1.decode(MapCodec.java:34) ~[datafixerupper-6.0.8.jar:?]
	at com.mojang.serialization.codecs.RecordCodecBuilder$Instance$5.decode(RecordCodecBuilder.java:324) ~[datafixerupper-6.0.8.jar:?]
	at com.mojang.serialization.codecs.RecordCodecBuilder$Instance$5.decode(RecordCodecBuilder.java:322) ~[datafixerupper-6.0.8.jar:?]
	at com.mojang.serialization.codecs.RecordCodecBuilder$2.decode(RecordCodecBuilder.java:107) ~[datafixerupper-6.0.8.jar:?]
	at com.mojang.serialization.MapDecoder.lambda$compressedDecode$1(MapDecoder.java:52) ~[datafixerupper-6.0.8.jar:?]
	at com.mojang.serialization.DataResult.lambda$flatMap$11(DataResult.java:139) ~[datafixerupper-6.0.8.jar:?]
	at com.mojang.datafixers.util.Either$Left.map(Either.java:38) ~[datafixerupper-6.0.8.jar:?]
	at com.mojang.serialization.DataResult.flatMap(DataResult.java:137) ~[datafixerupper-6.0.8.jar:?]
	at com.mojang.serialization.MapDecoder.compressedDecode(MapDecoder.java:52) ~[datafixerupper-6.0.8.jar:?]
	at com.mojang.serialization.MapCodec$MapCodecCodec.decode(MapCodec.java:91) ~[datafixerupper-6.0.8.jar:?]
	at dev.shadowsoffire.placebo.codec.MapBackedCodec.decode(MapBackedCodec.java:54) ~[Placebo-1.20.1-8.6.3_mapped_official_1.20.1.jar:8.6.3]
	at dev.shadowsoffire.placebo.codec.CodecMap.decode(CodecMap.java:116) ~[Placebo-1.20.1-8.6.3_mapped_official_1.20.1.jar:8.6.3]
	at dev.shadowsoffire.placebo.reload.DynamicRegistry.lambda$apply$0(DynamicRegistry.java:140) ~[Placebo-1.20.1-8.6.3_mapped_official_1.20.1.jar:8.6.3]
	at java.util.HashMap.forEach(HashMap.java:1421) ~[?:?]
	at dev.shadowsoffire.placebo.reload.DynamicRegistry.apply(DynamicRegistry.java:136) ~[Placebo-1.20.1-8.6.3_mapped_official_1.20.1.jar:8.6.3]
	at dev.shadowsoffire.placebo.reload.DynamicRegistry.apply(DynamicRegistry.java:62) ~[Placebo-1.20.1-8.6.3_mapped_official_1.20.1.jar:8.6.3]
	at net.minecraft.server.packs.resources.SimplePreparableReloadListener.lambda$reload$1(SimplePreparableReloadListener.java:12) ~[forge-1.20.1-47.4.0_mapped_official_1.20.1-recomp.jar:?]
	at java.util.concurrent.CompletableFuture$UniAccept.tryFire(CompletableFuture.java:718) ~[?:?]
	at java.util.concurrent.CompletableFuture$Completion.run(CompletableFuture.java:482) ~[?:?]
	at net.minecraft.server.packs.resources.SimpleReloadInstance.lambda$new$3(SimpleReloadInstance.java:65) ~[forge-1.20.1-47.4.0_mapped_official_1.20.1-recomp.jar:?]
	at net.minecraft.util.thread.BlockableEventLoop.doRunTask(BlockableEventLoop.java:143) ~[forge-1.20.1-47.4.0_mapped_official_1.20.1-recomp.jar:?]
	at net.minecraft.util.thread.ReentrantBlockableEventLoop.doRunTask(ReentrantBlockableEventLoop.java:22) ~[forge-1.20.1-47.4.0_mapped_official_1.20.1-recomp.jar:?]
	at net.minecraft.util.thread.BlockableEventLoop.pollTask(BlockableEventLoop.java:116) ~[forge-1.20.1-47.4.0_mapped_official_1.20.1-recomp.jar:?]
	at net.minecraft.util.thread.BlockableEventLoop.managedBlock(BlockableEventLoop.java:126) ~[forge-1.20.1-47.4.0_mapped_official_1.20.1-recomp.jar:?]
	at net.minecraft.client.gui.screens.worldselection.WorldOpenFlows.loadWorldDataBlocking(WorldOpenFlows.java:163) ~[forge-1.20.1-47.4.0_mapped_official_1.20.1-recomp.jar:?]
	at net.minecraft.client.gui.screens.worldselection.WorldOpenFlows.loadWorldStem(WorldOpenFlows.java:113) ~[forge-1.20.1-47.4.0_mapped_official_1.20.1-recomp.jar:?]
	at net.minecraft.client.gui.screens.worldselection.WorldOpenFlows.doLoadLevel(WorldOpenFlows.java:181) ~[forge-1.20.1-47.4.0_mapped_official_1.20.1-recomp.jar:?]
	at net.minecraft.client.gui.screens.worldselection.WorldOpenFlows.doLoadLevel(WorldOpenFlows.java:169) ~[forge-1.20.1-47.4.0_mapped_official_1.20.1-recomp.jar:?]
	at net.minecraft.client.gui.screens.worldselection.WorldOpenFlows.loadLevel(WorldOpenFlows.java:65) ~[forge-1.20.1-47.4.0_mapped_official_1.20.1-recomp.jar:?]
	at net.minecraft.client.gui.screens.worldselection.WorldSelectionList$WorldListEntry.loadWorld(WorldSelectionList.java:575) ~[forge-1.20.1-47.4.0_mapped_official_1.20.1-recomp.jar:?]
	at net.minecraft.client.gui.screens.worldselection.WorldSelectionList$WorldListEntry.joinWorld(WorldSelectionList.java:474) ~[forge-1.20.1-47.4.0_mapped_official_1.20.1-recomp.jar:?]
	at net.minecraft.client.gui.screens.worldselection.WorldSelectionList$WorldListEntry.mouseClicked(WorldSelectionList.java:416) ~[forge-1.20.1-47.4.0_mapped_official_1.20.1-recomp.jar:?]
	at net.minecraft.client.gui.components.AbstractSelectionList.mouseClicked(AbstractSelectionList.java:298) ~[forge-1.20.1-47.4.0_mapped_official_1.20.1-recomp.jar:?]
	at net.minecraft.client.gui.components.events.ContainerEventHandler.mouseClicked(ContainerEventHandler.java:39) ~[forge-1.20.1-47.4.0_mapped_official_1.20.1-recomp.jar:?]
	at net.minecraft.client.MouseHandler.lambda$onPress$0(MouseHandler.java:92) ~[forge-1.20.1-47.4.0_mapped_official_1.20.1-recomp.jar:?]
	at net.minecraft.client.gui.screens.Screen.wrapScreenError(Screen.java:437) ~[forge-1.20.1-47.4.0_mapped_official_1.20.1-recomp.jar:?]
	at net.minecraft.client.MouseHandler.onPress(MouseHandler.java:89) ~[forge-1.20.1-47.4.0_mapped_official_1.20.1-recomp.jar:?]
	at net.minecraft.client.MouseHandler.lambda$setup$4(MouseHandler.java:189) ~[forge-1.20.1-47.4.0_mapped_official_1.20.1-recomp.jar:?]
	at net.minecraft.util.thread.BlockableEventLoop.execute(BlockableEventLoop.java:90) ~[forge-1.20.1-47.4.0_mapped_official_1.20.1-recomp.jar:?]
	at net.minecraft.client.MouseHandler.lambda$setup$5(MouseHandler.java:188) ~[forge-1.20.1-47.4.0_mapped_official_1.20.1-recomp.jar:?]
	at org.lwjgl.glfw.GLFWMouseButtonCallbackI.callback(GLFWMouseButtonCallbackI.java:43) ~[lwjgl-glfw-3.3.1.jar:build 7]
	at org.lwjgl.system.JNI.invokeV(Native Method) ~[lwjgl-3.3.1.jar:build 7]
	at org.lwjgl.glfw.GLFW.glfwWaitEventsTimeout(GLFW.java:3474) ~[lwjgl-glfw-3.3.1.jar:build 7]
	at com.mojang.blaze3d.systems.RenderSystem.limitDisplayFPS(RenderSystem.java:207) ~[forge-1.20.1-47.4.0_mapped_official_1.20.1-recomp.jar:?]
	at net.minecraft.client.Minecraft.runTick(Minecraft.java:1173) ~[forge-1.20.1-47.4.0_mapped_official_1.20.1-recomp.jar:?]
	at net.minecraft.client.Minecraft.run(Minecraft.java:718) ~[forge-1.20.1-47.4.0_mapped_official_1.20.1-recomp.jar:?]
	at net.minecraft.client.main.Main.main(Main.java:218) ~[forge-1.20.1-47.4.0_mapped_official_1.20.1-recomp.jar:?]
	at jdk.internal.reflect.NativeMethodAccessorImpl.invoke0(Native Method) ~[?:?]
	at jdk.internal.reflect.NativeMethodAccessorImpl.invoke(NativeMethodAccessorImpl.java:77) ~[?:?]
	at jdk.internal.reflect.DelegatingMethodAccessorImpl.invoke(DelegatingMethodAccessorImpl.java:43) ~[?:?]
	at java.lang.reflect.Method.invoke(Method.java:569) ~[?:?]
	at net.minecraftforge.fml.loading.targets.CommonLaunchHandler.runTarget(CommonLaunchHandler.java:111) ~[fmlloader-1.20.1-47.4.0.jar:?]
	at net.minecraftforge.fml.loading.targets.CommonLaunchHandler.clientService(CommonLaunchHandler.java:99) ~[fmlloader-1.20.1-47.4.0.jar:?]
	at net.minecraftforge.fml.loading.targets.ForgeClientUserdevLaunchHandler.devService(ForgeClientUserdevLaunchHandler.java:19) ~[fmlloader-1.20.1-47.4.0.jar:?]
	at net.minecraftforge.fml.loading.targets.CommonDevLaunchHandler.lambda$makeService$7(CommonDevLaunchHandler.java:135) ~[fmlloader-1.20.1-47.4.0.jar:?]
	at cpw.mods.modlauncher.LaunchServiceHandlerDecorator.launch(LaunchServiceHandlerDecorator.java:30) ~[modlauncher-10.0.9.jar:?]
	at cpw.mods.modlauncher.LaunchServiceHandler.launch(LaunchServiceHandler.java:53) ~[modlauncher-10.0.9.jar:?]
	at cpw.mods.modlauncher.LaunchServiceHandler.launch(LaunchServiceHandler.java:71) ~[modlauncher-10.0.9.jar:?]
	at cpw.mods.modlauncher.Launcher.run(Launcher.java:108) ~[modlauncher-10.0.9.jar:?]
	at cpw.mods.modlauncher.Launcher.main(Launcher.java:78) ~[modlauncher-10.0.9.jar:?]
	at cpw.mods.modlauncher.BootstrapLaunchConsumer.accept(BootstrapLaunchConsumer.java:26) ~[modlauncher-10.0.9.jar:?]
	at cpw.mods.modlauncher.BootstrapLaunchConsumer.accept(BootstrapLaunchConsumer.java:23) ~[modlauncher-10.0.9.jar:?]
	at cpw.mods.bootstraplauncher.BootstrapLauncher.main(BootstrapLauncher.java:141) ~[bootstraplauncher-1.1.2.jar:?]
[12Apr2026 16:47:38.445] [Render thread/ERROR] [Apotheosis : Adventure/]: Failed parsing affixes file playwrights_guns_and_buns:spell/generated/ray_of_frost.
[12Apr2026 16:47:38.446] [Render thread/ERROR] [Apotheosis : Adventure/]: Underlying Exception: 
java.lang.IllegalArgumentException: null
	at com.google.common.base.Preconditions.checkArgument(Preconditions.java:131) ~[guava-31.1-jre.jar:?]
	at dev.shadowsoffire.placebo.util.StepFunction.<init>(StepFunction.java:49) ~[Placebo-1.20.1-8.6.3_mapped_official_1.20.1.jar:8.6.3]
	at com.mojang.datafixers.util.Function3.lambda$curry$0(Function3.java:10) ~[datafixerupper-6.0.8.jar:?]
	at com.mojang.datafixers.kinds.Applicative.lambda$ap2$8(Applicative.java:75) ~[datafixerupper-6.0.8.jar:?]
	at com.mojang.serialization.DataResult.lambda$ap$19(DataResult.java:160) ~[datafixerupper-6.0.8.jar:?]
	at java.util.Optional.map(Optional.java:260) ~[?:?]
	at com.mojang.serialization.DataResult.lambda$ap$20(DataResult.java:160) ~[datafixerupper-6.0.8.jar:?]
	at com.mojang.datafixers.util.Either$Right.mapBoth(Either.java:94) ~[datafixerupper-6.0.8.jar:?]
	at com.mojang.serialization.DataResult.lambda$ap$21(DataResult.java:158) ~[datafixerupper-6.0.8.jar:?]
	at com.mojang.datafixers.util.Either$Left.map(Either.java:38) ~[datafixerupper-6.0.8.jar:?]
	at com.mojang.serialization.DataResult.ap(DataResult.java:157) ~[datafixerupper-6.0.8.jar:?]
	at com.mojang.serialization.DataResult$Instance.ap(DataResult.java:304) ~[datafixerupper-6.0.8.jar:?]
	at com.mojang.datafixers.kinds.Applicative.ap2(Applicative.java:76) ~[datafixerupper-6.0.8.jar:?]
	at com.mojang.serialization.DataResult$Instance.ap2(DataResult.java:324) ~[datafixerupper-6.0.8.jar:?]
	at com.mojang.datafixers.kinds.Applicative.ap3(Applicative.java:80) ~[datafixerupper-6.0.8.jar:?]
	at com.mojang.serialization.DataResult$Instance.ap3(DataResult.java:347) ~[datafixerupper-6.0.8.jar:?]
	at com.mojang.serialization.codecs.RecordCodecBuilder$Instance$5.decode(RecordCodecBuilder.java:321) ~[datafixerupper-6.0.8.jar:?]
	at com.mojang.serialization.codecs.RecordCodecBuilder$2.decode(RecordCodecBuilder.java:107) ~[datafixerupper-6.0.8.jar:?]
	at com.mojang.serialization.MapDecoder.lambda$compressedDecode$1(MapDecoder.java:52) ~[datafixerupper-6.0.8.jar:?]
	at com.mojang.serialization.DataResult.lambda$flatMap$11(DataResult.java:139) ~[datafixerupper-6.0.8.jar:?]
	at com.mojang.datafixers.util.Either$Left.map(Either.java:38) ~[datafixerupper-6.0.8.jar:?]
	at com.mojang.serialization.DataResult.flatMap(DataResult.java:137) ~[datafixerupper-6.0.8.jar:?]
	at com.mojang.serialization.MapDecoder.compressedDecode(MapDecoder.java:52) ~[datafixerupper-6.0.8.jar:?]
	at com.mojang.serialization.MapCodec$MapCodecCodec.decode(MapCodec.java:91) ~[datafixerupper-6.0.8.jar:?]
	at com.mojang.serialization.codecs.EitherCodec.decode(EitherCodec.java:28) ~[datafixerupper-6.0.8.jar:?]
	at com.mojang.serialization.Decoder$2.decode(Decoder.java:63) ~[datafixerupper-6.0.8.jar:?]
	at com.mojang.serialization.Codec$2.decode(Codec.java:71) ~[datafixerupper-6.0.8.jar:?]
	at com.mojang.serialization.Decoder.parse(Decoder.java:18) ~[datafixerupper-6.0.8.jar:?]
	at com.mojang.serialization.codecs.BaseMapCodec.lambda$decode$2(BaseMapCodec.java:31) ~[datafixerupper-6.0.8.jar:?]
	at java.util.stream.ReduceOps$1ReducingSink.accept(ReduceOps.java:80) ~[?:?]
	at java.util.stream.ReferencePipeline$3$1.accept(ReferencePipeline.java:197) ~[?:?]
	at java.util.Iterator.forEachRemaining(Iterator.java:133) ~[?:?]
	at java.util.Spliterators$IteratorSpliterator.forEachRemaining(Spliterators.java:1845) ~[?:?]
	at java.util.stream.AbstractPipeline.copyInto(AbstractPipeline.java:509) ~[?:?]
	at java.util.stream.AbstractPipeline.wrapAndCopyInto(AbstractPipeline.java:499) ~[?:?]
	at java.util.stream.ReduceOps$ReduceOp.evaluateSequential(ReduceOps.java:921) ~[?:?]
	at java.util.stream.AbstractPipeline.evaluate(AbstractPipeline.java:234) ~[?:?]
	at java.util.stream.ReferencePipeline.reduce(ReferencePipeline.java:667) ~[?:?]
	at com.mojang.serialization.codecs.BaseMapCodec.decode(BaseMapCodec.java:27) ~[datafixerupper-6.0.8.jar:?]
	at com.mojang.serialization.codecs.UnboundedMapCodec.lambda$decode$0(UnboundedMapCodec.java:38) ~[datafixerupper-6.0.8.jar:?]
	at com.mojang.serialization.DataResult.lambda$flatMap$11(DataResult.java:139) ~[datafixerupper-6.0.8.jar:?]
	at com.mojang.datafixers.util.Either$Left.map(Either.java:38) ~[datafixerupper-6.0.8.jar:?]
	at com.mojang.serialization.DataResult.flatMap(DataResult.java:137) ~[datafixerupper-6.0.8.jar:?]
	at com.mojang.serialization.codecs.UnboundedMapCodec.decode(UnboundedMapCodec.java:38) ~[datafixerupper-6.0.8.jar:?]
	at com.mojang.serialization.Decoder.parse(Decoder.java:18) ~[datafixerupper-6.0.8.jar:?]
	at com.mojang.serialization.codecs.FieldDecoder.decode(FieldDecoder.java:29) ~[datafixerupper-6.0.8.jar:?]
	at com.mojang.serialization.MapCodec$1.decode(MapCodec.java:34) ~[datafixerupper-6.0.8.jar:?]
	at com.mojang.serialization.codecs.RecordCodecBuilder$Instance$5.decode(RecordCodecBuilder.java:324) ~[datafixerupper-6.0.8.jar:?]
	at com.mojang.serialization.codecs.RecordCodecBuilder$Instance$5.decode(RecordCodecBuilder.java:322) ~[datafixerupper-6.0.8.jar:?]
	at com.mojang.serialization.codecs.RecordCodecBuilder$2.decode(RecordCodecBuilder.java:107) ~[datafixerupper-6.0.8.jar:?]
	at com.mojang.serialization.MapDecoder.lambda$compressedDecode$1(MapDecoder.java:52) ~[datafixerupper-6.0.8.jar:?]
	at com.mojang.serialization.DataResult.lambda$flatMap$11(DataResult.java:139) ~[datafixerupper-6.0.8.jar:?]
	at com.mojang.datafixers.util.Either$Left.map(Either.java:38) ~[datafixerupper-6.0.8.jar:?]
	at com.mojang.serialization.DataResult.flatMap(DataResult.java:137) ~[datafixerupper-6.0.8.jar:?]
	at com.mojang.serialization.MapDecoder.compressedDecode(MapDecoder.java:52) ~[datafixerupper-6.0.8.jar:?]
	at com.mojang.serialization.MapCodec$MapCodecCodec.decode(MapCodec.java:91) ~[datafixerupper-6.0.8.jar:?]
	at dev.shadowsoffire.placebo.codec.MapBackedCodec.decode(MapBackedCodec.java:54) ~[Placebo-1.20.1-8.6.3_mapped_official_1.20.1.jar:8.6.3]
	at dev.shadowsoffire.placebo.codec.CodecMap.decode(CodecMap.java:116) ~[Placebo-1.20.1-8.6.3_mapped_official_1.20.1.jar:8.6.3]
	at dev.shadowsoffire.placebo.reload.DynamicRegistry.lambda$apply$0(DynamicRegistry.java:140) ~[Placebo-1.20.1-8.6.3_mapped_official_1.20.1.jar:8.6.3]
	at java.util.HashMap.forEach(HashMap.java:1421) ~[?:?]
	at dev.shadowsoffire.placebo.reload.DynamicRegistry.apply(DynamicRegistry.java:136) ~[Placebo-1.20.1-8.6.3_mapped_official_1.20.1.jar:8.6.3]
	at dev.shadowsoffire.placebo.reload.DynamicRegistry.apply(DynamicRegistry.java:62) ~[Placebo-1.20.1-8.6.3_mapped_official_1.20.1.jar:8.6.3]
	at net.minecraft.server.packs.resources.SimplePreparableReloadListener.lambda$reload$1(SimplePreparableReloadListener.java:12) ~[forge-1.20.1-47.4.0_mapped_official_1.20.1-recomp.jar:?]
	at java.util.concurrent.CompletableFuture$UniAccept.tryFire(CompletableFuture.java:718) ~[?:?]
	at java.util.concurrent.CompletableFuture$Completion.run(CompletableFuture.java:482) ~[?:?]
	at net.minecraft.server.packs.resources.SimpleReloadInstance.lambda$new$3(SimpleReloadInstance.java:65) ~[forge-1.20.1-47.4.0_mapped_official_1.20.1-recomp.jar:?]
	at net.minecraft.util.thread.BlockableEventLoop.doRunTask(BlockableEventLoop.java:143) ~[forge-1.20.1-47.4.0_mapped_official_1.20.1-recomp.jar:?]
	at net.minecraft.util.thread.ReentrantBlockableEventLoop.doRunTask(ReentrantBlockableEventLoop.java:22) ~[forge-1.20.1-47.4.0_mapped_official_1.20.1-recomp.jar:?]
	at net.minecraft.util.thread.BlockableEventLoop.pollTask(BlockableEventLoop.java:116) ~[forge-1.20.1-47.4.0_mapped_official_1.20.1-recomp.jar:?]
	at net.minecraft.util.thread.BlockableEventLoop.managedBlock(BlockableEventLoop.java:126) ~[forge-1.20.1-47.4.0_mapped_official_1.20.1-recomp.jar:?]
	at net.minecraft.client.gui.screens.worldselection.WorldOpenFlows.loadWorldDataBlocking(WorldOpenFlows.java:163) ~[forge-1.20.1-47.4.0_mapped_official_1.20.1-recomp.jar:?]
	at net.minecraft.client.gui.screens.worldselection.WorldOpenFlows.loadWorldStem(WorldOpenFlows.java:113) ~[forge-1.20.1-47.4.0_mapped_official_1.20.1-recomp.jar:?]
	at net.minecraft.client.gui.screens.worldselection.WorldOpenFlows.doLoadLevel(WorldOpenFlows.java:181) ~[forge-1.20.1-47.4.0_mapped_official_1.20.1-recomp.jar:?]
	at net.minecraft.client.gui.screens.worldselection.WorldOpenFlows.doLoadLevel(WorldOpenFlows.java:169) ~[forge-1.20.1-47.4.0_mapped_official_1.20.1-recomp.jar:?]
	at net.minecraft.client.gui.screens.worldselection.WorldOpenFlows.loadLevel(WorldOpenFlows.java:65) ~[forge-1.20.1-47.4.0_mapped_official_1.20.1-recomp.jar:?]
	at net.minecraft.client.gui.screens.worldselection.WorldSelectionList$WorldListEntry.loadWorld(WorldSelectionList.java:575) ~[forge-1.20.1-47.4.0_mapped_official_1.20.1-recomp.jar:?]
	at net.minecraft.client.gui.screens.worldselection.WorldSelectionList$WorldListEntry.joinWorld(WorldSelectionList.java:474) ~[forge-1.20.1-47.4.0_mapped_official_1.20.1-recomp.jar:?]
	at net.minecraft.client.gui.screens.worldselection.WorldSelectionList$WorldListEntry.mouseClicked(WorldSelectionList.java:416) ~[forge-1.20.1-47.4.0_mapped_official_1.20.1-recomp.jar:?]
	at net.minecraft.client.gui.components.AbstractSelectionList.mouseClicked(AbstractSelectionList.java:298) ~[forge-1.20.1-47.4.0_mapped_official_1.20.1-recomp.jar:?]
	at net.minecraft.client.gui.components.events.ContainerEventHandler.mouseClicked(ContainerEventHandler.java:39) ~[forge-1.20.1-47.4.0_mapped_official_1.20.1-recomp.jar:?]
	at net.minecraft.client.MouseHandler.lambda$onPress$0(MouseHandler.java:92) ~[forge-1.20.1-47.4.0_mapped_official_1.20.1-recomp.jar:?]
	at net.minecraft.client.gui.screens.Screen.wrapScreenError(Screen.java:437) ~[forge-1.20.1-47.4.0_mapped_official_1.20.1-recomp.jar:?]
	at net.minecraft.client.MouseHandler.onPress(MouseHandler.java:89) ~[forge-1.20.1-47.4.0_mapped_official_1.20.1-recomp.jar:?]
	at net.minecraft.client.MouseHandler.lambda$setup$4(MouseHandler.java:189) ~[forge-1.20.1-47.4.0_mapped_official_1.20.1-recomp.jar:?]
	at net.minecraft.util.thread.BlockableEventLoop.execute(BlockableEventLoop.java:90) ~[forge-1.20.1-47.4.0_mapped_official_1.20.1-recomp.jar:?]
	at net.minecraft.client.MouseHandler.lambda$setup$5(MouseHandler.java:188) ~[forge-1.20.1-47.4.0_mapped_official_1.20.1-recomp.jar:?]
	at org.lwjgl.glfw.GLFWMouseButtonCallbackI.callback(GLFWMouseButtonCallbackI.java:43) ~[lwjgl-glfw-3.3.1.jar:build 7]
	at org.lwjgl.system.JNI.invokeV(Native Method) ~[lwjgl-3.3.1.jar:build 7]
	at org.lwjgl.glfw.GLFW.glfwWaitEventsTimeout(GLFW.java:3474) ~[lwjgl-glfw-3.3.1.jar:build 7]
	at com.mojang.blaze3d.systems.RenderSystem.limitDisplayFPS(RenderSystem.java:207) ~[forge-1.20.1-47.4.0_mapped_official_1.20.1-recomp.jar:?]
	at net.minecraft.client.Minecraft.runTick(Minecraft.java:1173) ~[forge-1.20.1-47.4.0_mapped_official_1.20.1-recomp.jar:?]
	at net.minecraft.client.Minecraft.run(Minecraft.java:718) ~[forge-1.20.1-47.4.0_mapped_official_1.20.1-recomp.jar:?]
	at net.minecraft.client.main.Main.main(Main.java:218) ~[forge-1.20.1-47.4.0_mapped_official_1.20.1-recomp.jar:?]
	at jdk.internal.reflect.NativeMethodAccessorImpl.invoke0(Native Method) ~[?:?]
	at jdk.internal.reflect.NativeMethodAccessorImpl.invoke(NativeMethodAccessorImpl.java:77) ~[?:?]
	at jdk.internal.reflect.DelegatingMethodAccessorImpl.invoke(DelegatingMethodAccessorImpl.java:43) ~[?:?]
	at java.lang.reflect.Method.invoke(Method.java:569) ~[?:?]
	at net.minecraftforge.fml.loading.targets.CommonLaunchHandler.runTarget(CommonLaunchHandler.java:111) ~[fmlloader-1.20.1-47.4.0.jar:?]
	at net.minecraftforge.fml.loading.targets.CommonLaunchHandler.clientService(CommonLaunchHandler.java:99) ~[fmlloader-1.20.1-47.4.0.jar:?]
	at net.minecraftforge.fml.loading.targets.ForgeClientUserdevLaunchHandler.devService(ForgeClientUserdevLaunchHandler.java:19) ~[fmlloader-1.20.1-47.4.0.jar:?]
	at net.minecraftforge.fml.loading.targets.CommonDevLaunchHandler.lambda$makeService$7(CommonDevLaunchHandler.java:135) ~[fmlloader-1.20.1-47.4.0.jar:?]
	at cpw.mods.modlauncher.LaunchServiceHandlerDecorator.launch(LaunchServiceHandlerDecorator.java:30) ~[modlauncher-10.0.9.jar:?]
	at cpw.mods.modlauncher.LaunchServiceHandler.launch(LaunchServiceHandler.java:53) ~[modlauncher-10.0.9.jar:?]
	at cpw.mods.modlauncher.LaunchServiceHandler.launch(LaunchServiceHandler.java:71) ~[modlauncher-10.0.9.jar:?]
	at cpw.mods.modlauncher.Launcher.run(Launcher.java:108) ~[modlauncher-10.0.9.jar:?]
	at cpw.mods.modlauncher.Launcher.main(Launcher.java:78) ~[modlauncher-10.0.9.jar:?]
	at cpw.mods.modlauncher.BootstrapLaunchConsumer.accept(BootstrapLaunchConsumer.java:26) ~[modlauncher-10.0.9.jar:?]
	at cpw.mods.modlauncher.BootstrapLaunchConsumer.accept(BootstrapLaunchConsumer.java:23) ~[modlauncher-10.0.9.jar:?]
	at cpw.mods.bootstraplauncher.BootstrapLauncher.main(BootstrapLauncher.java:141) ~[bootstraplauncher-1.1.2.jar:?]
[12Apr2026 16:47:38.471] [Render thread/ERROR] [placebo/]: Codec failure for type affixes, message: Failure when parsing a affixes. Unrecognized type: null
[12Apr2026 16:47:38.472] [Render thread/ERROR] [Apotheosis : Adventure/]: Failed parsing affixes file playwrights_guns_and_buns:iron_spell.
[12Apr2026 16:47:38.472] [Render thread/ERROR] [Apotheosis : Adventure/]: Underlying Exception: 
java.lang.RuntimeException: Failure when parsing a affixes. Unrecognized type: null
	at com.mojang.serialization.DataResult.lambda$getOrThrow$5(DataResult.java:101) ~[datafixerupper-6.0.8.jar:?]
	at com.mojang.datafixers.util.Either$Right.map(Either.java:99) ~[datafixerupper-6.0.8.jar:?]
	at com.mojang.serialization.DataResult.getOrThrow(DataResult.java:93) ~[datafixerupper-6.0.8.jar:?]
	at dev.shadowsoffire.placebo.reload.DynamicRegistry.lambda$apply$0(DynamicRegistry.java:140) ~[Placebo-1.20.1-8.6.3_mapped_official_1.20.1.jar:8.6.3]
	at java.util.HashMap.forEach(HashMap.java:1421) ~[?:?]
	at dev.shadowsoffire.placebo.reload.DynamicRegistry.apply(DynamicRegistry.java:136) ~[Placebo-1.20.1-8.6.3_mapped_official_1.20.1.jar:8.6.3]
	at dev.shadowsoffire.placebo.reload.DynamicRegistry.apply(DynamicRegistry.java:62) ~[Placebo-1.20.1-8.6.3_mapped_official_1.20.1.jar:8.6.3]
	at net.minecraft.server.packs.resources.SimplePreparableReloadListener.lambda$reload$1(SimplePreparableReloadListener.java:12) ~[forge-1.20.1-47.4.0_mapped_official_1.20.1-recomp.jar:?]
	at java.util.concurrent.CompletableFuture$UniAccept.tryFire(CompletableFuture.java:718) ~[?:?]
	at java.util.concurrent.CompletableFuture$Completion.run(CompletableFuture.java:482) ~[?:?]
	at net.minecraft.server.packs.resources.SimpleReloadInstance.lambda$new$3(SimpleReloadInstance.java:65) ~[forge-1.20.1-47.4.0_mapped_official_1.20.1-recomp.jar:?]
	at net.minecraft.util.thread.BlockableEventLoop.doRunTask(BlockableEventLoop.java:143) ~[forge-1.20.1-47.4.0_mapped_official_1.20.1-recomp.jar:?]
	at net.minecraft.util.thread.ReentrantBlockableEventLoop.doRunTask(ReentrantBlockableEventLoop.java:22) ~[forge-1.20.1-47.4.0_mapped_official_1.20.1-recomp.jar:?]
	at net.minecraft.util.thread.BlockableEventLoop.pollTask(BlockableEventLoop.java:116) ~[forge-1.20.1-47.4.0_mapped_official_1.20.1-recomp.jar:?]
	at net.minecraft.util.thread.BlockableEventLoop.managedBlock(BlockableEventLoop.java:126) ~[forge-1.20.1-47.4.0_mapped_official_1.20.1-recomp.jar:?]
	at net.minecraft.client.gui.screens.worldselection.WorldOpenFlows.loadWorldDataBlocking(WorldOpenFlows.java:163) ~[forge-1.20.1-47.4.0_mapped_official_1.20.1-recomp.jar:?]
	at net.minecraft.client.gui.screens.worldselection.WorldOpenFlows.loadWorldStem(WorldOpenFlows.java:113) ~[forge-1.20.1-47.4.0_mapped_official_1.20.1-recomp.jar:?]
	at net.minecraft.client.gui.screens.worldselection.WorldOpenFlows.doLoadLevel(WorldOpenFlows.java:181) ~[forge-1.20.1-47.4.0_mapped_official_1.20.1-recomp.jar:?]
	at net.minecraft.client.gui.screens.worldselection.WorldOpenFlows.doLoadLevel(WorldOpenFlows.java:169) ~[forge-1.20.1-47.4.0_mapped_official_1.20.1-recomp.jar:?]
	at net.minecraft.client.gui.screens.worldselection.WorldOpenFlows.loadLevel(WorldOpenFlows.java:65) ~[forge-1.20.1-47.4.0_mapped_official_1.20.1-recomp.jar:?]
	at net.minecraft.client.gui.screens.worldselection.WorldSelectionList$WorldListEntry.loadWorld(WorldSelectionList.java:575) ~[forge-1.20.1-47.4.0_mapped_official_1.20.1-recomp.jar:?]
	at net.minecraft.client.gui.screens.worldselection.WorldSelectionList$WorldListEntry.joinWorld(WorldSelectionList.java:474) ~[forge-1.20.1-47.4.0_mapped_official_1.20.1-recomp.jar:?]
	at net.minecraft.client.gui.screens.worldselection.WorldSelectionList$WorldListEntry.mouseClicked(WorldSelectionList.java:416) ~[forge-1.20.1-47.4.0_mapped_official_1.20.1-recomp.jar:?]
	at net.minecraft.client.gui.components.AbstractSelectionList.mouseClicked(AbstractSelectionList.java:298) ~[forge-1.20.1-47.4.0_mapped_official_1.20.1-recomp.jar:?]
	at net.minecraft.client.gui.components.events.ContainerEventHandler.mouseClicked(ContainerEventHandler.java:39) ~[forge-1.20.1-47.4.0_mapped_official_1.20.1-recomp.jar:?]
	at net.minecraft.client.MouseHandler.lambda$onPress$0(MouseHandler.java:92) ~[forge-1.20.1-47.4.0_mapped_official_1.20.1-recomp.jar:?]
	at net.minecraft.client.gui.screens.Screen.wrapScreenError(Screen.java:437) ~[forge-1.20.1-47.4.0_mapped_official_1.20.1-recomp.jar:?]
	at net.minecraft.client.MouseHandler.onPress(MouseHandler.java:89) ~[forge-1.20.1-47.4.0_mapped_official_1.20.1-recomp.jar:?]
	at net.minecraft.client.MouseHandler.lambda$setup$4(MouseHandler.java:189) ~[forge-1.20.1-47.4.0_mapped_official_1.20.1-recomp.jar:?]
	at net.minecraft.util.thread.BlockableEventLoop.execute(BlockableEventLoop.java:90) ~[forge-1.20.1-47.4.0_mapped_official_1.20.1-recomp.jar:?]
	at net.minecraft.client.MouseHandler.lambda$setup$5(MouseHandler.java:188) ~[forge-1.20.1-47.4.0_mapped_official_1.20.1-recomp.jar:?]
	at org.lwjgl.glfw.GLFWMouseButtonCallbackI.callback(GLFWMouseButtonCallbackI.java:43) ~[lwjgl-glfw-3.3.1.jar:build 7]
	at org.lwjgl.system.JNI.invokeV(Native Method) ~[lwjgl-3.3.1.jar:build 7]
	at org.lwjgl.glfw.GLFW.glfwWaitEventsTimeout(GLFW.java:3474) ~[lwjgl-glfw-3.3.1.jar:build 7]
	at com.mojang.blaze3d.systems.RenderSystem.limitDisplayFPS(RenderSystem.java:207) ~[forge-1.20.1-47.4.0_mapped_official_1.20.1-recomp.jar:?]
	at net.minecraft.client.Minecraft.runTick(Minecraft.java:1173) ~[forge-1.20.1-47.4.0_mapped_official_1.20.1-recomp.jar:?]
	at net.minecraft.client.Minecraft.run(Minecraft.java:718) ~[forge-1.20.1-47.4.0_mapped_official_1.20.1-recomp.jar:?]
	at net.minecraft.client.main.Main.main(Main.java:218) ~[forge-1.20.1-47.4.0_mapped_official_1.20.1-recomp.jar:?]
	at jdk.internal.reflect.NativeMethodAccessorImpl.invoke0(Native Method) ~[?:?]
	at jdk.internal.reflect.NativeMethodAccessorImpl.invoke(NativeMethodAccessorImpl.java:77) ~[?:?]
	at jdk.internal.reflect.DelegatingMethodAccessorImpl.invoke(DelegatingMethodAccessorImpl.java:43) ~[?:?]
	at java.lang.reflect.Method.invoke(Method.java:569) ~[?:?]
	at net.minecraftforge.fml.loading.targets.CommonLaunchHandler.runTarget(CommonLaunchHandler.java:111) ~[fmlloader-1.20.1-47.4.0.jar:?]
	at net.minecraftforge.fml.loading.targets.CommonLaunchHandler.clientService(CommonLaunchHandler.java:99) ~[fmlloader-1.20.1-47.4.0.jar:?]
	at net.minecraftforge.fml.loading.targets.ForgeClientUserdevLaunchHandler.devService(ForgeClientUserdevLaunchHandler.java:19) ~[fmlloader-1.20.1-47.4.0.jar:?]
	at net.minecraftforge.fml.loading.targets.CommonDevLaunchHandler.lambda$makeService$7(CommonDevLaunchHandler.java:135) ~[fmlloader-1.20.1-47.4.0.jar:?]
	at cpw.mods.modlauncher.LaunchServiceHandlerDecorator.launch(LaunchServiceHandlerDecorator.java:30) ~[modlauncher-10.0.9.jar:?]
	at cpw.mods.modlauncher.LaunchServiceHandler.launch(LaunchServiceHandler.java:53) ~[modlauncher-10.0.9.jar:?]
	at cpw.mods.modlauncher.LaunchServiceHandler.launch(LaunchServiceHandler.java:71) ~[modlauncher-10.0.9.jar:?]
	at cpw.mods.modlauncher.Launcher.run(Launcher.java:108) ~[modlauncher-10.0.9.jar:?]
	at cpw.mods.modlauncher.Launcher.main(Launcher.java:78) ~[modlauncher-10.0.9.jar:?]
	at cpw.mods.modlauncher.BootstrapLaunchConsumer.accept(BootstrapLaunchConsumer.java:26) ~[modlauncher-10.0.9.jar:?]
	at cpw.mods.modlauncher.BootstrapLaunchConsumer.accept(BootstrapLaunchConsumer.java:23) ~[modlauncher-10.0.9.jar:?]
	at cpw.mods.bootstraplauncher.BootstrapLauncher.main(BootstrapLauncher.java:141) ~[bootstraplauncher-1.1.2.jar:?]
[12Apr2026 16:47:38.474] [Render thread/ERROR] [placebo/]: Codec failure for type affixes, message: Failure when parsing a affixes. Unrecognized type: apotheosis_modern_ragnarok:damage_bonus
[12Apr2026 16:47:38.474] [Render thread/ERROR] [Apotheosis : Adventure/]: Failed parsing affixes file apotheosis_modern_ragnarok:magnum.
[12Apr2026 16:47:38.474] [Render thread/ERROR] [Apotheosis : Adventure/]: Underlying Exception: 
java.lang.RuntimeException: Failure when parsing a affixes. Unrecognized type: apotheosis_modern_ragnarok:damage_bonus
	at com.mojang.serialization.DataResult.lambda$getOrThrow$5(DataResult.java:101) ~[datafixerupper-6.0.8.jar:?]
	at com.mojang.datafixers.util.Either$Right.map(Either.java:99) ~[datafixerupper-6.0.8.jar:?]
	at com.mojang.serialization.DataResult.getOrThrow(DataResult.java:93) ~[datafixerupper-6.0.8.jar:?]
	at dev.shadowsoffire.placebo.reload.DynamicRegistry.lambda$apply$0(DynamicRegistry.java:140) ~[Placebo-1.20.1-8.6.3_mapped_official_1.20.1.jar:8.6.3]
	at java.util.HashMap.forEach(HashMap.java:1421) ~[?:?]
	at dev.shadowsoffire.placebo.reload.DynamicRegistry.apply(DynamicRegistry.java:136) ~[Placebo-1.20.1-8.6.3_mapped_official_1.20.1.jar:8.6.3]
	at dev.shadowsoffire.placebo.reload.DynamicRegistry.apply(DynamicRegistry.java:62) ~[Placebo-1.20.1-8.6.3_mapped_official_1.20.1.jar:8.6.3]
	at net.minecraft.server.packs.resources.SimplePreparableReloadListener.lambda$reload$1(SimplePreparableReloadListener.java:12) ~[forge-1.20.1-47.4.0_mapped_official_1.20.1-recomp.jar:?]
	at java.util.concurrent.CompletableFuture$UniAccept.tryFire(CompletableFuture.java:718) ~[?:?]
	at java.util.concurrent.CompletableFuture$Completion.run(CompletableFuture.java:482) ~[?:?]
	at net.minecraft.server.packs.resources.SimpleReloadInstance.lambda$new$3(SimpleReloadInstance.java:65) ~[forge-1.20.1-47.4.0_mapped_official_1.20.1-recomp.jar:?]
	at net.minecraft.util.thread.BlockableEventLoop.doRunTask(BlockableEventLoop.java:143) ~[forge-1.20.1-47.4.0_mapped_official_1.20.1-recomp.jar:?]
	at net.minecraft.util.thread.ReentrantBlockableEventLoop.doRunTask(ReentrantBlockableEventLoop.java:22) ~[forge-1.20.1-47.4.0_mapped_official_1.20.1-recomp.jar:?]
	at net.minecraft.util.thread.BlockableEventLoop.pollTask(BlockableEventLoop.java:116) ~[forge-1.20.1-47.4.0_mapped_official_1.20.1-recomp.jar:?]
	at net.minecraft.util.thread.BlockableEventLoop.managedBlock(BlockableEventLoop.java:126) ~[forge-1.20.1-47.4.0_mapped_official_1.20.1-recomp.jar:?]
	at net.minecraft.client.gui.screens.worldselection.WorldOpenFlows.loadWorldDataBlocking(WorldOpenFlows.java:163) ~[forge-1.20.1-47.4.0_mapped_official_1.20.1-recomp.jar:?]
	at net.minecraft.client.gui.screens.worldselection.WorldOpenFlows.loadWorldStem(WorldOpenFlows.java:113) ~[forge-1.20.1-47.4.0_mapped_official_1.20.1-recomp.jar:?]
	at net.minecraft.client.gui.screens.worldselection.WorldOpenFlows.doLoadLevel(WorldOpenFlows.java:181) ~[forge-1.20.1-47.4.0_mapped_official_1.20.1-recomp.jar:?]
	at net.minecraft.client.gui.screens.worldselection.WorldOpenFlows.doLoadLevel(WorldOpenFlows.java:169) ~[forge-1.20.1-47.4.0_mapped_official_1.20.1-recomp.jar:?]
	at net.minecraft.client.gui.screens.worldselection.WorldOpenFlows.loadLevel(WorldOpenFlows.java:65) ~[forge-1.20.1-47.4.0_mapped_official_1.20.1-recomp.jar:?]
	at net.minecraft.client.gui.screens.worldselection.WorldSelectionList$WorldListEntry.loadWorld(WorldSelectionList.java:575) ~[forge-1.20.1-47.4.0_mapped_official_1.20.1-recomp.jar:?]
	at net.minecraft.client.gui.screens.worldselection.WorldSelectionList$WorldListEntry.joinWorld(WorldSelectionList.java:474) ~[forge-1.20.1-47.4.0_mapped_official_1.20.1-recomp.jar:?]
	at net.minecraft.client.gui.screens.worldselection.WorldSelectionList$WorldListEntry.mouseClicked(WorldSelectionList.java:416) ~[forge-1.20.1-47.4.0_mapped_official_1.20.1-recomp.jar:?]
	at net.minecraft.client.gui.components.AbstractSelectionList.mouseClicked(AbstractSelectionList.java:298) ~[forge-1.20.1-47.4.0_mapped_official_1.20.1-recomp.jar:?]
	at net.minecraft.client.gui.components.events.ContainerEventHandler.mouseClicked(ContainerEventHandler.java:39) ~[forge-1.20.1-47.4.0_mapped_official_1.20.1-recomp.jar:?]
	at net.minecraft.client.MouseHandler.lambda$onPress$0(MouseHandler.java:92) ~[forge-1.20.1-47.4.0_mapped_official_1.20.1-recomp.jar:?]
	at net.minecraft.client.gui.screens.Screen.wrapScreenError(Screen.java:437) ~[forge-1.20.1-47.4.0_mapped_official_1.20.1-recomp.jar:?]
	at net.minecraft.client.MouseHandler.onPress(MouseHandler.java:89) ~[forge-1.20.1-47.4.0_mapped_official_1.20.1-recomp.jar:?]
	at net.minecraft.client.MouseHandler.lambda$setup$4(MouseHandler.java:189) ~[forge-1.20.1-47.4.0_mapped_official_1.20.1-recomp.jar:?]
	at net.minecraft.util.thread.BlockableEventLoop.execute(BlockableEventLoop.java:90) ~[forge-1.20.1-47.4.0_mapped_official_1.20.1-recomp.jar:?]
	at net.minecraft.client.MouseHandler.lambda$setup$5(MouseHandler.java:188) ~[forge-1.20.1-47.4.0_mapped_official_1.20.1-recomp.jar:?]
	at org.lwjgl.glfw.GLFWMouseButtonCallbackI.callback(GLFWMouseButtonCallbackI.java:43) ~[lwjgl-glfw-3.3.1.jar:build 7]
	at org.lwjgl.system.JNI.invokeV(Native Method) ~[lwjgl-3.3.1.jar:build 7]
	at org.lwjgl.glfw.GLFW.glfwWaitEventsTimeout(GLFW.java:3474) ~[lwjgl-glfw-3.3.1.jar:build 7]
	at com.mojang.blaze3d.systems.RenderSystem.limitDisplayFPS(RenderSystem.java:207) ~[forge-1.20.1-47.4.0_mapped_official_1.20.1-recomp.jar:?]
	at net.minecraft.client.Minecraft.runTick(Minecraft.java:1173) ~[forge-1.20.1-47.4.0_mapped_official_1.20.1-recomp.jar:?]
	at net.minecraft.client.Minecraft.run(Minecraft.java:718) ~[forge-1.20.1-47.4.0_mapped_official_1.20.1-recomp.jar:?]
	at net.minecraft.client.main.Main.main(Main.java:218) ~[forge-1.20.1-47.4.0_mapped_official_1.20.1-recomp.jar:?]
	at jdk.internal.reflect.NativeMethodAccessorImpl.invoke0(Native Method) ~[?:?]
	at jdk.internal.reflect.NativeMethodAccessorImpl.invoke(NativeMethodAccessorImpl.java:77) ~[?:?]
	at jdk.internal.reflect.DelegatingMethodAccessorImpl.invoke(DelegatingMethodAccessorImpl.java:43) ~[?:?]
	at java.lang.reflect.Method.invoke(Method.java:569) ~[?:?]
	at net.minecraftforge.fml.loading.targets.CommonLaunchHandler.runTarget(CommonLaunchHandler.java:111) ~[fmlloader-1.20.1-47.4.0.jar:?]
	at net.minecraftforge.fml.loading.targets.CommonLaunchHandler.clientService(CommonLaunchHandler.java:99) ~[fmlloader-1.20.1-47.4.0.jar:?]
	at net.minecraftforge.fml.loading.targets.ForgeClientUserdevLaunchHandler.devService(ForgeClientUserdevLaunchHandler.java:19) ~[fmlloader-1.20.1-47.4.0.jar:?]
	at net.minecraftforge.fml.loading.targets.CommonDevLaunchHandler.lambda$makeService$7(CommonDevLaunchHandler.java:135) ~[fmlloader-1.20.1-47.4.0.jar:?]
	at cpw.mods.modlauncher.LaunchServiceHandlerDecorator.launch(LaunchServiceHandlerDecorator.java:30) ~[modlauncher-10.0.9.jar:?]
	at cpw.mods.modlauncher.LaunchServiceHandler.launch(LaunchServiceHandler.java:53) ~[modlauncher-10.0.9.jar:?]
	at cpw.mods.modlauncher.LaunchServiceHandler.launch(LaunchServiceHandler.java:71) ~[modlauncher-10.0.9.jar:?]
	at cpw.mods.modlauncher.Launcher.run(Launcher.java:108) ~[modlauncher-10.0.9.jar:?]
	at cpw.mods.modlauncher.Launcher.main(Launcher.java:78) ~[modlauncher-10.0.9.jar:?]
	at cpw.mods.modlauncher.BootstrapLaunchConsumer.accept(BootstrapLaunchConsumer.java:26) ~[modlauncher-10.0.9.jar:?]
	at cpw.mods.modlauncher.BootstrapLaunchConsumer.accept(BootstrapLaunchConsumer.java:23) ~[modlauncher-10.0.9.jar:?]
	at cpw.mods.bootstraplauncher.BootstrapLauncher.main(BootstrapLauncher.java:141) ~[bootstraplauncher-1.1.2.jar:?]
[12Apr2026 16:47:38.478] [Render thread/INFO] [Apotheosis : Adventure/]: Registered 158 affixes.
[12Apr2026 16:47:38.482] [Render thread/ERROR] [Apotheosis : Adventure/]: Missing Affix Lang Keys:
"affix.playwrights_guns_and_buns:spell/generated/firecracker": "",
"affix.playwrights_guns_and_buns:spell/generated/firecracker.suffix": "",
"affix.playwrights_guns_and_buns:spell/generated/magic_missle": "",
"affix.playwrights_guns_and_buns:spell/generated/magic_missle.suffix": "",

[12Apr2026 16:47:38.496] [Render thread/WARN] [Apotheosis : Adventure/]: Insufficient number of affixes to satisfy the loot rules (ignoring backup rules) of rarity apotheosis:uncommon for category magitacz:muzzleRequired: 3; Provided: 2
[12Apr2026 16:47:38.498] [Render thread/WARN] [Apotheosis : Adventure/]: Insufficient number of affixes to satisfy the loot rules (ignoring backup rules) of rarity apotheosis:uncommon for category magitacz:extended_magRequired: 3; Provided: 2
[12Apr2026 16:47:38.499] [Render thread/WARN] [Apotheosis : Adventure/]: Insufficient number of affixes to satisfy the loot rules (ignoring backup rules) of rarity apotheosis:uncommon for category magitacz:laserRequired: 3; Provided: 2
[12Apr2026 16:47:38.500] [Render thread/WARN] [Apotheosis : Adventure/]: Insufficient number of affixes to satisfy the loot rules (ignoring backup rules) of rarity apotheosis:rare for category magitacz:extended_magRequired: 2; Provided: 0
[12Apr2026 16:47:38.500] [Render thread/WARN] [Apotheosis : Adventure/]: Insufficient number of affixes to satisfy the loot rules (ignoring backup rules) of rarity apotheosis:rare for category magitacz:laserRequired: 2; Provided: 0
[12Apr2026 16:47:38.500] [Render thread/WARN] [Apotheosis : Adventure/]: Insufficient number of affixes to satisfy the loot rules (ignoring backup rules) of rarity apotheosis:rare for category magitacz:gripRequired: 2; Provided: 0
[12Apr2026 16:47:38.501] [Render thread/WARN] [Apotheosis : Adventure/]: Insufficient number of affixes to satisfy the loot rules (ignoring backup rules) of rarity apotheosis:rare for category magitacz:stockRequired: 2; Provided: 0
[12Apr2026 16:47:38.501] [Render thread/WARN] [Apotheosis : Adventure/]: Insufficient number of affixes to satisfy the loot rules (ignoring backup rules) of rarity apotheosis:rare for category magitacz:scopeRequired: 2; Provided: 0
[12Apr2026 16:47:38.503] [Render thread/WARN] [Apotheosis : Adventure/]: Insufficient number of affixes to satisfy the loot rules (ignoring backup rules) of rarity apotheosis:epic for category magitacz:extended_magRequired: 2; Provided: 0
[12Apr2026 16:47:38.504] [Render thread/WARN] [Apotheosis : Adventure/]: Insufficient number of affixes to satisfy the loot rules (ignoring backup rules) of rarity apotheosis:epic for category magitacz:laserRequired: 2; Provided: 0
[12Apr2026 16:47:38.504] [Render thread/WARN] [Apotheosis : Adventure/]: Insufficient number of affixes to satisfy the loot rules (ignoring backup rules) of rarity apotheosis:epic for category magitacz:gripRequired: 2; Provided: 0
[12Apr2026 16:47:38.504] [Render thread/WARN] [Apotheosis : Adventure/]: Insufficient number of affixes to satisfy the loot rules (ignoring backup rules) of rarity apotheosis:epic for category magitacz:stockRequired: 2; Provided: 0
[12Apr2026 16:47:38.504] [Render thread/WARN] [Apotheosis : Adventure/]: Insufficient number of affixes to satisfy the loot rules (ignoring backup rules) of rarity apotheosis:epic for category magitacz:scopeRequired: 2; Provided: 0
[12Apr2026 16:47:38.505] [Render thread/WARN] [Apotheosis : Adventure/]: Insufficient number of affixes to satisfy the loot rules (ignoring backup rules) of rarity apotheosis:epic for category magitacz:muzzleRequired: 4; Provided: 3
[12Apr2026 16:47:38.505] [Render thread/WARN] [Apotheosis : Adventure/]: Insufficient number of affixes to satisfy the loot rules (ignoring backup rules) of rarity apotheosis:epic for category magitacz:extended_magRequired: 4; Provided: 3
[12Apr2026 16:47:38.505] [Render thread/WARN] [Apotheosis : Adventure/]: Insufficient number of affixes to satisfy the loot rules (ignoring backup rules) of rarity apotheosis:epic for category magitacz:laserRequired: 4; Provided: 3
[12Apr2026 16:47:38.506] [Render thread/WARN] [Apotheosis : Adventure/]: Insufficient number of affixes to satisfy the loot rules (ignoring backup rules) of rarity apotheosis:mythic for category helmetRequired: 3; Provided: 2
[12Apr2026 16:47:38.506] [Render thread/WARN] [Apotheosis : Adventure/]: Insufficient number of affixes to satisfy the loot rules (ignoring backup rules) of rarity apotheosis:mythic for category bootsRequired: 3; Provided: 2
[12Apr2026 16:47:38.506] [Render thread/WARN] [Apotheosis : Adventure/]: Insufficient number of affixes to satisfy the loot rules (ignoring backup rules) of rarity apotheosis:mythic for category magitacz:extended_magRequired: 3; Provided: 0
[12Apr2026 16:47:38.506] [Render thread/WARN] [Apotheosis : Adventure/]: Insufficient number of affixes to satisfy the loot rules (ignoring backup rules) of rarity apotheosis:mythic for category magitacz:laserRequired: 3; Provided: 0
[12Apr2026 16:47:38.506] [Render thread/WARN] [Apotheosis : Adventure/]: Insufficient number of affixes to satisfy the loot rules (ignoring backup rules) of rarity apotheosis:mythic for category magitacz:gripRequired: 3; Provided: 0
[12Apr2026 16:47:38.506] [Render thread/WARN] [Apotheosis : Adventure/]: Insufficient number of affixes to satisfy the loot rules (ignoring backup rules) of rarity apotheosis:mythic for category magitacz:stockRequired: 3; Provided: 0
[12Apr2026 16:47:38.507] [Render thread/WARN] [Apotheosis : Adventure/]: Insufficient number of affixes to satisfy the loot rules (ignoring backup rules) of rarity apotheosis:mythic for category magitacz:scopeRequired: 3; Provided: 0
[12Apr2026 16:47:38.507] [Render thread/WARN] [Apotheosis : Adventure/]: Insufficient number of affixes to satisfy the loot rules (ignoring backup rules) of rarity apotheosis:mythic for category magitacz:muzzleRequired: 4; Provided: 3
[12Apr2026 16:47:38.507] [Render thread/WARN] [Apotheosis : Adventure/]: Insufficient number of affixes to satisfy the loot rules (ignoring backup rules) of rarity apotheosis:mythic for category magitacz:extended_magRequired: 4; Provided: 3
[12Apr2026 16:47:38.507] [Render thread/WARN] [Apotheosis : Adventure/]: Insufficient number of affixes to satisfy the loot rules (ignoring backup rules) of rarity apotheosis:mythic for category magitacz:laserRequired: 4; Provided: 3
[12Apr2026 16:47:38.509] [Render thread/WARN] [Apotheosis : Adventure/]: Insufficient number of affixes to satisfy the loot rules (ignoring backup rules) of rarity apotheosis:ancient for category helmetRequired: 4; Provided: 2
[12Apr2026 16:47:38.509] [Render thread/WARN] [Apotheosis : Adventure/]: Insufficient number of affixes to satisfy the loot rules (ignoring backup rules) of rarity apotheosis:ancient for category bootsRequired: 4; Provided: 2
[12Apr2026 16:47:38.509] [Render thread/WARN] [Apotheosis : Adventure/]: Insufficient number of affixes to satisfy the loot rules (ignoring backup rules) of rarity apotheosis:ancient for category magitacz:muzzleRequired: 4; Provided: 0
[12Apr2026 16:47:38.509] [Render thread/WARN] [Apotheosis : Adventure/]: Insufficient number of affixes to satisfy the loot rules (ignoring backup rules) of rarity apotheosis:ancient for category magitacz:extended_magRequired: 4; Provided: 0
[12Apr2026 16:47:38.510] [Render thread/WARN] [Apotheosis : Adventure/]: Insufficient number of affixes to satisfy the loot rules (ignoring backup rules) of rarity apotheosis:ancient for category magitacz:laserRequired: 4; Provided: 0
[12Apr2026 16:47:38.510] [Render thread/WARN] [Apotheosis : Adventure/]: Insufficient number of affixes to satisfy the loot rules (ignoring backup rules) of rarity apotheosis:ancient for category magitacz:gripRequired: 4; Provided: 0
[12Apr2026 16:47:38.510] [Render thread/WARN] [Apotheosis : Adventure/]: Insufficient number of affixes to satisfy the loot rules (ignoring backup rules) of rarity apotheosis:ancient for category magitacz:stockRequired: 4; Provided: 0
[12Apr2026 16:47:38.510] [Render thread/WARN] [Apotheosis : Adventure/]: Insufficient number of affixes to satisfy the loot rules (ignoring backup rules) of rarity apotheosis:ancient for category magitacz:scopeRequired: 4; Provided: 0
[12Apr2026 16:47:38.510] [Render thread/WARN] [Apotheosis : Adventure/]: Insufficient number of affixes to satisfy the loot rules (ignoring backup rules) of rarity apotheosis:ancient for category bowRequired: 5; Provided: 4
[12Apr2026 16:47:38.510] [Render thread/WARN] [Apotheosis : Adventure/]: Insufficient number of affixes to satisfy the loot rules (ignoring backup rules) of rarity apotheosis:ancient for category crossbowRequired: 5; Provided: 4
[12Apr2026 16:47:38.511] [Render thread/WARN] [Apotheosis : Adventure/]: Insufficient number of affixes to satisfy the loot rules (ignoring backup rules) of rarity apotheosis:ancient for category pickaxeRequired: 5; Provided: 4
[12Apr2026 16:47:38.511] [Render thread/WARN] [Apotheosis : Adventure/]: Insufficient number of affixes to satisfy the loot rules (ignoring backup rules) of rarity apotheosis:ancient for category shovelRequired: 5; Provided: 4
[12Apr2026 16:47:38.511] [Render thread/WARN] [Apotheosis : Adventure/]: Insufficient number of affixes to satisfy the loot rules (ignoring backup rules) of rarity apotheosis:ancient for category magitacz:muzzleRequired: 5; Provided: 3
[12Apr2026 16:47:38.511] [Render thread/WARN] [Apotheosis : Adventure/]: Insufficient number of affixes to satisfy the loot rules (ignoring backup rules) of rarity apotheosis:ancient for category magitacz:extended_magRequired: 5; Provided: 3
[12Apr2026 16:47:38.511] [Render thread/WARN] [Apotheosis : Adventure/]: Insufficient number of affixes to satisfy the loot rules (ignoring backup rules) of rarity apotheosis:ancient for category magitacz:laserRequired: 5; Provided: 3
[12Apr2026 16:47:38.512] [Render thread/WARN] [Apotheosis : Adventure/]: Insufficient number of affixes to satisfy the loot rules (ignoring backup rules) of rarity apotheosis:ancient for category magitacz:gripRequired: 5; Provided: 4
[12Apr2026 16:47:38.512] [Render thread/WARN] [Apotheosis : Adventure/]: Insufficient number of affixes to satisfy the loot rules (ignoring backup rules) of rarity apotheosis:ancient for category magitacz:stockRequired: 5; Provided: 4
[12Apr2026 16:47:38.512] [Render thread/WARN] [Apotheosis : Adventure/]: Insufficient number of affixes to satisfy the loot rules (ignoring backup rules) of rarity apotheosis:ancient for category magitacz:scopeRequired: 5; Provided: 4
[12Apr2026 16:47:38.548] [Render thread/INFO] [Apotheosis : Adventure/]: Registered 34 gems.
[12Apr2026 16:47:38.573] [Render thread/ERROR] [Apotheosis : Adventure/]: Failed parsing affix_loot_entries file playwrights_guns_and_buns:overworld/whirly_pillaged.
[12Apr2026 16:47:38.573] [Render thread/ERROR] [Apotheosis : Adventure/]: Underlying Exception: 
java.lang.IllegalArgumentException: Items without a valid loot category are not permitted.
	at com.google.common.base.Preconditions.checkArgument(Preconditions.java:145) ~[guava-31.1-jre.jar:?]
	at dev.shadowsoffire.apotheosis.adventure.loot.AffixLootRegistry.validateItem(AffixLootRegistry.java:30) ~[Apotheosis-1.20.1-7.4.8_mapped_official_1.20.1.jar:7.4.8]
	at dev.shadowsoffire.apotheosis.adventure.loot.AffixLootRegistry.validateItem(AffixLootRegistry.java:13) ~[Apotheosis-1.20.1-7.4.8_mapped_official_1.20.1.jar:7.4.8]
	at dev.shadowsoffire.placebo.reload.DynamicRegistry.register(DynamicRegistry.java:322) ~[Placebo-1.20.1-8.6.3_mapped_official_1.20.1.jar:8.6.3]
	at dev.shadowsoffire.placebo.reload.DynamicRegistry.lambda$apply$0(DynamicRegistry.java:143) ~[Placebo-1.20.1-8.6.3_mapped_official_1.20.1.jar:8.6.3]
	at java.util.HashMap.forEach(HashMap.java:1421) ~[?:?]
	at dev.shadowsoffire.placebo.reload.DynamicRegistry.apply(DynamicRegistry.java:136) ~[Placebo-1.20.1-8.6.3_mapped_official_1.20.1.jar:8.6.3]
	at dev.shadowsoffire.placebo.reload.DynamicRegistry.apply(DynamicRegistry.java:62) ~[Placebo-1.20.1-8.6.3_mapped_official_1.20.1.jar:8.6.3]
	at net.minecraft.server.packs.resources.SimplePreparableReloadListener.lambda$reload$1(SimplePreparableReloadListener.java:12) ~[forge-1.20.1-47.4.0_mapped_official_1.20.1-recomp.jar:?]
	at java.util.concurrent.CompletableFuture$UniAccept.tryFire(CompletableFuture.java:718) ~[?:?]
	at java.util.concurrent.CompletableFuture$Completion.run(CompletableFuture.java:482) ~[?:?]
	at net.minecraft.server.packs.resources.SimpleReloadInstance.lambda$new$3(SimpleReloadInstance.java:65) ~[forge-1.20.1-47.4.0_mapped_official_1.20.1-recomp.jar:?]
	at net.minecraft.util.thread.BlockableEventLoop.doRunTask(BlockableEventLoop.java:143) ~[forge-1.20.1-47.4.0_mapped_official_1.20.1-recomp.jar:?]
	at net.minecraft.util.thread.ReentrantBlockableEventLoop.doRunTask(ReentrantBlockableEventLoop.java:22) ~[forge-1.20.1-47.4.0_mapped_official_1.20.1-recomp.jar:?]
	at net.minecraft.util.thread.BlockableEventLoop.pollTask(BlockableEventLoop.java:116) ~[forge-1.20.1-47.4.0_mapped_official_1.20.1-recomp.jar:?]
	at net.minecraft.util.thread.BlockableEventLoop.managedBlock(BlockableEventLoop.java:126) ~[forge-1.20.1-47.4.0_mapped_official_1.20.1-recomp.jar:?]
	at net.minecraft.client.gui.screens.worldselection.WorldOpenFlows.loadWorldDataBlocking(WorldOpenFlows.java:163) ~[forge-1.20.1-47.4.0_mapped_official_1.20.1-recomp.jar:?]
	at net.minecraft.client.gui.screens.worldselection.WorldOpenFlows.loadWorldStem(WorldOpenFlows.java:113) ~[forge-1.20.1-47.4.0_mapped_official_1.20.1-recomp.jar:?]
	at net.minecraft.client.gui.screens.worldselection.WorldOpenFlows.doLoadLevel(WorldOpenFlows.java:181) ~[forge-1.20.1-47.4.0_mapped_official_1.20.1-recomp.jar:?]
	at net.minecraft.client.gui.screens.worldselection.WorldOpenFlows.doLoadLevel(WorldOpenFlows.java:169) ~[forge-1.20.1-47.4.0_mapped_official_1.20.1-recomp.jar:?]
	at net.minecraft.client.gui.screens.worldselection.WorldOpenFlows.loadLevel(WorldOpenFlows.java:65) ~[forge-1.20.1-47.4.0_mapped_official_1.20.1-recomp.jar:?]
	at net.minecraft.client.gui.screens.worldselection.WorldSelectionList$WorldListEntry.loadWorld(WorldSelectionList.java:575) ~[forge-1.20.1-47.4.0_mapped_official_1.20.1-recomp.jar:?]
	at net.minecraft.client.gui.screens.worldselection.WorldSelectionList$WorldListEntry.joinWorld(WorldSelectionList.java:474) ~[forge-1.20.1-47.4.0_mapped_official_1.20.1-recomp.jar:?]
	at net.minecraft.client.gui.screens.worldselection.WorldSelectionList$WorldListEntry.mouseClicked(WorldSelectionList.java:416) ~[forge-1.20.1-47.4.0_mapped_official_1.20.1-recomp.jar:?]
	at net.minecraft.client.gui.components.AbstractSelectionList.mouseClicked(AbstractSelectionList.java:298) ~[forge-1.20.1-47.4.0_mapped_official_1.20.1-recomp.jar:?]
	at net.minecraft.client.gui.components.events.ContainerEventHandler.mouseClicked(ContainerEventHandler.java:39) ~[forge-1.20.1-47.4.0_mapped_official_1.20.1-recomp.jar:?]
	at net.minecraft.client.MouseHandler.lambda$onPress$0(MouseHandler.java:92) ~[forge-1.20.1-47.4.0_mapped_official_1.20.1-recomp.jar:?]
	at net.minecraft.client.gui.screens.Screen.wrapScreenError(Screen.java:437) ~[forge-1.20.1-47.4.0_mapped_official_1.20.1-recomp.jar:?]
	at net.minecraft.client.MouseHandler.onPress(MouseHandler.java:89) ~[forge-1.20.1-47.4.0_mapped_official_1.20.1-recomp.jar:?]
	at net.minecraft.client.MouseHandler.lambda$setup$4(MouseHandler.java:189) ~[forge-1.20.1-47.4.0_mapped_official_1.20.1-recomp.jar:?]
	at net.minecraft.util.thread.BlockableEventLoop.execute(BlockableEventLoop.java:90) ~[forge-1.20.1-47.4.0_mapped_official_1.20.1-recomp.jar:?]
	at net.minecraft.client.MouseHandler.lambda$setup$5(MouseHandler.java:188) ~[forge-1.20.1-47.4.0_mapped_official_1.20.1-recomp.jar:?]
	at org.lwjgl.glfw.GLFWMouseButtonCallbackI.callback(GLFWMouseButtonCallbackI.java:43) ~[lwjgl-glfw-3.3.1.jar:build 7]
	at org.lwjgl.system.JNI.invokeV(Native Method) ~[lwjgl-3.3.1.jar:build 7]
	at org.lwjgl.glfw.GLFW.glfwWaitEventsTimeout(GLFW.java:3474) ~[lwjgl-glfw-3.3.1.jar:build 7]
	at com.mojang.blaze3d.systems.RenderSystem.limitDisplayFPS(RenderSystem.java:207) ~[forge-1.20.1-47.4.0_mapped_official_1.20.1-recomp.jar:?]
	at net.minecraft.client.Minecraft.runTick(Minecraft.java:1173) ~[forge-1.20.1-47.4.0_mapped_official_1.20.1-recomp.jar:?]
	at net.minecraft.client.Minecraft.run(Minecraft.java:718) ~[forge-1.20.1-47.4.0_mapped_official_1.20.1-recomp.jar:?]
	at net.minecraft.client.main.Main.main(Main.java:218) ~[forge-1.20.1-47.4.0_mapped_official_1.20.1-recomp.jar:?]
	at jdk.internal.reflect.NativeMethodAccessorImpl.invoke0(Native Method) ~[?:?]
	at jdk.internal.reflect.NativeMethodAccessorImpl.invoke(NativeMethodAccessorImpl.java:77) ~[?:?]
	at jdk.internal.reflect.DelegatingMethodAccessorImpl.invoke(DelegatingMethodAccessorImpl.java:43) ~[?:?]
	at java.lang.reflect.Method.invoke(Method.java:569) ~[?:?]
	at net.minecraftforge.fml.loading.targets.CommonLaunchHandler.runTarget(CommonLaunchHandler.java:111) ~[fmlloader-1.20.1-47.4.0.jar:?]
	at net.minecraftforge.fml.loading.targets.CommonLaunchHandler.clientService(CommonLaunchHandler.java:99) ~[fmlloader-1.20.1-47.4.0.jar:?]
	at net.minecraftforge.fml.loading.targets.ForgeClientUserdevLaunchHandler.devService(ForgeClientUserdevLaunchHandler.java:19) ~[fmlloader-1.20.1-47.4.0.jar:?]
	at net.minecraftforge.fml.loading.targets.CommonDevLaunchHandler.lambda$makeService$7(CommonDevLaunchHandler.java:135) ~[fmlloader-1.20.1-47.4.0.jar:?]
	at cpw.mods.modlauncher.LaunchServiceHandlerDecorator.launch(LaunchServiceHandlerDecorator.java:30) ~[modlauncher-10.0.9.jar:?]
	at cpw.mods.modlauncher.LaunchServiceHandler.launch(LaunchServiceHandler.java:53) ~[modlauncher-10.0.9.jar:?]
	at cpw.mods.modlauncher.LaunchServiceHandler.launch(LaunchServiceHandler.java:71) ~[modlauncher-10.0.9.jar:?]
	at cpw.mods.modlauncher.Launcher.run(Launcher.java:108) ~[modlauncher-10.0.9.jar:?]
	at cpw.mods.modlauncher.Launcher.main(Launcher.java:78) ~[modlauncher-10.0.9.jar:?]
	at cpw.mods.modlauncher.BootstrapLaunchConsumer.accept(BootstrapLaunchConsumer.java:26) ~[modlauncher-10.0.9.jar:?]
	at cpw.mods.modlauncher.BootstrapLaunchConsumer.accept(BootstrapLaunchConsumer.java:23) ~[modlauncher-10.0.9.jar:?]
	at cpw.mods.bootstraplauncher.BootstrapLauncher.main(BootstrapLauncher.java:141) ~[bootstraplauncher-1.1.2.jar:?]
[12Apr2026 16:47:38.584] [Render thread/INFO] [Apotheosis : Adventure/]: Registered 67 affix_loot_entries.
[12Apr2026 16:47:38.593] [Render thread/INFO] [Apotheosis : Adventure/]: Registered 17 bosses.
[12Apr2026 16:47:38.608] [Render thread/INFO] [Apotheosis : Adventure/]: Registered 8 rogue_spawners.
[12Apr2026 16:47:38.613] [Render thread/INFO] [Apotheosis : Adventure/]: Registered 5 minibosses.
[12Apr2026 16:47:38.624] [Render thread/INFO] [Apotheosis : Village/]: Registered 28 wanderer_trades.
[12Apr2026 16:47:38.634] [Render thread/INFO] [mod.chloeprime.apotheosismodernragnarok.common.gem.framework.GemInjectionRegistry/]: Registered 15 amr_gem_injections.
[12Apr2026 16:47:39.120] [Render thread/INFO] [mixin/]: Mixing minecraft.MixinMinecraftServer from apotheosis_modern_ragnarok.mixins.json into net.minecraft.server.MinecraftServer$ReloadableResources
[12Apr2026 16:47:39.138] [Server thread/INFO] [net.minecraft.client.server.IntegratedServer/]: Starting integrated minecraft server version 1.20.1
[12Apr2026 16:47:39.138] [Server thread/INFO] [net.minecraft.server.MinecraftServer/]: Generating keypair
[12Apr2026 16:47:39.228] [Server thread/INFO] [mixin/]: Mixing interactkey.TacInteractKeyAutoInferenceMixin from gunsmithlib.mixins.json into com.tacz.guns.config.util.InteractKeyConfigRead
[12Apr2026 16:47:39.315] [Server thread/INFO] [net.minecraftforge.coremod.CoreMod.apotheosis/COREMODLOG]: Replaced 1 calls to Enchantment#getMaxLevel() in net/minecraft/world/entity/npc/VillagerTrades$EnchantBookForEmeralds
[12Apr2026 16:47:39.315] [Server thread/INFO] [net.minecraftforge.coremod.CoreMod.apotheosis/COREMODLOG]: Replaced 1 calls to Enchantment#isTreasureOnly() in net/minecraft/world/entity/npc/VillagerTrades$EnchantBookForEmeralds
[12Apr2026 16:47:39.315] [Server thread/INFO] [net.minecraftforge.coremod.CoreMod.apotheosis/COREMODLOG]: Replaced 1 calls to Enchantment#isTradeable() in net/minecraft/world/entity/npc/VillagerTrades$EnchantBookForEmeralds
[12Apr2026 16:47:39.402] [Server thread/INFO] [mixin/]: Mixing WandererSpawnerMixin from apotheosis.mixins.json into net.minecraft.world.entity.npc.WanderingTraderSpawner
[12Apr2026 16:47:39.403] [Server thread/WARN] [mixin/]: @Shadow target apotheosis.mixins.json:WandererSpawnerMixin::random is final but shadow is not decorated with @Final
[12Apr2026 16:47:39.440] [Server thread/INFO] [mixin/]: Mixing MapDataMixin from moonlight-common.mixins.json into net.minecraft.world.level.saveddata.maps.MapItemSavedData
[12Apr2026 16:47:39.440] [Server thread/INFO] [mixin/]: Renaming synthetic method lambda$save$3(Lnet/minecraft/nbt/CompoundTag;Lnet/minecraft/resources/ResourceLocation;Lnet/mehvahdjukaar/moonlight/api/map/CustomMapData;)V to mdace725$lambda$save$3$0 in moonlight-common.mixins.json:MapDataMixin
[12Apr2026 16:47:39.440] [Server thread/INFO] [mixin/]: Renaming synthetic method lambda$load$2(Lnet/minecraft/nbt/CompoundTag;Lnet/mehvahdjukaar/moonlight/api/map/CustomMapData;)V to mdace725$lambda$load$2$1 in moonlight-common.mixins.json:MapDataMixin
[12Apr2026 16:47:39.441] [Server thread/INFO] [mixin/]: Renaming synthetic method lambda$setCustomDataDirty$1(Lnet/mehvahdjukaar/moonlight/api/map/CustomMapData$Type;Ljava/util/function/Consumer;Lnet/minecraft/world/level/saveddata/maps/MapItemSavedData$HoldingPlayer;)V to mdace725$lambda$setCustomDataDirty$1$2 in moonlight-common.mixins.json:MapDataMixin
[12Apr2026 16:47:39.441] [Server thread/INFO] [mixin/]: Renaming synthetic method lambda$setCustomDecorationsDirty$0(Lnet/minecraft/world/level/saveddata/maps/MapItemSavedData$HoldingPlayer;)V to mdace725$lambda$setCustomDecorationsDirty$0$3 in moonlight-common.mixins.json:MapDataMixin
[12Apr2026 16:47:39.556] [Server thread/INFO] [mixin/]: Mixing MixinChunkMap from gunsmithlib.mixins.json into net.minecraft.server.level.ChunkMap
[12Apr2026 16:47:40.352] [Server thread/INFO] [net.minecraft.server.MinecraftServer/]: Preparing start region for dimension minecraft:overworld
[12Apr2026 16:47:44.122] [Render thread/INFO] [net.minecraft.server.level.progress.LoggerChunkProgressListener/]: Preparing spawn area: 0%
[12Apr2026 16:47:44.141] [Render thread/INFO] [net.minecraft.server.level.progress.LoggerChunkProgressListener/]: Preparing spawn area: 0%
[12Apr2026 16:47:44.141] [Render thread/INFO] [net.minecraft.server.level.progress.LoggerChunkProgressListener/]: Preparing spawn area: 0%
[12Apr2026 16:47:44.141] [Render thread/INFO] [net.minecraft.server.level.progress.LoggerChunkProgressListener/]: Preparing spawn area: 0%
[12Apr2026 16:47:44.141] [Render thread/INFO] [net.minecraft.server.level.progress.LoggerChunkProgressListener/]: Preparing spawn area: 0%
[12Apr2026 16:47:44.141] [Render thread/INFO] [net.minecraft.server.level.progress.LoggerChunkProgressListener/]: Preparing spawn area: 0%
[12Apr2026 16:47:44.141] [Render thread/INFO] [net.minecraft.server.level.progress.LoggerChunkProgressListener/]: Preparing spawn area: 0%
[12Apr2026 16:47:44.141] [Render thread/INFO] [net.minecraft.server.level.progress.LoggerChunkProgressListener/]: Preparing spawn area: 0%
[12Apr2026 16:47:44.376] [Render thread/INFO] [net.minecraft.server.level.progress.LoggerChunkProgressListener/]: Preparing spawn area: 1%
[12Apr2026 16:47:44.447] [Server thread/INFO] [mixin/]: Mixing CurioHooksMixin from mixins.irons_spellbooks.json into top.theillusivec4.curios.mixin.CuriosImplMixinHooks
[12Apr2026 16:47:44.463] [Server thread/INFO] [mixin/]: Mixing tacz.LivingEntityAmmoCheckMixin from pillagers_gun.mixins.json into com.tacz.guns.entity.shooter.LivingEntityAmmoCheck
[12Apr2026 16:47:44.882] [Render thread/INFO] [net.minecraft.server.level.progress.LoggerChunkProgressListener/]: Preparing spawn area: 62%
[12Apr2026 16:47:45.126] [Server thread/INFO] [net.minecraftforge.server.permission.PermissionAPI/]: Successfully initialized permission handler forge:default_handler
[12Apr2026 16:47:45.130] [Render thread/INFO] [net.minecraft.server.level.progress.LoggerChunkProgressListener/]: Time elapsed: 4760 ms
[12Apr2026 16:47:45.512] [Server thread/INFO] [net.minecraft.client.server.IntegratedServer/]: Changing view distance to 12, from 10
[12Apr2026 16:47:45.514] [Server thread/INFO] [net.minecraft.client.server.IntegratedServer/]: Changing simulation distance to 12, from 0
[12Apr2026 16:47:45.539] [Server thread/INFO] [mixin/]: Mixing EnchantmentHelperMixin from apotheosis.mixins.json into net.minecraft.world.item.enchantment.EnchantmentHelper
[12Apr2026 16:47:45.716] [Render thread/WARN] [io.netty.util.internal.SystemPropertyUtil/]: Unable to parse the boolean system property 'java.net.preferIPv6Addresses':system - using the default value: false
[12Apr2026 16:47:45.767] [Server thread/INFO] [mixin/]: Mixing PacketDistributorHackMixin from moonlight.mixins.json into net.minecraftforge.network.PacketDistributor
[12Apr2026 16:47:46.089] [Netty Local Client IO #0/INFO] [mixin/]: Mixing MapItemDataPacketMixin from moonlight-common.mixins.json into net.minecraft.network.protocol.game.ClientboundMapItemDataPacket
[12Apr2026 16:47:46.090] [Netty Local Client IO #0/INFO] [mixin/]: Renaming synthetic method lambda$moonlight$sendCustomDecorations$1(I)[Lnet/mehvahdjukaar/moonlight/api/map/CustomMapDecoration; to mdace725$lambda$moonlight$sendCustomDecorations$1$0 in moonlight-common.mixins.json:MapItemDataPacketMixin
[12Apr2026 16:47:46.090] [Netty Local Client IO #0/INFO] [mixin/]: Renaming synthetic method lambda$moonlight$sendCustomDecorations$0(Lnet/minecraft/network/FriendlyByteBuf;Lnet/mehvahdjukaar/moonlight/api/map/CustomMapDecoration;)Lnet/mehvahdjukaar/moonlight/api/map/CustomMapDecoration; to mdace725$lambda$moonlight$sendCustomDecorations$0$1 in moonlight-common.mixins.json:MapItemDataPacketMixin
[12Apr2026 16:47:47.072] [Server thread/INFO] [mixin/]: Mixing ItemCooldownsAccessor from gunsmithlib.mixins.json into net.minecraft.world.item.ItemCooldowns
[12Apr2026 16:47:47.073] [Netty Local Client IO #0/INFO] [net.minecraftforge.network.NetworkHooks/]: Connected to a modded server.
[12Apr2026 16:47:47.082] [Netty Local Client IO #0/INFO] [mixin/]: Mixing ClientPacketListenerMixin from moonlight-common.mixins.json into net.minecraft.client.multiplayer.ClientPacketListener
[12Apr2026 16:47:47.082] [Netty Local Client IO #0/INFO] [mixin/]: Mixing client.MixinClientGamePacketListener from gunsmithlib.mixins.json into net.minecraft.client.multiplayer.ClientPacketListener
[12Apr2026 16:47:47.082] [Netty Local Client IO #0/INFO] [mixin/]: Renaming synthetic method lambda$triggerCooldownTransition$0(Lcom/tacz/guns/api/client/animation/statemachine/LuaAnimationStateMachine;)V to mdace725$lambda$triggerCooldownTransition$0$0 in gunsmithlib.mixins.json:client.MixinClientGamePacketListener
[12Apr2026 16:47:47.084] [Netty Local Client IO #0/INFO] [mixin/]: Mixing client.ClientPacketListenerMixin from attributeslib.mixins.json into net.minecraft.client.multiplayer.ClientPacketListener
[12Apr2026 16:47:47.123] [Netty Local Client IO #0/WARN] [mixin/]: @Inject(@At("INVOKE")) Shift.BY=5 on attributeslib.mixins.json:client.ClientPacketListenerMixin::handler$zhj000$apoth_postAttrChangedEvent exceeds the maximum allowed value: 0. Increase the value of maxShiftBy to suppress this warning.
[12Apr2026 16:47:47.160] [Server thread/INFO] [mixin/]: Mixing AbilitiesMixin from attributeslib.mixins.json into net.minecraft.world.entity.player.Abilities
[12Apr2026 16:47:47.253] [Server thread/INFO] [net.minecraft.server.players.PlayerList/]: Dev[local:E:90741483] logged in with entity id 116 at (199.85320246757902, 66.0, -61.67768925311312)
[12Apr2026 16:47:47.509] [Server thread/INFO] [net.minecraft.server.MinecraftServer/]: Dev joined the game
[12Apr2026 16:47:47.672] [Render thread/WARN] [tacz/]: playwrights_gunpack:rifle_assult_peacock_display display init read fail!
java.lang.IllegalArgumentException: animation not found: create_armorer:rifle_assult_crane
	at com.tacz.guns.client.resource.GunDisplayInstance.checkAnimation(GunDisplayInstance.java:196) ~[timeless-and-classics-zero-1028108-6654541_mapped_official_1.20.1.jar:1.1.6-hotfix]
	at com.tacz.guns.client.resource.GunDisplayInstance.<init>(GunDisplayInstance.java:83) ~[timeless-and-classics-zero-1028108-6654541_mapped_official_1.20.1.jar:1.1.6-hotfix]
	at com.tacz.guns.client.resource.GunDisplayInstance.create(GunDisplayInstance.java:101) ~[timeless-and-classics-zero-1028108-6654541_mapped_official_1.20.1.jar:1.1.6-hotfix]
	at com.tacz.guns.client.resource.ClientIndexManager.lambda$loadGunDisplay$0(ClientIndexManager.java:60) ~[timeless-and-classics-zero-1028108-6654541_mapped_official_1.20.1.jar:1.1.6-hotfix]
	at java.util.HashMap$EntrySet.forEach(HashMap.java:1126) ~[?:?]
	at com.tacz.guns.client.resource.ClientIndexManager.loadGunDisplay(ClientIndexManager.java:58) ~[timeless-and-classics-zero-1028108-6654541_mapped_official_1.20.1.jar:1.1.6-hotfix]
	at com.tacz.guns.client.resource.ClientIndexManager.reload(ClientIndexManager.java:42) ~[timeless-and-classics-zero-1028108-6654541_mapped_official_1.20.1.jar:1.1.6-hotfix]
	at com.tacz.guns.network.message.ServerMessageSyncGunPack.doSync(ServerMessageSyncGunPack.java:53) ~[timeless-and-classics-zero-1028108-6654541_mapped_official_1.20.1.jar:1.1.6-hotfix]
	at com.tacz.guns.network.message.ServerMessageSyncGunPack.lambda$handle$3(ServerMessageSyncGunPack.java:39) ~[timeless-and-classics-zero-1028108-6654541_mapped_official_1.20.1.jar:1.1.6-hotfix]
	at net.minecraft.util.thread.BlockableEventLoop.lambda$submitAsync$0(BlockableEventLoop.java:58) ~[forge-1.20.1-47.4.0_mapped_official_1.20.1-recomp.jar:?]
	at java.util.concurrent.CompletableFuture$AsyncSupply.run(CompletableFuture.java:1768) ~[?:?]
	at net.minecraft.util.thread.BlockableEventLoop.doRunTask(BlockableEventLoop.java:143) ~[forge-1.20.1-47.4.0_mapped_official_1.20.1-recomp.jar:?]
	at net.minecraft.util.thread.ReentrantBlockableEventLoop.doRunTask(ReentrantBlockableEventLoop.java:22) ~[forge-1.20.1-47.4.0_mapped_official_1.20.1-recomp.jar:?]
	at net.minecraft.util.thread.BlockableEventLoop.pollTask(BlockableEventLoop.java:116) ~[forge-1.20.1-47.4.0_mapped_official_1.20.1-recomp.jar:?]
	at net.minecraft.util.thread.BlockableEventLoop.runAllTasks(BlockableEventLoop.java:104) ~[forge-1.20.1-47.4.0_mapped_official_1.20.1-recomp.jar:?]
	at net.minecraft.client.Minecraft.runTick(Minecraft.java:1106) ~[forge-1.20.1-47.4.0_mapped_official_1.20.1-recomp.jar:?]
	at net.minecraft.client.Minecraft.run(Minecraft.java:718) ~[forge-1.20.1-47.4.0_mapped_official_1.20.1-recomp.jar:?]
	at net.minecraft.client.main.Main.main(Main.java:218) ~[forge-1.20.1-47.4.0_mapped_official_1.20.1-recomp.jar:?]
	at jdk.internal.reflect.NativeMethodAccessorImpl.invoke0(Native Method) ~[?:?]
	at jdk.internal.reflect.NativeMethodAccessorImpl.invoke(NativeMethodAccessorImpl.java:77) ~[?:?]
	at jdk.internal.reflect.DelegatingMethodAccessorImpl.invoke(DelegatingMethodAccessorImpl.java:43) ~[?:?]
	at java.lang.reflect.Method.invoke(Method.java:569) ~[?:?]
	at net.minecraftforge.fml.loading.targets.CommonLaunchHandler.runTarget(CommonLaunchHandler.java:111) ~[fmlloader-1.20.1-47.4.0.jar:?]
	at net.minecraftforge.fml.loading.targets.CommonLaunchHandler.clientService(CommonLaunchHandler.java:99) ~[fmlloader-1.20.1-47.4.0.jar:?]
	at net.minecraftforge.fml.loading.targets.ForgeClientUserdevLaunchHandler.devService(ForgeClientUserdevLaunchHandler.java:19) ~[fmlloader-1.20.1-47.4.0.jar:?]
	at net.minecraftforge.fml.loading.targets.CommonDevLaunchHandler.lambda$makeService$7(CommonDevLaunchHandler.java:135) ~[fmlloader-1.20.1-47.4.0.jar:?]
	at cpw.mods.modlauncher.LaunchServiceHandlerDecorator.launch(LaunchServiceHandlerDecorator.java:30) ~[modlauncher-10.0.9.jar:?]
	at cpw.mods.modlauncher.LaunchServiceHandler.launch(LaunchServiceHandler.java:53) ~[modlauncher-10.0.9.jar:?]
	at cpw.mods.modlauncher.LaunchServiceHandler.launch(LaunchServiceHandler.java:71) ~[modlauncher-10.0.9.jar:?]
	at cpw.mods.modlauncher.Launcher.run(Launcher.java:108) ~[modlauncher-10.0.9.jar:?]
	at cpw.mods.modlauncher.Launcher.main(Launcher.java:78) ~[modlauncher-10.0.9.jar:?]
	at cpw.mods.modlauncher.BootstrapLaunchConsumer.accept(BootstrapLaunchConsumer.java:26) ~[modlauncher-10.0.9.jar:?]
	at cpw.mods.modlauncher.BootstrapLaunchConsumer.accept(BootstrapLaunchConsumer.java:23) ~[modlauncher-10.0.9.jar:?]
	at cpw.mods.bootstraplauncher.BootstrapLauncher.main(BootstrapLauncher.java:141) ~[bootstraplauncher-1.1.2.jar:?]
[12Apr2026 16:47:47.723] [Render thread/WARN] [tacz/]: playwrights_gunpack:sniper_semi_unclassical_pillaged_display display init read fail!
java.lang.IllegalArgumentException: there is no corresponding model file
	at com.google.common.base.Preconditions.checkArgument(Preconditions.java:145) ~[guava-31.1-jre.jar:?]
	at com.tacz.guns.client.resource.GunDisplayInstance.checkTextureAndModel(GunDisplayInstance.java:138) ~[timeless-and-classics-zero-1028108-6654541_mapped_official_1.20.1.jar:1.1.6-hotfix]
	at com.tacz.guns.client.resource.GunDisplayInstance.<init>(GunDisplayInstance.java:79) ~[timeless-and-classics-zero-1028108-6654541_mapped_official_1.20.1.jar:1.1.6-hotfix]
	at com.tacz.guns.client.resource.GunDisplayInstance.create(GunDisplayInstance.java:101) ~[timeless-and-classics-zero-1028108-6654541_mapped_official_1.20.1.jar:1.1.6-hotfix]
	at com.tacz.guns.client.resource.ClientIndexManager.lambda$loadGunDisplay$0(ClientIndexManager.java:60) ~[timeless-and-classics-zero-1028108-6654541_mapped_official_1.20.1.jar:1.1.6-hotfix]
	at java.util.HashMap$EntrySet.forEach(HashMap.java:1126) ~[?:?]
	at com.tacz.guns.client.resource.ClientIndexManager.loadGunDisplay(ClientIndexManager.java:58) ~[timeless-and-classics-zero-1028108-6654541_mapped_official_1.20.1.jar:1.1.6-hotfix]
	at com.tacz.guns.client.resource.ClientIndexManager.reload(ClientIndexManager.java:42) ~[timeless-and-classics-zero-1028108-6654541_mapped_official_1.20.1.jar:1.1.6-hotfix]
	at com.tacz.guns.network.message.ServerMessageSyncGunPack.doSync(ServerMessageSyncGunPack.java:53) ~[timeless-and-classics-zero-1028108-6654541_mapped_official_1.20.1.jar:1.1.6-hotfix]
	at com.tacz.guns.network.message.ServerMessageSyncGunPack.lambda$handle$3(ServerMessageSyncGunPack.java:39) ~[timeless-and-classics-zero-1028108-6654541_mapped_official_1.20.1.jar:1.1.6-hotfix]
	at net.minecraft.util.thread.BlockableEventLoop.lambda$submitAsync$0(BlockableEventLoop.java:58) ~[forge-1.20.1-47.4.0_mapped_official_1.20.1-recomp.jar:?]
	at java.util.concurrent.CompletableFuture$AsyncSupply.run(CompletableFuture.java:1768) ~[?:?]
	at net.minecraft.util.thread.BlockableEventLoop.doRunTask(BlockableEventLoop.java:143) ~[forge-1.20.1-47.4.0_mapped_official_1.20.1-recomp.jar:?]
	at net.minecraft.util.thread.ReentrantBlockableEventLoop.doRunTask(ReentrantBlockableEventLoop.java:22) ~[forge-1.20.1-47.4.0_mapped_official_1.20.1-recomp.jar:?]
	at net.minecraft.util.thread.BlockableEventLoop.pollTask(BlockableEventLoop.java:116) ~[forge-1.20.1-47.4.0_mapped_official_1.20.1-recomp.jar:?]
	at net.minecraft.util.thread.BlockableEventLoop.runAllTasks(BlockableEventLoop.java:104) ~[forge-1.20.1-47.4.0_mapped_official_1.20.1-recomp.jar:?]
	at net.minecraft.client.Minecraft.runTick(Minecraft.java:1106) ~[forge-1.20.1-47.4.0_mapped_official_1.20.1-recomp.jar:?]
	at net.minecraft.client.Minecraft.run(Minecraft.java:718) ~[forge-1.20.1-47.4.0_mapped_official_1.20.1-recomp.jar:?]
	at net.minecraft.client.main.Main.main(Main.java:218) ~[forge-1.20.1-47.4.0_mapped_official_1.20.1-recomp.jar:?]
	at jdk.internal.reflect.NativeMethodAccessorImpl.invoke0(Native Method) ~[?:?]
	at jdk.internal.reflect.NativeMethodAccessorImpl.invoke(NativeMethodAccessorImpl.java:77) ~[?:?]
	at jdk.internal.reflect.DelegatingMethodAccessorImpl.invoke(DelegatingMethodAccessorImpl.java:43) ~[?:?]
	at java.lang.reflect.Method.invoke(Method.java:569) ~[?:?]
	at net.minecraftforge.fml.loading.targets.CommonLaunchHandler.runTarget(CommonLaunchHandler.java:111) ~[fmlloader-1.20.1-47.4.0.jar:?]
	at net.minecraftforge.fml.loading.targets.CommonLaunchHandler.clientService(CommonLaunchHandler.java:99) ~[fmlloader-1.20.1-47.4.0.jar:?]
	at net.minecraftforge.fml.loading.targets.ForgeClientUserdevLaunchHandler.devService(ForgeClientUserdevLaunchHandler.java:19) ~[fmlloader-1.20.1-47.4.0.jar:?]
	at net.minecraftforge.fml.loading.targets.CommonDevLaunchHandler.lambda$makeService$7(CommonDevLaunchHandler.java:135) ~[fmlloader-1.20.1-47.4.0.jar:?]
	at cpw.mods.modlauncher.LaunchServiceHandlerDecorator.launch(LaunchServiceHandlerDecorator.java:30) ~[modlauncher-10.0.9.jar:?]
	at cpw.mods.modlauncher.LaunchServiceHandler.launch(LaunchServiceHandler.java:53) ~[modlauncher-10.0.9.jar:?]
	at cpw.mods.modlauncher.LaunchServiceHandler.launch(LaunchServiceHandler.java:71) ~[modlauncher-10.0.9.jar:?]
	at cpw.mods.modlauncher.Launcher.run(Launcher.java:108) ~[modlauncher-10.0.9.jar:?]
	at cpw.mods.modlauncher.Launcher.main(Launcher.java:78) ~[modlauncher-10.0.9.jar:?]
	at cpw.mods.modlauncher.BootstrapLaunchConsumer.accept(BootstrapLaunchConsumer.java:26) ~[modlauncher-10.0.9.jar:?]
	at cpw.mods.modlauncher.BootstrapLaunchConsumer.accept(BootstrapLaunchConsumer.java:23) ~[modlauncher-10.0.9.jar:?]
	at cpw.mods.bootstraplauncher.BootstrapLauncher.main(BootstrapLauncher.java:141) ~[bootstraplauncher-1.1.2.jar:?]
[12Apr2026 16:47:47.741] [Render thread/WARN] [tacz/]: playwrights_gunpack:shotgun_db_rock_display display init read fail!
java.lang.IllegalArgumentException: animation not found: create_armorer:shotgun_db_stone
	at com.tacz.guns.client.resource.GunDisplayInstance.checkAnimation(GunDisplayInstance.java:196) ~[timeless-and-classics-zero-1028108-6654541_mapped_official_1.20.1.jar:1.1.6-hotfix]
	at com.tacz.guns.client.resource.GunDisplayInstance.<init>(GunDisplayInstance.java:83) ~[timeless-and-classics-zero-1028108-6654541_mapped_official_1.20.1.jar:1.1.6-hotfix]
	at com.tacz.guns.client.resource.GunDisplayInstance.create(GunDisplayInstance.java:101) ~[timeless-and-classics-zero-1028108-6654541_mapped_official_1.20.1.jar:1.1.6-hotfix]
	at com.tacz.guns.client.resource.ClientIndexManager.lambda$loadGunDisplay$0(ClientIndexManager.java:60) ~[timeless-and-classics-zero-1028108-6654541_mapped_official_1.20.1.jar:1.1.6-hotfix]
	at java.util.HashMap$EntrySet.forEach(HashMap.java:1126) ~[?:?]
	at com.tacz.guns.client.resource.ClientIndexManager.loadGunDisplay(ClientIndexManager.java:58) ~[timeless-and-classics-zero-1028108-6654541_mapped_official_1.20.1.jar:1.1.6-hotfix]
	at com.tacz.guns.client.resource.ClientIndexManager.reload(ClientIndexManager.java:42) ~[timeless-and-classics-zero-1028108-6654541_mapped_official_1.20.1.jar:1.1.6-hotfix]
	at com.tacz.guns.network.message.ServerMessageSyncGunPack.doSync(ServerMessageSyncGunPack.java:53) ~[timeless-and-classics-zero-1028108-6654541_mapped_official_1.20.1.jar:1.1.6-hotfix]
	at com.tacz.guns.network.message.ServerMessageSyncGunPack.lambda$handle$3(ServerMessageSyncGunPack.java:39) ~[timeless-and-classics-zero-1028108-6654541_mapped_official_1.20.1.jar:1.1.6-hotfix]
	at net.minecraft.util.thread.BlockableEventLoop.lambda$submitAsync$0(BlockableEventLoop.java:58) ~[forge-1.20.1-47.4.0_mapped_official_1.20.1-recomp.jar:?]
	at java.util.concurrent.CompletableFuture$AsyncSupply.run(CompletableFuture.java:1768) ~[?:?]
	at net.minecraft.util.thread.BlockableEventLoop.doRunTask(BlockableEventLoop.java:143) ~[forge-1.20.1-47.4.0_mapped_official_1.20.1-recomp.jar:?]
	at net.minecraft.util.thread.ReentrantBlockableEventLoop.doRunTask(ReentrantBlockableEventLoop.java:22) ~[forge-1.20.1-47.4.0_mapped_official_1.20.1-recomp.jar:?]
	at net.minecraft.util.thread.BlockableEventLoop.pollTask(BlockableEventLoop.java:116) ~[forge-1.20.1-47.4.0_mapped_official_1.20.1-recomp.jar:?]
	at net.minecraft.util.thread.BlockableEventLoop.runAllTasks(BlockableEventLoop.java:104) ~[forge-1.20.1-47.4.0_mapped_official_1.20.1-recomp.jar:?]
	at net.minecraft.client.Minecraft.runTick(Minecraft.java:1106) ~[forge-1.20.1-47.4.0_mapped_official_1.20.1-recomp.jar:?]
	at net.minecraft.client.Minecraft.run(Minecraft.java:718) ~[forge-1.20.1-47.4.0_mapped_official_1.20.1-recomp.jar:?]
	at net.minecraft.client.main.Main.main(Main.java:218) ~[forge-1.20.1-47.4.0_mapped_official_1.20.1-recomp.jar:?]
	at jdk.internal.reflect.NativeMethodAccessorImpl.invoke0(Native Method) ~[?:?]
	at jdk.internal.reflect.NativeMethodAccessorImpl.invoke(NativeMethodAccessorImpl.java:77) ~[?:?]
	at jdk.internal.reflect.DelegatingMethodAccessorImpl.invoke(DelegatingMethodAccessorImpl.java:43) ~[?:?]
	at java.lang.reflect.Method.invoke(Method.java:569) ~[?:?]
	at net.minecraftforge.fml.loading.targets.CommonLaunchHandler.runTarget(CommonLaunchHandler.java:111) ~[fmlloader-1.20.1-47.4.0.jar:?]
	at net.minecraftforge.fml.loading.targets.CommonLaunchHandler.clientService(CommonLaunchHandler.java:99) ~[fmlloader-1.20.1-47.4.0.jar:?]
	at net.minecraftforge.fml.loading.targets.ForgeClientUserdevLaunchHandler.devService(ForgeClientUserdevLaunchHandler.java:19) ~[fmlloader-1.20.1-47.4.0.jar:?]
	at net.minecraftforge.fml.loading.targets.CommonDevLaunchHandler.lambda$makeService$7(CommonDevLaunchHandler.java:135) ~[fmlloader-1.20.1-47.4.0.jar:?]
	at cpw.mods.modlauncher.LaunchServiceHandlerDecorator.launch(LaunchServiceHandlerDecorator.java:30) ~[modlauncher-10.0.9.jar:?]
	at cpw.mods.modlauncher.LaunchServiceHandler.launch(LaunchServiceHandler.java:53) ~[modlauncher-10.0.9.jar:?]
	at cpw.mods.modlauncher.LaunchServiceHandler.launch(LaunchServiceHandler.java:71) ~[modlauncher-10.0.9.jar:?]
	at cpw.mods.modlauncher.Launcher.run(Launcher.java:108) ~[modlauncher-10.0.9.jar:?]
	at cpw.mods.modlauncher.Launcher.main(Launcher.java:78) ~[modlauncher-10.0.9.jar:?]
	at cpw.mods.modlauncher.BootstrapLaunchConsumer.accept(BootstrapLaunchConsumer.java:26) ~[modlauncher-10.0.9.jar:?]
	at cpw.mods.modlauncher.BootstrapLaunchConsumer.accept(BootstrapLaunchConsumer.java:23) ~[modlauncher-10.0.9.jar:?]
	at cpw.mods.bootstraplauncher.BootstrapLauncher.main(BootstrapLauncher.java:141) ~[bootstraplauncher-1.1.2.jar:?]
[12Apr2026 16:47:47.763] [Render thread/WARN] [tacz/]: playwrights_gunpack:sniper_semi_unclassical_display display init read fail!
java.lang.IllegalArgumentException: there is no corresponding model file
	at com.google.common.base.Preconditions.checkArgument(Preconditions.java:145) ~[guava-31.1-jre.jar:?]
	at com.tacz.guns.client.resource.GunDisplayInstance.checkTextureAndModel(GunDisplayInstance.java:138) ~[timeless-and-classics-zero-1028108-6654541_mapped_official_1.20.1.jar:1.1.6-hotfix]
	at com.tacz.guns.client.resource.GunDisplayInstance.<init>(GunDisplayInstance.java:79) ~[timeless-and-classics-zero-1028108-6654541_mapped_official_1.20.1.jar:1.1.6-hotfix]
	at com.tacz.guns.client.resource.GunDisplayInstance.create(GunDisplayInstance.java:101) ~[timeless-and-classics-zero-1028108-6654541_mapped_official_1.20.1.jar:1.1.6-hotfix]
	at com.tacz.guns.client.resource.ClientIndexManager.lambda$loadGunDisplay$0(ClientIndexManager.java:60) ~[timeless-and-classics-zero-1028108-6654541_mapped_official_1.20.1.jar:1.1.6-hotfix]
	at java.util.HashMap$EntrySet.forEach(HashMap.java:1126) ~[?:?]
	at com.tacz.guns.client.resource.ClientIndexManager.loadGunDisplay(ClientIndexManager.java:58) ~[timeless-and-classics-zero-1028108-6654541_mapped_official_1.20.1.jar:1.1.6-hotfix]
	at com.tacz.guns.client.resource.ClientIndexManager.reload(ClientIndexManager.java:42) ~[timeless-and-classics-zero-1028108-6654541_mapped_official_1.20.1.jar:1.1.6-hotfix]
	at com.tacz.guns.network.message.ServerMessageSyncGunPack.doSync(ServerMessageSyncGunPack.java:53) ~[timeless-and-classics-zero-1028108-6654541_mapped_official_1.20.1.jar:1.1.6-hotfix]
	at com.tacz.guns.network.message.ServerMessageSyncGunPack.lambda$handle$3(ServerMessageSyncGunPack.java:39) ~[timeless-and-classics-zero-1028108-6654541_mapped_official_1.20.1.jar:1.1.6-hotfix]
	at net.minecraft.util.thread.BlockableEventLoop.lambda$submitAsync$0(BlockableEventLoop.java:58) ~[forge-1.20.1-47.4.0_mapped_official_1.20.1-recomp.jar:?]
	at java.util.concurrent.CompletableFuture$AsyncSupply.run(CompletableFuture.java:1768) ~[?:?]
	at net.minecraft.util.thread.BlockableEventLoop.doRunTask(BlockableEventLoop.java:143) ~[forge-1.20.1-47.4.0_mapped_official_1.20.1-recomp.jar:?]
	at net.minecraft.util.thread.ReentrantBlockableEventLoop.doRunTask(ReentrantBlockableEventLoop.java:22) ~[forge-1.20.1-47.4.0_mapped_official_1.20.1-recomp.jar:?]
	at net.minecraft.util.thread.BlockableEventLoop.pollTask(BlockableEventLoop.java:116) ~[forge-1.20.1-47.4.0_mapped_official_1.20.1-recomp.jar:?]
	at net.minecraft.util.thread.BlockableEventLoop.runAllTasks(BlockableEventLoop.java:104) ~[forge-1.20.1-47.4.0_mapped_official_1.20.1-recomp.jar:?]
	at net.minecraft.client.Minecraft.runTick(Minecraft.java:1106) ~[forge-1.20.1-47.4.0_mapped_official_1.20.1-recomp.jar:?]
	at net.minecraft.client.Minecraft.run(Minecraft.java:718) ~[forge-1.20.1-47.4.0_mapped_official_1.20.1-recomp.jar:?]
	at net.minecraft.client.main.Main.main(Main.java:218) ~[forge-1.20.1-47.4.0_mapped_official_1.20.1-recomp.jar:?]
	at jdk.internal.reflect.NativeMethodAccessorImpl.invoke0(Native Method) ~[?:?]
	at jdk.internal.reflect.NativeMethodAccessorImpl.invoke(NativeMethodAccessorImpl.java:77) ~[?:?]
	at jdk.internal.reflect.DelegatingMethodAccessorImpl.invoke(DelegatingMethodAccessorImpl.java:43) ~[?:?]
	at java.lang.reflect.Method.invoke(Method.java:569) ~[?:?]
	at net.minecraftforge.fml.loading.targets.CommonLaunchHandler.runTarget(CommonLaunchHandler.java:111) ~[fmlloader-1.20.1-47.4.0.jar:?]
	at net.minecraftforge.fml.loading.targets.CommonLaunchHandler.clientService(CommonLaunchHandler.java:99) ~[fmlloader-1.20.1-47.4.0.jar:?]
	at net.minecraftforge.fml.loading.targets.ForgeClientUserdevLaunchHandler.devService(ForgeClientUserdevLaunchHandler.java:19) ~[fmlloader-1.20.1-47.4.0.jar:?]
	at net.minecraftforge.fml.loading.targets.CommonDevLaunchHandler.lambda$makeService$7(CommonDevLaunchHandler.java:135) ~[fmlloader-1.20.1-47.4.0.jar:?]
	at cpw.mods.modlauncher.LaunchServiceHandlerDecorator.launch(LaunchServiceHandlerDecorator.java:30) ~[modlauncher-10.0.9.jar:?]
	at cpw.mods.modlauncher.LaunchServiceHandler.launch(LaunchServiceHandler.java:53) ~[modlauncher-10.0.9.jar:?]
	at cpw.mods.modlauncher.LaunchServiceHandler.launch(LaunchServiceHandler.java:71) ~[modlauncher-10.0.9.jar:?]
	at cpw.mods.modlauncher.Launcher.run(Launcher.java:108) ~[modlauncher-10.0.9.jar:?]
	at cpw.mods.modlauncher.Launcher.main(Launcher.java:78) ~[modlauncher-10.0.9.jar:?]
	at cpw.mods.modlauncher.BootstrapLaunchConsumer.accept(BootstrapLaunchConsumer.java:26) ~[modlauncher-10.0.9.jar:?]
	at cpw.mods.modlauncher.BootstrapLaunchConsumer.accept(BootstrapLaunchConsumer.java:23) ~[modlauncher-10.0.9.jar:?]
	at cpw.mods.bootstraplauncher.BootstrapLauncher.main(BootstrapLauncher.java:141) ~[bootstraplauncher-1.1.2.jar:?]
[12Apr2026 16:47:47.770] [Render thread/WARN] [tacz/]: playwrights_gunpack:rifle_assult_peacock_pillaged_display display init read fail!
java.lang.IllegalArgumentException: animation not found: create_armorer:rifle_assult_crane
	at com.tacz.guns.client.resource.GunDisplayInstance.checkAnimation(GunDisplayInstance.java:196) ~[timeless-and-classics-zero-1028108-6654541_mapped_official_1.20.1.jar:1.1.6-hotfix]
	at com.tacz.guns.client.resource.GunDisplayInstance.<init>(GunDisplayInstance.java:83) ~[timeless-and-classics-zero-1028108-6654541_mapped_official_1.20.1.jar:1.1.6-hotfix]
	at com.tacz.guns.client.resource.GunDisplayInstance.create(GunDisplayInstance.java:101) ~[timeless-and-classics-zero-1028108-6654541_mapped_official_1.20.1.jar:1.1.6-hotfix]
	at com.tacz.guns.client.resource.ClientIndexManager.lambda$loadGunDisplay$0(ClientIndexManager.java:60) ~[timeless-and-classics-zero-1028108-6654541_mapped_official_1.20.1.jar:1.1.6-hotfix]
	at java.util.HashMap$EntrySet.forEach(HashMap.java:1126) ~[?:?]
	at com.tacz.guns.client.resource.ClientIndexManager.loadGunDisplay(ClientIndexManager.java:58) ~[timeless-and-classics-zero-1028108-6654541_mapped_official_1.20.1.jar:1.1.6-hotfix]
	at com.tacz.guns.client.resource.ClientIndexManager.reload(ClientIndexManager.java:42) ~[timeless-and-classics-zero-1028108-6654541_mapped_official_1.20.1.jar:1.1.6-hotfix]
	at com.tacz.guns.network.message.ServerMessageSyncGunPack.doSync(ServerMessageSyncGunPack.java:53) ~[timeless-and-classics-zero-1028108-6654541_mapped_official_1.20.1.jar:1.1.6-hotfix]
	at com.tacz.guns.network.message.ServerMessageSyncGunPack.lambda$handle$3(ServerMessageSyncGunPack.java:39) ~[timeless-and-classics-zero-1028108-6654541_mapped_official_1.20.1.jar:1.1.6-hotfix]
	at net.minecraft.util.thread.BlockableEventLoop.lambda$submitAsync$0(BlockableEventLoop.java:58) ~[forge-1.20.1-47.4.0_mapped_official_1.20.1-recomp.jar:?]
	at java.util.concurrent.CompletableFuture$AsyncSupply.run(CompletableFuture.java:1768) ~[?:?]
	at net.minecraft.util.thread.BlockableEventLoop.doRunTask(BlockableEventLoop.java:143) ~[forge-1.20.1-47.4.0_mapped_official_1.20.1-recomp.jar:?]
	at net.minecraft.util.thread.ReentrantBlockableEventLoop.doRunTask(ReentrantBlockableEventLoop.java:22) ~[forge-1.20.1-47.4.0_mapped_official_1.20.1-recomp.jar:?]
	at net.minecraft.util.thread.BlockableEventLoop.pollTask(BlockableEventLoop.java:116) ~[forge-1.20.1-47.4.0_mapped_official_1.20.1-recomp.jar:?]
	at net.minecraft.util.thread.BlockableEventLoop.runAllTasks(BlockableEventLoop.java:104) ~[forge-1.20.1-47.4.0_mapped_official_1.20.1-recomp.jar:?]
	at net.minecraft.client.Minecraft.runTick(Minecraft.java:1106) ~[forge-1.20.1-47.4.0_mapped_official_1.20.1-recomp.jar:?]
	at net.minecraft.client.Minecraft.run(Minecraft.java:718) ~[forge-1.20.1-47.4.0_mapped_official_1.20.1-recomp.jar:?]
	at net.minecraft.client.main.Main.main(Main.java:218) ~[forge-1.20.1-47.4.0_mapped_official_1.20.1-recomp.jar:?]
	at jdk.internal.reflect.NativeMethodAccessorImpl.invoke0(Native Method) ~[?:?]
	at jdk.internal.reflect.NativeMethodAccessorImpl.invoke(NativeMethodAccessorImpl.java:77) ~[?:?]
	at jdk.internal.reflect.DelegatingMethodAccessorImpl.invoke(DelegatingMethodAccessorImpl.java:43) ~[?:?]
	at java.lang.reflect.Method.invoke(Method.java:569) ~[?:?]
	at net.minecraftforge.fml.loading.targets.CommonLaunchHandler.runTarget(CommonLaunchHandler.java:111) ~[fmlloader-1.20.1-47.4.0.jar:?]
	at net.minecraftforge.fml.loading.targets.CommonLaunchHandler.clientService(CommonLaunchHandler.java:99) ~[fmlloader-1.20.1-47.4.0.jar:?]
	at net.minecraftforge.fml.loading.targets.ForgeClientUserdevLaunchHandler.devService(ForgeClientUserdevLaunchHandler.java:19) ~[fmlloader-1.20.1-47.4.0.jar:?]
	at net.minecraftforge.fml.loading.targets.CommonDevLaunchHandler.lambda$makeService$7(CommonDevLaunchHandler.java:135) ~[fmlloader-1.20.1-47.4.0.jar:?]
	at cpw.mods.modlauncher.LaunchServiceHandlerDecorator.launch(LaunchServiceHandlerDecorator.java:30) ~[modlauncher-10.0.9.jar:?]
	at cpw.mods.modlauncher.LaunchServiceHandler.launch(LaunchServiceHandler.java:53) ~[modlauncher-10.0.9.jar:?]
	at cpw.mods.modlauncher.LaunchServiceHandler.launch(LaunchServiceHandler.java:71) ~[modlauncher-10.0.9.jar:?]
	at cpw.mods.modlauncher.Launcher.run(Launcher.java:108) ~[modlauncher-10.0.9.jar:?]
	at cpw.mods.modlauncher.Launcher.main(Launcher.java:78) ~[modlauncher-10.0.9.jar:?]
	at cpw.mods.modlauncher.BootstrapLaunchConsumer.accept(BootstrapLaunchConsumer.java:26) ~[modlauncher-10.0.9.jar:?]
	at cpw.mods.modlauncher.BootstrapLaunchConsumer.accept(BootstrapLaunchConsumer.java:23) ~[modlauncher-10.0.9.jar:?]
	at cpw.mods.bootstraplauncher.BootstrapLauncher.main(BootstrapLauncher.java:141) ~[bootstraplauncher-1.1.2.jar:?]
[12Apr2026 16:47:47.785] [Render thread/WARN] [tacz/]: playwrights_gunpack:shotgun_db_rock_pillaged_display display init read fail!
java.lang.IllegalArgumentException: animation not found: create_armorer:shotgun_db_stone
	at com.tacz.guns.client.resource.GunDisplayInstance.checkAnimation(GunDisplayInstance.java:196) ~[timeless-and-classics-zero-1028108-6654541_mapped_official_1.20.1.jar:1.1.6-hotfix]
	at com.tacz.guns.client.resource.GunDisplayInstance.<init>(GunDisplayInstance.java:83) ~[timeless-and-classics-zero-1028108-6654541_mapped_official_1.20.1.jar:1.1.6-hotfix]
	at com.tacz.guns.client.resource.GunDisplayInstance.create(GunDisplayInstance.java:101) ~[timeless-and-classics-zero-1028108-6654541_mapped_official_1.20.1.jar:1.1.6-hotfix]
	at com.tacz.guns.client.resource.ClientIndexManager.lambda$loadGunDisplay$0(ClientIndexManager.java:60) ~[timeless-and-classics-zero-1028108-6654541_mapped_official_1.20.1.jar:1.1.6-hotfix]
	at java.util.HashMap$EntrySet.forEach(HashMap.java:1126) ~[?:?]
	at com.tacz.guns.client.resource.ClientIndexManager.loadGunDisplay(ClientIndexManager.java:58) ~[timeless-and-classics-zero-1028108-6654541_mapped_official_1.20.1.jar:1.1.6-hotfix]
	at com.tacz.guns.client.resource.ClientIndexManager.reload(ClientIndexManager.java:42) ~[timeless-and-classics-zero-1028108-6654541_mapped_official_1.20.1.jar:1.1.6-hotfix]
	at com.tacz.guns.network.message.ServerMessageSyncGunPack.doSync(ServerMessageSyncGunPack.java:53) ~[timeless-and-classics-zero-1028108-6654541_mapped_official_1.20.1.jar:1.1.6-hotfix]
	at com.tacz.guns.network.message.ServerMessageSyncGunPack.lambda$handle$3(ServerMessageSyncGunPack.java:39) ~[timeless-and-classics-zero-1028108-6654541_mapped_official_1.20.1.jar:1.1.6-hotfix]
	at net.minecraft.util.thread.BlockableEventLoop.lambda$submitAsync$0(BlockableEventLoop.java:58) ~[forge-1.20.1-47.4.0_mapped_official_1.20.1-recomp.jar:?]
	at java.util.concurrent.CompletableFuture$AsyncSupply.run(CompletableFuture.java:1768) ~[?:?]
	at net.minecraft.util.thread.BlockableEventLoop.doRunTask(BlockableEventLoop.java:143) ~[forge-1.20.1-47.4.0_mapped_official_1.20.1-recomp.jar:?]
	at net.minecraft.util.thread.ReentrantBlockableEventLoop.doRunTask(ReentrantBlockableEventLoop.java:22) ~[forge-1.20.1-47.4.0_mapped_official_1.20.1-recomp.jar:?]
	at net.minecraft.util.thread.BlockableEventLoop.pollTask(BlockableEventLoop.java:116) ~[forge-1.20.1-47.4.0_mapped_official_1.20.1-recomp.jar:?]
	at net.minecraft.util.thread.BlockableEventLoop.runAllTasks(BlockableEventLoop.java:104) ~[forge-1.20.1-47.4.0_mapped_official_1.20.1-recomp.jar:?]
	at net.minecraft.client.Minecraft.runTick(Minecraft.java:1106) ~[forge-1.20.1-47.4.0_mapped_official_1.20.1-recomp.jar:?]
	at net.minecraft.client.Minecraft.run(Minecraft.java:718) ~[forge-1.20.1-47.4.0_mapped_official_1.20.1-recomp.jar:?]
	at net.minecraft.client.main.Main.main(Main.java:218) ~[forge-1.20.1-47.4.0_mapped_official_1.20.1-recomp.jar:?]
	at jdk.internal.reflect.NativeMethodAccessorImpl.invoke0(Native Method) ~[?:?]
	at jdk.internal.reflect.NativeMethodAccessorImpl.invoke(NativeMethodAccessorImpl.java:77) ~[?:?]
	at jdk.internal.reflect.DelegatingMethodAccessorImpl.invoke(DelegatingMethodAccessorImpl.java:43) ~[?:?]
	at java.lang.reflect.Method.invoke(Method.java:569) ~[?:?]
	at net.minecraftforge.fml.loading.targets.CommonLaunchHandler.runTarget(CommonLaunchHandler.java:111) ~[fmlloader-1.20.1-47.4.0.jar:?]
	at net.minecraftforge.fml.loading.targets.CommonLaunchHandler.clientService(CommonLaunchHandler.java:99) ~[fmlloader-1.20.1-47.4.0.jar:?]
	at net.minecraftforge.fml.loading.targets.ForgeClientUserdevLaunchHandler.devService(ForgeClientUserdevLaunchHandler.java:19) ~[fmlloader-1.20.1-47.4.0.jar:?]
	at net.minecraftforge.fml.loading.targets.CommonDevLaunchHandler.lambda$makeService$7(CommonDevLaunchHandler.java:135) ~[fmlloader-1.20.1-47.4.0.jar:?]
	at cpw.mods.modlauncher.LaunchServiceHandlerDecorator.launch(LaunchServiceHandlerDecorator.java:30) ~[modlauncher-10.0.9.jar:?]
	at cpw.mods.modlauncher.LaunchServiceHandler.launch(LaunchServiceHandler.java:53) ~[modlauncher-10.0.9.jar:?]
	at cpw.mods.modlauncher.LaunchServiceHandler.launch(LaunchServiceHandler.java:71) ~[modlauncher-10.0.9.jar:?]
	at cpw.mods.modlauncher.Launcher.run(Launcher.java:108) ~[modlauncher-10.0.9.jar:?]
	at cpw.mods.modlauncher.Launcher.main(Launcher.java:78) ~[modlauncher-10.0.9.jar:?]
	at cpw.mods.modlauncher.BootstrapLaunchConsumer.accept(BootstrapLaunchConsumer.java:26) ~[modlauncher-10.0.9.jar:?]
	at cpw.mods.modlauncher.BootstrapLaunchConsumer.accept(BootstrapLaunchConsumer.java:23) ~[modlauncher-10.0.9.jar:?]
	at cpw.mods.bootstraplauncher.BootstrapLauncher.main(BootstrapLauncher.java:141) ~[bootstraplauncher-1.1.2.jar:?]
[12Apr2026 16:47:47.825] [Render thread/WARN] [tacz/]: playwrights_gunpack:pistol_revolver_whirly_display display init read fail!
java.lang.IllegalArgumentException: animation not found: create_armorer:pistol_revolver_torque
	at com.tacz.guns.client.resource.GunDisplayInstance.checkAnimation(GunDisplayInstance.java:196) ~[timeless-and-classics-zero-1028108-6654541_mapped_official_1.20.1.jar:1.1.6-hotfix]
	at com.tacz.guns.client.resource.GunDisplayInstance.<init>(GunDisplayInstance.java:83) ~[timeless-and-classics-zero-1028108-6654541_mapped_official_1.20.1.jar:1.1.6-hotfix]
	at com.tacz.guns.client.resource.GunDisplayInstance.create(GunDisplayInstance.java:101) ~[timeless-and-classics-zero-1028108-6654541_mapped_official_1.20.1.jar:1.1.6-hotfix]
	at com.tacz.guns.client.resource.ClientIndexManager.lambda$loadGunDisplay$0(ClientIndexManager.java:60) ~[timeless-and-classics-zero-1028108-6654541_mapped_official_1.20.1.jar:1.1.6-hotfix]
	at java.util.HashMap$EntrySet.forEach(HashMap.java:1126) ~[?:?]
	at com.tacz.guns.client.resource.ClientIndexManager.loadGunDisplay(ClientIndexManager.java:58) ~[timeless-and-classics-zero-1028108-6654541_mapped_official_1.20.1.jar:1.1.6-hotfix]
	at com.tacz.guns.client.resource.ClientIndexManager.reload(ClientIndexManager.java:42) ~[timeless-and-classics-zero-1028108-6654541_mapped_official_1.20.1.jar:1.1.6-hotfix]
	at com.tacz.guns.network.message.ServerMessageSyncGunPack.doSync(ServerMessageSyncGunPack.java:53) ~[timeless-and-classics-zero-1028108-6654541_mapped_official_1.20.1.jar:1.1.6-hotfix]
	at com.tacz.guns.network.message.ServerMessageSyncGunPack.lambda$handle$3(ServerMessageSyncGunPack.java:39) ~[timeless-and-classics-zero-1028108-6654541_mapped_official_1.20.1.jar:1.1.6-hotfix]
	at net.minecraft.util.thread.BlockableEventLoop.lambda$submitAsync$0(BlockableEventLoop.java:58) ~[forge-1.20.1-47.4.0_mapped_official_1.20.1-recomp.jar:?]
	at java.util.concurrent.CompletableFuture$AsyncSupply.run(CompletableFuture.java:1768) ~[?:?]
	at net.minecraft.util.thread.BlockableEventLoop.doRunTask(BlockableEventLoop.java:143) ~[forge-1.20.1-47.4.0_mapped_official_1.20.1-recomp.jar:?]
	at net.minecraft.util.thread.ReentrantBlockableEventLoop.doRunTask(ReentrantBlockableEventLoop.java:22) ~[forge-1.20.1-47.4.0_mapped_official_1.20.1-recomp.jar:?]
	at net.minecraft.util.thread.BlockableEventLoop.pollTask(BlockableEventLoop.java:116) ~[forge-1.20.1-47.4.0_mapped_official_1.20.1-recomp.jar:?]
	at net.minecraft.util.thread.BlockableEventLoop.runAllTasks(BlockableEventLoop.java:104) ~[forge-1.20.1-47.4.0_mapped_official_1.20.1-recomp.jar:?]
	at net.minecraft.client.Minecraft.runTick(Minecraft.java:1106) ~[forge-1.20.1-47.4.0_mapped_official_1.20.1-recomp.jar:?]
	at net.minecraft.client.Minecraft.run(Minecraft.java:718) ~[forge-1.20.1-47.4.0_mapped_official_1.20.1-recomp.jar:?]
	at net.minecraft.client.main.Main.main(Main.java:218) ~[forge-1.20.1-47.4.0_mapped_official_1.20.1-recomp.jar:?]
	at jdk.internal.reflect.NativeMethodAccessorImpl.invoke0(Native Method) ~[?:?]
	at jdk.internal.reflect.NativeMethodAccessorImpl.invoke(NativeMethodAccessorImpl.java:77) ~[?:?]
	at jdk.internal.reflect.DelegatingMethodAccessorImpl.invoke(DelegatingMethodAccessorImpl.java:43) ~[?:?]
	at java.lang.reflect.Method.invoke(Method.java:569) ~[?:?]
	at net.minecraftforge.fml.loading.targets.CommonLaunchHandler.runTarget(CommonLaunchHandler.java:111) ~[fmlloader-1.20.1-47.4.0.jar:?]
	at net.minecraftforge.fml.loading.targets.CommonLaunchHandler.clientService(CommonLaunchHandler.java:99) ~[fmlloader-1.20.1-47.4.0.jar:?]
	at net.minecraftforge.fml.loading.targets.ForgeClientUserdevLaunchHandler.devService(ForgeClientUserdevLaunchHandler.java:19) ~[fmlloader-1.20.1-47.4.0.jar:?]
	at net.minecraftforge.fml.loading.targets.CommonDevLaunchHandler.lambda$makeService$7(CommonDevLaunchHandler.java:135) ~[fmlloader-1.20.1-47.4.0.jar:?]
	at cpw.mods.modlauncher.LaunchServiceHandlerDecorator.launch(LaunchServiceHandlerDecorator.java:30) ~[modlauncher-10.0.9.jar:?]
	at cpw.mods.modlauncher.LaunchServiceHandler.launch(LaunchServiceHandler.java:53) ~[modlauncher-10.0.9.jar:?]
	at cpw.mods.modlauncher.LaunchServiceHandler.launch(LaunchServiceHandler.java:71) ~[modlauncher-10.0.9.jar:?]
	at cpw.mods.modlauncher.Launcher.run(Launcher.java:108) ~[modlauncher-10.0.9.jar:?]
	at cpw.mods.modlauncher.Launcher.main(Launcher.java:78) ~[modlauncher-10.0.9.jar:?]
	at cpw.mods.modlauncher.BootstrapLaunchConsumer.accept(BootstrapLaunchConsumer.java:26) ~[modlauncher-10.0.9.jar:?]
	at cpw.mods.modlauncher.BootstrapLaunchConsumer.accept(BootstrapLaunchConsumer.java:23) ~[modlauncher-10.0.9.jar:?]
	at cpw.mods.bootstraplauncher.BootstrapLauncher.main(BootstrapLauncher.java:141) ~[bootstraplauncher-1.1.2.jar:?]
[12Apr2026 16:47:47.828] [Render thread/WARN] [tacz/]: playwrights_gunpack:pistol_revolver_whirly_pillaged_display display init read fail!
java.lang.IllegalArgumentException: animation not found: create_armorer:pistol_revolver_torque
	at com.tacz.guns.client.resource.GunDisplayInstance.checkAnimation(GunDisplayInstance.java:196) ~[timeless-and-classics-zero-1028108-6654541_mapped_official_1.20.1.jar:1.1.6-hotfix]
	at com.tacz.guns.client.resource.GunDisplayInstance.<init>(GunDisplayInstance.java:83) ~[timeless-and-classics-zero-1028108-6654541_mapped_official_1.20.1.jar:1.1.6-hotfix]
	at com.tacz.guns.client.resource.GunDisplayInstance.create(GunDisplayInstance.java:101) ~[timeless-and-classics-zero-1028108-6654541_mapped_official_1.20.1.jar:1.1.6-hotfix]
	at com.tacz.guns.client.resource.ClientIndexManager.lambda$loadGunDisplay$0(ClientIndexManager.java:60) ~[timeless-and-classics-zero-1028108-6654541_mapped_official_1.20.1.jar:1.1.6-hotfix]
	at java.util.HashMap$EntrySet.forEach(HashMap.java:1126) ~[?:?]
	at com.tacz.guns.client.resource.ClientIndexManager.loadGunDisplay(ClientIndexManager.java:58) ~[timeless-and-classics-zero-1028108-6654541_mapped_official_1.20.1.jar:1.1.6-hotfix]
	at com.tacz.guns.client.resource.ClientIndexManager.reload(ClientIndexManager.java:42) ~[timeless-and-classics-zero-1028108-6654541_mapped_official_1.20.1.jar:1.1.6-hotfix]
	at com.tacz.guns.network.message.ServerMessageSyncGunPack.doSync(ServerMessageSyncGunPack.java:53) ~[timeless-and-classics-zero-1028108-6654541_mapped_official_1.20.1.jar:1.1.6-hotfix]
	at com.tacz.guns.network.message.ServerMessageSyncGunPack.lambda$handle$3(ServerMessageSyncGunPack.java:39) ~[timeless-and-classics-zero-1028108-6654541_mapped_official_1.20.1.jar:1.1.6-hotfix]
	at net.minecraft.util.thread.BlockableEventLoop.lambda$submitAsync$0(BlockableEventLoop.java:58) ~[forge-1.20.1-47.4.0_mapped_official_1.20.1-recomp.jar:?]
	at java.util.concurrent.CompletableFuture$AsyncSupply.run(CompletableFuture.java:1768) ~[?:?]
	at net.minecraft.util.thread.BlockableEventLoop.doRunTask(BlockableEventLoop.java:143) ~[forge-1.20.1-47.4.0_mapped_official_1.20.1-recomp.jar:?]
	at net.minecraft.util.thread.ReentrantBlockableEventLoop.doRunTask(ReentrantBlockableEventLoop.java:22) ~[forge-1.20.1-47.4.0_mapped_official_1.20.1-recomp.jar:?]
	at net.minecraft.util.thread.BlockableEventLoop.pollTask(BlockableEventLoop.java:116) ~[forge-1.20.1-47.4.0_mapped_official_1.20.1-recomp.jar:?]
	at net.minecraft.util.thread.BlockableEventLoop.runAllTasks(BlockableEventLoop.java:104) ~[forge-1.20.1-47.4.0_mapped_official_1.20.1-recomp.jar:?]
	at net.minecraft.client.Minecraft.runTick(Minecraft.java:1106) ~[forge-1.20.1-47.4.0_mapped_official_1.20.1-recomp.jar:?]
	at net.minecraft.client.Minecraft.run(Minecraft.java:718) ~[forge-1.20.1-47.4.0_mapped_official_1.20.1-recomp.jar:?]
	at net.minecraft.client.main.Main.main(Main.java:218) ~[forge-1.20.1-47.4.0_mapped_official_1.20.1-recomp.jar:?]
	at jdk.internal.reflect.NativeMethodAccessorImpl.invoke0(Native Method) ~[?:?]
	at jdk.internal.reflect.NativeMethodAccessorImpl.invoke(NativeMethodAccessorImpl.java:77) ~[?:?]
	at jdk.internal.reflect.DelegatingMethodAccessorImpl.invoke(DelegatingMethodAccessorImpl.java:43) ~[?:?]
	at java.lang.reflect.Method.invoke(Method.java:569) ~[?:?]
	at net.minecraftforge.fml.loading.targets.CommonLaunchHandler.runTarget(CommonLaunchHandler.java:111) ~[fmlloader-1.20.1-47.4.0.jar:?]
	at net.minecraftforge.fml.loading.targets.CommonLaunchHandler.clientService(CommonLaunchHandler.java:99) ~[fmlloader-1.20.1-47.4.0.jar:?]
	at net.minecraftforge.fml.loading.targets.ForgeClientUserdevLaunchHandler.devService(ForgeClientUserdevLaunchHandler.java:19) ~[fmlloader-1.20.1-47.4.0.jar:?]
	at net.minecraftforge.fml.loading.targets.CommonDevLaunchHandler.lambda$makeService$7(CommonDevLaunchHandler.java:135) ~[fmlloader-1.20.1-47.4.0.jar:?]
	at cpw.mods.modlauncher.LaunchServiceHandlerDecorator.launch(LaunchServiceHandlerDecorator.java:30) ~[modlauncher-10.0.9.jar:?]
	at cpw.mods.modlauncher.LaunchServiceHandler.launch(LaunchServiceHandler.java:53) ~[modlauncher-10.0.9.jar:?]
	at cpw.mods.modlauncher.LaunchServiceHandler.launch(LaunchServiceHandler.java:71) ~[modlauncher-10.0.9.jar:?]
	at cpw.mods.modlauncher.Launcher.run(Launcher.java:108) ~[modlauncher-10.0.9.jar:?]
	at cpw.mods.modlauncher.Launcher.main(Launcher.java:78) ~[modlauncher-10.0.9.jar:?]
	at cpw.mods.modlauncher.BootstrapLaunchConsumer.accept(BootstrapLaunchConsumer.java:26) ~[modlauncher-10.0.9.jar:?]
	at cpw.mods.modlauncher.BootstrapLaunchConsumer.accept(BootstrapLaunchConsumer.java:23) ~[modlauncher-10.0.9.jar:?]
	at cpw.mods.bootstraplauncher.BootstrapLauncher.main(BootstrapLauncher.java:141) ~[bootstraplauncher-1.1.2.jar:?]
[12Apr2026 16:47:47.883] [Render thread/WARN] [tacz/]: playwrights_gunpack:pistol_revolver_whirly_pillaged index file read fail!
java.lang.IllegalArgumentException: animation not found: create_armorer:pistol_revolver_torque
	at com.tacz.guns.client.resource.GunDisplayInstance.checkAnimation(GunDisplayInstance.java:196) ~[timeless-and-classics-zero-1028108-6654541_mapped_official_1.20.1.jar:1.1.6-hotfix]
	at com.tacz.guns.client.resource.GunDisplayInstance.<init>(GunDisplayInstance.java:83) ~[timeless-and-classics-zero-1028108-6654541_mapped_official_1.20.1.jar:1.1.6-hotfix]
	at com.tacz.guns.client.resource.GunDisplayInstance.create(GunDisplayInstance.java:101) ~[timeless-and-classics-zero-1028108-6654541_mapped_official_1.20.1.jar:1.1.6-hotfix]
	at com.tacz.guns.client.resource.index.ClientGunIndex.getInstance(ClientGunIndex.java:34) ~[timeless-and-classics-zero-1028108-6654541_mapped_official_1.20.1.jar:1.1.6-hotfix]
	at com.tacz.guns.client.resource.ClientIndexManager.lambda$loadGunIndex$1(ClientIndexManager.java:72) ~[timeless-and-classics-zero-1028108-6654541_mapped_official_1.20.1.jar:1.1.6-hotfix]
	at java.util.HashMap$EntrySet.forEach(HashMap.java:1126) ~[?:?]
	at com.tacz.guns.client.resource.ClientIndexManager.loadGunIndex(ClientIndexManager.java:68) ~[timeless-and-classics-zero-1028108-6654541_mapped_official_1.20.1.jar:1.1.6-hotfix]
	at com.tacz.guns.client.resource.ClientIndexManager.reload(ClientIndexManager.java:43) ~[timeless-and-classics-zero-1028108-6654541_mapped_official_1.20.1.jar:1.1.6-hotfix]
	at com.tacz.guns.network.message.ServerMessageSyncGunPack.doSync(ServerMessageSyncGunPack.java:53) ~[timeless-and-classics-zero-1028108-6654541_mapped_official_1.20.1.jar:1.1.6-hotfix]
	at com.tacz.guns.network.message.ServerMessageSyncGunPack.lambda$handle$3(ServerMessageSyncGunPack.java:39) ~[timeless-and-classics-zero-1028108-6654541_mapped_official_1.20.1.jar:1.1.6-hotfix]
	at net.minecraft.util.thread.BlockableEventLoop.lambda$submitAsync$0(BlockableEventLoop.java:58) ~[forge-1.20.1-47.4.0_mapped_official_1.20.1-recomp.jar:?]
	at java.util.concurrent.CompletableFuture$AsyncSupply.run(CompletableFuture.java:1768) ~[?:?]
	at net.minecraft.util.thread.BlockableEventLoop.doRunTask(BlockableEventLoop.java:143) ~[forge-1.20.1-47.4.0_mapped_official_1.20.1-recomp.jar:?]
	at net.minecraft.util.thread.ReentrantBlockableEventLoop.doRunTask(ReentrantBlockableEventLoop.java:22) ~[forge-1.20.1-47.4.0_mapped_official_1.20.1-recomp.jar:?]
	at net.minecraft.util.thread.BlockableEventLoop.pollTask(BlockableEventLoop.java:116) ~[forge-1.20.1-47.4.0_mapped_official_1.20.1-recomp.jar:?]
	at net.minecraft.util.thread.BlockableEventLoop.runAllTasks(BlockableEventLoop.java:104) ~[forge-1.20.1-47.4.0_mapped_official_1.20.1-recomp.jar:?]
	at net.minecraft.client.Minecraft.runTick(Minecraft.java:1106) ~[forge-1.20.1-47.4.0_mapped_official_1.20.1-recomp.jar:?]
	at net.minecraft.client.Minecraft.run(Minecraft.java:718) ~[forge-1.20.1-47.4.0_mapped_official_1.20.1-recomp.jar:?]
	at net.minecraft.client.main.Main.main(Main.java:218) ~[forge-1.20.1-47.4.0_mapped_official_1.20.1-recomp.jar:?]
	at jdk.internal.reflect.NativeMethodAccessorImpl.invoke0(Native Method) ~[?:?]
	at jdk.internal.reflect.NativeMethodAccessorImpl.invoke(NativeMethodAccessorImpl.java:77) ~[?:?]
	at jdk.internal.reflect.DelegatingMethodAccessorImpl.invoke(DelegatingMethodAccessorImpl.java:43) ~[?:?]
	at java.lang.reflect.Method.invoke(Method.java:569) ~[?:?]
	at net.minecraftforge.fml.loading.targets.CommonLaunchHandler.runTarget(CommonLaunchHandler.java:111) ~[fmlloader-1.20.1-47.4.0.jar:?]
	at net.minecraftforge.fml.loading.targets.CommonLaunchHandler.clientService(CommonLaunchHandler.java:99) ~[fmlloader-1.20.1-47.4.0.jar:?]
	at net.minecraftforge.fml.loading.targets.ForgeClientUserdevLaunchHandler.devService(ForgeClientUserdevLaunchHandler.java:19) ~[fmlloader-1.20.1-47.4.0.jar:?]
	at net.minecraftforge.fml.loading.targets.CommonDevLaunchHandler.lambda$makeService$7(CommonDevLaunchHandler.java:135) ~[fmlloader-1.20.1-47.4.0.jar:?]
	at cpw.mods.modlauncher.LaunchServiceHandlerDecorator.launch(LaunchServiceHandlerDecorator.java:30) ~[modlauncher-10.0.9.jar:?]
	at cpw.mods.modlauncher.LaunchServiceHandler.launch(LaunchServiceHandler.java:53) ~[modlauncher-10.0.9.jar:?]
	at cpw.mods.modlauncher.LaunchServiceHandler.launch(LaunchServiceHandler.java:71) ~[modlauncher-10.0.9.jar:?]
	at cpw.mods.modlauncher.Launcher.run(Launcher.java:108) ~[modlauncher-10.0.9.jar:?]
	at cpw.mods.modlauncher.Launcher.main(Launcher.java:78) ~[modlauncher-10.0.9.jar:?]
	at cpw.mods.modlauncher.BootstrapLaunchConsumer.accept(BootstrapLaunchConsumer.java:26) ~[modlauncher-10.0.9.jar:?]
	at cpw.mods.modlauncher.BootstrapLaunchConsumer.accept(BootstrapLaunchConsumer.java:23) ~[modlauncher-10.0.9.jar:?]
	at cpw.mods.bootstraplauncher.BootstrapLauncher.main(BootstrapLauncher.java:141) ~[bootstraplauncher-1.1.2.jar:?]
[12Apr2026 16:47:47.897] [Render thread/WARN] [tacz/]: playwrights_gunpack:rifle_assult_peacock index file read fail!
java.lang.IllegalArgumentException: animation not found: create_armorer:rifle_assult_crane
	at com.tacz.guns.client.resource.GunDisplayInstance.checkAnimation(GunDisplayInstance.java:196) ~[timeless-and-classics-zero-1028108-6654541_mapped_official_1.20.1.jar:1.1.6-hotfix]
	at com.tacz.guns.client.resource.GunDisplayInstance.<init>(GunDisplayInstance.java:83) ~[timeless-and-classics-zero-1028108-6654541_mapped_official_1.20.1.jar:1.1.6-hotfix]
	at com.tacz.guns.client.resource.GunDisplayInstance.create(GunDisplayInstance.java:101) ~[timeless-and-classics-zero-1028108-6654541_mapped_official_1.20.1.jar:1.1.6-hotfix]
	at com.tacz.guns.client.resource.index.ClientGunIndex.getInstance(ClientGunIndex.java:34) ~[timeless-and-classics-zero-1028108-6654541_mapped_official_1.20.1.jar:1.1.6-hotfix]
	at com.tacz.guns.client.resource.ClientIndexManager.lambda$loadGunIndex$1(ClientIndexManager.java:72) ~[timeless-and-classics-zero-1028108-6654541_mapped_official_1.20.1.jar:1.1.6-hotfix]
	at java.util.HashMap$EntrySet.forEach(HashMap.java:1126) ~[?:?]
	at com.tacz.guns.client.resource.ClientIndexManager.loadGunIndex(ClientIndexManager.java:68) ~[timeless-and-classics-zero-1028108-6654541_mapped_official_1.20.1.jar:1.1.6-hotfix]
	at com.tacz.guns.client.resource.ClientIndexManager.reload(ClientIndexManager.java:43) ~[timeless-and-classics-zero-1028108-6654541_mapped_official_1.20.1.jar:1.1.6-hotfix]
	at com.tacz.guns.network.message.ServerMessageSyncGunPack.doSync(ServerMessageSyncGunPack.java:53) ~[timeless-and-classics-zero-1028108-6654541_mapped_official_1.20.1.jar:1.1.6-hotfix]
	at com.tacz.guns.network.message.ServerMessageSyncGunPack.lambda$handle$3(ServerMessageSyncGunPack.java:39) ~[timeless-and-classics-zero-1028108-6654541_mapped_official_1.20.1.jar:1.1.6-hotfix]
	at net.minecraft.util.thread.BlockableEventLoop.lambda$submitAsync$0(BlockableEventLoop.java:58) ~[forge-1.20.1-47.4.0_mapped_official_1.20.1-recomp.jar:?]
	at java.util.concurrent.CompletableFuture$AsyncSupply.run(CompletableFuture.java:1768) ~[?:?]
	at net.minecraft.util.thread.BlockableEventLoop.doRunTask(BlockableEventLoop.java:143) ~[forge-1.20.1-47.4.0_mapped_official_1.20.1-recomp.jar:?]
	at net.minecraft.util.thread.ReentrantBlockableEventLoop.doRunTask(ReentrantBlockableEventLoop.java:22) ~[forge-1.20.1-47.4.0_mapped_official_1.20.1-recomp.jar:?]
	at net.minecraft.util.thread.BlockableEventLoop.pollTask(BlockableEventLoop.java:116) ~[forge-1.20.1-47.4.0_mapped_official_1.20.1-recomp.jar:?]
	at net.minecraft.util.thread.BlockableEventLoop.runAllTasks(BlockableEventLoop.java:104) ~[forge-1.20.1-47.4.0_mapped_official_1.20.1-recomp.jar:?]
	at net.minecraft.client.Minecraft.runTick(Minecraft.java:1106) ~[forge-1.20.1-47.4.0_mapped_official_1.20.1-recomp.jar:?]
	at net.minecraft.client.Minecraft.run(Minecraft.java:718) ~[forge-1.20.1-47.4.0_mapped_official_1.20.1-recomp.jar:?]
	at net.minecraft.client.main.Main.main(Main.java:218) ~[forge-1.20.1-47.4.0_mapped_official_1.20.1-recomp.jar:?]
	at jdk.internal.reflect.NativeMethodAccessorImpl.invoke0(Native Method) ~[?:?]
	at jdk.internal.reflect.NativeMethodAccessorImpl.invoke(NativeMethodAccessorImpl.java:77) ~[?:?]
	at jdk.internal.reflect.DelegatingMethodAccessorImpl.invoke(DelegatingMethodAccessorImpl.java:43) ~[?:?]
	at java.lang.reflect.Method.invoke(Method.java:569) ~[?:?]
	at net.minecraftforge.fml.loading.targets.CommonLaunchHandler.runTarget(CommonLaunchHandler.java:111) ~[fmlloader-1.20.1-47.4.0.jar:?]
	at net.minecraftforge.fml.loading.targets.CommonLaunchHandler.clientService(CommonLaunchHandler.java:99) ~[fmlloader-1.20.1-47.4.0.jar:?]
	at net.minecraftforge.fml.loading.targets.ForgeClientUserdevLaunchHandler.devService(ForgeClientUserdevLaunchHandler.java:19) ~[fmlloader-1.20.1-47.4.0.jar:?]
	at net.minecraftforge.fml.loading.targets.CommonDevLaunchHandler.lambda$makeService$7(CommonDevLaunchHandler.java:135) ~[fmlloader-1.20.1-47.4.0.jar:?]
	at cpw.mods.modlauncher.LaunchServiceHandlerDecorator.launch(LaunchServiceHandlerDecorator.java:30) ~[modlauncher-10.0.9.jar:?]
	at cpw.mods.modlauncher.LaunchServiceHandler.launch(LaunchServiceHandler.java:53) ~[modlauncher-10.0.9.jar:?]
	at cpw.mods.modlauncher.LaunchServiceHandler.launch(LaunchServiceHandler.java:71) ~[modlauncher-10.0.9.jar:?]
	at cpw.mods.modlauncher.Launcher.run(Launcher.java:108) ~[modlauncher-10.0.9.jar:?]
	at cpw.mods.modlauncher.Launcher.main(Launcher.java:78) ~[modlauncher-10.0.9.jar:?]
	at cpw.mods.modlauncher.BootstrapLaunchConsumer.accept(BootstrapLaunchConsumer.java:26) ~[modlauncher-10.0.9.jar:?]
	at cpw.mods.modlauncher.BootstrapLaunchConsumer.accept(BootstrapLaunchConsumer.java:23) ~[modlauncher-10.0.9.jar:?]
	at cpw.mods.bootstraplauncher.BootstrapLauncher.main(BootstrapLauncher.java:141) ~[bootstraplauncher-1.1.2.jar:?]
[12Apr2026 16:47:47.901] [Render thread/WARN] [tacz/]: playwrights_gunpack:pistol_revolver_whirly index file read fail!
java.lang.IllegalArgumentException: animation not found: create_armorer:pistol_revolver_torque
	at com.tacz.guns.client.resource.GunDisplayInstance.checkAnimation(GunDisplayInstance.java:196) ~[timeless-and-classics-zero-1028108-6654541_mapped_official_1.20.1.jar:1.1.6-hotfix]
	at com.tacz.guns.client.resource.GunDisplayInstance.<init>(GunDisplayInstance.java:83) ~[timeless-and-classics-zero-1028108-6654541_mapped_official_1.20.1.jar:1.1.6-hotfix]
	at com.tacz.guns.client.resource.GunDisplayInstance.create(GunDisplayInstance.java:101) ~[timeless-and-classics-zero-1028108-6654541_mapped_official_1.20.1.jar:1.1.6-hotfix]
	at com.tacz.guns.client.resource.index.ClientGunIndex.getInstance(ClientGunIndex.java:34) ~[timeless-and-classics-zero-1028108-6654541_mapped_official_1.20.1.jar:1.1.6-hotfix]
	at com.tacz.guns.client.resource.ClientIndexManager.lambda$loadGunIndex$1(ClientIndexManager.java:72) ~[timeless-and-classics-zero-1028108-6654541_mapped_official_1.20.1.jar:1.1.6-hotfix]
	at java.util.HashMap$EntrySet.forEach(HashMap.java:1126) ~[?:?]
	at com.tacz.guns.client.resource.ClientIndexManager.loadGunIndex(ClientIndexManager.java:68) ~[timeless-and-classics-zero-1028108-6654541_mapped_official_1.20.1.jar:1.1.6-hotfix]
	at com.tacz.guns.client.resource.ClientIndexManager.reload(ClientIndexManager.java:43) ~[timeless-and-classics-zero-1028108-6654541_mapped_official_1.20.1.jar:1.1.6-hotfix]
	at com.tacz.guns.network.message.ServerMessageSyncGunPack.doSync(ServerMessageSyncGunPack.java:53) ~[timeless-and-classics-zero-1028108-6654541_mapped_official_1.20.1.jar:1.1.6-hotfix]
	at com.tacz.guns.network.message.ServerMessageSyncGunPack.lambda$handle$3(ServerMessageSyncGunPack.java:39) ~[timeless-and-classics-zero-1028108-6654541_mapped_official_1.20.1.jar:1.1.6-hotfix]
	at net.minecraft.util.thread.BlockableEventLoop.lambda$submitAsync$0(BlockableEventLoop.java:58) ~[forge-1.20.1-47.4.0_mapped_official_1.20.1-recomp.jar:?]
	at java.util.concurrent.CompletableFuture$AsyncSupply.run(CompletableFuture.java:1768) ~[?:?]
	at net.minecraft.util.thread.BlockableEventLoop.doRunTask(BlockableEventLoop.java:143) ~[forge-1.20.1-47.4.0_mapped_official_1.20.1-recomp.jar:?]
	at net.minecraft.util.thread.ReentrantBlockableEventLoop.doRunTask(ReentrantBlockableEventLoop.java:22) ~[forge-1.20.1-47.4.0_mapped_official_1.20.1-recomp.jar:?]
	at net.minecraft.util.thread.BlockableEventLoop.pollTask(BlockableEventLoop.java:116) ~[forge-1.20.1-47.4.0_mapped_official_1.20.1-recomp.jar:?]
	at net.minecraft.util.thread.BlockableEventLoop.runAllTasks(BlockableEventLoop.java:104) ~[forge-1.20.1-47.4.0_mapped_official_1.20.1-recomp.jar:?]
	at net.minecraft.client.Minecraft.runTick(Minecraft.java:1106) ~[forge-1.20.1-47.4.0_mapped_official_1.20.1-recomp.jar:?]
	at net.minecraft.client.Minecraft.run(Minecraft.java:718) ~[forge-1.20.1-47.4.0_mapped_official_1.20.1-recomp.jar:?]
	at net.minecraft.client.main.Main.main(Main.java:218) ~[forge-1.20.1-47.4.0_mapped_official_1.20.1-recomp.jar:?]
	at jdk.internal.reflect.NativeMethodAccessorImpl.invoke0(Native Method) ~[?:?]
	at jdk.internal.reflect.NativeMethodAccessorImpl.invoke(NativeMethodAccessorImpl.java:77) ~[?:?]
	at jdk.internal.reflect.DelegatingMethodAccessorImpl.invoke(DelegatingMethodAccessorImpl.java:43) ~[?:?]
	at java.lang.reflect.Method.invoke(Method.java:569) ~[?:?]
	at net.minecraftforge.fml.loading.targets.CommonLaunchHandler.runTarget(CommonLaunchHandler.java:111) ~[fmlloader-1.20.1-47.4.0.jar:?]
	at net.minecraftforge.fml.loading.targets.CommonLaunchHandler.clientService(CommonLaunchHandler.java:99) ~[fmlloader-1.20.1-47.4.0.jar:?]
	at net.minecraftforge.fml.loading.targets.ForgeClientUserdevLaunchHandler.devService(ForgeClientUserdevLaunchHandler.java:19) ~[fmlloader-1.20.1-47.4.0.jar:?]
	at net.minecraftforge.fml.loading.targets.CommonDevLaunchHandler.lambda$makeService$7(CommonDevLaunchHandler.java:135) ~[fmlloader-1.20.1-47.4.0.jar:?]
	at cpw.mods.modlauncher.LaunchServiceHandlerDecorator.launch(LaunchServiceHandlerDecorator.java:30) ~[modlauncher-10.0.9.jar:?]
	at cpw.mods.modlauncher.LaunchServiceHandler.launch(LaunchServiceHandler.java:53) ~[modlauncher-10.0.9.jar:?]
	at cpw.mods.modlauncher.LaunchServiceHandler.launch(LaunchServiceHandler.java:71) ~[modlauncher-10.0.9.jar:?]
	at cpw.mods.modlauncher.Launcher.run(Launcher.java:108) ~[modlauncher-10.0.9.jar:?]
	at cpw.mods.modlauncher.Launcher.main(Launcher.java:78) ~[modlauncher-10.0.9.jar:?]
	at cpw.mods.modlauncher.BootstrapLaunchConsumer.accept(BootstrapLaunchConsumer.java:26) ~[modlauncher-10.0.9.jar:?]
	at cpw.mods.modlauncher.BootstrapLaunchConsumer.accept(BootstrapLaunchConsumer.java:23) ~[modlauncher-10.0.9.jar:?]
	at cpw.mods.bootstraplauncher.BootstrapLauncher.main(BootstrapLauncher.java:141) ~[bootstraplauncher-1.1.2.jar:?]
[12Apr2026 16:47:47.913] [Render thread/WARN] [tacz/]: playwrights_gunpack:sniper_semi_unclassical_pillaged index file read fail!
java.lang.IllegalArgumentException: there is no corresponding model file
	at com.google.common.base.Preconditions.checkArgument(Preconditions.java:145) ~[guava-31.1-jre.jar:?]
	at com.tacz.guns.client.resource.GunDisplayInstance.checkTextureAndModel(GunDisplayInstance.java:138) ~[timeless-and-classics-zero-1028108-6654541_mapped_official_1.20.1.jar:1.1.6-hotfix]
	at com.tacz.guns.client.resource.GunDisplayInstance.<init>(GunDisplayInstance.java:79) ~[timeless-and-classics-zero-1028108-6654541_mapped_official_1.20.1.jar:1.1.6-hotfix]
	at com.tacz.guns.client.resource.GunDisplayInstance.create(GunDisplayInstance.java:101) ~[timeless-and-classics-zero-1028108-6654541_mapped_official_1.20.1.jar:1.1.6-hotfix]
	at com.tacz.guns.client.resource.index.ClientGunIndex.getInstance(ClientGunIndex.java:34) ~[timeless-and-classics-zero-1028108-6654541_mapped_official_1.20.1.jar:1.1.6-hotfix]
	at com.tacz.guns.client.resource.ClientIndexManager.lambda$loadGunIndex$1(ClientIndexManager.java:72) ~[timeless-and-classics-zero-1028108-6654541_mapped_official_1.20.1.jar:1.1.6-hotfix]
	at java.util.HashMap$EntrySet.forEach(HashMap.java:1126) ~[?:?]
	at com.tacz.guns.client.resource.ClientIndexManager.loadGunIndex(ClientIndexManager.java:68) ~[timeless-and-classics-zero-1028108-6654541_mapped_official_1.20.1.jar:1.1.6-hotfix]
	at com.tacz.guns.client.resource.ClientIndexManager.reload(ClientIndexManager.java:43) ~[timeless-and-classics-zero-1028108-6654541_mapped_official_1.20.1.jar:1.1.6-hotfix]
	at com.tacz.guns.network.message.ServerMessageSyncGunPack.doSync(ServerMessageSyncGunPack.java:53) ~[timeless-and-classics-zero-1028108-6654541_mapped_official_1.20.1.jar:1.1.6-hotfix]
	at com.tacz.guns.network.message.ServerMessageSyncGunPack.lambda$handle$3(ServerMessageSyncGunPack.java:39) ~[timeless-and-classics-zero-1028108-6654541_mapped_official_1.20.1.jar:1.1.6-hotfix]
	at net.minecraft.util.thread.BlockableEventLoop.lambda$submitAsync$0(BlockableEventLoop.java:58) ~[forge-1.20.1-47.4.0_mapped_official_1.20.1-recomp.jar:?]
	at java.util.concurrent.CompletableFuture$AsyncSupply.run(CompletableFuture.java:1768) ~[?:?]
	at net.minecraft.util.thread.BlockableEventLoop.doRunTask(BlockableEventLoop.java:143) ~[forge-1.20.1-47.4.0_mapped_official_1.20.1-recomp.jar:?]
	at net.minecraft.util.thread.ReentrantBlockableEventLoop.doRunTask(ReentrantBlockableEventLoop.java:22) ~[forge-1.20.1-47.4.0_mapped_official_1.20.1-recomp.jar:?]
	at net.minecraft.util.thread.BlockableEventLoop.pollTask(BlockableEventLoop.java:116) ~[forge-1.20.1-47.4.0_mapped_official_1.20.1-recomp.jar:?]
	at net.minecraft.util.thread.BlockableEventLoop.runAllTasks(BlockableEventLoop.java:104) ~[forge-1.20.1-47.4.0_mapped_official_1.20.1-recomp.jar:?]
	at net.minecraft.client.Minecraft.runTick(Minecraft.java:1106) ~[forge-1.20.1-47.4.0_mapped_official_1.20.1-recomp.jar:?]
	at net.minecraft.client.Minecraft.run(Minecraft.java:718) ~[forge-1.20.1-47.4.0_mapped_official_1.20.1-recomp.jar:?]
	at net.minecraft.client.main.Main.main(Main.java:218) ~[forge-1.20.1-47.4.0_mapped_official_1.20.1-recomp.jar:?]
	at jdk.internal.reflect.NativeMethodAccessorImpl.invoke0(Native Method) ~[?:?]
	at jdk.internal.reflect.NativeMethodAccessorImpl.invoke(NativeMethodAccessorImpl.java:77) ~[?:?]
	at jdk.internal.reflect.DelegatingMethodAccessorImpl.invoke(DelegatingMethodAccessorImpl.java:43) ~[?:?]
	at java.lang.reflect.Method.invoke(Method.java:569) ~[?:?]
	at net.minecraftforge.fml.loading.targets.CommonLaunchHandler.runTarget(CommonLaunchHandler.java:111) ~[fmlloader-1.20.1-47.4.0.jar:?]
	at net.minecraftforge.fml.loading.targets.CommonLaunchHandler.clientService(CommonLaunchHandler.java:99) ~[fmlloader-1.20.1-47.4.0.jar:?]
	at net.minecraftforge.fml.loading.targets.ForgeClientUserdevLaunchHandler.devService(ForgeClientUserdevLaunchHandler.java:19) ~[fmlloader-1.20.1-47.4.0.jar:?]
	at net.minecraftforge.fml.loading.targets.CommonDevLaunchHandler.lambda$makeService$7(CommonDevLaunchHandler.java:135) ~[fmlloader-1.20.1-47.4.0.jar:?]
	at cpw.mods.modlauncher.LaunchServiceHandlerDecorator.launch(LaunchServiceHandlerDecorator.java:30) ~[modlauncher-10.0.9.jar:?]
	at cpw.mods.modlauncher.LaunchServiceHandler.launch(LaunchServiceHandler.java:53) ~[modlauncher-10.0.9.jar:?]
	at cpw.mods.modlauncher.LaunchServiceHandler.launch(LaunchServiceHandler.java:71) ~[modlauncher-10.0.9.jar:?]
	at cpw.mods.modlauncher.Launcher.run(Launcher.java:108) ~[modlauncher-10.0.9.jar:?]
	at cpw.mods.modlauncher.Launcher.main(Launcher.java:78) ~[modlauncher-10.0.9.jar:?]
	at cpw.mods.modlauncher.BootstrapLaunchConsumer.accept(BootstrapLaunchConsumer.java:26) ~[modlauncher-10.0.9.jar:?]
	at cpw.mods.modlauncher.BootstrapLaunchConsumer.accept(BootstrapLaunchConsumer.java:23) ~[modlauncher-10.0.9.jar:?]
	at cpw.mods.bootstraplauncher.BootstrapLauncher.main(BootstrapLauncher.java:141) ~[bootstraplauncher-1.1.2.jar:?]
[12Apr2026 16:47:47.918] [Render thread/WARN] [tacz/]: playwrights_gunpack:rifle_assult_peacock_pillaged index file read fail!
java.lang.IllegalArgumentException: animation not found: create_armorer:rifle_assult_crane
	at com.tacz.guns.client.resource.GunDisplayInstance.checkAnimation(GunDisplayInstance.java:196) ~[timeless-and-classics-zero-1028108-6654541_mapped_official_1.20.1.jar:1.1.6-hotfix]
	at com.tacz.guns.client.resource.GunDisplayInstance.<init>(GunDisplayInstance.java:83) ~[timeless-and-classics-zero-1028108-6654541_mapped_official_1.20.1.jar:1.1.6-hotfix]
	at com.tacz.guns.client.resource.GunDisplayInstance.create(GunDisplayInstance.java:101) ~[timeless-and-classics-zero-1028108-6654541_mapped_official_1.20.1.jar:1.1.6-hotfix]
	at com.tacz.guns.client.resource.index.ClientGunIndex.getInstance(ClientGunIndex.java:34) ~[timeless-and-classics-zero-1028108-6654541_mapped_official_1.20.1.jar:1.1.6-hotfix]
	at com.tacz.guns.client.resource.ClientIndexManager.lambda$loadGunIndex$1(ClientIndexManager.java:72) ~[timeless-and-classics-zero-1028108-6654541_mapped_official_1.20.1.jar:1.1.6-hotfix]
	at java.util.HashMap$EntrySet.forEach(HashMap.java:1126) ~[?:?]
	at com.tacz.guns.client.resource.ClientIndexManager.loadGunIndex(ClientIndexManager.java:68) ~[timeless-and-classics-zero-1028108-6654541_mapped_official_1.20.1.jar:1.1.6-hotfix]
	at com.tacz.guns.client.resource.ClientIndexManager.reload(ClientIndexManager.java:43) ~[timeless-and-classics-zero-1028108-6654541_mapped_official_1.20.1.jar:1.1.6-hotfix]
	at com.tacz.guns.network.message.ServerMessageSyncGunPack.doSync(ServerMessageSyncGunPack.java:53) ~[timeless-and-classics-zero-1028108-6654541_mapped_official_1.20.1.jar:1.1.6-hotfix]
	at com.tacz.guns.network.message.ServerMessageSyncGunPack.lambda$handle$3(ServerMessageSyncGunPack.java:39) ~[timeless-and-classics-zero-1028108-6654541_mapped_official_1.20.1.jar:1.1.6-hotfix]
	at net.minecraft.util.thread.BlockableEventLoop.lambda$submitAsync$0(BlockableEventLoop.java:58) ~[forge-1.20.1-47.4.0_mapped_official_1.20.1-recomp.jar:?]
	at java.util.concurrent.CompletableFuture$AsyncSupply.run(CompletableFuture.java:1768) ~[?:?]
	at net.minecraft.util.thread.BlockableEventLoop.doRunTask(BlockableEventLoop.java:143) ~[forge-1.20.1-47.4.0_mapped_official_1.20.1-recomp.jar:?]
	at net.minecraft.util.thread.ReentrantBlockableEventLoop.doRunTask(ReentrantBlockableEventLoop.java:22) ~[forge-1.20.1-47.4.0_mapped_official_1.20.1-recomp.jar:?]
	at net.minecraft.util.thread.BlockableEventLoop.pollTask(BlockableEventLoop.java:116) ~[forge-1.20.1-47.4.0_mapped_official_1.20.1-recomp.jar:?]
	at net.minecraft.util.thread.BlockableEventLoop.runAllTasks(BlockableEventLoop.java:104) ~[forge-1.20.1-47.4.0_mapped_official_1.20.1-recomp.jar:?]
	at net.minecraft.client.Minecraft.runTick(Minecraft.java:1106) ~[forge-1.20.1-47.4.0_mapped_official_1.20.1-recomp.jar:?]
	at net.minecraft.client.Minecraft.run(Minecraft.java:718) ~[forge-1.20.1-47.4.0_mapped_official_1.20.1-recomp.jar:?]
	at net.minecraft.client.main.Main.main(Main.java:218) ~[forge-1.20.1-47.4.0_mapped_official_1.20.1-recomp.jar:?]
	at jdk.internal.reflect.NativeMethodAccessorImpl.invoke0(Native Method) ~[?:?]
	at jdk.internal.reflect.NativeMethodAccessorImpl.invoke(NativeMethodAccessorImpl.java:77) ~[?:?]
	at jdk.internal.reflect.DelegatingMethodAccessorImpl.invoke(DelegatingMethodAccessorImpl.java:43) ~[?:?]
	at java.lang.reflect.Method.invoke(Method.java:569) ~[?:?]
	at net.minecraftforge.fml.loading.targets.CommonLaunchHandler.runTarget(CommonLaunchHandler.java:111) ~[fmlloader-1.20.1-47.4.0.jar:?]
	at net.minecraftforge.fml.loading.targets.CommonLaunchHandler.clientService(CommonLaunchHandler.java:99) ~[fmlloader-1.20.1-47.4.0.jar:?]
	at net.minecraftforge.fml.loading.targets.ForgeClientUserdevLaunchHandler.devService(ForgeClientUserdevLaunchHandler.java:19) ~[fmlloader-1.20.1-47.4.0.jar:?]
	at net.minecraftforge.fml.loading.targets.CommonDevLaunchHandler.lambda$makeService$7(CommonDevLaunchHandler.java:135) ~[fmlloader-1.20.1-47.4.0.jar:?]
	at cpw.mods.modlauncher.LaunchServiceHandlerDecorator.launch(LaunchServiceHandlerDecorator.java:30) ~[modlauncher-10.0.9.jar:?]
	at cpw.mods.modlauncher.LaunchServiceHandler.launch(LaunchServiceHandler.java:53) ~[modlauncher-10.0.9.jar:?]
	at cpw.mods.modlauncher.LaunchServiceHandler.launch(LaunchServiceHandler.java:71) ~[modlauncher-10.0.9.jar:?]
	at cpw.mods.modlauncher.Launcher.run(Launcher.java:108) ~[modlauncher-10.0.9.jar:?]
	at cpw.mods.modlauncher.Launcher.main(Launcher.java:78) ~[modlauncher-10.0.9.jar:?]
	at cpw.mods.modlauncher.BootstrapLaunchConsumer.accept(BootstrapLaunchConsumer.java:26) ~[modlauncher-10.0.9.jar:?]
	at cpw.mods.modlauncher.BootstrapLaunchConsumer.accept(BootstrapLaunchConsumer.java:23) ~[modlauncher-10.0.9.jar:?]
	at cpw.mods.bootstraplauncher.BootstrapLauncher.main(BootstrapLauncher.java:141) ~[bootstraplauncher-1.1.2.jar:?]
[12Apr2026 16:47:47.927] [Render thread/WARN] [tacz/]: playwrights_gunpack:shotgun_db_rock_pillaged index file read fail!
java.lang.IllegalArgumentException: animation not found: create_armorer:shotgun_db_stone
	at com.tacz.guns.client.resource.GunDisplayInstance.checkAnimation(GunDisplayInstance.java:196) ~[timeless-and-classics-zero-1028108-6654541_mapped_official_1.20.1.jar:1.1.6-hotfix]
	at com.tacz.guns.client.resource.GunDisplayInstance.<init>(GunDisplayInstance.java:83) ~[timeless-and-classics-zero-1028108-6654541_mapped_official_1.20.1.jar:1.1.6-hotfix]
	at com.tacz.guns.client.resource.GunDisplayInstance.create(GunDisplayInstance.java:101) ~[timeless-and-classics-zero-1028108-6654541_mapped_official_1.20.1.jar:1.1.6-hotfix]
	at com.tacz.guns.client.resource.index.ClientGunIndex.getInstance(ClientGunIndex.java:34) ~[timeless-and-classics-zero-1028108-6654541_mapped_official_1.20.1.jar:1.1.6-hotfix]
	at com.tacz.guns.client.resource.ClientIndexManager.lambda$loadGunIndex$1(ClientIndexManager.java:72) ~[timeless-and-classics-zero-1028108-6654541_mapped_official_1.20.1.jar:1.1.6-hotfix]
	at java.util.HashMap$EntrySet.forEach(HashMap.java:1126) ~[?:?]
	at com.tacz.guns.client.resource.ClientIndexManager.loadGunIndex(ClientIndexManager.java:68) ~[timeless-and-classics-zero-1028108-6654541_mapped_official_1.20.1.jar:1.1.6-hotfix]
	at com.tacz.guns.client.resource.ClientIndexManager.reload(ClientIndexManager.java:43) ~[timeless-and-classics-zero-1028108-6654541_mapped_official_1.20.1.jar:1.1.6-hotfix]
	at com.tacz.guns.network.message.ServerMessageSyncGunPack.doSync(ServerMessageSyncGunPack.java:53) ~[timeless-and-classics-zero-1028108-6654541_mapped_official_1.20.1.jar:1.1.6-hotfix]
	at com.tacz.guns.network.message.ServerMessageSyncGunPack.lambda$handle$3(ServerMessageSyncGunPack.java:39) ~[timeless-and-classics-zero-1028108-6654541_mapped_official_1.20.1.jar:1.1.6-hotfix]
	at net.minecraft.util.thread.BlockableEventLoop.lambda$submitAsync$0(BlockableEventLoop.java:58) ~[forge-1.20.1-47.4.0_mapped_official_1.20.1-recomp.jar:?]
	at java.util.concurrent.CompletableFuture$AsyncSupply.run(CompletableFuture.java:1768) ~[?:?]
	at net.minecraft.util.thread.BlockableEventLoop.doRunTask(BlockableEventLoop.java:143) ~[forge-1.20.1-47.4.0_mapped_official_1.20.1-recomp.jar:?]
	at net.minecraft.util.thread.ReentrantBlockableEventLoop.doRunTask(ReentrantBlockableEventLoop.java:22) ~[forge-1.20.1-47.4.0_mapped_official_1.20.1-recomp.jar:?]
	at net.minecraft.util.thread.BlockableEventLoop.pollTask(BlockableEventLoop.java:116) ~[forge-1.20.1-47.4.0_mapped_official_1.20.1-recomp.jar:?]
	at net.minecraft.util.thread.BlockableEventLoop.runAllTasks(BlockableEventLoop.java:104) ~[forge-1.20.1-47.4.0_mapped_official_1.20.1-recomp.jar:?]
	at net.minecraft.client.Minecraft.runTick(Minecraft.java:1106) ~[forge-1.20.1-47.4.0_mapped_official_1.20.1-recomp.jar:?]
	at net.minecraft.client.Minecraft.run(Minecraft.java:718) ~[forge-1.20.1-47.4.0_mapped_official_1.20.1-recomp.jar:?]
	at net.minecraft.client.main.Main.main(Main.java:218) ~[forge-1.20.1-47.4.0_mapped_official_1.20.1-recomp.jar:?]
	at jdk.internal.reflect.NativeMethodAccessorImpl.invoke0(Native Method) ~[?:?]
	at jdk.internal.reflect.NativeMethodAccessorImpl.invoke(NativeMethodAccessorImpl.java:77) ~[?:?]
	at jdk.internal.reflect.DelegatingMethodAccessorImpl.invoke(DelegatingMethodAccessorImpl.java:43) ~[?:?]
	at java.lang.reflect.Method.invoke(Method.java:569) ~[?:?]
	at net.minecraftforge.fml.loading.targets.CommonLaunchHandler.runTarget(CommonLaunchHandler.java:111) ~[fmlloader-1.20.1-47.4.0.jar:?]
	at net.minecraftforge.fml.loading.targets.CommonLaunchHandler.clientService(CommonLaunchHandler.java:99) ~[fmlloader-1.20.1-47.4.0.jar:?]
	at net.minecraftforge.fml.loading.targets.ForgeClientUserdevLaunchHandler.devService(ForgeClientUserdevLaunchHandler.java:19) ~[fmlloader-1.20.1-47.4.0.jar:?]
	at net.minecraftforge.fml.loading.targets.CommonDevLaunchHandler.lambda$makeService$7(CommonDevLaunchHandler.java:135) ~[fmlloader-1.20.1-47.4.0.jar:?]
	at cpw.mods.modlauncher.LaunchServiceHandlerDecorator.launch(LaunchServiceHandlerDecorator.java:30) ~[modlauncher-10.0.9.jar:?]
	at cpw.mods.modlauncher.LaunchServiceHandler.launch(LaunchServiceHandler.java:53) ~[modlauncher-10.0.9.jar:?]
	at cpw.mods.modlauncher.LaunchServiceHandler.launch(LaunchServiceHandler.java:71) ~[modlauncher-10.0.9.jar:?]
	at cpw.mods.modlauncher.Launcher.run(Launcher.java:108) ~[modlauncher-10.0.9.jar:?]
	at cpw.mods.modlauncher.Launcher.main(Launcher.java:78) ~[modlauncher-10.0.9.jar:?]
	at cpw.mods.modlauncher.BootstrapLaunchConsumer.accept(BootstrapLaunchConsumer.java:26) ~[modlauncher-10.0.9.jar:?]
	at cpw.mods.modlauncher.BootstrapLaunchConsumer.accept(BootstrapLaunchConsumer.java:23) ~[modlauncher-10.0.9.jar:?]
	at cpw.mods.bootstraplauncher.BootstrapLauncher.main(BootstrapLauncher.java:141) ~[bootstraplauncher-1.1.2.jar:?]
[12Apr2026 16:47:47.943] [Render thread/WARN] [tacz/]: playwrights_gunpack:sniper_semi_unclassical index file read fail!
java.lang.IllegalArgumentException: there is no corresponding model file
	at com.google.common.base.Preconditions.checkArgument(Preconditions.java:145) ~[guava-31.1-jre.jar:?]
	at com.tacz.guns.client.resource.GunDisplayInstance.checkTextureAndModel(GunDisplayInstance.java:138) ~[timeless-and-classics-zero-1028108-6654541_mapped_official_1.20.1.jar:1.1.6-hotfix]
	at com.tacz.guns.client.resource.GunDisplayInstance.<init>(GunDisplayInstance.java:79) ~[timeless-and-classics-zero-1028108-6654541_mapped_official_1.20.1.jar:1.1.6-hotfix]
	at com.tacz.guns.client.resource.GunDisplayInstance.create(GunDisplayInstance.java:101) ~[timeless-and-classics-zero-1028108-6654541_mapped_official_1.20.1.jar:1.1.6-hotfix]
	at com.tacz.guns.client.resource.index.ClientGunIndex.getInstance(ClientGunIndex.java:34) ~[timeless-and-classics-zero-1028108-6654541_mapped_official_1.20.1.jar:1.1.6-hotfix]
	at com.tacz.guns.client.resource.ClientIndexManager.lambda$loadGunIndex$1(ClientIndexManager.java:72) ~[timeless-and-classics-zero-1028108-6654541_mapped_official_1.20.1.jar:1.1.6-hotfix]
	at java.util.HashMap$EntrySet.forEach(HashMap.java:1126) ~[?:?]
	at com.tacz.guns.client.resource.ClientIndexManager.loadGunIndex(ClientIndexManager.java:68) ~[timeless-and-classics-zero-1028108-6654541_mapped_official_1.20.1.jar:1.1.6-hotfix]
	at com.tacz.guns.client.resource.ClientIndexManager.reload(ClientIndexManager.java:43) ~[timeless-and-classics-zero-1028108-6654541_mapped_official_1.20.1.jar:1.1.6-hotfix]
	at com.tacz.guns.network.message.ServerMessageSyncGunPack.doSync(ServerMessageSyncGunPack.java:53) ~[timeless-and-classics-zero-1028108-6654541_mapped_official_1.20.1.jar:1.1.6-hotfix]
	at com.tacz.guns.network.message.ServerMessageSyncGunPack.lambda$handle$3(ServerMessageSyncGunPack.java:39) ~[timeless-and-classics-zero-1028108-6654541_mapped_official_1.20.1.jar:1.1.6-hotfix]
	at net.minecraft.util.thread.BlockableEventLoop.lambda$submitAsync$0(BlockableEventLoop.java:58) ~[forge-1.20.1-47.4.0_mapped_official_1.20.1-recomp.jar:?]
	at java.util.concurrent.CompletableFuture$AsyncSupply.run(CompletableFuture.java:1768) ~[?:?]
	at net.minecraft.util.thread.BlockableEventLoop.doRunTask(BlockableEventLoop.java:143) ~[forge-1.20.1-47.4.0_mapped_official_1.20.1-recomp.jar:?]
	at net.minecraft.util.thread.ReentrantBlockableEventLoop.doRunTask(ReentrantBlockableEventLoop.java:22) ~[forge-1.20.1-47.4.0_mapped_official_1.20.1-recomp.jar:?]
	at net.minecraft.util.thread.BlockableEventLoop.pollTask(BlockableEventLoop.java:116) ~[forge-1.20.1-47.4.0_mapped_official_1.20.1-recomp.jar:?]
	at net.minecraft.util.thread.BlockableEventLoop.runAllTasks(BlockableEventLoop.java:104) ~[forge-1.20.1-47.4.0_mapped_official_1.20.1-recomp.jar:?]
	at net.minecraft.client.Minecraft.runTick(Minecraft.java:1106) ~[forge-1.20.1-47.4.0_mapped_official_1.20.1-recomp.jar:?]
	at net.minecraft.client.Minecraft.run(Minecraft.java:718) ~[forge-1.20.1-47.4.0_mapped_official_1.20.1-recomp.jar:?]
	at net.minecraft.client.main.Main.main(Main.java:218) ~[forge-1.20.1-47.4.0_mapped_official_1.20.1-recomp.jar:?]
	at jdk.internal.reflect.NativeMethodAccessorImpl.invoke0(Native Method) ~[?:?]
	at jdk.internal.reflect.NativeMethodAccessorImpl.invoke(NativeMethodAccessorImpl.java:77) ~[?:?]
	at jdk.internal.reflect.DelegatingMethodAccessorImpl.invoke(DelegatingMethodAccessorImpl.java:43) ~[?:?]
	at java.lang.reflect.Method.invoke(Method.java:569) ~[?:?]
	at net.minecraftforge.fml.loading.targets.CommonLaunchHandler.runTarget(CommonLaunchHandler.java:111) ~[fmlloader-1.20.1-47.4.0.jar:?]
	at net.minecraftforge.fml.loading.targets.CommonLaunchHandler.clientService(CommonLaunchHandler.java:99) ~[fmlloader-1.20.1-47.4.0.jar:?]
	at net.minecraftforge.fml.loading.targets.ForgeClientUserdevLaunchHandler.devService(ForgeClientUserdevLaunchHandler.java:19) ~[fmlloader-1.20.1-47.4.0.jar:?]
	at net.minecraftforge.fml.loading.targets.CommonDevLaunchHandler.lambda$makeService$7(CommonDevLaunchHandler.java:135) ~[fmlloader-1.20.1-47.4.0.jar:?]
	at cpw.mods.modlauncher.LaunchServiceHandlerDecorator.launch(LaunchServiceHandlerDecorator.java:30) ~[modlauncher-10.0.9.jar:?]
	at cpw.mods.modlauncher.LaunchServiceHandler.launch(LaunchServiceHandler.java:53) ~[modlauncher-10.0.9.jar:?]
	at cpw.mods.modlauncher.LaunchServiceHandler.launch(LaunchServiceHandler.java:71) ~[modlauncher-10.0.9.jar:?]
	at cpw.mods.modlauncher.Launcher.run(Launcher.java:108) ~[modlauncher-10.0.9.jar:?]
	at cpw.mods.modlauncher.Launcher.main(Launcher.java:78) ~[modlauncher-10.0.9.jar:?]
	at cpw.mods.modlauncher.BootstrapLaunchConsumer.accept(BootstrapLaunchConsumer.java:26) ~[modlauncher-10.0.9.jar:?]
	at cpw.mods.modlauncher.BootstrapLaunchConsumer.accept(BootstrapLaunchConsumer.java:23) ~[modlauncher-10.0.9.jar:?]
	at cpw.mods.bootstraplauncher.BootstrapLauncher.main(BootstrapLauncher.java:141) ~[bootstraplauncher-1.1.2.jar:?]
[12Apr2026 16:47:47.945] [Render thread/WARN] [tacz/]: playwrights_gunpack:shotgun_db_rock index file read fail!
java.lang.IllegalArgumentException: animation not found: create_armorer:shotgun_db_stone
	at com.tacz.guns.client.resource.GunDisplayInstance.checkAnimation(GunDisplayInstance.java:196) ~[timeless-and-classics-zero-1028108-6654541_mapped_official_1.20.1.jar:1.1.6-hotfix]
	at com.tacz.guns.client.resource.GunDisplayInstance.<init>(GunDisplayInstance.java:83) ~[timeless-and-classics-zero-1028108-6654541_mapped_official_1.20.1.jar:1.1.6-hotfix]
	at com.tacz.guns.client.resource.GunDisplayInstance.create(GunDisplayInstance.java:101) ~[timeless-and-classics-zero-1028108-6654541_mapped_official_1.20.1.jar:1.1.6-hotfix]
	at com.tacz.guns.client.resource.index.ClientGunIndex.getInstance(ClientGunIndex.java:34) ~[timeless-and-classics-zero-1028108-6654541_mapped_official_1.20.1.jar:1.1.6-hotfix]
	at com.tacz.guns.client.resource.ClientIndexManager.lambda$loadGunIndex$1(ClientIndexManager.java:72) ~[timeless-and-classics-zero-1028108-6654541_mapped_official_1.20.1.jar:1.1.6-hotfix]
	at java.util.HashMap$EntrySet.forEach(HashMap.java:1126) ~[?:?]
	at com.tacz.guns.client.resource.ClientIndexManager.loadGunIndex(ClientIndexManager.java:68) ~[timeless-and-classics-zero-1028108-6654541_mapped_official_1.20.1.jar:1.1.6-hotfix]
	at com.tacz.guns.client.resource.ClientIndexManager.reload(ClientIndexManager.java:43) ~[timeless-and-classics-zero-1028108-6654541_mapped_official_1.20.1.jar:1.1.6-hotfix]
	at com.tacz.guns.network.message.ServerMessageSyncGunPack.doSync(ServerMessageSyncGunPack.java:53) ~[timeless-and-classics-zero-1028108-6654541_mapped_official_1.20.1.jar:1.1.6-hotfix]
	at com.tacz.guns.network.message.ServerMessageSyncGunPack.lambda$handle$3(ServerMessageSyncGunPack.java:39) ~[timeless-and-classics-zero-1028108-6654541_mapped_official_1.20.1.jar:1.1.6-hotfix]
	at net.minecraft.util.thread.BlockableEventLoop.lambda$submitAsync$0(BlockableEventLoop.java:58) ~[forge-1.20.1-47.4.0_mapped_official_1.20.1-recomp.jar:?]
	at java.util.concurrent.CompletableFuture$AsyncSupply.run(CompletableFuture.java:1768) ~[?:?]
	at net.minecraft.util.thread.BlockableEventLoop.doRunTask(BlockableEventLoop.java:143) ~[forge-1.20.1-47.4.0_mapped_official_1.20.1-recomp.jar:?]
	at net.minecraft.util.thread.ReentrantBlockableEventLoop.doRunTask(ReentrantBlockableEventLoop.java:22) ~[forge-1.20.1-47.4.0_mapped_official_1.20.1-recomp.jar:?]
	at net.minecraft.util.thread.BlockableEventLoop.pollTask(BlockableEventLoop.java:116) ~[forge-1.20.1-47.4.0_mapped_official_1.20.1-recomp.jar:?]
	at net.minecraft.util.thread.BlockableEventLoop.runAllTasks(BlockableEventLoop.java:104) ~[forge-1.20.1-47.4.0_mapped_official_1.20.1-recomp.jar:?]
	at net.minecraft.client.Minecraft.runTick(Minecraft.java:1106) ~[forge-1.20.1-47.4.0_mapped_official_1.20.1-recomp.jar:?]
	at net.minecraft.client.Minecraft.run(Minecraft.java:718) ~[forge-1.20.1-47.4.0_mapped_official_1.20.1-recomp.jar:?]
	at net.minecraft.client.main.Main.main(Main.java:218) ~[forge-1.20.1-47.4.0_mapped_official_1.20.1-recomp.jar:?]
	at jdk.internal.reflect.NativeMethodAccessorImpl.invoke0(Native Method) ~[?:?]
	at jdk.internal.reflect.NativeMethodAccessorImpl.invoke(NativeMethodAccessorImpl.java:77) ~[?:?]
	at jdk.internal.reflect.DelegatingMethodAccessorImpl.invoke(DelegatingMethodAccessorImpl.java:43) ~[?:?]
	at java.lang.reflect.Method.invoke(Method.java:569) ~[?:?]
	at net.minecraftforge.fml.loading.targets.CommonLaunchHandler.runTarget(CommonLaunchHandler.java:111) ~[fmlloader-1.20.1-47.4.0.jar:?]
	at net.minecraftforge.fml.loading.targets.CommonLaunchHandler.clientService(CommonLaunchHandler.java:99) ~[fmlloader-1.20.1-47.4.0.jar:?]
	at net.minecraftforge.fml.loading.targets.ForgeClientUserdevLaunchHandler.devService(ForgeClientUserdevLaunchHandler.java:19) ~[fmlloader-1.20.1-47.4.0.jar:?]
	at net.minecraftforge.fml.loading.targets.CommonDevLaunchHandler.lambda$makeService$7(CommonDevLaunchHandler.java:135) ~[fmlloader-1.20.1-47.4.0.jar:?]
	at cpw.mods.modlauncher.LaunchServiceHandlerDecorator.launch(LaunchServiceHandlerDecorator.java:30) ~[modlauncher-10.0.9.jar:?]
	at cpw.mods.modlauncher.LaunchServiceHandler.launch(LaunchServiceHandler.java:53) ~[modlauncher-10.0.9.jar:?]
	at cpw.mods.modlauncher.LaunchServiceHandler.launch(LaunchServiceHandler.java:71) ~[modlauncher-10.0.9.jar:?]
	at cpw.mods.modlauncher.Launcher.run(Launcher.java:108) ~[modlauncher-10.0.9.jar:?]
	at cpw.mods.modlauncher.Launcher.main(Launcher.java:78) ~[modlauncher-10.0.9.jar:?]
	at cpw.mods.modlauncher.BootstrapLaunchConsumer.accept(BootstrapLaunchConsumer.java:26) ~[modlauncher-10.0.9.jar:?]
	at cpw.mods.modlauncher.BootstrapLaunchConsumer.accept(BootstrapLaunchConsumer.java:23) ~[modlauncher-10.0.9.jar:?]
	at cpw.mods.bootstraplauncher.BootstrapLauncher.main(BootstrapLauncher.java:141) ~[bootstraplauncher-1.1.2.jar:?]
[12Apr2026 16:47:47.991] [Render thread/INFO] [io.redspace.ironsspellbooks.IronsSpellbooks/]: Handling spell config sync 0 files
[12Apr2026 16:47:47.994] [Render thread/INFO] [placebo/]: Starting sync for enchanting_stats
[12Apr2026 16:47:47.997] [Render thread/INFO] [placebo/]: Starting sync for rarities
[12Apr2026 16:47:47.997] [Render thread/INFO] [placebo/]: Starting sync for affixes
[12Apr2026 16:47:48.014] [Render thread/INFO] [placebo/]: Starting sync for gems
[12Apr2026 16:47:48.028] [Render thread/INFO] [placebo/]: Starting sync for amr_gem_injections
[12Apr2026 16:47:48.041] [Render thread/WARN] [net.minecraft.client.ClientRecipeBook/]: Unknown recipe category: apotheosis:fletching/apotheosis:fletching/obsidian_arrow
[12Apr2026 16:47:48.044] [Render thread/WARN] [net.minecraft.client.ClientRecipeBook/]: Unknown recipe category: apotheosis:fletching/apotheosis:fletching/spectral_arrow
[12Apr2026 16:47:48.047] [Render thread/WARN] [net.minecraft.client.ClientRecipeBook/]: Unknown recipe category: apotheosis:fletching/apotheosis:fletching/explosive_arrow
[12Apr2026 16:47:48.048] [Render thread/WARN] [net.minecraft.client.ClientRecipeBook/]: Unknown recipe category: apotheosis:fletching/apotheosis:fletching/iron_mining_arrow
[12Apr2026 16:47:48.049] [Render thread/WARN] [net.minecraft.client.ClientRecipeBook/]: Unknown recipe category: apotheosis:fletching/apotheosis:fletching/broadhead_arrow
[12Apr2026 16:47:48.051] [Render thread/WARN] [net.minecraft.client.ClientRecipeBook/]: Unknown recipe category: apotheosis:fletching/apotheosis:fletching/diamond_mining_arrow
[12Apr2026 16:47:48.053] [Render thread/WARN] [net.minecraft.client.ClientRecipeBook/]: Unknown recipe category: apotheosis:fletching/apotheosis:fletching/arrow
[12Apr2026 16:47:48.242] [Render thread/INFO] [mixin/]: Mixing MixinModernKineticGunScriptAPI from gunsmithlib.mixins.json into com.tacz.guns.item.ModernKineticGunScriptAPI
[12Apr2026 16:47:48.245] [Render thread/INFO] [mixin/]: Mixing MixinReloadProcedure from gunsmithlib.mixins.json into com.tacz.guns.item.ModernKineticGunScriptAPI
[12Apr2026 16:47:48.246] [Render thread/INFO] [mixin/]: Renaming synthetic method lambda$postFeedEvents$1(Lorg/spongepowered/asm/mixin/injection/callback/CallbackInfoReturnable;)V to mdace725$lambda$postFeedEvents$1$0 in gunsmithlib.mixins.json:MixinReloadProcedure
[12Apr2026 16:47:48.246] [Render thread/INFO] [mixin/]: Renaming synthetic method lambda$postFeedEvents$0(Lcom/tacz/guns/resource/pojo/data/gun/FeedType;)Z to mdace725$lambda$postFeedEvents$0$1 in gunsmithlib.mixins.json:MixinReloadProcedure
[12Apr2026 16:47:48.247] [Render thread/INFO] [mixin/]: Mixing tacz.MixinModernKineticGunScriptAPI from apotheosis_modern_ragnarok.mixins.json into com.tacz.guns.item.ModernKineticGunScriptAPI
[12Apr2026 16:47:49.033] [Render thread/INFO] [mixin/]: Mixing MixinAttachmentDataUtils from gunsmithlib.mixins.json into com.tacz.guns.util.AttachmentDataUtils
[12Apr2026 16:47:49.196] [Render thread/INFO] [mixin/]: Mixing client.MixinGunAnimationStateContext from gunsmithlib.mixins.json into com.tacz.guns.client.animation.statemachine.GunAnimationStateContext
[12Apr2026 16:47:49.198] [Render thread/INFO] [mixin/]: Mixing client.animation.MixinGunAnimationStateContext from gunsmithlib.mixins.json into com.tacz.guns.client.animation.statemachine.GunAnimationStateContext
[12Apr2026 16:47:49.608] [Render thread/INFO] [mixin/]: Mixing client.animation.MixinObjectAnimationRunner from gunsmithlib.mixins.json into com.tacz.guns.api.client.animation.ObjectAnimationRunner
[12Apr2026 16:47:49.651] [Render thread/INFO] [mixin/]: Mixing tacz.client.BlueMuzzleFlashMixin$ModifyTexture from apotheosis_modern_ragnarok.mixins.json into com.tacz.guns.client.model.functional.MuzzleFlashRender
[12Apr2026 16:47:49.714] [Render thread/INFO] [net.minecraft.advancements.AdvancementList/]: Loaded 135 advancements
[12Apr2026 16:47:50.518] [Server thread/INFO] [net.minecraft.client.server.IntegratedServer/]: Saving and pausing game...
[12Apr2026 16:47:50.549] [Server thread/INFO] [net.minecraft.server.MinecraftServer/]: Saving chunks for level 'ServerLevel[New World]'/minecraft:overworld
[12Apr2026 16:47:51.626] [Server thread/INFO] [net.minecraft.server.MinecraftServer/]: Saving chunks for level 'ServerLevel[New World]'/minecraft:the_nether
[12Apr2026 16:47:51.627] [Server thread/INFO] [net.minecraft.server.MinecraftServer/]: Saving chunks for level 'ServerLevel[New World]'/minecraft:the_end
[12Apr2026 16:47:51.629] [Server thread/INFO] [net.minecraft.server.MinecraftServer/]: Saving chunks for level 'ServerLevel[New World]'/irons_spellbooks:pocket_dimension
[12Apr2026 17:20:21.070] [Render thread/INFO] [net.minecraft.client.Minecraft/]: Stopping!
[12Apr2026 17:20:21.145] [Server thread/ERROR] [net.minecraft.server.MinecraftServer/]: Encountered an unexpected exception
java.lang.NullPointerException: null
	at org.lwjgl.system.JNI.invokeD(Native Method) ~[lwjgl-3.3.1.jar%23175!/:build 7]
	at org.lwjgl.glfw.GLFW.glfwGetTime(GLFW.java:4775) ~[lwjgl-glfw-3.3.1.jar%23163!/:build 7]
	at com.mojang.blaze3d.platform.GLX.lambda$_initGlfw$2(GLX.java:69) ~[forge-1.20.1-47.4.0_mapped_official_1.20.1-recomp.jar%23191!/:?]
	at net.minecraft.Util.getNanos(Util.java:119) ~[forge-1.20.1-47.4.0_mapped_official_1.20.1-recomp.jar%23191!/:?]
	at net.minecraft.Util.getMillis(Util.java:115) ~[forge-1.20.1-47.4.0_mapped_official_1.20.1-recomp.jar%23191!/:?]
	at net.minecraft.server.MinecraftServer.haveTime(MinecraftServer.java:728) ~[forge-1.20.1-47.4.0_mapped_official_1.20.1-recomp.jar%23191!/:?]
	at net.minecraft.server.MinecraftServer.lambda$waitUntilNextTick$8(MinecraftServer.java:734) ~[forge-1.20.1-47.4.0_mapped_official_1.20.1-recomp.jar%23191!/:?]
	at net.minecraft.util.thread.BlockableEventLoop.managedBlock(BlockableEventLoop.java:125) ~[forge-1.20.1-47.4.0_mapped_official_1.20.1-recomp.jar%23191!/:?]
	at net.minecraft.server.MinecraftServer.waitUntilNextTick(MinecraftServer.java:733) ~[forge-1.20.1-47.4.0_mapped_official_1.20.1-recomp.jar%23191!/:?]
	at net.minecraft.server.MinecraftServer.runServer(MinecraftServer.java:665) ~[forge-1.20.1-47.4.0_mapped_official_1.20.1-recomp.jar%23191!/:?]
	at net.minecraft.server.MinecraftServer.lambda$spin$2(MinecraftServer.java:251) ~[forge-1.20.1-47.4.0_mapped_official_1.20.1-recomp.jar%23191!/:?]
	at java.lang.Thread.run(Thread.java:840) ~[?:?]
