[24Oct2025 11:24:42.422] [main/INFO] [cpw.mods.modlauncher.Launcher/MODLAUNCHER]: ModLauncher running: args [--launchTarget, forgedatauserdev, --assetIndex, 5, --assetsDir, /Users/rai/.gradle/caches/forge_gradle/assets, --gameDir, ., --fml.forgeVersion, 47.4.0, --fml.mcVersion, 1.20.1, --fml.forgeGroup, net.minecraftforge, --fml.mcpVersion, 20230612.114412, --mod, magitacz, --all, --output, /Users/rai/Projects/magitacz-forge/src/generated/resources, --existing, /Users/rai/Projects/magitacz-forge/src/main/resources, --mixin.config, magitacz.mixins.json]
[24Oct2025 11:24:42.434] [main/INFO] [cpw.mods.modlauncher.Launcher/MODLAUNCHER]: ModLauncher 10.0.9+10.0.9+main.dcd20f30 starting: java version 17.0.14 by Eclipse Adoptium; OS Mac OS X arch aarch64 version 13.4
[24Oct2025 11:24:42.496] [main/DEBUG] [cpw.mods.modlauncher.LaunchServiceHandler/MODLAUNCHER]: Found launch services [fmlclientdev,forgeclient,minecraft,forgegametestserverdev,fmlserveruserdev,fmlclient,fmldatauserdev,forgeserverdev,forgeserveruserdev,forgeclientdev,forgeclientuserdev,forgeserver,forgedatadev,fmlserver,fmlclientuserdev,fmlserverdev,forgedatauserdev,testharness,forgegametestserveruserdev]
[24Oct2025 11:24:42.527] [main/DEBUG] [cpw.mods.modlauncher.NameMappingServiceHandler/MODLAUNCHER]: Found naming services : [srgtomcp]
[24Oct2025 11:24:42.563] [main/DEBUG] [cpw.mods.modlauncher.LaunchPluginHandler/MODLAUNCHER]: Found launch plugins: [mixin,eventbus,slf4jfixer,object_holder_definalize,runtime_enum_extender,capability_token_subclass,accesstransformer,runtimedistcleaner]
[24Oct2025 11:24:42.581] [main/DEBUG] [cpw.mods.modlauncher.TransformationServicesHandler/MODLAUNCHER]: Discovering transformation services
[24Oct2025 11:24:42.592] [main/DEBUG] [net.minecraftforge.fml.loading.FMLPaths/CORE]: Path GAMEDIR is /Users/rai/Projects/magitacz-forge/run-data
[24Oct2025 11:24:42.593] [main/DEBUG] [net.minecraftforge.fml.loading.FMLPaths/CORE]: Path MODSDIR is /Users/rai/Projects/magitacz-forge/run-data/mods
[24Oct2025 11:24:42.594] [main/DEBUG] [net.minecraftforge.fml.loading.FMLPaths/CORE]: Path CONFIGDIR is /Users/rai/Projects/magitacz-forge/run-data/config
[24Oct2025 11:24:42.594] [main/DEBUG] [net.minecraftforge.fml.loading.FMLPaths/CORE]: Path FMLCONFIG is /Users/rai/Projects/magitacz-forge/run-data/config/fml.toml
[24Oct2025 11:24:42.678] [main/DEBUG] [cpw.mods.modlauncher.TransformationServicesHandler/MODLAUNCHER]: Found additional transformation services from discovery services: 
[24Oct2025 11:24:42.700] [main/INFO] [net.minecraftforge.fml.loading.ImmediateWindowHandler/]: ImmediateWindowProvider not loading because launch target is forgedatauserdev
[24Oct2025 11:24:42.765] [main/DEBUG] [cpw.mods.modlauncher.TransformationServicesHandler/MODLAUNCHER]: Found transformer services : [mixin,fml]
[24Oct2025 11:24:42.766] [main/DEBUG] [cpw.mods.modlauncher.TransformationServicesHandler/MODLAUNCHER]: Transformation services loading
[24Oct2025 11:24:42.767] [main/DEBUG] [cpw.mods.modlauncher.TransformationServiceDecorator/MODLAUNCHER]: Loading service mixin
[24Oct2025 11:24:42.768] [main/DEBUG] [cpw.mods.modlauncher.TransformationServiceDecorator/MODLAUNCHER]: Loaded service mixin
[24Oct2025 11:24:42.768] [main/DEBUG] [cpw.mods.modlauncher.TransformationServiceDecorator/MODLAUNCHER]: Loading service fml
[24Oct2025 11:24:42.769] [main/DEBUG] [net.minecraftforge.fml.loading.LauncherVersion/CORE]: Found FMLLauncher version 1.0
[24Oct2025 11:24:42.769] [main/DEBUG] [net.minecraftforge.fml.loading.FMLLoader/CORE]: FML 1.0 loading
[24Oct2025 11:24:42.770] [main/DEBUG] [net.minecraftforge.fml.loading.FMLLoader/CORE]: FML found ModLauncher version : 10.0.9+10.0.9+main.dcd20f30
[24Oct2025 11:24:42.770] [main/DEBUG] [net.minecraftforge.fml.loading.FMLLoader/CORE]: Requesting CoreMods to not apply the fix for ASMAPI.findFirstInstructionBefore by default
[24Oct2025 11:24:42.772] [main/DEBUG] [net.minecraftforge.fml.loading.FMLLoader/CORE]: FML found AccessTransformer version : 8.0.4+66+master.c09db6d7
[24Oct2025 11:24:42.773] [main/DEBUG] [net.minecraftforge.fml.loading.FMLLoader/CORE]: FML found EventBus version : 6.0.5+6.0.5+master.eb8e549b
[24Oct2025 11:24:42.774] [main/DEBUG] [net.minecraftforge.fml.loading.FMLLoader/CORE]: Found Runtime Dist Cleaner
[24Oct2025 11:24:42.779] [main/DEBUG] [net.minecraftforge.coremod.CoreModEngine/]: CoreMods will preserve legacy behavior of ASMAPI.findFirstInstructionBefore for backwards-compatibility
[24Oct2025 11:24:42.781] [main/DEBUG] [net.minecraftforge.fml.loading.FMLLoader/CORE]: FML found CoreMod version : 5.2.4
[24Oct2025 11:24:42.782] [main/DEBUG] [net.minecraftforge.fml.loading.FMLLoader/CORE]: Found ForgeSPI package implementation version 7.0.1+7.0.1+master.d2b38bf6
[24Oct2025 11:24:42.782] [main/DEBUG] [net.minecraftforge.fml.loading.FMLLoader/CORE]: Found ForgeSPI package specification 5
[24Oct2025 11:24:42.782] [main/DEBUG] [cpw.mods.modlauncher.TransformationServiceDecorator/MODLAUNCHER]: Loaded service fml
[24Oct2025 11:24:42.783] [main/DEBUG] [cpw.mods.modlauncher.TransformationServicesHandler/MODLAUNCHER]: Configuring option handling for services
[24Oct2025 11:24:42.791] [main/DEBUG] [cpw.mods.modlauncher.TransformationServicesHandler/MODLAUNCHER]: Transformation services initializing
[24Oct2025 11:24:42.792] [main/DEBUG] [cpw.mods.modlauncher.TransformationServiceDecorator/MODLAUNCHER]: Initializing transformation service mixin
[24Oct2025 11:24:42.812] [main/DEBUG] [mixin/]: MixinService [ModLauncher] was successfully booted in cpw.mods.cl.ModuleClassLoader@14d3bc22
[24Oct2025 11:24:42.826] [main/INFO] [mixin/]: SpongePowered MIXIN Subsystem Version=0.8.5 Source=union:/Users/rai/.gradle/caches/modules-2/files-2.1/org.spongepowered/mixin/0.8.5/9d1c0c3a304ae6697ecd477218fa61b850bf57fc/mixin-0.8.5.jar%23121!/ Service=ModLauncher Env=CLIENT
[24Oct2025 11:24:42.829] [main/DEBUG] [mixin/]: Initialising Mixin Platform Manager
[24Oct2025 11:24:42.830] [main/DEBUG] [mixin/]: Adding mixin platform agents for container ModLauncher Root Container(ModLauncher:4f56a0a2)
[24Oct2025 11:24:42.831] [main/DEBUG] [mixin/]: Instancing new MixinPlatformAgentMinecraftForge for ModLauncher Root Container(ModLauncher:4f56a0a2)
[24Oct2025 11:24:42.831] [main/DEBUG] [mixin/]: MixinPlatformAgentMinecraftForge rejected container ModLauncher Root Container(ModLauncher:4f56a0a2)
[24Oct2025 11:24:42.831] [main/DEBUG] [mixin/]: Instancing new MixinPlatformAgentDefault for ModLauncher Root Container(ModLauncher:4f56a0a2)
[24Oct2025 11:24:42.832] [main/DEBUG] [mixin/]: MixinPlatformAgentDefault accepted container ModLauncher Root Container(ModLauncher:4f56a0a2)
[24Oct2025 11:24:42.834] [main/DEBUG] [cpw.mods.modlauncher.TransformationServiceDecorator/MODLAUNCHER]: Initialized transformation service mixin
[24Oct2025 11:24:42.834] [main/DEBUG] [cpw.mods.modlauncher.TransformationServiceDecorator/MODLAUNCHER]: Initializing transformation service fml
[24Oct2025 11:24:42.834] [main/DEBUG] [net.minecraftforge.fml.loading.FMLServiceProvider/CORE]: Setting up basic FML game directories
[24Oct2025 11:24:42.835] [main/DEBUG] [net.minecraftforge.fml.loading.FMLPaths/CORE]: Path GAMEDIR is /Users/rai/Projects/magitacz-forge/run-data
[24Oct2025 11:24:42.835] [main/DEBUG] [net.minecraftforge.fml.loading.FMLPaths/CORE]: Path MODSDIR is /Users/rai/Projects/magitacz-forge/run-data/mods
[24Oct2025 11:24:42.835] [main/DEBUG] [net.minecraftforge.fml.loading.FMLPaths/CORE]: Path CONFIGDIR is /Users/rai/Projects/magitacz-forge/run-data/config
[24Oct2025 11:24:42.836] [main/DEBUG] [net.minecraftforge.fml.loading.FMLPaths/CORE]: Path FMLCONFIG is /Users/rai/Projects/magitacz-forge/run-data/config/fml.toml
[24Oct2025 11:24:42.836] [main/DEBUG] [net.minecraftforge.fml.loading.FMLServiceProvider/CORE]: Loading configuration
[24Oct2025 11:24:42.837] [main/DEBUG] [net.minecraftforge.fml.loading.FMLServiceProvider/CORE]: Preparing ModFile
[24Oct2025 11:24:42.841] [main/DEBUG] [net.minecraftforge.fml.loading.FMLServiceProvider/CORE]: Preparing launch handler
[24Oct2025 11:24:42.841] [main/DEBUG] [net.minecraftforge.fml.loading.FMLLoader/CORE]: Using forgedatauserdev as launch service
[24Oct2025 11:24:42.861] [main/DEBUG] [net.minecraftforge.fml.loading.FMLLoader/CORE]: Received command line version data  : VersionInfo[forgeVersion=47.4.0, mcVersion=1.20.1, mcpVersion=20230612.114412, forgeGroup=net.minecraftforge]
[24Oct2025 11:24:42.863] [main/DEBUG] [cpw.mods.modlauncher.TransformationServiceDecorator/MODLAUNCHER]: Initialized transformation service fml
[24Oct2025 11:24:42.864] [main/DEBUG] [cpw.mods.modlauncher.NameMappingServiceHandler/MODLAUNCHER]: Current naming domain is 'mcp'
[24Oct2025 11:24:42.865] [main/DEBUG] [cpw.mods.modlauncher.NameMappingServiceHandler/MODLAUNCHER]: Identified name mapping providers {srg=srgtomcp:1234}
[24Oct2025 11:24:42.865] [main/DEBUG] [cpw.mods.modlauncher.TransformationServicesHandler/MODLAUNCHER]: Transformation services begin scanning
[24Oct2025 11:24:42.866] [main/DEBUG] [cpw.mods.modlauncher.TransformationServiceDecorator/MODLAUNCHER]: Beginning scan trigger - transformation service mixin
[24Oct2025 11:24:42.866] [main/DEBUG] [cpw.mods.modlauncher.TransformationServiceDecorator/MODLAUNCHER]: End scan trigger - transformation service mixin
[24Oct2025 11:24:42.866] [main/DEBUG] [cpw.mods.modlauncher.TransformationServiceDecorator/MODLAUNCHER]: Beginning scan trigger - transformation service fml
[24Oct2025 11:24:42.866] [main/DEBUG] [net.minecraftforge.fml.loading.FMLServiceProvider/CORE]: Initiating mod scan
[24Oct2025 11:24:42.883] [main/DEBUG] [net.minecraftforge.fml.loading.moddiscovery.ModListHandler/CORE]: Found mod coordinates from lists: []
[24Oct2025 11:24:42.887] [main/DEBUG] [net.minecraftforge.fml.loading.moddiscovery.ModDiscoverer/CORE]: Found Mod Locators : (mods folder:null),(maven libs:null),(exploded directory:null),(minecraft:null),(userdev classpath:null)
[24Oct2025 11:24:42.888] [main/DEBUG] [net.minecraftforge.fml.loading.moddiscovery.ModDiscoverer/CORE]: Found Dependency Locators : (JarInJar:null)
[24Oct2025 11:24:42.900] [main/DEBUG] [net.minecraftforge.fml.loading.targets.CommonLaunchHandler/CORE]: Got mod coordinates magitacz%%/Users/rai/Projects/magitacz-forge/build/resources/main:magitacz%%/Users/rai/Projects/magitacz-forge/build/classes/java/main from env
[24Oct2025 11:24:42.903] [main/DEBUG] [net.minecraftforge.fml.loading.targets.CommonLaunchHandler/CORE]: Found supplied mod coordinates [{magitacz=[/Users/rai/Projects/magitacz-forge/build/resources/main, /Users/rai/Projects/magitacz-forge/build/classes/java/main]}]
[24Oct2025 11:24:43.648] [main/DEBUG] [net.minecraftforge.fml.loading.moddiscovery.ModFileInfo/LOADING]: Found valid mod file forge-1.20.1-47.4.0_mapped_official_1.20.1.jar with {minecraft} mods - versions {1.20.1}
[24Oct2025 11:24:43.652] [main/DEBUG] [net.minecraftforge.fml.loading.moddiscovery.ModFileParser/LOADING]: Considering mod file candidate /Users/rai/.gradle/caches/modules-2/files-2.1/net.minecraftforge/javafmllanguage/1.20.1-47.4.0/f0c0b352173d0a378cbdcec9cfc4ba65899a721/javafmllanguage-1.20.1-47.4.0.jar
[24Oct2025 11:24:43.653] [main/WARN] [net.minecraftforge.fml.loading.moddiscovery.ModFileParser/LOADING]: Mod file /Users/rai/.gradle/caches/modules-2/files-2.1/net.minecraftforge/javafmllanguage/1.20.1-47.4.0/f0c0b352173d0a378cbdcec9cfc4ba65899a721/javafmllanguage-1.20.1-47.4.0.jar is missing mods.toml file
[24Oct2025 11:24:43.655] [main/DEBUG] [net.minecraftforge.fml.loading.moddiscovery.ModFileParser/LOADING]: Considering mod file candidate /Users/rai/.gradle/caches/modules-2/files-2.1/net.minecraftforge/lowcodelanguage/1.20.1-47.4.0/e862740d8c84d08dbfedea412bef88fe42e727c5/lowcodelanguage-1.20.1-47.4.0.jar
[24Oct2025 11:24:43.655] [main/WARN] [net.minecraftforge.fml.loading.moddiscovery.ModFileParser/LOADING]: Mod file /Users/rai/.gradle/caches/modules-2/files-2.1/net.minecraftforge/lowcodelanguage/1.20.1-47.4.0/e862740d8c84d08dbfedea412bef88fe42e727c5/lowcodelanguage-1.20.1-47.4.0.jar is missing mods.toml file
[24Oct2025 11:24:43.688] [main/DEBUG] [net.minecraftforge.fml.loading.moddiscovery.ModFileParser/LOADING]: Considering mod file candidate /Users/rai/.gradle/caches/modules-2/files-2.1/net.minecraftforge/mclanguage/1.20.1-47.4.0/5719b3a297a33f877ed5dde4cb4bd75c859096af/mclanguage-1.20.1-47.4.0.jar
[24Oct2025 11:24:43.689] [main/WARN] [net.minecraftforge.fml.loading.moddiscovery.ModFileParser/LOADING]: Mod file /Users/rai/.gradle/caches/modules-2/files-2.1/net.minecraftforge/mclanguage/1.20.1-47.4.0/5719b3a297a33f877ed5dde4cb4bd75c859096af/mclanguage-1.20.1-47.4.0.jar is missing mods.toml file
[24Oct2025 11:24:43.698] [main/DEBUG] [net.minecraftforge.fml.loading.moddiscovery.ModFileParser/LOADING]: Considering mod file candidate /Users/rai/.gradle/caches/modules-2/files-2.1/net.minecraftforge/fmlcore/1.20.1-47.4.0/235975dafa4309945b59c56b53f31dc5b65a6051/fmlcore-1.20.1-47.4.0.jar
[24Oct2025 11:24:43.698] [main/WARN] [net.minecraftforge.fml.loading.moddiscovery.ModFileParser/LOADING]: Mod file /Users/rai/.gradle/caches/modules-2/files-2.1/net.minecraftforge/fmlcore/1.20.1-47.4.0/235975dafa4309945b59c56b53f31dc5b65a6051/fmlcore-1.20.1-47.4.0.jar is missing mods.toml file
[24Oct2025 11:24:43.702] [main/DEBUG] [net.minecraftforge.fml.loading.moddiscovery.ModFileParser/LOADING]: Considering mod file candidate /Users/rai/Projects/magitacz-forge/build/resources/main
[24Oct2025 11:24:43.749] [main/DEBUG] [net.minecraftforge.fml.loading.moddiscovery.ModFileInfo/LOADING]: Found valid mod file main with {magitacz} mods - versions {1.0}
[24Oct2025 11:24:43.756] [main/DEBUG] [net.minecraftforge.fml.loading.moddiscovery.ModFileParser/LOADING]: Considering mod file candidate /
[24Oct2025 11:24:43.759] [main/DEBUG] [net.minecraftforge.fml.loading.moddiscovery.ModFileInfo/LOADING]: Found valid mod file  with {forge} mods - versions {47.4.0}
[24Oct2025 11:24:43.782] [main/DEBUG] [net.minecraftforge.fml.loading.moddiscovery.ModFileParser/LOADING]: Considering mod file candidate /Users/rai/.gradle/caches/forge_gradle/deobf_dependencies/io/redspace/ironsspellbooks/irons_spellbooks/1.20.1-3.4.0.9_mapped_official_1.20.1/irons_spellbooks-1.20.1-3.4.0.9_mapped_official_1.20.1.jar
[24Oct2025 11:24:43.787] [main/DEBUG] [net.minecraftforge.fml.loading.moddiscovery.ModFileInfo/LOADING]: Found valid mod file irons_spellbooks-1.20.1-3.4.0.9_mapped_official_1.20.1.jar with {irons_spellbooks} mods - versions {1.20.1-3.4.0.9}
[24Oct2025 11:24:43.789] [main/DEBUG] [net.minecraftforge.fml.loading.moddiscovery.ModFileParser/LOADING]: Considering mod file candidate /Users/rai/.gradle/caches/forge_gradle/deobf_dependencies/software/bernie/geckolib/geckolib-forge-1.20.1/4.4.9_mapped_official_1.20.1/geckolib-forge-1.20.1-4.4.9_mapped_official_1.20.1.jar
[24Oct2025 11:24:43.792] [main/DEBUG] [net.minecraftforge.fml.loading.moddiscovery.ModFileInfo/LOADING]: Found valid mod file geckolib-forge-1.20.1-4.4.9_mapped_official_1.20.1.jar with {geckolib} mods - versions {4.4.9}
[24Oct2025 11:24:43.794] [main/DEBUG] [net.minecraftforge.fml.loading.moddiscovery.ModFileParser/LOADING]: Considering mod file candidate /Users/rai/.gradle/caches/forge_gradle/deobf_dependencies/top/theillusivec4/curios/curios-forge/5.14.1+1.20.1_mapped_official_1.20.1/curios-forge-5.14.1+1.20.1_mapped_official_1.20.1.jar
[24Oct2025 11:24:43.800] [main/DEBUG] [net.minecraftforge.fml.loading.moddiscovery.ModFileInfo/LOADING]: Found valid mod file curios-forge-5.14.1+1.20.1_mapped_official_1.20.1.jar with {curios} mods - versions {5.14.1+1.20.1}
[24Oct2025 11:24:43.804] [main/DEBUG] [net.minecraftforge.fml.loading.moddiscovery.ModFileParser/LOADING]: Considering mod file candidate /Users/rai/.gradle/caches/forge_gradle/deobf_dependencies/dev/kosmx/player-anim/player-animation-lib-forge/1.0.2-rc1+1.20_mapped_official_1.20.1/player-animation-lib-forge-1.0.2-rc1+1.20_mapped_official_1.20.1.jar
[24Oct2025 11:24:43.806] [main/DEBUG] [net.minecraftforge.fml.loading.moddiscovery.ModFileInfo/LOADING]: Found valid mod file player-animation-lib-forge-1.0.2-rc1+1.20_mapped_official_1.20.1.jar with {playeranimator} mods - versions {1.0.2-rc1+1.20}
[24Oct2025 11:24:43.814] [main/DEBUG] [net.minecraftforge.fml.loading.moddiscovery.ModFileParser/LOADING]: Considering mod file candidate /Users/rai/.gradle/caches/forge_gradle/deobf_dependencies/curse/maven/apotheotic-additions-924640/6393313_mapped_official_1.20.1/apotheotic-additions-924640-6393313_mapped_official_1.20.1.jar
[24Oct2025 11:24:43.910] [main/DEBUG] [net.minecraftforge.fml.loading.moddiscovery.ModFileInfo/LOADING]: Found valid mod file apotheotic-additions-924640-6393313_mapped_official_1.20.1.jar with {apotheotic_additions} mods - versions {2.2.2}
[24Oct2025 11:24:43.941] [main/DEBUG] [net.minecraftforge.fml.loading.moddiscovery.ModFileParser/LOADING]: Considering mod file candidate /Users/rai/.gradle/caches/forge_gradle/deobf_dependencies/dev/shadowsoffire/Apotheosis/1.20.1-7.4.8_mapped_official_1.20.1/Apotheosis-1.20.1-7.4.8_mapped_official_1.20.1.jar
[24Oct2025 11:24:43.955] [main/DEBUG] [net.minecraftforge.fml.loading.moddiscovery.ModFileInfo/LOADING]: Found valid mod file Apotheosis-1.20.1-7.4.8_mapped_official_1.20.1.jar with {apotheosis} mods - versions {7.4.8}
[24Oct2025 11:24:43.957] [main/DEBUG] [net.minecraftforge.fml.loading.moddiscovery.ModFileParser/LOADING]: Considering mod file candidate /Users/rai/.gradle/caches/forge_gradle/deobf_dependencies/curse/maven/apothic-attributes-898963/5634071_mapped_official_1.20.1/apothic-attributes-898963-5634071_mapped_official_1.20.1.jar
[24Oct2025 11:24:43.958] [main/DEBUG] [net.minecraftforge.fml.loading.moddiscovery.ModFileInfo/LOADING]: Found valid mod file apothic-attributes-898963-5634071_mapped_official_1.20.1.jar with {attributeslib} mods - versions {1.3.7}
[24Oct2025 11:24:43.960] [main/DEBUG] [net.minecraftforge.fml.loading.moddiscovery.ModFileParser/LOADING]: Considering mod file candidate /Users/rai/.gradle/caches/forge_gradle/deobf_dependencies/dev/shadowsoffire/Placebo/1.20.1-8.6.3_mapped_official_1.20.1/Placebo-1.20.1-8.6.3_mapped_official_1.20.1.jar
[24Oct2025 11:24:43.961] [main/DEBUG] [net.minecraftforge.fml.loading.moddiscovery.ModFileInfo/LOADING]: Found valid mod file Placebo-1.20.1-8.6.3_mapped_official_1.20.1.jar with {placebo} mods - versions {8.6.3}
[24Oct2025 11:24:43.970] [main/DEBUG] [net.minecraftforge.fml.loading.moddiscovery.ModFileParser/LOADING]: Considering mod file candidate /Users/rai/.gradle/caches/forge_gradle/deobf_dependencies/curse/maven/timeless-and-classics-zero-1028108/6654541_mapped_official_1.20.1/timeless-and-classics-zero-1028108-6654541_mapped_official_1.20.1.jar
[24Oct2025 11:24:43.972] [main/DEBUG] [net.minecraftforge.fml.loading.moddiscovery.ModFileInfo/LOADING]: Found valid mod file timeless-and-classics-zero-1028108-6654541_mapped_official_1.20.1.jar with {tacz} mods - versions {1.1.6-hotfix}
[24Oct2025 11:24:43.973] [main/DEBUG] [net.minecraftforge.fml.loading.moddiscovery.ModFileParser/LOADING]: Considering mod file candidate /Users/rai/.gradle/caches/forge_gradle/deobf_dependencies/curse/maven/obscure-api-638417/4616364_mapped_official_1.20.1/obscure-api-638417-4616364_mapped_official_1.20.1.jar
[24Oct2025 11:24:43.975] [main/DEBUG] [net.minecraftforge.fml.loading.moddiscovery.ModFileInfo/LOADING]: Found valid mod file obscure-api-638417-4616364_mapped_official_1.20.1.jar with {obscure_api} mods - versions {15}
[24Oct2025 11:24:43.976] [main/DEBUG] [net.minecraftforge.fml.loading.moddiscovery.ModFileParser/LOADING]: Considering mod file candidate /Users/rai/.gradle/caches/forge_gradle/deobf_dependencies/curse/maven/ob-aquamirae-536254/7039863_mapped_official_1.20.1/ob-aquamirae-536254-7039863_mapped_official_1.20.1.jar
[24Oct2025 11:24:43.978] [main/DEBUG] [net.minecraftforge.fml.loading.moddiscovery.ModFileInfo/LOADING]: Found valid mod file ob-aquamirae-536254-7039863_mapped_official_1.20.1.jar with {aquamirae} mods - versions {6.1.0}
[24Oct2025 11:24:43.980] [main/DEBUG] [net.minecraftforge.fml.loading.moddiscovery.ModFileParser/LOADING]: Considering mod file candidate /Users/rai/.gradle/caches/forge_gradle/deobf_dependencies/net/tslat/tes/TES-forge-1.20.1/1.5.1_mapped_official_1.20.1/TES-forge-1.20.1-1.5.1_mapped_official_1.20.1.jar
[24Oct2025 11:24:43.983] [main/DEBUG] [net.minecraftforge.fml.loading.moddiscovery.ModFileInfo/LOADING]: Found valid mod file TES-forge-1.20.1-1.5.1_mapped_official_1.20.1.jar with {tslatentitystatus} mods - versions {1.5.1}
[24Oct2025 11:24:43.985] [main/DEBUG] [net.minecraftforge.fml.loading.moddiscovery.ModFileParser/LOADING]: Considering mod file candidate /Users/rai/.gradle/caches/forge_gradle/deobf_dependencies/curse/maven/apotheosis-modern-ragnarok-966582/6956142_mapped_official_1.20.1/apotheosis-modern-ragnarok-966582-6956142_mapped_official_1.20.1.jar
[24Oct2025 11:24:43.987] [main/DEBUG] [net.minecraftforge.fml.loading.moddiscovery.ModFileInfo/LOADING]: Found valid mod file apotheosis-modern-ragnarok-966582-6956142_mapped_official_1.20.1.jar with {apotheosis_modern_ragnarok} mods - versions {5.0.16+mc1.20.1+tacz1.1.6}
[24Oct2025 11:24:43.989] [main/DEBUG] [net.minecraftforge.fml.loading.moddiscovery.ModFileParser/LOADING]: Considering mod file candidate /Users/rai/.gradle/caches/forge_gradle/deobf_dependencies/curse/maven/gunsmith-lib-1264058/7049169_mapped_official_1.20.1/gunsmith-lib-1264058-7049169_mapped_official_1.20.1.jar
[24Oct2025 11:24:43.991] [main/DEBUG] [net.minecraftforge.fml.loading.moddiscovery.ModFileInfo/LOADING]: Found valid mod file gunsmith-lib-1264058-7049169_mapped_official_1.20.1.jar with {gunsmithlib} mods - versions {4.8.2+mc1.20.1+tacz1.1.6}
[24Oct2025 11:24:43.993] [main/DEBUG] [net.minecraftforge.fml.loading.moddiscovery.ModFileParser/LOADING]: Considering mod file candidate /Users/rai/.gradle/caches/forge_gradle/deobf_dependencies/curse/maven/selene-499980/6380635_mapped_official_1.20.1/selene-499980-6380635_mapped_official_1.20.1.jar
[24Oct2025 11:24:44.002] [main/DEBUG] [net.minecraftforge.fml.loading.moddiscovery.ModFileInfo/LOADING]: Found valid mod file selene-499980-6380635_mapped_official_1.20.1.jar with {moonlight} mods - versions {1.20-2.13.81}
[24Oct2025 11:24:44.005] [main/DEBUG] [net.minecraftforge.fml.loading.moddiscovery.ModFileParser/LOADING]: Considering mod file candidate /Users/rai/.gradle/caches/forge_gradle/deobf_dependencies/curse/maven/mmmmmmmmmmmm-225738/6237015_mapped_official_1.20.1/mmmmmmmmmmmm-225738-6237015_mapped_official_1.20.1.jar
[24Oct2025 11:24:44.009] [main/DEBUG] [net.minecraftforge.fml.loading.moddiscovery.ModFileInfo/LOADING]: Found valid mod file mmmmmmmmmmmm-225738-6237015_mapped_official_1.20.1.jar with {dummmmmmy} mods - versions {1.20-2.0.6}
[24Oct2025 11:24:44.011] [main/DEBUG] [net.minecraftforge.fml.loading.moddiscovery.ModFileParser/LOADING]: Considering mod file candidate /Users/rai/.gradle/caches/forge_gradle/deobf_dependencies/top/theillusivec4/caelus/caelus-forge/3.2.0+1.20.1_mapped_official_1.20.1/caelus-forge-3.2.0+1.20.1_mapped_official_1.20.1.jar
[24Oct2025 11:24:44.016] [main/DEBUG] [net.minecraftforge.fml.loading.moddiscovery.ModFileInfo/LOADING]: Found valid mod file caelus-forge-3.2.0+1.20.1_mapped_official_1.20.1.jar with {caelus} mods - versions {3.2.0+1.20.1}
[24Oct2025 11:24:44.021] [main/DEBUG] [net.minecraftforge.fml.loading.moddiscovery.ModFileParser/LOADING]: Considering mod file candidate /Users/rai/.gradle/caches/forge_gradle/deobf_dependencies/io/redspace/ironsspellbooks/irons_spellbooks/1.20.1-3.4.0.9_mapped_official_1.20.1/irons_spellbooks-1.20.1-3.4.0.9_mapped_official_1.20.1.jar
[24Oct2025 11:24:44.023] [main/DEBUG] [net.minecraftforge.fml.loading.moddiscovery.ModFileInfo/LOADING]: Found valid mod file irons_spellbooks-1.20.1-3.4.0.9_mapped_official_1.20.1.jar with {irons_spellbooks} mods - versions {1.20.1-3.4.0.9}
[24Oct2025 11:24:44.027] [main/DEBUG] [net.minecraftforge.fml.loading.moddiscovery.ModFileParser/LOADING]: Considering mod file candidate /Users/rai/.gradle/caches/forge_gradle/deobf_dependencies/software/bernie/geckolib/geckolib-forge-1.20.1/4.4.9_mapped_official_1.20.1/geckolib-forge-1.20.1-4.4.9_mapped_official_1.20.1.jar
[24Oct2025 11:24:44.032] [main/DEBUG] [net.minecraftforge.fml.loading.moddiscovery.ModFileInfo/LOADING]: Found valid mod file geckolib-forge-1.20.1-4.4.9_mapped_official_1.20.1.jar with {geckolib} mods - versions {4.4.9}
[24Oct2025 11:24:44.047] [main/DEBUG] [net.minecraftforge.fml.loading.moddiscovery.ModFileParser/LOADING]: Considering mod file candidate /Users/rai/.gradle/caches/forge_gradle/deobf_dependencies/top/theillusivec4/curios/curios-forge/5.14.1+1.20.1_mapped_official_1.20.1/curios-forge-5.14.1+1.20.1_mapped_official_1.20.1.jar
[24Oct2025 11:24:44.048] [main/DEBUG] [net.minecraftforge.fml.loading.moddiscovery.ModFileInfo/LOADING]: Found valid mod file curios-forge-5.14.1+1.20.1_mapped_official_1.20.1.jar with {curios} mods - versions {5.14.1+1.20.1}
[24Oct2025 11:24:44.049] [main/DEBUG] [net.minecraftforge.fml.loading.moddiscovery.ModFileParser/LOADING]: Considering mod file candidate /Users/rai/.gradle/caches/forge_gradle/deobf_dependencies/dev/kosmx/player-anim/player-animation-lib-forge/1.0.2-rc1+1.20_mapped_official_1.20.1/player-animation-lib-forge-1.0.2-rc1+1.20_mapped_official_1.20.1.jar
[24Oct2025 11:24:44.050] [main/DEBUG] [net.minecraftforge.fml.loading.moddiscovery.ModFileInfo/LOADING]: Found valid mod file player-animation-lib-forge-1.0.2-rc1+1.20_mapped_official_1.20.1.jar with {playeranimator} mods - versions {1.0.2-rc1+1.20}
[24Oct2025 11:24:44.053] [main/DEBUG] [net.minecraftforge.fml.loading.moddiscovery.ModFileParser/LOADING]: Considering mod file candidate /Users/rai/.gradle/caches/forge_gradle/deobf_dependencies/curse/maven/apotheotic-additions-924640/6393313_mapped_official_1.20.1/apotheotic-additions-924640-6393313_mapped_official_1.20.1.jar
[24Oct2025 11:24:44.055] [main/DEBUG] [net.minecraftforge.fml.loading.moddiscovery.ModFileInfo/LOADING]: Found valid mod file apotheotic-additions-924640-6393313_mapped_official_1.20.1.jar with {apotheotic_additions} mods - versions {2.2.2}
[24Oct2025 11:24:44.059] [main/DEBUG] [net.minecraftforge.fml.loading.moddiscovery.ModFileParser/LOADING]: Considering mod file candidate /Users/rai/.gradle/caches/forge_gradle/deobf_dependencies/dev/shadowsoffire/Apotheosis/1.20.1-7.4.8_mapped_official_1.20.1/Apotheosis-1.20.1-7.4.8_mapped_official_1.20.1.jar
[24Oct2025 11:24:44.060] [main/DEBUG] [net.minecraftforge.fml.loading.moddiscovery.ModFileInfo/LOADING]: Found valid mod file Apotheosis-1.20.1-7.4.8_mapped_official_1.20.1.jar with {apotheosis} mods - versions {7.4.8}
[24Oct2025 11:24:44.061] [main/DEBUG] [net.minecraftforge.fml.loading.moddiscovery.ModFileParser/LOADING]: Considering mod file candidate /Users/rai/.gradle/caches/forge_gradle/deobf_dependencies/curse/maven/apothic-attributes-898963/5634071_mapped_official_1.20.1/apothic-attributes-898963-5634071_mapped_official_1.20.1.jar
[24Oct2025 11:24:44.062] [main/DEBUG] [net.minecraftforge.fml.loading.moddiscovery.ModFileInfo/LOADING]: Found valid mod file apothic-attributes-898963-5634071_mapped_official_1.20.1.jar with {attributeslib} mods - versions {1.3.7}
[24Oct2025 11:24:44.062] [main/DEBUG] [net.minecraftforge.fml.loading.moddiscovery.ModFileParser/LOADING]: Considering mod file candidate /Users/rai/.gradle/caches/forge_gradle/deobf_dependencies/dev/shadowsoffire/Placebo/1.20.1-8.6.3_mapped_official_1.20.1/Placebo-1.20.1-8.6.3_mapped_official_1.20.1.jar
[24Oct2025 11:24:44.063] [main/DEBUG] [net.minecraftforge.fml.loading.moddiscovery.ModFileInfo/LOADING]: Found valid mod file Placebo-1.20.1-8.6.3_mapped_official_1.20.1.jar with {placebo} mods - versions {8.6.3}
[24Oct2025 11:24:44.069] [main/DEBUG] [net.minecraftforge.fml.loading.moddiscovery.ModFileParser/LOADING]: Considering mod file candidate /Users/rai/.gradle/caches/forge_gradle/deobf_dependencies/curse/maven/timeless-and-classics-zero-1028108/6654541_mapped_official_1.20.1/timeless-and-classics-zero-1028108-6654541_mapped_official_1.20.1.jar
[24Oct2025 11:24:44.070] [main/DEBUG] [net.minecraftforge.fml.loading.moddiscovery.ModFileInfo/LOADING]: Found valid mod file timeless-and-classics-zero-1028108-6654541_mapped_official_1.20.1.jar with {tacz} mods - versions {1.1.6-hotfix}
[24Oct2025 11:24:44.071] [main/DEBUG] [net.minecraftforge.fml.loading.moddiscovery.ModFileParser/LOADING]: Considering mod file candidate /Users/rai/.gradle/caches/forge_gradle/deobf_dependencies/curse/maven/obscure-api-638417/4616364_mapped_official_1.20.1/obscure-api-638417-4616364_mapped_official_1.20.1.jar
[24Oct2025 11:24:44.072] [main/DEBUG] [net.minecraftforge.fml.loading.moddiscovery.ModFileInfo/LOADING]: Found valid mod file obscure-api-638417-4616364_mapped_official_1.20.1.jar with {obscure_api} mods - versions {15}
[24Oct2025 11:24:44.075] [main/DEBUG] [net.minecraftforge.fml.loading.moddiscovery.ModFileParser/LOADING]: Considering mod file candidate /Users/rai/.gradle/caches/forge_gradle/deobf_dependencies/curse/maven/ob-aquamirae-536254/7039863_mapped_official_1.20.1/ob-aquamirae-536254-7039863_mapped_official_1.20.1.jar
[24Oct2025 11:24:44.077] [main/DEBUG] [net.minecraftforge.fml.loading.moddiscovery.ModFileInfo/LOADING]: Found valid mod file ob-aquamirae-536254-7039863_mapped_official_1.20.1.jar with {aquamirae} mods - versions {6.1.0}
[24Oct2025 11:24:44.078] [main/DEBUG] [net.minecraftforge.fml.loading.moddiscovery.ModFileParser/LOADING]: Considering mod file candidate /Users/rai/.gradle/caches/forge_gradle/deobf_dependencies/net/tslat/tes/TES-forge-1.20.1/1.5.1_mapped_official_1.20.1/TES-forge-1.20.1-1.5.1_mapped_official_1.20.1.jar
[24Oct2025 11:24:44.080] [main/DEBUG] [net.minecraftforge.fml.loading.moddiscovery.ModFileInfo/LOADING]: Found valid mod file TES-forge-1.20.1-1.5.1_mapped_official_1.20.1.jar with {tslatentitystatus} mods - versions {1.5.1}
[24Oct2025 11:24:44.081] [main/DEBUG] [net.minecraftforge.fml.loading.moddiscovery.ModFileParser/LOADING]: Considering mod file candidate /Users/rai/.gradle/caches/forge_gradle/deobf_dependencies/curse/maven/apotheosis-modern-ragnarok-966582/6956142_mapped_official_1.20.1/apotheosis-modern-ragnarok-966582-6956142_mapped_official_1.20.1.jar
[24Oct2025 11:24:44.083] [main/DEBUG] [net.minecraftforge.fml.loading.moddiscovery.ModFileInfo/LOADING]: Found valid mod file apotheosis-modern-ragnarok-966582-6956142_mapped_official_1.20.1.jar with {apotheosis_modern_ragnarok} mods - versions {5.0.16+mc1.20.1+tacz1.1.6}
[24Oct2025 11:24:44.086] [main/DEBUG] [net.minecraftforge.fml.loading.moddiscovery.ModFileParser/LOADING]: Considering mod file candidate /Users/rai/.gradle/caches/forge_gradle/deobf_dependencies/curse/maven/gunsmith-lib-1264058/7049169_mapped_official_1.20.1/gunsmith-lib-1264058-7049169_mapped_official_1.20.1.jar
[24Oct2025 11:24:44.087] [main/DEBUG] [net.minecraftforge.fml.loading.moddiscovery.ModFileInfo/LOADING]: Found valid mod file gunsmith-lib-1264058-7049169_mapped_official_1.20.1.jar with {gunsmithlib} mods - versions {4.8.2+mc1.20.1+tacz1.1.6}
[24Oct2025 11:24:44.088] [main/DEBUG] [net.minecraftforge.fml.loading.moddiscovery.ModFileParser/LOADING]: Considering mod file candidate /Users/rai/.gradle/caches/forge_gradle/deobf_dependencies/curse/maven/selene-499980/6380635_mapped_official_1.20.1/selene-499980-6380635_mapped_official_1.20.1.jar
[24Oct2025 11:24:44.089] [main/DEBUG] [net.minecraftforge.fml.loading.moddiscovery.ModFileInfo/LOADING]: Found valid mod file selene-499980-6380635_mapped_official_1.20.1.jar with {moonlight} mods - versions {1.20-2.13.81}
[24Oct2025 11:24:44.090] [main/DEBUG] [net.minecraftforge.fml.loading.moddiscovery.ModFileParser/LOADING]: Considering mod file candidate /Users/rai/.gradle/caches/forge_gradle/deobf_dependencies/curse/maven/mmmmmmmmmmmm-225738/6237015_mapped_official_1.20.1/mmmmmmmmmmmm-225738-6237015_mapped_official_1.20.1.jar
[24Oct2025 11:24:44.092] [main/DEBUG] [net.minecraftforge.fml.loading.moddiscovery.ModFileInfo/LOADING]: Found valid mod file mmmmmmmmmmmm-225738-6237015_mapped_official_1.20.1.jar with {dummmmmmy} mods - versions {1.20-2.0.6}
[24Oct2025 11:24:44.094] [main/DEBUG] [net.minecraftforge.fml.loading.moddiscovery.ModFileParser/LOADING]: Considering mod file candidate /Users/rai/.gradle/caches/forge_gradle/deobf_dependencies/top/theillusivec4/caelus/caelus-forge/3.2.0+1.20.1_mapped_official_1.20.1/caelus-forge-3.2.0+1.20.1_mapped_official_1.20.1.jar
[24Oct2025 11:24:44.096] [main/DEBUG] [net.minecraftforge.fml.loading.moddiscovery.ModFileInfo/LOADING]: Found valid mod file caelus-forge-3.2.0+1.20.1_mapped_official_1.20.1.jar with {caelus} mods - versions {3.2.0+1.20.1}
[24Oct2025 11:24:44.106] [main/DEBUG] [net.minecraftforge.fml.loading.UniqueModListBuilder/]: Found 2 mods for first modid attributeslib, selecting most recent based on version data
[24Oct2025 11:24:44.108] [main/DEBUG] [net.minecraftforge.fml.loading.UniqueModListBuilder/]: Selected file apothic-attributes-898963-5634071_mapped_official_1.20.1.jar for modid attributeslib with version 1.3.7
[24Oct2025 11:24:44.108] [main/DEBUG] [net.minecraftforge.fml.loading.UniqueModListBuilder/]: Found 2 mods for first modid irons_spellbooks, selecting most recent based on version data
[24Oct2025 11:24:44.108] [main/DEBUG] [net.minecraftforge.fml.loading.UniqueModListBuilder/]: Selected file irons_spellbooks-1.20.1-3.4.0.9_mapped_official_1.20.1.jar for modid irons_spellbooks with version 1.20.1-3.4.0.9
[24Oct2025 11:24:44.108] [main/DEBUG] [net.minecraftforge.fml.loading.UniqueModListBuilder/]: Found 2 mods for first modid tslatentitystatus, selecting most recent based on version data
[24Oct2025 11:24:44.108] [main/DEBUG] [net.minecraftforge.fml.loading.UniqueModListBuilder/]: Selected file TES-forge-1.20.1-1.5.1_mapped_official_1.20.1.jar for modid tslatentitystatus with version 1.5.1
[24Oct2025 11:24:44.108] [main/DEBUG] [net.minecraftforge.fml.loading.UniqueModListBuilder/]: Found 2 mods for first modid moonlight, selecting most recent based on version data
[24Oct2025 11:24:44.108] [main/DEBUG] [net.minecraftforge.fml.loading.UniqueModListBuilder/]: Selected file selene-499980-6380635_mapped_official_1.20.1.jar for modid moonlight with version 1.20-2.13.81
[24Oct2025 11:24:44.108] [main/DEBUG] [net.minecraftforge.fml.loading.UniqueModListBuilder/]: Found 2 mods for first modid gunsmithlib, selecting most recent based on version data
[24Oct2025 11:24:44.109] [main/DEBUG] [net.minecraftforge.fml.loading.UniqueModListBuilder/]: Selected file gunsmith-lib-1264058-7049169_mapped_official_1.20.1.jar for modid gunsmithlib with version 4.8.2+mc1.20.1+tacz1.1.6
[24Oct2025 11:24:44.109] [main/DEBUG] [net.minecraftforge.fml.loading.UniqueModListBuilder/]: Found 2 mods for first modid apotheosis, selecting most recent based on version data
[24Oct2025 11:24:44.109] [main/DEBUG] [net.minecraftforge.fml.loading.UniqueModListBuilder/]: Selected file Apotheosis-1.20.1-7.4.8_mapped_official_1.20.1.jar for modid apotheosis with version 7.4.8
[24Oct2025 11:24:44.109] [main/DEBUG] [net.minecraftforge.fml.loading.UniqueModListBuilder/]: Found 2 mods for first modid geckolib, selecting most recent based on version data
[24Oct2025 11:24:44.109] [main/DEBUG] [net.minecraftforge.fml.loading.UniqueModListBuilder/]: Selected file geckolib-forge-1.20.1-4.4.9_mapped_official_1.20.1.jar for modid geckolib with version 4.4.9
[24Oct2025 11:24:44.109] [main/DEBUG] [net.minecraftforge.fml.loading.UniqueModListBuilder/]: Found 2 mods for first modid playeranimator, selecting most recent based on version data
[24Oct2025 11:24:44.110] [main/DEBUG] [net.minecraftforge.fml.loading.UniqueModListBuilder/]: Selected file player-animation-lib-forge-1.0.2-rc1+1.20_mapped_official_1.20.1.jar for modid playeranimator with version 1.0.2-rc1+1.20
[24Oct2025 11:24:44.110] [main/DEBUG] [net.minecraftforge.fml.loading.UniqueModListBuilder/]: Found 2 mods for first modid apotheosis_modern_ragnarok, selecting most recent based on version data
[24Oct2025 11:24:44.110] [main/DEBUG] [net.minecraftforge.fml.loading.UniqueModListBuilder/]: Selected file apotheosis-modern-ragnarok-966582-6956142_mapped_official_1.20.1.jar for modid apotheosis_modern_ragnarok with version 5.0.16+mc1.20.1+tacz1.1.6
[24Oct2025 11:24:44.110] [main/DEBUG] [net.minecraftforge.fml.loading.UniqueModListBuilder/]: Found 2 mods for first modid tacz, selecting most recent based on version data
[24Oct2025 11:24:44.110] [main/DEBUG] [net.minecraftforge.fml.loading.UniqueModListBuilder/]: Selected file timeless-and-classics-zero-1028108-6654541_mapped_official_1.20.1.jar for modid tacz with version 1.1.6-hotfix
[24Oct2025 11:24:44.110] [main/DEBUG] [net.minecraftforge.fml.loading.UniqueModListBuilder/]: Found 2 mods for first modid caelus, selecting most recent based on version data
[24Oct2025 11:24:44.110] [main/DEBUG] [net.minecraftforge.fml.loading.UniqueModListBuilder/]: Selected file caelus-forge-3.2.0+1.20.1_mapped_official_1.20.1.jar for modid caelus with version 3.2.0+1.20.1
[24Oct2025 11:24:44.110] [main/DEBUG] [net.minecraftforge.fml.loading.UniqueModListBuilder/]: Found 2 mods for first modid obscure_api, selecting most recent based on version data
[24Oct2025 11:24:44.110] [main/DEBUG] [net.minecraftforge.fml.loading.UniqueModListBuilder/]: Selected file obscure-api-638417-4616364_mapped_official_1.20.1.jar for modid obscure_api with version 15
[24Oct2025 11:24:44.110] [main/DEBUG] [net.minecraftforge.fml.loading.UniqueModListBuilder/]: Found 2 mods for first modid dummmmmmy, selecting most recent based on version data
[24Oct2025 11:24:44.110] [main/DEBUG] [net.minecraftforge.fml.loading.UniqueModListBuilder/]: Selected file mmmmmmmmmmmm-225738-6237015_mapped_official_1.20.1.jar for modid dummmmmmy with version 1.20-2.0.6
[24Oct2025 11:24:44.110] [main/DEBUG] [net.minecraftforge.fml.loading.UniqueModListBuilder/]: Found 2 mods for first modid curios, selecting most recent based on version data
[24Oct2025 11:24:44.110] [main/DEBUG] [net.minecraftforge.fml.loading.UniqueModListBuilder/]: Selected file curios-forge-5.14.1+1.20.1_mapped_official_1.20.1.jar for modid curios with version 5.14.1+1.20.1
[24Oct2025 11:24:44.111] [main/DEBUG] [net.minecraftforge.fml.loading.UniqueModListBuilder/]: Found 2 mods for first modid aquamirae, selecting most recent based on version data
[24Oct2025 11:24:44.111] [main/DEBUG] [net.minecraftforge.fml.loading.UniqueModListBuilder/]: Selected file ob-aquamirae-536254-7039863_mapped_official_1.20.1.jar for modid aquamirae with version 6.1.0
[24Oct2025 11:24:44.111] [main/DEBUG] [net.minecraftforge.fml.loading.UniqueModListBuilder/]: Found 2 mods for first modid apotheotic_additions, selecting most recent based on version data
[24Oct2025 11:24:44.111] [main/DEBUG] [net.minecraftforge.fml.loading.UniqueModListBuilder/]: Selected file apotheotic-additions-924640-6393313_mapped_official_1.20.1.jar for modid apotheotic_additions with version 2.2.2
[24Oct2025 11:24:44.111] [main/DEBUG] [net.minecraftforge.fml.loading.UniqueModListBuilder/]: Found 2 mods for first modid placebo, selecting most recent based on version data
[24Oct2025 11:24:44.111] [main/DEBUG] [net.minecraftforge.fml.loading.UniqueModListBuilder/]: Selected file Placebo-1.20.1-8.6.3_mapped_official_1.20.1.jar for modid placebo with version 8.6.3
[24Oct2025 11:24:44.126] [main/DEBUG] [net.minecraftforge.fml.loading.moddiscovery.AbstractJarFileDependencyLocator/]: Failed to load resource META-INF/jarjar/metadata.json from apothic-attributes-898963-5634071_mapped_official_1.20.1.jar, it does not contain dependency information.
[24Oct2025 11:24:44.126] [main/DEBUG] [net.minecraftforge.fml.loading.moddiscovery.AbstractJarFileDependencyLocator/]: Failed to load resource META-INF/jarjar/metadata.json from irons_spellbooks-1.20.1-3.4.0.9_mapped_official_1.20.1.jar, it does not contain dependency information.
[24Oct2025 11:24:44.127] [main/DEBUG] [net.minecraftforge.fml.loading.moddiscovery.AbstractJarFileDependencyLocator/]: Failed to load resource META-INF/jarjar/metadata.json from forge-1.20.1-47.4.0_mapped_official_1.20.1.jar, it does not contain dependency information.
[24Oct2025 11:24:44.127] [main/DEBUG] [net.minecraftforge.fml.loading.moddiscovery.AbstractJarFileDependencyLocator/]: Failed to load resource META-INF/jarjar/metadata.json from TES-forge-1.20.1-1.5.1_mapped_official_1.20.1.jar, it does not contain dependency information.
[24Oct2025 11:24:44.127] [main/DEBUG] [net.minecraftforge.fml.loading.moddiscovery.AbstractJarFileDependencyLocator/]: Failed to load resource META-INF/jarjar/metadata.json from main, it does not contain dependency information.
[24Oct2025 11:24:44.128] [main/DEBUG] [net.minecraftforge.fml.loading.moddiscovery.AbstractJarFileDependencyLocator/]: Failed to load resource META-INF/jarjar/metadata.json from Apotheosis-1.20.1-7.4.8_mapped_official_1.20.1.jar, it does not contain dependency information.
[24Oct2025 11:24:44.128] [main/DEBUG] [net.minecraftforge.fml.loading.moddiscovery.AbstractJarFileDependencyLocator/]: Failed to load resource META-INF/jarjar/metadata.json from player-animation-lib-forge-1.0.2-rc1+1.20_mapped_official_1.20.1.jar, it does not contain dependency information.
[24Oct2025 11:24:44.132] [main/DEBUG] [net.minecraftforge.fml.loading.moddiscovery.AbstractJarFileDependencyLocator/]: Failed to load resource META-INF/jarjar/metadata.json from caelus-forge-3.2.0+1.20.1_mapped_official_1.20.1.jar, it does not contain dependency information.
[24Oct2025 11:24:44.132] [main/DEBUG] [net.minecraftforge.fml.loading.moddiscovery.AbstractJarFileDependencyLocator/]: Failed to load resource META-INF/jarjar/metadata.json from obscure-api-638417-4616364_mapped_official_1.20.1.jar, it does not contain dependency information.
[24Oct2025 11:24:44.133] [main/DEBUG] [net.minecraftforge.fml.loading.moddiscovery.AbstractJarFileDependencyLocator/]: Failed to load resource META-INF/jarjar/metadata.json from , it does not contain dependency information.
[24Oct2025 11:24:44.134] [main/DEBUG] [net.minecraftforge.fml.loading.moddiscovery.AbstractJarFileDependencyLocator/]: Failed to load resource META-INF/jarjar/metadata.json from curios-forge-5.14.1+1.20.1_mapped_official_1.20.1.jar, it does not contain dependency information.
[24Oct2025 11:24:44.134] [main/DEBUG] [net.minecraftforge.fml.loading.moddiscovery.AbstractJarFileDependencyLocator/]: Failed to load resource META-INF/jarjar/metadata.json from ob-aquamirae-536254-7039863_mapped_official_1.20.1.jar, it does not contain dependency information.
[24Oct2025 11:24:44.134] [main/DEBUG] [net.minecraftforge.fml.loading.moddiscovery.AbstractJarFileDependencyLocator/]: Failed to load resource META-INF/jarjar/metadata.json from apotheotic-additions-924640-6393313_mapped_official_1.20.1.jar, it does not contain dependency information.
[24Oct2025 11:24:44.136] [main/DEBUG] [net.minecraftforge.fml.loading.moddiscovery.AbstractJarFileDependencyLocator/]: Failed to load resource META-INF/jarjar/metadata.json from Placebo-1.20.1-8.6.3_mapped_official_1.20.1.jar, it does not contain dependency information.
[24Oct2025 11:24:44.136] [main/DEBUG] [net.minecraftforge.fml.loading.moddiscovery.AbstractJarFileDependencyLocator/]: Failed to load resource META-INF/jarjar/metadata.json from mclanguage-1.20.1-47.4.0.jar, it does not contain dependency information.
[24Oct2025 11:24:44.136] [main/DEBUG] [net.minecraftforge.fml.loading.moddiscovery.AbstractJarFileDependencyLocator/]: Failed to load resource META-INF/jarjar/metadata.json from javafmllanguage-1.20.1-47.4.0.jar, it does not contain dependency information.
[24Oct2025 11:24:44.136] [main/DEBUG] [net.minecraftforge.fml.loading.moddiscovery.AbstractJarFileDependencyLocator/]: Failed to load resource META-INF/jarjar/metadata.json from fmlcore-1.20.1-47.4.0.jar, it does not contain dependency information.
[24Oct2025 11:24:44.136] [main/DEBUG] [net.minecraftforge.fml.loading.moddiscovery.AbstractJarFileDependencyLocator/]: Failed to load resource META-INF/jarjar/metadata.json from lowcodelanguage-1.20.1-47.4.0.jar, it does not contain dependency information.
[24Oct2025 11:24:44.219] [main/DEBUG] [net.minecraftforge.fml.loading.moddiscovery.ModFileParser/LOADING]: Considering mod file candidate 
[24Oct2025 11:24:44.220] [main/DEBUG] [net.minecraftforge.fml.loading.moddiscovery.ModFileInfo/LOADING]: Found valid mod file gunsmithlib-4.6.0+mc1.20.1+tacz1.1.6.jar with {gunsmithlib} mods - versions {4.6.0+mc1.20.1+tacz1.1.6}
[24Oct2025 11:24:44.233] [main/DEBUG] [net.minecraftforge.fml.loading.moddiscovery.ModFileParser/LOADING]: Considering mod file candidate 
[24Oct2025 11:24:44.235] [main/DEBUG] [net.minecraftforge.fml.loading.moddiscovery.ModFileInfo/LOADING]: Found valid mod file mixinextras-forge-0.4.1.jar with {mixinextras} mods - versions {0.4.1}
[24Oct2025 11:24:44.238] [main/DEBUG] [net.minecraftforge.fml.loading.moddiscovery.ModFileParser/LOADING]: Considering mod file candidate 
[24Oct2025 11:24:44.238] [main/DEBUG] [net.minecraftforge.fml.loading.moddiscovery.ModFileInfo/LOADING]: Found valid mod file mixinextras-forge-0.3.6.jar with {mixinextras} mods - versions {0.3.6}
[24Oct2025 11:24:44.432] [main/DEBUG] [net.minecraftforge.fml.loading.moddiscovery.ModFileParser/LOADING]: Considering mod file candidate 
[24Oct2025 11:24:44.434] [main/DEBUG] [net.minecraftforge.fml.loading.moddiscovery.ModFileInfo/LOADING]: Found valid mod file mixinextras-forge-0.3.6.jar with {mixinextras} mods - versions {0.3.6}
[24Oct2025 11:24:44.438] [main/DEBUG] [net.minecraftforge.fml.loading.moddiscovery.ModFileParser/LOADING]: Considering mod file candidate 
[24Oct2025 11:24:44.439] [main/DEBUG] [net.minecraftforge.fml.loading.moddiscovery.ModFileInfo/LOADING]: Found valid mod file mixinextras-forge-0.2.1-beta.2.jar with {mixinextras} mods - versions {0.2.1-beta.2}
[24Oct2025 11:24:44.467] [main/DEBUG] [net.minecraftforge.fml.loading.moddiscovery.ModFileParser/LOADING]: Considering mod file candidate 
[24Oct2025 11:24:44.468] [main/DEBUG] [net.minecraftforge.fml.loading.moddiscovery.ModFileInfo/LOADING]: Found valid mod file mixinextras-forge-0.4.1.jar with {mixinextras} mods - versions {0.4.1}
[24Oct2025 11:24:44.485] [main/DEBUG] [net.minecraftforge.fml.loading.moddiscovery.AbstractJarFileDependencyLocator/]: Failed to load resource META-INF/jarjar/metadata.json from commons-math3-3.6.1.jar, it does not contain dependency information.
[24Oct2025 11:24:44.486] [main/DEBUG] [net.minecraftforge.fml.loading.moddiscovery.AbstractJarFileDependencyLocator/]: Failed to load resource META-INF/jarjar/metadata.json from luaj-core-3.0.8-figura.jar, it does not contain dependency information.
[24Oct2025 11:24:44.486] [main/DEBUG] [net.minecraftforge.fml.loading.moddiscovery.AbstractJarFileDependencyLocator/]: Failed to load resource META-INF/jarjar/metadata.json from luaj-jse-3.0.8-figura.jar, it does not contain dependency information.
[24Oct2025 11:24:44.486] [main/DEBUG] [net.minecraftforge.fml.loading.moddiscovery.AbstractJarFileDependencyLocator/]: Failed to load resource META-INF/jarjar/metadata.json from bcel-6.6.1.jar, it does not contain dependency information.
[24Oct2025 11:24:44.509] [main/DEBUG] [net.minecraftforge.fml.loading.moddiscovery.AbstractJarFileDependencyLocator/]: Failed to load resource META-INF/jarjar/metadata.json from mclib-20.jar, it does not contain dependency information.
[24Oct2025 11:24:44.555] [main/DEBUG] [net.minecraftforge.fml.loading.moddiscovery.AbstractJarFileDependencyLocator/]: Failed to load resource META-INF/jarjar/metadata.json from MixinExtras-0.4.1.jar, it does not contain dependency information.
[24Oct2025 11:24:44.555] [main/DEBUG] [net.minecraftforge.fml.loading.moddiscovery.AbstractJarFileDependencyLocator/]: Failed to load resource META-INF/jarjar/metadata.json from MixinExtras-0.3.6.jar, it does not contain dependency information.
[24Oct2025 11:24:44.555] [main/DEBUG] [net.minecraftforge.fml.loading.moddiscovery.AbstractJarFileDependencyLocator/]: Failed to load resource META-INF/jarjar/metadata.json from MixinExtras-0.3.6.jar, it does not contain dependency information.
[24Oct2025 11:24:44.555] [main/DEBUG] [net.minecraftforge.fml.loading.moddiscovery.AbstractJarFileDependencyLocator/]: Failed to load resource META-INF/jarjar/metadata.json from MixinExtras-0.2.1-beta.2.jar, it does not contain dependency information.
[24Oct2025 11:24:44.555] [main/DEBUG] [net.minecraftforge.fml.loading.moddiscovery.AbstractJarFileDependencyLocator/]: Failed to load resource META-INF/jarjar/metadata.json from MixinExtras-0.5.0.jar, it does not contain dependency information.
[24Oct2025 11:24:44.555] [main/DEBUG] [net.minecraftforge.fml.loading.moddiscovery.AbstractJarFileDependencyLocator/]: Failed to load resource META-INF/jarjar/metadata.json from MixinExtras-0.4.1.jar, it does not contain dependency information.
[24Oct2025 11:24:44.647] [main/DEBUG] [net.minecraftforge.fml.loading.moddiscovery.ModFileParser/LOADING]: Considering mod file candidate 
[24Oct2025 11:24:44.650] [main/DEBUG] [net.minecraftforge.fml.loading.moddiscovery.ModFileInfo/LOADING]: Found valid mod file gunsmithlib-4.6.0+mc1.20.1+tacz1.1.6.jar with {gunsmithlib} mods - versions {4.6.0+mc1.20.1+tacz1.1.6}
[24Oct2025 11:24:44.772] [main/WARN] [net.minecraftforge.jarjar.selection.JarSelector/]: Attempted to select a dependency jar for JarJar which was passed in as source: gunsmithlib. Using Mod File: /Users/rai/.gradle/caches/forge_gradle/deobf_dependencies/curse/maven/gunsmith-lib-1264058/7049169_mapped_official_1.20.1/gunsmith-lib-1264058-7049169_mapped_official_1.20.1.jar
[24Oct2025 11:24:44.773] [main/INFO] [net.minecraftforge.fml.loading.moddiscovery.JarInJarDependencyLocator/]: Found 7 dependencies adding them to mods collection
[24Oct2025 11:24:44.779] [main/DEBUG] [net.minecraftforge.fml.loading.moddiscovery.ModFileInfo/LOADING]: Found valid mod file forge-1.20.1-47.4.0_mapped_official_1.20.1.jar with {minecraft} mods - versions {1.20.1}
[24Oct2025 11:24:44.784] [main/DEBUG] [net.minecraftforge.fml.loading.moddiscovery.ModFile/LOADING]: Loading mod file /Users/rai/.gradle/caches/forge_gradle/minecraft_user_repo/net/minecraftforge/forge/1.20.1-47.4.0_mapped_official_1.20.1/forge-1.20.1-47.4.0_mapped_official_1.20.1.jar with languages [LanguageSpec[languageName=minecraft, acceptedVersions=1]]
[24Oct2025 11:24:44.785] [main/DEBUG] [net.minecraftforge.fml.loading.moddiscovery.ModFileParser/LOADING]: Considering mod file candidate /Users/rai/.gradle/caches/forge_gradle/deobf_dependencies/net/tslat/tes/TES-forge-1.20.1/1.5.1_mapped_official_1.20.1/TES-forge-1.20.1-1.5.1_mapped_official_1.20.1.jar
[24Oct2025 11:24:44.832] [main/DEBUG] [net.minecraftforge.fml.loading.moddiscovery.ModFileInfo/LOADING]: Found valid mod file TES-forge-1.20.1-1.5.1_mapped_official_1.20.1.jar with {tslatentitystatus} mods - versions {1.5.1}
[24Oct2025 11:24:44.832] [main/DEBUG] [net.minecraftforge.fml.loading.moddiscovery.ModFile/LOADING]: Loading mod file /Users/rai/.gradle/caches/forge_gradle/deobf_dependencies/net/tslat/tes/TES-forge-1.20.1/1.5.1_mapped_official_1.20.1/TES-forge-1.20.1-1.5.1_mapped_official_1.20.1.jar with languages [LanguageSpec[languageName=javafml, acceptedVersions=[46,)]]
[24Oct2025 11:24:44.833] [main/DEBUG] [net.minecraftforge.fml.loading.moddiscovery.ModFileParser/LOADING]: Considering mod file candidate /Users/rai/.gradle/caches/forge_gradle/deobf_dependencies/curse/maven/selene-499980/6380635_mapped_official_1.20.1/selene-499980-6380635_mapped_official_1.20.1.jar
[24Oct2025 11:24:44.834] [main/DEBUG] [net.minecraftforge.fml.loading.moddiscovery.ModFileInfo/LOADING]: Found valid mod file selene-499980-6380635_mapped_official_1.20.1.jar with {moonlight} mods - versions {1.20-2.13.81}
[24Oct2025 11:24:44.834] [main/DEBUG] [net.minecraftforge.fml.loading.moddiscovery.ModFile/LOADING]: Loading mod file /Users/rai/.gradle/caches/forge_gradle/deobf_dependencies/curse/maven/selene-499980/6380635_mapped_official_1.20.1/selene-499980-6380635_mapped_official_1.20.1.jar with languages [LanguageSpec[languageName=javafml, acceptedVersions=[40,)]]
[24Oct2025 11:24:44.834] [main/DEBUG] [net.minecraftforge.fml.loading.moddiscovery.ModFileParser/LOADING]: Considering mod file candidate /Users/rai/Projects/magitacz-forge/build/resources/main
[24Oct2025 11:24:44.836] [main/DEBUG] [net.minecraftforge.fml.loading.moddiscovery.ModFileInfo/LOADING]: Found valid mod file main with {magitacz} mods - versions {1.0}
[24Oct2025 11:24:44.837] [main/DEBUG] [net.minecraftforge.fml.loading.moddiscovery.ModFile/LOADING]: Loading mod file /Users/rai/Projects/magitacz-forge/build/resources/main with languages [LanguageSpec[languageName=javafml, acceptedVersions=[47,)]]
[24Oct2025 11:24:44.837] [main/DEBUG] [net.minecraftforge.fml.loading.moddiscovery.ModFileParser/LOADING]: Considering mod file candidate /Users/rai/.gradle/caches/forge_gradle/deobf_dependencies/curse/maven/gunsmith-lib-1264058/7049169_mapped_official_1.20.1/gunsmith-lib-1264058-7049169_mapped_official_1.20.1.jar
[24Oct2025 11:24:44.838] [main/DEBUG] [net.minecraftforge.fml.loading.moddiscovery.ModFileInfo/LOADING]: Found valid mod file gunsmith-lib-1264058-7049169_mapped_official_1.20.1.jar with {gunsmithlib} mods - versions {4.8.2+mc1.20.1+tacz1.1.6}
[24Oct2025 11:24:44.838] [main/DEBUG] [net.minecraftforge.fml.loading.moddiscovery.ModFile/LOADING]: Loading mod file /Users/rai/.gradle/caches/forge_gradle/deobf_dependencies/curse/maven/gunsmith-lib-1264058/7049169_mapped_official_1.20.1/gunsmith-lib-1264058-7049169_mapped_official_1.20.1.jar with languages [LanguageSpec[languageName=javafml, acceptedVersions=[47,)]]
[24Oct2025 11:24:44.839] [main/DEBUG] [net.minecraftforge.fml.loading.moddiscovery.ModFileParser/LOADING]: Considering mod file candidate /Users/rai/.gradle/caches/forge_gradle/deobf_dependencies/software/bernie/geckolib/geckolib-forge-1.20.1/4.4.9_mapped_official_1.20.1/geckolib-forge-1.20.1-4.4.9_mapped_official_1.20.1.jar
[24Oct2025 11:24:44.840] [main/DEBUG] [net.minecraftforge.fml.loading.moddiscovery.ModFileInfo/LOADING]: Found valid mod file geckolib-forge-1.20.1-4.4.9_mapped_official_1.20.1.jar with {geckolib} mods - versions {4.4.9}
[24Oct2025 11:24:44.841] [main/DEBUG] [net.minecraftforge.fml.loading.moddiscovery.ModFile/LOADING]: Loading mod file /Users/rai/.gradle/caches/forge_gradle/deobf_dependencies/software/bernie/geckolib/geckolib-forge-1.20.1/4.4.9_mapped_official_1.20.1/geckolib-forge-1.20.1-4.4.9_mapped_official_1.20.1.jar with languages [LanguageSpec[languageName=javafml, acceptedVersions=[47,)]]
[24Oct2025 11:24:44.841] [main/DEBUG] [net.minecraftforge.fml.loading.moddiscovery.ModFileParser/LOADING]: Considering mod file candidate /Users/rai/.gradle/caches/forge_gradle/deobf_dependencies/dev/kosmx/player-anim/player-animation-lib-forge/1.0.2-rc1+1.20_mapped_official_1.20.1/player-animation-lib-forge-1.0.2-rc1+1.20_mapped_official_1.20.1.jar
[24Oct2025 11:24:44.846] [main/DEBUG] [net.minecraftforge.fml.loading.moddiscovery.ModFileInfo/LOADING]: Found valid mod file player-animation-lib-forge-1.0.2-rc1+1.20_mapped_official_1.20.1.jar with {playeranimator} mods - versions {1.0.2-rc1+1.20}
[24Oct2025 11:24:44.846] [main/DEBUG] [net.minecraftforge.fml.loading.moddiscovery.ModFile/LOADING]: Loading mod file /Users/rai/.gradle/caches/forge_gradle/deobf_dependencies/dev/kosmx/player-anim/player-animation-lib-forge/1.0.2-rc1+1.20_mapped_official_1.20.1/player-animation-lib-forge-1.0.2-rc1+1.20_mapped_official_1.20.1.jar with languages [LanguageSpec[languageName=javafml, acceptedVersions=[46.0.0,)]]
[24Oct2025 11:24:44.846] [main/DEBUG] [net.minecraftforge.fml.loading.moddiscovery.ModFileParser/LOADING]: Considering mod file candidate /Users/rai/.gradle/caches/forge_gradle/deobf_dependencies/curse/maven/timeless-and-classics-zero-1028108/6654541_mapped_official_1.20.1/timeless-and-classics-zero-1028108-6654541_mapped_official_1.20.1.jar
[24Oct2025 11:24:44.847] [main/DEBUG] [net.minecraftforge.fml.loading.moddiscovery.ModFileInfo/LOADING]: Found valid mod file timeless-and-classics-zero-1028108-6654541_mapped_official_1.20.1.jar with {tacz} mods - versions {1.1.6-hotfix}
[24Oct2025 11:24:44.847] [main/DEBUG] [net.minecraftforge.fml.loading.moddiscovery.ModFile/LOADING]: Loading mod file /Users/rai/.gradle/caches/forge_gradle/deobf_dependencies/curse/maven/timeless-and-classics-zero-1028108/6654541_mapped_official_1.20.1/timeless-and-classics-zero-1028108-6654541_mapped_official_1.20.1.jar with languages [LanguageSpec[languageName=javafml, acceptedVersions=[46,)]]
[24Oct2025 11:24:44.847] [main/DEBUG] [net.minecraftforge.fml.loading.moddiscovery.ModFileParser/LOADING]: Considering mod file candidate /Users/rai/.gradle/caches/forge_gradle/deobf_dependencies/curse/maven/apotheosis-modern-ragnarok-966582/6956142_mapped_official_1.20.1/apotheosis-modern-ragnarok-966582-6956142_mapped_official_1.20.1.jar
[24Oct2025 11:24:44.849] [main/DEBUG] [net.minecraftforge.fml.loading.moddiscovery.ModFileInfo/LOADING]: Found valid mod file apotheosis-modern-ragnarok-966582-6956142_mapped_official_1.20.1.jar with {apotheosis_modern_ragnarok} mods - versions {5.0.16+mc1.20.1+tacz1.1.6}
[24Oct2025 11:24:44.849] [main/DEBUG] [net.minecraftforge.fml.loading.moddiscovery.ModFile/LOADING]: Loading mod file /Users/rai/.gradle/caches/forge_gradle/deobf_dependencies/curse/maven/apotheosis-modern-ragnarok-966582/6956142_mapped_official_1.20.1/apotheosis-modern-ragnarok-966582-6956142_mapped_official_1.20.1.jar with languages [LanguageSpec[languageName=javafml, acceptedVersions=[47,)]]
[24Oct2025 11:24:44.850] [main/DEBUG] [net.minecraftforge.fml.loading.moddiscovery.ModFileParser/LOADING]: Considering mod file candidate /Users/rai/.gradle/caches/forge_gradle/deobf_dependencies/top/theillusivec4/caelus/caelus-forge/3.2.0+1.20.1_mapped_official_1.20.1/caelus-forge-3.2.0+1.20.1_mapped_official_1.20.1.jar
[24Oct2025 11:24:44.851] [main/DEBUG] [net.minecraftforge.fml.loading.moddiscovery.ModFileInfo/LOADING]: Found valid mod file caelus-forge-3.2.0+1.20.1_mapped_official_1.20.1.jar with {caelus} mods - versions {3.2.0+1.20.1}
[24Oct2025 11:24:44.851] [main/DEBUG] [net.minecraftforge.fml.loading.moddiscovery.ModFile/LOADING]: Loading mod file /Users/rai/.gradle/caches/forge_gradle/deobf_dependencies/top/theillusivec4/caelus/caelus-forge/3.2.0+1.20.1_mapped_official_1.20.1/caelus-forge-3.2.0+1.20.1_mapped_official_1.20.1.jar with languages [LanguageSpec[languageName=javafml, acceptedVersions=[46,)]]
[24Oct2025 11:24:44.851] [main/DEBUG] [net.minecraftforge.fml.loading.moddiscovery.ModFileParser/LOADING]: Considering mod file candidate /Users/rai/.gradle/caches/forge_gradle/deobf_dependencies/curse/maven/obscure-api-638417/4616364_mapped_official_1.20.1/obscure-api-638417-4616364_mapped_official_1.20.1.jar
[24Oct2025 11:24:44.852] [main/DEBUG] [net.minecraftforge.fml.loading.moddiscovery.ModFileInfo/LOADING]: Found valid mod file obscure-api-638417-4616364_mapped_official_1.20.1.jar with {obscure_api} mods - versions {15}
[24Oct2025 11:24:44.853] [main/DEBUG] [net.minecraftforge.fml.loading.moddiscovery.ModFile/LOADING]: Loading mod file /Users/rai/.gradle/caches/forge_gradle/deobf_dependencies/curse/maven/obscure-api-638417/4616364_mapped_official_1.20.1/obscure-api-638417-4616364_mapped_official_1.20.1.jar with languages [LanguageSpec[languageName=javafml, acceptedVersions=[47,)]]
[24Oct2025 11:24:44.853] [main/DEBUG] [net.minecraftforge.fml.loading.moddiscovery.ModFileParser/LOADING]: Considering mod file candidate /Users/rai/.gradle/caches/forge_gradle/deobf_dependencies/top/theillusivec4/curios/curios-forge/5.14.1+1.20.1_mapped_official_1.20.1/curios-forge-5.14.1+1.20.1_mapped_official_1.20.1.jar
[24Oct2025 11:24:44.854] [main/DEBUG] [net.minecraftforge.fml.loading.moddiscovery.ModFileInfo/LOADING]: Found valid mod file curios-forge-5.14.1+1.20.1_mapped_official_1.20.1.jar with {curios} mods - versions {5.14.1+1.20.1}
[24Oct2025 11:24:44.854] [main/DEBUG] [net.minecraftforge.fml.loading.moddiscovery.ModFile/LOADING]: Loading mod file /Users/rai/.gradle/caches/forge_gradle/deobf_dependencies/top/theillusivec4/curios/curios-forge/5.14.1+1.20.1_mapped_official_1.20.1/curios-forge-5.14.1+1.20.1_mapped_official_1.20.1.jar with languages [LanguageSpec[languageName=javafml, acceptedVersions=[41,)]]
[24Oct2025 11:24:44.854] [main/DEBUG] [net.minecraftforge.fml.loading.moddiscovery.ModFileParser/LOADING]: Considering mod file candidate /Users/rai/.gradle/caches/forge_gradle/deobf_dependencies/curse/maven/apotheotic-additions-924640/6393313_mapped_official_1.20.1/apotheotic-additions-924640-6393313_mapped_official_1.20.1.jar
[24Oct2025 11:24:44.855] [main/DEBUG] [net.minecraftforge.fml.loading.moddiscovery.ModFileInfo/LOADING]: Found valid mod file apotheotic-additions-924640-6393313_mapped_official_1.20.1.jar with {apotheotic_additions} mods - versions {2.2.2}
[24Oct2025 11:24:44.855] [main/DEBUG] [net.minecraftforge.fml.loading.moddiscovery.ModFile/LOADING]: Loading mod file /Users/rai/.gradle/caches/forge_gradle/deobf_dependencies/curse/maven/apotheotic-additions-924640/6393313_mapped_official_1.20.1/apotheotic-additions-924640-6393313_mapped_official_1.20.1.jar with languages [LanguageSpec[languageName=javafml, acceptedVersions=[47,)]]
[24Oct2025 11:24:44.855] [main/DEBUG] [net.minecraftforge.fml.loading.moddiscovery.ModFileParser/LOADING]: Considering mod file candidate /Users/rai/.gradle/caches/forge_gradle/deobf_dependencies/dev/shadowsoffire/Placebo/1.20.1-8.6.3_mapped_official_1.20.1/Placebo-1.20.1-8.6.3_mapped_official_1.20.1.jar
[24Oct2025 11:24:44.856] [main/DEBUG] [net.minecraftforge.fml.loading.moddiscovery.ModFileInfo/LOADING]: Found valid mod file Placebo-1.20.1-8.6.3_mapped_official_1.20.1.jar with {placebo} mods - versions {8.6.3}
[24Oct2025 11:24:44.856] [main/DEBUG] [net.minecraftforge.fml.loading.moddiscovery.ModFile/LOADING]: Loading mod file /Users/rai/.gradle/caches/forge_gradle/deobf_dependencies/dev/shadowsoffire/Placebo/1.20.1-8.6.3_mapped_official_1.20.1/Placebo-1.20.1-8.6.3_mapped_official_1.20.1.jar with languages [LanguageSpec[languageName=javafml, acceptedVersions=[32,)]]
[24Oct2025 11:24:44.861] [main/DEBUG] [net.minecraftforge.fml.loading.moddiscovery.ModFileParser/LOADING]: Found coremod placebo_get_ench_level_event with Javascript path coremods/get_ench_level_event.js
[24Oct2025 11:24:44.862] [main/DEBUG] [net.minecraftforge.fml.loading.moddiscovery.ModFileParser/LOADING]: Found coremod placebo_get_ench_level_event_specific with Javascript path coremods/get_ench_level_event_specific.js
[24Oct2025 11:24:44.862] [main/DEBUG] [net.minecraftforge.fml.loading.moddiscovery.ModFile/LOADING]: Found coremod coremods/get_ench_level_event.js
[24Oct2025 11:24:44.862] [main/DEBUG] [net.minecraftforge.fml.loading.moddiscovery.ModFile/LOADING]: Found coremod coremods/get_ench_level_event_specific.js
[24Oct2025 11:24:44.862] [main/DEBUG] [net.minecraftforge.fml.loading.moddiscovery.ModFileParser/LOADING]: Considering mod file candidate /Users/rai/.gradle/caches/forge_gradle/deobf_dependencies/io/redspace/ironsspellbooks/irons_spellbooks/1.20.1-3.4.0.9_mapped_official_1.20.1/irons_spellbooks-1.20.1-3.4.0.9_mapped_official_1.20.1.jar
[24Oct2025 11:24:44.864] [main/DEBUG] [net.minecraftforge.fml.loading.moddiscovery.ModFileInfo/LOADING]: Found valid mod file irons_spellbooks-1.20.1-3.4.0.9_mapped_official_1.20.1.jar with {irons_spellbooks} mods - versions {1.20.1-3.4.0.9}
[24Oct2025 11:24:44.864] [main/DEBUG] [net.minecraftforge.fml.loading.moddiscovery.ModFile/LOADING]: Loading mod file /Users/rai/.gradle/caches/forge_gradle/deobf_dependencies/io/redspace/ironsspellbooks/irons_spellbooks/1.20.1-3.4.0.9_mapped_official_1.20.1/irons_spellbooks-1.20.1-3.4.0.9_mapped_official_1.20.1.jar with languages [LanguageSpec[languageName=javafml, acceptedVersions=[47,)]]
[24Oct2025 11:24:44.864] [main/DEBUG] [net.minecraftforge.fml.loading.moddiscovery.ModFileParser/LOADING]: Considering mod file candidate /Users/rai/.gradle/caches/forge_gradle/deobf_dependencies/curse/maven/apothic-attributes-898963/5634071_mapped_official_1.20.1/apothic-attributes-898963-5634071_mapped_official_1.20.1.jar
[24Oct2025 11:24:44.865] [main/DEBUG] [net.minecraftforge.fml.loading.moddiscovery.ModFileInfo/LOADING]: Found valid mod file apothic-attributes-898963-5634071_mapped_official_1.20.1.jar with {attributeslib} mods - versions {1.3.7}
[24Oct2025 11:24:44.865] [main/DEBUG] [net.minecraftforge.fml.loading.moddiscovery.ModFile/LOADING]: Loading mod file /Users/rai/.gradle/caches/forge_gradle/deobf_dependencies/curse/maven/apothic-attributes-898963/5634071_mapped_official_1.20.1/apothic-attributes-898963-5634071_mapped_official_1.20.1.jar with languages [LanguageSpec[languageName=javafml, acceptedVersions=[32,)]]
[24Oct2025 11:24:44.865] [main/DEBUG] [net.minecraftforge.fml.loading.moddiscovery.ModFileParser/LOADING]: Found coremod attributeslib_potion_gui_tooltips with Javascript path coremods/potion_gui_tooltips.js
[24Oct2025 11:24:44.865] [main/DEBUG] [net.minecraftforge.fml.loading.moddiscovery.ModFile/LOADING]: Found coremod coremods/potion_gui_tooltips.js
[24Oct2025 11:24:44.865] [main/DEBUG] [net.minecraftforge.fml.loading.moddiscovery.ModFileParser/LOADING]: Considering mod file candidate /Users/rai/.gradle/caches/forge_gradle/deobf_dependencies/dev/shadowsoffire/Apotheosis/1.20.1-7.4.8_mapped_official_1.20.1/Apotheosis-1.20.1-7.4.8_mapped_official_1.20.1.jar
[24Oct2025 11:24:44.866] [main/DEBUG] [net.minecraftforge.fml.loading.moddiscovery.ModFileInfo/LOADING]: Found valid mod file Apotheosis-1.20.1-7.4.8_mapped_official_1.20.1.jar with {apotheosis} mods - versions {7.4.8}
[24Oct2025 11:24:44.866] [main/DEBUG] [net.minecraftforge.fml.loading.moddiscovery.ModFile/LOADING]: Loading mod file /Users/rai/.gradle/caches/forge_gradle/deobf_dependencies/dev/shadowsoffire/Apotheosis/1.20.1-7.4.8_mapped_official_1.20.1/Apotheosis-1.20.1-7.4.8_mapped_official_1.20.1.jar with languages [LanguageSpec[languageName=javafml, acceptedVersions=[32,)]]
[24Oct2025 11:24:44.866] [main/DEBUG] [net.minecraftforge.fml.loading.moddiscovery.ModFileParser/LOADING]: Found coremod apotheosis_ench/ench_info_loot_redirector with Javascript path coremods/ench/ench_info_loot_redirector.js
[24Oct2025 11:24:44.866] [main/DEBUG] [net.minecraftforge.fml.loading.moddiscovery.ModFileParser/LOADING]: Found coremod apotheosis_ench/ench_info_redirector with Javascript path coremods/ench/ench_info_redirector.js
[24Oct2025 11:24:44.866] [main/DEBUG] [net.minecraftforge.fml.loading.moddiscovery.ModFileParser/LOADING]: Found coremod apotheosis_ench/fishing_hook with Javascript path coremods/ench/fishing_hook.js
[24Oct2025 11:24:44.866] [main/DEBUG] [net.minecraftforge.fml.loading.moddiscovery.ModFile/LOADING]: Found coremod coremods/ench/ench_info_loot_redirector.js
[24Oct2025 11:24:44.866] [main/DEBUG] [net.minecraftforge.fml.loading.moddiscovery.ModFile/LOADING]: Found coremod coremods/ench/ench_info_redirector.js
[24Oct2025 11:24:44.866] [main/DEBUG] [net.minecraftforge.fml.loading.moddiscovery.ModFile/LOADING]: Found coremod coremods/ench/fishing_hook.js
[24Oct2025 11:24:44.866] [main/DEBUG] [net.minecraftforge.fml.loading.moddiscovery.ModFileParser/LOADING]: Considering mod file candidate /
[24Oct2025 11:24:44.867] [main/DEBUG] [net.minecraftforge.fml.loading.moddiscovery.ModFileInfo/LOADING]: Found valid mod file  with {forge} mods - versions {47.4.0}
[24Oct2025 11:24:44.867] [main/DEBUG] [net.minecraftforge.fml.loading.moddiscovery.ModFile/LOADING]: Loading mod file / with languages [LanguageSpec[languageName=javafml, acceptedVersions=[24,]]]
[24Oct2025 11:24:44.867] [main/DEBUG] [net.minecraftforge.fml.loading.moddiscovery.ModFileParser/LOADING]: Found coremod field_to_method with Javascript path coremods/field_to_method.js
[24Oct2025 11:24:44.867] [main/DEBUG] [net.minecraftforge.fml.loading.moddiscovery.ModFileParser/LOADING]: Found coremod field_to_instanceof with Javascript path coremods/field_to_instanceof.js
[24Oct2025 11:24:44.868] [main/DEBUG] [net.minecraftforge.fml.loading.moddiscovery.ModFileParser/LOADING]: Found coremod add_bouncer_method with Javascript path coremods/add_bouncer_method.js
[24Oct2025 11:24:44.868] [main/DEBUG] [net.minecraftforge.fml.loading.moddiscovery.ModFileParser/LOADING]: Found coremod method_redirector with Javascript path coremods/method_redirector.js
[24Oct2025 11:24:44.868] [main/DEBUG] [net.minecraftforge.fml.loading.moddiscovery.ModFile/LOADING]: Found coremod coremods/field_to_method.js
[24Oct2025 11:24:44.868] [main/DEBUG] [net.minecraftforge.fml.loading.moddiscovery.ModFile/LOADING]: Found coremod coremods/field_to_instanceof.js
[24Oct2025 11:24:44.868] [main/DEBUG] [net.minecraftforge.fml.loading.moddiscovery.ModFile/LOADING]: Found coremod coremods/add_bouncer_method.js
[24Oct2025 11:24:44.869] [main/DEBUG] [net.minecraftforge.fml.loading.moddiscovery.ModFile/LOADING]: Found coremod coremods/method_redirector.js
[24Oct2025 11:24:44.869] [main/DEBUG] [net.minecraftforge.fml.loading.moddiscovery.ModFileParser/LOADING]: Considering mod file candidate /Users/rai/.gradle/caches/forge_gradle/deobf_dependencies/curse/maven/mmmmmmmmmmmm-225738/6237015_mapped_official_1.20.1/mmmmmmmmmmmm-225738-6237015_mapped_official_1.20.1.jar
[24Oct2025 11:24:44.870] [main/DEBUG] [net.minecraftforge.fml.loading.moddiscovery.ModFileInfo/LOADING]: Found valid mod file mmmmmmmmmmmm-225738-6237015_mapped_official_1.20.1.jar with {dummmmmmy} mods - versions {1.20-2.0.6}
[24Oct2025 11:24:44.870] [main/DEBUG] [net.minecraftforge.fml.loading.moddiscovery.ModFile/LOADING]: Loading mod file /Users/rai/.gradle/caches/forge_gradle/deobf_dependencies/curse/maven/mmmmmmmmmmmm-225738/6237015_mapped_official_1.20.1/mmmmmmmmmmmm-225738-6237015_mapped_official_1.20.1.jar with languages [LanguageSpec[languageName=javafml, acceptedVersions=[40,)]]
[24Oct2025 11:24:44.870] [main/DEBUG] [net.minecraftforge.fml.loading.moddiscovery.ModFileParser/LOADING]: Considering mod file candidate /Users/rai/.gradle/caches/forge_gradle/deobf_dependencies/curse/maven/ob-aquamirae-536254/7039863_mapped_official_1.20.1/ob-aquamirae-536254-7039863_mapped_official_1.20.1.jar
[24Oct2025 11:24:44.870] [main/DEBUG] [net.minecraftforge.fml.loading.moddiscovery.ModFileInfo/LOADING]: Found valid mod file ob-aquamirae-536254-7039863_mapped_official_1.20.1.jar with {aquamirae} mods - versions {6.1.0}
[24Oct2025 11:24:44.870] [main/DEBUG] [net.minecraftforge.fml.loading.moddiscovery.ModFile/LOADING]: Loading mod file /Users/rai/.gradle/caches/forge_gradle/deobf_dependencies/curse/maven/ob-aquamirae-536254/7039863_mapped_official_1.20.1/ob-aquamirae-536254-7039863_mapped_official_1.20.1.jar with languages [LanguageSpec[languageName=javafml, acceptedVersions=[47,)]]
[24Oct2025 11:24:44.871] [main/DEBUG] [net.minecraftforge.fml.loading.moddiscovery.ModFile/LOADING]: Loading mod file  with languages []
[24Oct2025 11:24:44.871] [main/DEBUG] [net.minecraftforge.fml.loading.moddiscovery.ModFile/LOADING]: Loading mod file  with languages []
[24Oct2025 11:24:44.871] [main/DEBUG] [net.minecraftforge.fml.loading.moddiscovery.ModFile/LOADING]: Loading mod file  with languages []
[24Oct2025 11:24:44.871] [main/DEBUG] [net.minecraftforge.fml.loading.moddiscovery.ModFile/LOADING]: Loading mod file  with languages []
[24Oct2025 11:24:44.871] [main/DEBUG] [net.minecraftforge.fml.loading.moddiscovery.ModFile/LOADING]: Loading mod file  with languages []
[24Oct2025 11:24:44.871] [main/DEBUG] [net.minecraftforge.fml.loading.moddiscovery.ModFile/LOADING]: Loading mod file  with languages []
[24Oct2025 11:24:44.871] [main/DEBUG] [net.minecraftforge.fml.loading.moddiscovery.ModFile/LOADING]: Loading mod file  with languages []
[24Oct2025 11:24:44.871] [main/DEBUG] [net.minecraftforge.fml.loading.moddiscovery.ModFile/LOADING]: Loading mod file  with languages []
[24Oct2025 11:24:44.871] [main/DEBUG] [net.minecraftforge.fml.loading.moddiscovery.ModFile/LOADING]: Loading mod file  with languages []
[24Oct2025 11:24:44.871] [main/DEBUG] [net.minecraftforge.fml.loading.moddiscovery.ModFile/LOADING]: Loading mod file  with languages []
[24Oct2025 11:24:44.871] [main/DEBUG] [net.minecraftforge.fml.loading.moddiscovery.ModFile/LOADING]: Loading mod file  with languages []
[24Oct2025 11:24:44.871] [main/DEBUG] [net.minecraftforge.fml.loading.moddiscovery.ModFile/LOADING]: Loading mod file  with languages []
[24Oct2025 11:24:44.872] [main/DEBUG] [net.minecraftforge.fml.loading.moddiscovery.ModFile/LOADING]: Loading mod file  with languages []
[24Oct2025 11:24:44.872] [main/DEBUG] [net.minecraftforge.fml.loading.moddiscovery.ModFile/LOADING]: Loading mod file  with languages []
[24Oct2025 11:24:44.872] [main/DEBUG] [cpw.mods.modlauncher.TransformationServiceDecorator/MODLAUNCHER]: End scan trigger - transformation service fml
[24Oct2025 11:24:44.888] [main/DEBUG] [net.minecraftforge.fml.loading.LanguageLoadingProvider/CORE]: Found 3 language providers
[24Oct2025 11:24:44.889] [main/DEBUG] [net.minecraftforge.fml.loading.LanguageLoadingProvider/CORE]: Found language provider minecraft, version 1.0
[24Oct2025 11:24:44.890] [main/DEBUG] [net.minecraftforge.fml.loading.LanguageLoadingProvider/CORE]: Found language provider lowcodefml, version 47
[24Oct2025 11:24:44.890] [main/DEBUG] [net.minecraftforge.fml.loading.LanguageLoadingProvider/CORE]: Found language provider javafml, version 47
[24Oct2025 11:24:44.898] [main/DEBUG] [net.minecraftforge.fml.loading.UniqueModListBuilder/]: Found 2 mods for first modid mclib, selecting most recent based on version data
[24Oct2025 11:24:44.899] [main/DEBUG] [net.minecraftforge.fml.loading.UniqueModListBuilder/]: Selected file mclib-20.jar for modid mclib with version 0.0NONE
[24Oct2025 11:24:44.899] [main/DEBUG] [net.minecraftforge.fml.loading.UniqueModListBuilder/]: Found 2 mods for first modid luaj.jse.figura, selecting most recent based on version data
[24Oct2025 11:24:44.899] [main/DEBUG] [net.minecraftforge.fml.loading.UniqueModListBuilder/]: Selected file luaj-jse-3.0.8-figura.jar for modid luaj.jse.figura with version 0.0NONE
[24Oct2025 11:24:44.900] [main/DEBUG] [net.minecraftforge.fml.loading.UniqueModListBuilder/]: Found 2 mods for first modid org.apache.bcel, selecting most recent based on version data
[24Oct2025 11:24:44.900] [main/DEBUG] [net.minecraftforge.fml.loading.UniqueModListBuilder/]: Selected file bcel-6.6.1.jar for modid org.apache.bcel with version 6.6.1
[24Oct2025 11:24:44.900] [main/DEBUG] [net.minecraftforge.fml.loading.UniqueModListBuilder/]: Found 2 mods for first modid luaj.core.figura, selecting most recent based on version data
[24Oct2025 11:24:44.900] [main/DEBUG] [net.minecraftforge.fml.loading.UniqueModListBuilder/]: Selected file luaj-core-3.0.8-figura.jar for modid luaj.core.figura with version 0.0NONE
[24Oct2025 11:24:44.900] [main/DEBUG] [net.minecraftforge.fml.loading.UniqueModListBuilder/]: Found 2 mods for first modid mixinextras, selecting most recent based on version data
[24Oct2025 11:24:44.900] [main/DEBUG] [net.minecraftforge.fml.loading.UniqueModListBuilder/]: Selected file mixinextras-forge-0.5.0.jar for modid mixinextras with version 0.5.0
[24Oct2025 11:24:44.900] [main/DEBUG] [net.minecraftforge.fml.loading.UniqueModListBuilder/]: Found 2 mods for first modid MixinExtras, selecting most recent based on version data
[24Oct2025 11:24:44.901] [main/DEBUG] [net.minecraftforge.fml.loading.UniqueModListBuilder/]: Selected file MixinExtras-0.5.0.jar for modid MixinExtras with version 0.5.0
[24Oct2025 11:24:44.901] [main/DEBUG] [net.minecraftforge.fml.loading.UniqueModListBuilder/]: Found 2 mods for first modid commons.math3, selecting most recent based on version data
[24Oct2025 11:24:44.901] [main/DEBUG] [net.minecraftforge.fml.loading.UniqueModListBuilder/]: Selected file commons-math3-3.6.1.jar for modid commons.math3 with version 3.6.1
[24Oct2025 11:24:44.903] [main/DEBUG] [net.minecraftforge.fml.loading.ModSorter/]: Configured system mods: [minecraft, forge]
[24Oct2025 11:24:44.903] [main/DEBUG] [net.minecraftforge.fml.loading.ModSorter/]: Found system mod: minecraft
[24Oct2025 11:24:44.904] [main/DEBUG] [net.minecraftforge.fml.loading.ModSorter/]: Found system mod: forge
[24Oct2025 11:24:44.907] [main/DEBUG] [net.minecraftforge.fml.loading.ModSorter/LOADING]: Found 47 mod requirements (44 mandatory, 3 optional)
[24Oct2025 11:24:44.908] [main/DEBUG] [net.minecraftforge.fml.loading.ModSorter/LOADING]: Found 0 mod requirements missing (0 mandatory, 0 optional)
[24Oct2025 11:24:45.570] [main/DEBUG] [net.minecraftforge.fml.loading.MCPNamingService/CORE]: Loaded 33222 method mappings from methods.csv
[24Oct2025 11:24:45.635] [main/DEBUG] [net.minecraftforge.fml.loading.MCPNamingService/CORE]: Loaded 31003 field mappings from fields.csv
[24Oct2025 11:24:45.757] [main/DEBUG] [cpw.mods.modlauncher.TransformationServicesHandler/MODLAUNCHER]: Transformation services loading transformers
[24Oct2025 11:24:45.759] [main/DEBUG] [cpw.mods.modlauncher.TransformationServiceDecorator/MODLAUNCHER]: Initializing transformers for transformation service mixin
[24Oct2025 11:24:45.761] [main/DEBUG] [cpw.mods.modlauncher.TransformationServiceDecorator/MODLAUNCHER]: Initialized transformers for transformation service mixin
[24Oct2025 11:24:45.761] [main/DEBUG] [cpw.mods.modlauncher.TransformationServiceDecorator/MODLAUNCHER]: Initializing transformers for transformation service fml
[24Oct2025 11:24:45.761] [main/DEBUG] [net.minecraftforge.fml.loading.FMLServiceProvider/CORE]: Loading coremod transformers
[24Oct2025 11:24:45.761] [main/DEBUG] [net.minecraftforge.coremod.CoreModEngine/COREMOD]: Loading CoreMod from coremods/get_ench_level_event.js
[24Oct2025 11:24:46.105] [main/DEBUG] [net.minecraftforge.coremod.CoreModEngine/COREMOD]: CoreMod loaded successfully
[24Oct2025 11:24:46.105] [main/DEBUG] [net.minecraftforge.coremod.CoreModEngine/COREMOD]: Loading CoreMod from coremods/get_ench_level_event_specific.js
[24Oct2025 11:24:46.118] [main/DEBUG] [net.minecraftforge.coremod.CoreModEngine/COREMOD]: CoreMod loaded successfully
[24Oct2025 11:24:46.118] [main/DEBUG] [net.minecraftforge.coremod.CoreModEngine/COREMOD]: Loading CoreMod from coremods/potion_gui_tooltips.js
[24Oct2025 11:24:46.171] [main/DEBUG] [net.minecraftforge.coremod.CoreModEngine/COREMOD]: CoreMod loaded successfully
[24Oct2025 11:24:46.171] [main/DEBUG] [net.minecraftforge.coremod.CoreModEngine/COREMOD]: Loading CoreMod from coremods/ench/ench_info_loot_redirector.js
[24Oct2025 11:24:46.220] [main/DEBUG] [net.minecraftforge.coremod.CoreModEngine/COREMOD]: CoreMod loaded successfully
[24Oct2025 11:24:46.220] [main/DEBUG] [net.minecraftforge.coremod.CoreModEngine/COREMOD]: Loading CoreMod from coremods/ench/ench_info_redirector.js
[24Oct2025 11:24:46.254] [main/DEBUG] [net.minecraftforge.coremod.CoreModEngine/COREMOD]: CoreMod loaded successfully
[24Oct2025 11:24:46.255] [main/DEBUG] [net.minecraftforge.coremod.CoreModEngine/COREMOD]: Loading CoreMod from coremods/ench/fishing_hook.js
[24Oct2025 11:24:46.267] [main/DEBUG] [net.minecraftforge.coremod.CoreModEngine/COREMOD]: CoreMod loaded successfully
[24Oct2025 11:24:46.268] [main/DEBUG] [net.minecraftforge.coremod.CoreModEngine/COREMOD]: Loading CoreMod from coremods/field_to_method.js
[24Oct2025 11:24:46.292] [main/DEBUG] [net.minecraftforge.coremod.CoreModEngine/COREMOD]: CoreMod loaded successfully
[24Oct2025 11:24:46.292] [main/DEBUG] [net.minecraftforge.coremod.CoreModEngine/COREMOD]: Loading CoreMod from coremods/field_to_instanceof.js
[24Oct2025 11:24:46.366] [main/DEBUG] [net.minecraftforge.coremod.CoreModEngine/COREMOD]: CoreMod loaded successfully
[24Oct2025 11:24:46.366] [main/DEBUG] [net.minecraftforge.coremod.CoreModEngine/COREMOD]: Loading CoreMod from coremods/add_bouncer_method.js
[24Oct2025 11:24:46.423] [main/DEBUG] [net.minecraftforge.coremod.CoreModEngine/COREMOD]: CoreMod loaded successfully
[24Oct2025 11:24:46.423] [main/DEBUG] [net.minecraftforge.coremod.CoreModEngine/COREMOD]: Loading CoreMod from coremods/method_redirector.js
[24Oct2025 11:24:46.532] [main/DEBUG] [net.minecraftforge.coremod.CoreModEngine/COREMOD]: CoreMod loaded successfully
[24Oct2025 11:24:46.569] [main/DEBUG] [cpw.mods.modlauncher.TransformStore/MODLAUNCHER]: Adding transformer net.minecraftforge.coremod.transformer.CoreModClassTransformer@17043b04 to Target : CLASS {Lnet/minecraft/world/level/storage/loot/functions/EnchantRandomlyFunction;} {} {V}
[24Oct2025 11:24:46.570] [main/DEBUG] [cpw.mods.modlauncher.TransformStore/MODLAUNCHER]: Adding transformer net.minecraftforge.coremod.transformer.CoreModClassTransformer@17043b04 to Target : CLASS {Lorg/violetmoon/quark/content/tools/loot/EnchantTome;} {} {V}
[24Oct2025 11:24:46.570] [main/DEBUG] [cpw.mods.modlauncher.TransformStore/MODLAUNCHER]: Adding transformer net.minecraftforge.coremod.transformer.CoreModClassTransformer@17043b04 to Target : CLASS {Lnet/minecraft/world/entity/npc/VillagerTrades$EnchantBookForEmeralds;} {} {V}
[24Oct2025 11:24:46.570] [main/DEBUG] [cpw.mods.modlauncher.TransformStore/MODLAUNCHER]: Adding transformer net.minecraftforge.coremod.transformer.CoreModClassTransformer@19bedeb8 to Target : CLASS {Lorg/violetmoon/quark/content/tools/item/AncientTomeItem;} {} {V}
[24Oct2025 11:24:46.570] [main/DEBUG] [cpw.mods.modlauncher.TransformStore/MODLAUNCHER]: Adding transformer net.minecraftforge.coremod.transformer.CoreModClassTransformer@19bedeb8 to Target : CLASS {Lcom/mrcrayfish/goblintraders/Hooks;} {} {V}
[24Oct2025 11:24:46.570] [main/DEBUG] [cpw.mods.modlauncher.TransformStore/MODLAUNCHER]: Adding transformer net.minecraftforge.coremod.transformer.CoreModClassTransformer@19bedeb8 to Target : CLASS {Lorg/violetmoon/quark/content/tools/module/AncientTomesModule;} {} {V}
[24Oct2025 11:24:46.570] [main/DEBUG] [cpw.mods.modlauncher.TransformStore/MODLAUNCHER]: Adding transformer net.minecraftforge.coremod.transformer.CoreModClassTransformer@19bedeb8 to Target : CLASS {Lorg/violetmoon/quark/content/experimental/module/GameNerfsModule;} {} {V}
[24Oct2025 11:24:46.570] [main/DEBUG] [cpw.mods.modlauncher.TransformStore/MODLAUNCHER]: Adding transformer net.minecraftforge.coremod.transformer.CoreModClassTransformer@19bedeb8 to Target : CLASS {Lnet/minecraft/world/item/CreativeModeTabs;} {} {V}
[24Oct2025 11:24:46.570] [main/DEBUG] [cpw.mods.modlauncher.TransformStore/MODLAUNCHER]: Adding transformer net.minecraftforge.coremod.transformer.CoreModClassTransformer@19bedeb8 to Target : CLASS {Lnet/minecraft/server/commands/EnchantCommand;} {} {V}
[24Oct2025 11:24:46.570] [main/DEBUG] [cpw.mods.modlauncher.TransformStore/MODLAUNCHER]: Adding transformer net.minecraftforge.coremod.transformer.CoreModClassTransformer@19bedeb8 to Target : CLASS {Lnet/minecraft/world/item/EnchantedBookItem;} {} {V}
[24Oct2025 11:24:46.571] [main/DEBUG] [cpw.mods.modlauncher.TransformStore/MODLAUNCHER]: Adding transformer net.minecraftforge.coremod.transformer.CoreModClassTransformer@19bedeb8 to Target : CLASS {Lnet/minecraft/world/inventory/AnvilMenu;} {} {V}
[24Oct2025 11:24:46.571] [main/DEBUG] [cpw.mods.modlauncher.TransformStore/MODLAUNCHER]: Adding transformer net.minecraftforge.coremod.transformer.CoreModClassTransformer@1ba467c2 to Target : CLASS {Lnet/minecraft/world/level/biome/Biome;} {} {V}
[24Oct2025 11:24:46.571] [main/DEBUG] [cpw.mods.modlauncher.TransformStore/MODLAUNCHER]: Adding transformer net.minecraftforge.coremod.transformer.CoreModClassTransformer@63f6bed1 to Target : CLASS {Lnet/minecraft/world/level/levelgen/structure/Structure;} {} {V}
[24Oct2025 11:24:46.571] [main/DEBUG] [cpw.mods.modlauncher.TransformStore/MODLAUNCHER]: Adding transformer net.minecraftforge.coremod.transformer.CoreModClassTransformer@7ef8eda7 to Target : CLASS {Lnet/minecraft/world/effect/MobEffectInstance;} {} {V}
[24Oct2025 11:24:46.571] [main/DEBUG] [cpw.mods.modlauncher.TransformStore/MODLAUNCHER]: Adding transformer net.minecraftforge.coremod.transformer.CoreModClassTransformer@115ca7de to Target : CLASS {Lnet/minecraft/world/level/block/LiquidBlock;} {} {V}
[24Oct2025 11:24:46.571] [main/DEBUG] [cpw.mods.modlauncher.TransformStore/MODLAUNCHER]: Adding transformer net.minecraftforge.coremod.transformer.CoreModClassTransformer@29fe4840 to Target : CLASS {Lnet/minecraft/world/item/BucketItem;} {} {V}
[24Oct2025 11:24:46.572] [main/DEBUG] [cpw.mods.modlauncher.TransformStore/MODLAUNCHER]: Adding transformer net.minecraftforge.coremod.transformer.CoreModClassTransformer@7f287b98 to Target : CLASS {Lnet/minecraft/world/level/block/StairBlock;} {} {V}
[24Oct2025 11:24:46.572] [main/DEBUG] [cpw.mods.modlauncher.TransformStore/MODLAUNCHER]: Adding transformer net.minecraftforge.coremod.transformer.CoreModClassTransformer@4684240f to Target : CLASS {Lnet/minecraft/world/level/block/FlowerPotBlock;} {} {V}
[24Oct2025 11:24:46.572] [main/DEBUG] [cpw.mods.modlauncher.TransformStore/MODLAUNCHER]: Adding transformer net.minecraftforge.coremod.transformer.CoreModClassTransformer@32120956 to Target : CLASS {Lnet/minecraft/world/item/ItemStack;} {} {V}
[24Oct2025 11:24:46.572] [main/DEBUG] [cpw.mods.modlauncher.TransformStore/MODLAUNCHER]: Adding transformer net.minecraftforge.coremod.transformer.CoreModClassTransformer@6975fb1c to Target : CLASS {Lnet/minecraft/network/play/client/CClientSettingsPacket;} {} {V}
[24Oct2025 11:24:46.573] [main/DEBUG] [cpw.mods.modlauncher.TransformStore/MODLAUNCHER]: Adding transformer net.minecraftforge.coremod.transformer.CoreModClassTransformer@553da911 to Target : CLASS {Lnet/minecraft/server/commands/SummonCommand;} {} {V}
[24Oct2025 11:24:46.573] [main/DEBUG] [cpw.mods.modlauncher.TransformStore/MODLAUNCHER]: Adding transformer net.minecraftforge.coremod.transformer.CoreModClassTransformer@553da911 to Target : CLASS {Lnet/minecraft/world/entity/animal/frog/Tadpole;} {} {V}
[24Oct2025 11:24:46.573] [main/DEBUG] [cpw.mods.modlauncher.TransformStore/MODLAUNCHER]: Adding transformer net.minecraftforge.coremod.transformer.CoreModClassTransformer@553da911 to Target : CLASS {Lnet/minecraft/world/entity/monster/Zombie;} {} {V}
[24Oct2025 11:24:46.573] [main/DEBUG] [cpw.mods.modlauncher.TransformStore/MODLAUNCHER]: Adding transformer net.minecraftforge.coremod.transformer.CoreModClassTransformer@553da911 to Target : CLASS {Lnet/minecraft/world/entity/animal/horse/SkeletonTrapGoal;} {} {V}
[24Oct2025 11:24:46.574] [main/DEBUG] [cpw.mods.modlauncher.TransformStore/MODLAUNCHER]: Adding transformer net.minecraftforge.coremod.transformer.CoreModClassTransformer@553da911 to Target : CLASS {Lnet/minecraft/world/entity/monster/Strider;} {} {V}
[24Oct2025 11:24:46.574] [main/DEBUG] [cpw.mods.modlauncher.TransformStore/MODLAUNCHER]: Adding transformer net.minecraftforge.coremod.transformer.CoreModClassTransformer@553da911 to Target : CLASS {Lnet/minecraft/world/level/NaturalSpawner;} {} {V}
[24Oct2025 11:24:46.574] [main/DEBUG] [cpw.mods.modlauncher.TransformStore/MODLAUNCHER]: Adding transformer net.minecraftforge.coremod.transformer.CoreModClassTransformer@553da911 to Target : CLASS {Lnet/minecraft/world/level/levelgen/structure/structures/WoodlandMansionPieces$WoodlandMansionPiece;} {} {V}
[24Oct2025 11:24:46.574] [main/DEBUG] [cpw.mods.modlauncher.TransformStore/MODLAUNCHER]: Adding transformer net.minecraftforge.coremod.transformer.CoreModClassTransformer@553da911 to Target : CLASS {Lnet/minecraft/world/level/levelgen/structure/structures/OceanMonumentPieces$OceanMonumentPiece;} {} {V}
[24Oct2025 11:24:46.574] [main/DEBUG] [cpw.mods.modlauncher.TransformStore/MODLAUNCHER]: Adding transformer net.minecraftforge.coremod.transformer.CoreModClassTransformer@553da911 to Target : CLASS {Lnet/minecraft/world/level/levelgen/structure/structures/SwampHutPiece;} {} {V}
[24Oct2025 11:24:46.574] [main/DEBUG] [cpw.mods.modlauncher.TransformStore/MODLAUNCHER]: Adding transformer net.minecraftforge.coremod.transformer.CoreModClassTransformer@553da911 to Target : CLASS {Lnet/minecraft/server/commands/RaidCommand;} {} {V}
[24Oct2025 11:24:46.574] [main/DEBUG] [cpw.mods.modlauncher.TransformStore/MODLAUNCHER]: Adding transformer net.minecraftforge.coremod.transformer.CoreModClassTransformer@553da911 to Target : CLASS {Lnet/minecraft/world/entity/npc/Villager;} {} {V}
[24Oct2025 11:24:46.574] [main/DEBUG] [cpw.mods.modlauncher.TransformStore/MODLAUNCHER]: Adding transformer net.minecraftforge.coremod.transformer.CoreModClassTransformer@553da911 to Target : CLASS {Lnet/minecraft/world/level/levelgen/PatrolSpawner;} {} {V}
[24Oct2025 11:24:46.575] [main/DEBUG] [cpw.mods.modlauncher.TransformStore/MODLAUNCHER]: Adding transformer net.minecraftforge.coremod.transformer.CoreModClassTransformer@553da911 to Target : CLASS {Lnet/minecraft/world/level/levelgen/structure/templatesystem/StructureTemplate;} {} {V}
[24Oct2025 11:24:46.575] [main/DEBUG] [cpw.mods.modlauncher.TransformStore/MODLAUNCHER]: Adding transformer net.minecraftforge.coremod.transformer.CoreModClassTransformer@553da911 to Target : CLASS {Lnet/minecraft/world/entity/npc/CatSpawner;} {} {V}
[24Oct2025 11:24:46.575] [main/DEBUG] [cpw.mods.modlauncher.TransformStore/MODLAUNCHER]: Adding transformer net.minecraftforge.coremod.transformer.CoreModClassTransformer@553da911 to Target : CLASS {Lnet/minecraft/world/level/levelgen/structure/structures/OceanRuinPieces$OceanRuinPiece;} {} {V}
[24Oct2025 11:24:46.575] [main/DEBUG] [cpw.mods.modlauncher.TransformStore/MODLAUNCHER]: Adding transformer net.minecraftforge.coremod.transformer.CoreModClassTransformer@553da911 to Target : CLASS {Lnet/minecraft/world/entity/EntityType;} {} {V}
[24Oct2025 11:24:46.575] [main/DEBUG] [cpw.mods.modlauncher.TransformStore/MODLAUNCHER]: Adding transformer net.minecraftforge.coremod.transformer.CoreModClassTransformer@553da911 to Target : CLASS {Lnet/minecraft/world/entity/monster/Spider;} {} {V}
[24Oct2025 11:24:46.576] [main/DEBUG] [cpw.mods.modlauncher.TransformStore/MODLAUNCHER]: Adding transformer net.minecraftforge.coremod.transformer.CoreModClassTransformer@553da911 to Target : CLASS {Lnet/minecraft/world/entity/raid/Raid;} {} {V}
[24Oct2025 11:24:46.576] [main/DEBUG] [cpw.mods.modlauncher.TransformStore/MODLAUNCHER]: Adding transformer net.minecraftforge.coremod.transformer.CoreModClassTransformer@553da911 to Target : CLASS {Lnet/minecraft/world/level/levelgen/PhantomSpawner;} {} {V}
[24Oct2025 11:24:46.576] [main/DEBUG] [cpw.mods.modlauncher.TransformStore/MODLAUNCHER]: Adding transformer net.minecraftforge.coremod.transformer.CoreModClassTransformer@553da911 to Target : CLASS {Lnet/minecraft/world/entity/monster/Evoker$EvokerSummonSpellGoal;} {} {V}
[24Oct2025 11:24:46.576] [main/DEBUG] [cpw.mods.modlauncher.TransformStore/MODLAUNCHER]: Adding transformer net.minecraftforge.coremod.transformer.CoreModClassTransformer@553da911 to Target : CLASS {Lnet/minecraft/world/entity/monster/ZombieVillager;} {} {V}
[24Oct2025 11:24:46.576] [main/DEBUG] [cpw.mods.modlauncher.TransformStore/MODLAUNCHER]: Adding transformer net.minecraftforge.coremod.transformer.CoreModClassTransformer@553da911 to Target : CLASS {Lnet/minecraft/world/entity/ai/village/VillageSiege;} {} {V}
[24Oct2025 11:24:46.576] [main/DEBUG] [cpw.mods.modlauncher.TransformStore/MODLAUNCHER]: Adding transformer net.minecraftforge.coremod.transformer.CoreModMethodTransformer@1084ac45 to Target : METHOD {Lnet/minecraftforge/common/extensions/IForgeItemStack;} {getAllEnchantments} {()Ljava/util/Map;}
[24Oct2025 11:24:46.576] [main/DEBUG] [cpw.mods.modlauncher.TransformStore/MODLAUNCHER]: Adding transformer net.minecraftforge.coremod.transformer.CoreModMethodTransformer@566f1852 to Target : METHOD {Lnet/minecraftforge/common/extensions/IForgeItemStack;} {getEnchantmentLevel} {(Lnet/minecraft/world/item/enchantment/Enchantment;)I}
[24Oct2025 11:24:46.576] [main/DEBUG] [cpw.mods.modlauncher.TransformStore/MODLAUNCHER]: Adding transformer net.minecraftforge.coremod.transformer.CoreModMethodTransformer@6ea246af to Target : METHOD {Lnet/minecraft/client/gui/screens/inventory/EffectRenderingInventoryScreen;} {renderEffects} {(Lnet/minecraft/client/gui/GuiGraphics;II)V}
[24Oct2025 11:24:46.576] [main/DEBUG] [cpw.mods.modlauncher.TransformStore/MODLAUNCHER]: Adding transformer net.minecraftforge.coremod.transformer.CoreModMethodTransformer@2e4389ed to Target : METHOD {Lnet/minecraft/world/entity/projectile/FishingHook;} {catchingFish} {(Lnet/minecraft/core/BlockPos;)V}
[24Oct2025 11:24:46.577] [main/DEBUG] [cpw.mods.modlauncher.TransformationServiceDecorator/MODLAUNCHER]: Initialized transformers for transformation service fml
[24Oct2025 11:24:48.106] [main/DEBUG] [mixin/]: Processing prepare() for PlatformAgent[MixinPlatformAgentDefault:ModLauncher Root Container(ModLauncher:4f56a0a2)]
[24Oct2025 11:24:48.106] [main/DEBUG] [mixin/]: Registering mixin config: magitacz.mixins.json
[24Oct2025 11:24:48.131] [main/DEBUG] [mixin/]: Compatibility level JAVA_17 specified by magitacz.mixins.json is higher than the maximum level supported by this version of mixin (JAVA_13).
[24Oct2025 11:24:48.136] [main/INFO] [mixin/]: Compatibility level set to JAVA_17
[24Oct2025 11:24:48.136] [main/DEBUG] [mixin/]: Processing launch tasks for PlatformAgent[MixinPlatformAgentDefault:ModLauncher Root Container(ModLauncher:4f56a0a2)]
[24Oct2025 11:24:48.137] [main/DEBUG] [mixin/]: Adding mixin platform agents for container SecureJarResource(minecraft)
[24Oct2025 11:24:48.137] [main/DEBUG] [mixin/]: Instancing new MixinPlatformAgentMinecraftForge for SecureJarResource(minecraft)
[24Oct2025 11:24:48.137] [main/DEBUG] [mixin/]: MixinPlatformAgentMinecraftForge rejected container SecureJarResource(minecraft)
[24Oct2025 11:24:48.137] [main/DEBUG] [mixin/]: Instancing new MixinPlatformAgentDefault for SecureJarResource(minecraft)
[24Oct2025 11:24:48.137] [main/DEBUG] [mixin/]: MixinPlatformAgentDefault accepted container SecureJarResource(minecraft)
[24Oct2025 11:24:48.137] [main/DEBUG] [mixin/]: Processing prepare() for PlatformAgent[MixinPlatformAgentDefault:SecureJarResource(minecraft)]
[24Oct2025 11:24:48.138] [main/DEBUG] [mixin/]: Adding mixin platform agents for container SecureJarResource(tslatentitystatus)
[24Oct2025 11:24:48.138] [main/DEBUG] [mixin/]: Instancing new MixinPlatformAgentMinecraftForge for SecureJarResource(tslatentitystatus)
[24Oct2025 11:24:48.138] [main/DEBUG] [mixin/]: MixinPlatformAgentMinecraftForge rejected container SecureJarResource(tslatentitystatus)
[24Oct2025 11:24:48.138] [main/DEBUG] [mixin/]: Instancing new MixinPlatformAgentDefault for SecureJarResource(tslatentitystatus)
[24Oct2025 11:24:48.138] [main/DEBUG] [mixin/]: MixinPlatformAgentDefault accepted container SecureJarResource(tslatentitystatus)
[24Oct2025 11:24:48.138] [main/DEBUG] [mixin/]: Processing prepare() for PlatformAgent[MixinPlatformAgentDefault:SecureJarResource(tslatentitystatus)]
[24Oct2025 11:24:48.138] [main/DEBUG] [mixin/]: Registering mixin config: tslatentitystatus.mixins.json
[24Oct2025 11:24:48.141] [main/DEBUG] [mixin/]: Adding mixin platform agents for container SecureJarResource(moonlight)
[24Oct2025 11:24:48.142] [main/DEBUG] [mixin/]: Instancing new MixinPlatformAgentMinecraftForge for SecureJarResource(moonlight)
[24Oct2025 11:24:48.142] [main/DEBUG] [mixin/]: MixinPlatformAgentMinecraftForge rejected container SecureJarResource(moonlight)
[24Oct2025 11:24:48.142] [main/DEBUG] [mixin/]: Instancing new MixinPlatformAgentDefault for SecureJarResource(moonlight)
[24Oct2025 11:24:48.142] [main/DEBUG] [mixin/]: MixinPlatformAgentDefault accepted container SecureJarResource(moonlight)
[24Oct2025 11:24:48.142] [main/DEBUG] [mixin/]: Processing prepare() for PlatformAgent[MixinPlatformAgentDefault:SecureJarResource(moonlight)]
[24Oct2025 11:24:48.142] [main/DEBUG] [mixin/]: Registering mixin config: moonlight-common.mixins.json
[24Oct2025 11:24:48.146] [main/DEBUG] [mixin/]: Registering mixin config: moonlight.mixins.json
[24Oct2025 11:24:48.150] [main/DEBUG] [mixin/]: Adding mixin platform agents for container SecureJarResource(magitacz)
[24Oct2025 11:24:48.151] [main/DEBUG] [mixin/]: Instancing new MixinPlatformAgentMinecraftForge for SecureJarResource(magitacz)
[24Oct2025 11:24:48.151] [main/DEBUG] [mixin/]: MixinPlatformAgentMinecraftForge rejected container SecureJarResource(magitacz)
[24Oct2025 11:24:48.151] [main/DEBUG] [mixin/]: Instancing new MixinPlatformAgentDefault for SecureJarResource(magitacz)
[24Oct2025 11:24:48.151] [main/DEBUG] [mixin/]: MixinPlatformAgentDefault accepted container SecureJarResource(magitacz)
[24Oct2025 11:24:48.151] [main/DEBUG] [mixin/]: Processing prepare() for PlatformAgent[MixinPlatformAgentDefault:SecureJarResource(magitacz)]
[24Oct2025 11:24:48.151] [main/DEBUG] [mixin/]: Adding mixin platform agents for container SecureJarResource(gunsmithlib)
[24Oct2025 11:24:48.152] [main/DEBUG] [mixin/]: Instancing new MixinPlatformAgentMinecraftForge for SecureJarResource(gunsmithlib)
[24Oct2025 11:24:48.152] [main/DEBUG] [mixin/]: MixinPlatformAgentMinecraftForge rejected container SecureJarResource(gunsmithlib)
[24Oct2025 11:24:48.152] [main/DEBUG] [mixin/]: Instancing new MixinPlatformAgentDefault for SecureJarResource(gunsmithlib)
[24Oct2025 11:24:48.152] [main/DEBUG] [mixin/]: MixinPlatformAgentDefault accepted container SecureJarResource(gunsmithlib)
[24Oct2025 11:24:48.152] [main/DEBUG] [mixin/]: Processing prepare() for PlatformAgent[MixinPlatformAgentDefault:SecureJarResource(gunsmithlib)]
[24Oct2025 11:24:48.152] [main/DEBUG] [mixin/]: Registering mixin config: gunsmithlib.mixins.json
[24Oct2025 11:24:48.153] [main/DEBUG] [mixin/]: Compatibility level JAVA_8 specified by gunsmithlib.mixins.json is lower than the default level supported by the current mixin service (JAVA_16).
[24Oct2025 11:24:48.154] [main/DEBUG] [mixin/]: Adding mixin platform agents for container SecureJarResource(geckolib)
[24Oct2025 11:24:48.154] [main/DEBUG] [mixin/]: Instancing new MixinPlatformAgentMinecraftForge for SecureJarResource(geckolib)
[24Oct2025 11:24:48.154] [main/DEBUG] [mixin/]: MixinPlatformAgentMinecraftForge rejected container SecureJarResource(geckolib)
[24Oct2025 11:24:48.154] [main/DEBUG] [mixin/]: Instancing new MixinPlatformAgentDefault for SecureJarResource(geckolib)
[24Oct2025 11:24:48.154] [main/DEBUG] [mixin/]: MixinPlatformAgentDefault accepted container SecureJarResource(geckolib)
[24Oct2025 11:24:48.155] [main/DEBUG] [mixin/]: Processing prepare() for PlatformAgent[MixinPlatformAgentDefault:SecureJarResource(geckolib)]
[24Oct2025 11:24:48.155] [main/DEBUG] [mixin/]: Registering mixin config: geckolib.mixins.json
[24Oct2025 11:24:48.156] [main/DEBUG] [mixin/]: Adding mixin platform agents for container SecureJarResource(playeranimator)
[24Oct2025 11:24:48.156] [main/DEBUG] [mixin/]: Instancing new MixinPlatformAgentMinecraftForge for SecureJarResource(playeranimator)
[24Oct2025 11:24:48.156] [main/DEBUG] [mixin/]: MixinPlatformAgentMinecraftForge rejected container SecureJarResource(playeranimator)
[24Oct2025 11:24:48.157] [main/DEBUG] [mixin/]: Instancing new MixinPlatformAgentDefault for SecureJarResource(playeranimator)
[24Oct2025 11:24:48.157] [main/DEBUG] [mixin/]: MixinPlatformAgentDefault accepted container SecureJarResource(playeranimator)
[24Oct2025 11:24:48.157] [main/DEBUG] [mixin/]: Processing prepare() for PlatformAgent[MixinPlatformAgentDefault:SecureJarResource(playeranimator)]
[24Oct2025 11:24:48.157] [main/DEBUG] [mixin/]: Registering mixin config: playerAnimator-common.mixins.json
[24Oct2025 11:24:48.159] [main/DEBUG] [mixin/]: Compatibility level JAVA_16 specified by playerAnimator-common.mixins.json is higher than the maximum level supported by this version of mixin (JAVA_13).
[24Oct2025 11:24:48.159] [main/DEBUG] [mixin/]: Adding mixin platform agents for container SecureJarResource(tacz)
[24Oct2025 11:24:48.159] [main/DEBUG] [mixin/]: Instancing new MixinPlatformAgentMinecraftForge for SecureJarResource(tacz)
[24Oct2025 11:24:48.160] [main/DEBUG] [mixin/]: MixinPlatformAgentMinecraftForge rejected container SecureJarResource(tacz)
[24Oct2025 11:24:48.160] [main/DEBUG] [mixin/]: Instancing new MixinPlatformAgentDefault for SecureJarResource(tacz)
[24Oct2025 11:24:48.160] [main/DEBUG] [mixin/]: MixinPlatformAgentDefault accepted container SecureJarResource(tacz)
[24Oct2025 11:24:48.160] [main/DEBUG] [mixin/]: Processing prepare() for PlatformAgent[MixinPlatformAgentDefault:SecureJarResource(tacz)]
[24Oct2025 11:24:48.160] [main/DEBUG] [mixin/]: Registering mixin config: tacz.mixins.json
[24Oct2025 11:24:48.161] [main/DEBUG] [mixin/]: Adding mixin platform agents for container SecureJarResource(caelus)
[24Oct2025 11:24:48.161] [main/DEBUG] [mixin/]: Instancing new MixinPlatformAgentMinecraftForge for SecureJarResource(caelus)
[24Oct2025 11:24:48.161] [main/DEBUG] [mixin/]: MixinPlatformAgentMinecraftForge rejected container SecureJarResource(caelus)
[24Oct2025 11:24:48.161] [main/DEBUG] [mixin/]: Instancing new MixinPlatformAgentDefault for SecureJarResource(caelus)
[24Oct2025 11:24:48.162] [main/DEBUG] [mixin/]: MixinPlatformAgentDefault accepted container SecureJarResource(caelus)
[24Oct2025 11:24:48.162] [main/DEBUG] [mixin/]: Processing prepare() for PlatformAgent[MixinPlatformAgentDefault:SecureJarResource(caelus)]
[24Oct2025 11:24:48.162] [main/DEBUG] [mixin/]: Registering mixin config: caelus.mixins.json
[24Oct2025 11:24:48.163] [main/DEBUG] [mixin/]: Adding mixin platform agents for container SecureJarResource(obscure_api)
[24Oct2025 11:24:48.164] [main/DEBUG] [mixin/]: Instancing new MixinPlatformAgentMinecraftForge for SecureJarResource(obscure_api)
[24Oct2025 11:24:48.164] [main/DEBUG] [mixin/]: MixinPlatformAgentMinecraftForge rejected container SecureJarResource(obscure_api)
[24Oct2025 11:24:48.164] [main/DEBUG] [mixin/]: Instancing new MixinPlatformAgentDefault for SecureJarResource(obscure_api)
[24Oct2025 11:24:48.164] [main/DEBUG] [mixin/]: MixinPlatformAgentDefault accepted container SecureJarResource(obscure_api)
[24Oct2025 11:24:48.164] [main/DEBUG] [mixin/]: Processing prepare() for PlatformAgent[MixinPlatformAgentDefault:SecureJarResource(obscure_api)]
[24Oct2025 11:24:48.164] [main/DEBUG] [mixin/]: Registering mixin config: obscure_api.mixins.json
[24Oct2025 11:24:48.166] [main/DEBUG] [mixin/]: Adding mixin platform agents for container SecureJarResource(curios)
[24Oct2025 11:24:48.166] [main/DEBUG] [mixin/]: Instancing new MixinPlatformAgentMinecraftForge for SecureJarResource(curios)
[24Oct2025 11:24:48.166] [main/DEBUG] [mixin/]: MixinPlatformAgentMinecraftForge rejected container SecureJarResource(curios)
[24Oct2025 11:24:48.166] [main/DEBUG] [mixin/]: Instancing new MixinPlatformAgentDefault for SecureJarResource(curios)
[24Oct2025 11:24:48.166] [main/DEBUG] [mixin/]: MixinPlatformAgentDefault accepted container SecureJarResource(curios)
[24Oct2025 11:24:48.166] [main/DEBUG] [mixin/]: Processing prepare() for PlatformAgent[MixinPlatformAgentDefault:SecureJarResource(curios)]
[24Oct2025 11:24:48.166] [main/DEBUG] [mixin/]: Registering mixin config: curios.mixins.json
[24Oct2025 11:24:48.167] [main/DEBUG] [mixin/]: Adding mixin platform agents for container SecureJarResource(apotheotic_additions)
[24Oct2025 11:24:48.167] [main/DEBUG] [mixin/]: Instancing new MixinPlatformAgentMinecraftForge for SecureJarResource(apotheotic_additions)
[24Oct2025 11:24:48.168] [main/DEBUG] [mixin/]: MixinPlatformAgentMinecraftForge rejected container SecureJarResource(apotheotic_additions)
[24Oct2025 11:24:48.168] [main/DEBUG] [mixin/]: Instancing new MixinPlatformAgentDefault for SecureJarResource(apotheotic_additions)
[24Oct2025 11:24:48.168] [main/DEBUG] [mixin/]: MixinPlatformAgentDefault accepted container SecureJarResource(apotheotic_additions)
[24Oct2025 11:24:48.168] [main/DEBUG] [mixin/]: Processing prepare() for PlatformAgent[MixinPlatformAgentDefault:SecureJarResource(apotheotic_additions)]
[24Oct2025 11:24:48.168] [main/DEBUG] [mixin/]: Adding mixin platform agents for container SecureJarResource(placebo)
[24Oct2025 11:24:48.168] [main/DEBUG] [mixin/]: Instancing new MixinPlatformAgentMinecraftForge for SecureJarResource(placebo)
[24Oct2025 11:24:48.168] [main/DEBUG] [mixin/]: MixinPlatformAgentMinecraftForge rejected container SecureJarResource(placebo)
[24Oct2025 11:24:48.168] [main/DEBUG] [mixin/]: Instancing new MixinPlatformAgentDefault for SecureJarResource(placebo)
[24Oct2025 11:24:48.168] [main/DEBUG] [mixin/]: MixinPlatformAgentDefault accepted container SecureJarResource(placebo)
[24Oct2025 11:24:48.168] [main/DEBUG] [mixin/]: Processing prepare() for PlatformAgent[MixinPlatformAgentDefault:SecureJarResource(placebo)]
[24Oct2025 11:24:48.168] [main/DEBUG] [mixin/]: Registering mixin config: placebo.mixins.json
[24Oct2025 11:24:48.169] [main/DEBUG] [mixin/]: Adding mixin platform agents for container SecureJarResource(attributeslib)
[24Oct2025 11:24:48.169] [main/DEBUG] [mixin/]: Instancing new MixinPlatformAgentMinecraftForge for SecureJarResource(attributeslib)
[24Oct2025 11:24:48.169] [main/DEBUG] [mixin/]: MixinPlatformAgentMinecraftForge rejected container SecureJarResource(attributeslib)
[24Oct2025 11:24:48.170] [main/DEBUG] [mixin/]: Instancing new MixinPlatformAgentDefault for SecureJarResource(attributeslib)
[24Oct2025 11:24:48.170] [main/DEBUG] [mixin/]: MixinPlatformAgentDefault accepted container SecureJarResource(attributeslib)
[24Oct2025 11:24:48.170] [main/DEBUG] [mixin/]: Processing prepare() for PlatformAgent[MixinPlatformAgentDefault:SecureJarResource(attributeslib)]
[24Oct2025 11:24:48.170] [main/DEBUG] [mixin/]: Registering mixin config: attributeslib.mixins.json
[24Oct2025 11:24:48.171] [main/DEBUG] [mixin/]: Adding mixin platform agents for container SecureJarResource(irons_spellbooks)
[24Oct2025 11:24:48.171] [main/DEBUG] [mixin/]: Instancing new MixinPlatformAgentMinecraftForge for SecureJarResource(irons_spellbooks)
[24Oct2025 11:24:48.171] [main/DEBUG] [mixin/]: MixinPlatformAgentMinecraftForge rejected container SecureJarResource(irons_spellbooks)
[24Oct2025 11:24:48.171] [main/DEBUG] [mixin/]: Instancing new MixinPlatformAgentDefault for SecureJarResource(irons_spellbooks)
[24Oct2025 11:24:48.171] [main/DEBUG] [mixin/]: MixinPlatformAgentDefault accepted container SecureJarResource(irons_spellbooks)
[24Oct2025 11:24:48.171] [main/DEBUG] [mixin/]: Processing prepare() for PlatformAgent[MixinPlatformAgentDefault:SecureJarResource(irons_spellbooks)]
[24Oct2025 11:24:48.171] [main/DEBUG] [mixin/]: Registering mixin config: mixins.irons_spellbooks.json
[24Oct2025 11:24:48.172] [main/DEBUG] [mixin/]: Adding mixin platform agents for container SecureJarResource(apotheosis)
[24Oct2025 11:24:48.172] [main/DEBUG] [mixin/]: Instancing new MixinPlatformAgentMinecraftForge for SecureJarResource(apotheosis)
[24Oct2025 11:24:48.172] [main/DEBUG] [mixin/]: MixinPlatformAgentMinecraftForge rejected container SecureJarResource(apotheosis)
[24Oct2025 11:24:48.172] [main/DEBUG] [mixin/]: Instancing new MixinPlatformAgentDefault for SecureJarResource(apotheosis)
[24Oct2025 11:24:48.173] [main/DEBUG] [mixin/]: MixinPlatformAgentDefault accepted container SecureJarResource(apotheosis)
[24Oct2025 11:24:48.173] [main/DEBUG] [mixin/]: Processing prepare() for PlatformAgent[MixinPlatformAgentDefault:SecureJarResource(apotheosis)]
[24Oct2025 11:24:48.173] [main/DEBUG] [mixin/]: Registering mixin config: apotheosis.mixins.json
[24Oct2025 11:24:48.174] [main/DEBUG] [mixin/]: Adding mixin platform agents for container SecureJarResource(apotheosis_modern_ragnarok)
[24Oct2025 11:24:48.174] [main/DEBUG] [mixin/]: Instancing new MixinPlatformAgentMinecraftForge for SecureJarResource(apotheosis_modern_ragnarok)
[24Oct2025 11:24:48.174] [main/DEBUG] [mixin/]: MixinPlatformAgentMinecraftForge rejected container SecureJarResource(apotheosis_modern_ragnarok)
[24Oct2025 11:24:48.175] [main/DEBUG] [mixin/]: Instancing new MixinPlatformAgentDefault for SecureJarResource(apotheosis_modern_ragnarok)
[24Oct2025 11:24:48.175] [main/DEBUG] [mixin/]: MixinPlatformAgentDefault accepted container SecureJarResource(apotheosis_modern_ragnarok)
[24Oct2025 11:24:48.175] [main/DEBUG] [mixin/]: Processing prepare() for PlatformAgent[MixinPlatformAgentDefault:SecureJarResource(apotheosis_modern_ragnarok)]
[24Oct2025 11:24:48.175] [main/DEBUG] [mixin/]: Registering mixin config: apotheosis_modern_ragnarok.mixins.json
[24Oct2025 11:24:48.177] [main/DEBUG] [mixin/]: Compatibility level JAVA_8 specified by apotheosis_modern_ragnarok.mixins.json is lower than the default level supported by the current mixin service (JAVA_16).
[24Oct2025 11:24:48.177] [main/DEBUG] [mixin/]: Adding mixin platform agents for container SecureJarResource(forge)
[24Oct2025 11:24:48.178] [main/DEBUG] [mixin/]: Instancing new MixinPlatformAgentMinecraftForge for SecureJarResource(forge)
[24Oct2025 11:24:48.178] [main/DEBUG] [mixin/]: MixinPlatformAgentMinecraftForge rejected container SecureJarResource(forge)
[24Oct2025 11:24:48.178] [main/DEBUG] [mixin/]: Instancing new MixinPlatformAgentDefault for SecureJarResource(forge)
[24Oct2025 11:24:48.178] [main/DEBUG] [mixin/]: MixinPlatformAgentDefault accepted container SecureJarResource(forge)
[24Oct2025 11:24:48.178] [main/DEBUG] [mixin/]: Processing prepare() for PlatformAgent[MixinPlatformAgentDefault:SecureJarResource(forge)]
[24Oct2025 11:24:48.178] [main/DEBUG] [mixin/]: Adding mixin platform agents for container SecureJarResource(dummmmmmy)
[24Oct2025 11:24:48.179] [main/DEBUG] [mixin/]: Instancing new MixinPlatformAgentMinecraftForge for SecureJarResource(dummmmmmy)
[24Oct2025 11:24:48.179] [main/DEBUG] [mixin/]: MixinPlatformAgentMinecraftForge rejected container SecureJarResource(dummmmmmy)
[24Oct2025 11:24:48.179] [main/DEBUG] [mixin/]: Instancing new MixinPlatformAgentDefault for SecureJarResource(dummmmmmy)
[24Oct2025 11:24:48.179] [main/DEBUG] [mixin/]: MixinPlatformAgentDefault accepted container SecureJarResource(dummmmmmy)
[24Oct2025 11:24:48.179] [main/DEBUG] [mixin/]: Processing prepare() for PlatformAgent[MixinPlatformAgentDefault:SecureJarResource(dummmmmmy)]
[24Oct2025 11:24:48.179] [main/DEBUG] [mixin/]: Registering mixin config: dummmmmmy-common.mixins.json
[24Oct2025 11:24:48.182] [main/DEBUG] [mixin/]: Registering mixin config: dummmmmmy.mixins.json
[24Oct2025 11:24:48.183] [main/DEBUG] [mixin/]: Compatibility level JAVA_16 specified by dummmmmmy.mixins.json is higher than the maximum level supported by this version of mixin (JAVA_13).
[24Oct2025 11:24:48.183] [main/DEBUG] [mixin/]: Adding mixin platform agents for container SecureJarResource(aquamirae)
[24Oct2025 11:24:48.183] [main/DEBUG] [mixin/]: Instancing new MixinPlatformAgentMinecraftForge for SecureJarResource(aquamirae)
[24Oct2025 11:24:48.183] [main/DEBUG] [mixin/]: MixinPlatformAgentMinecraftForge rejected container SecureJarResource(aquamirae)
[24Oct2025 11:24:48.183] [main/DEBUG] [mixin/]: Instancing new MixinPlatformAgentDefault for SecureJarResource(aquamirae)
[24Oct2025 11:24:48.183] [main/DEBUG] [mixin/]: MixinPlatformAgentDefault accepted container SecureJarResource(aquamirae)
[24Oct2025 11:24:48.184] [main/DEBUG] [mixin/]: Processing prepare() for PlatformAgent[MixinPlatformAgentDefault:SecureJarResource(aquamirae)]
[24Oct2025 11:24:48.184] [main/DEBUG] [mixin/]: Registering mixin config: aquamirae.mixins.json
[24Oct2025 11:24:48.186] [main/DEBUG] [mixin/]: Compatibility level JAVA_8 specified by aquamirae.mixins.json is lower than the default level supported by the current mixin service (JAVA_16).
[24Oct2025 11:24:48.187] [main/DEBUG] [mixin/]: Adding mixin platform agents for container SecureJarResource(mclib)
[24Oct2025 11:24:48.187] [main/DEBUG] [mixin/]: Instancing new MixinPlatformAgentMinecraftForge for SecureJarResource(mclib)
[24Oct2025 11:24:48.187] [main/DEBUG] [mixin/]: MixinPlatformAgentMinecraftForge rejected container SecureJarResource(mclib)
[24Oct2025 11:24:48.187] [main/DEBUG] [mixin/]: Instancing new MixinPlatformAgentDefault for SecureJarResource(mclib)
[24Oct2025 11:24:48.187] [main/DEBUG] [mixin/]: MixinPlatformAgentDefault accepted container SecureJarResource(mclib)
[24Oct2025 11:24:48.187] [main/DEBUG] [mixin/]: Processing prepare() for PlatformAgent[MixinPlatformAgentDefault:SecureJarResource(mclib)]
[24Oct2025 11:24:48.187] [main/DEBUG] [mixin/]: Adding mixin platform agents for container SecureJarResource(luaj.jse.figura)
[24Oct2025 11:24:48.187] [main/DEBUG] [mixin/]: Instancing new MixinPlatformAgentMinecraftForge for SecureJarResource(luaj.jse.figura)
[24Oct2025 11:24:48.187] [main/DEBUG] [mixin/]: MixinPlatformAgentMinecraftForge rejected container SecureJarResource(luaj.jse.figura)
[24Oct2025 11:24:48.187] [main/DEBUG] [mixin/]: Instancing new MixinPlatformAgentDefault for SecureJarResource(luaj.jse.figura)
[24Oct2025 11:24:48.187] [main/DEBUG] [mixin/]: MixinPlatformAgentDefault accepted container SecureJarResource(luaj.jse.figura)
[24Oct2025 11:24:48.187] [main/DEBUG] [mixin/]: Processing prepare() for PlatformAgent[MixinPlatformAgentDefault:SecureJarResource(luaj.jse.figura)]
[24Oct2025 11:24:48.187] [main/DEBUG] [mixin/]: Adding mixin platform agents for container SecureJarResource(org.apache.bcel)
[24Oct2025 11:24:48.187] [main/DEBUG] [mixin/]: Instancing new MixinPlatformAgentMinecraftForge for SecureJarResource(org.apache.bcel)
[24Oct2025 11:24:48.187] [main/DEBUG] [mixin/]: MixinPlatformAgentMinecraftForge rejected container SecureJarResource(org.apache.bcel)
[24Oct2025 11:24:48.187] [main/DEBUG] [mixin/]: Instancing new MixinPlatformAgentDefault for SecureJarResource(org.apache.bcel)
[24Oct2025 11:24:48.188] [main/DEBUG] [mixin/]: MixinPlatformAgentDefault accepted container SecureJarResource(org.apache.bcel)
[24Oct2025 11:24:48.188] [main/DEBUG] [mixin/]: Processing prepare() for PlatformAgent[MixinPlatformAgentDefault:SecureJarResource(org.apache.bcel)]
[24Oct2025 11:24:48.188] [main/DEBUG] [mixin/]: Adding mixin platform agents for container SecureJarResource(luaj.core.figura)
[24Oct2025 11:24:48.188] [main/DEBUG] [mixin/]: Instancing new MixinPlatformAgentMinecraftForge for SecureJarResource(luaj.core.figura)
[24Oct2025 11:24:48.188] [main/DEBUG] [mixin/]: MixinPlatformAgentMinecraftForge rejected container SecureJarResource(luaj.core.figura)
[24Oct2025 11:24:48.188] [main/DEBUG] [mixin/]: Instancing new MixinPlatformAgentDefault for SecureJarResource(luaj.core.figura)
[24Oct2025 11:24:48.188] [main/DEBUG] [mixin/]: MixinPlatformAgentDefault accepted container SecureJarResource(luaj.core.figura)
[24Oct2025 11:24:48.188] [main/DEBUG] [mixin/]: Processing prepare() for PlatformAgent[MixinPlatformAgentDefault:SecureJarResource(luaj.core.figura)]
[24Oct2025 11:24:48.188] [main/DEBUG] [mixin/]: Adding mixin platform agents for container SecureJarResource(mixinextras)
[24Oct2025 11:24:48.188] [main/DEBUG] [mixin/]: Instancing new MixinPlatformAgentMinecraftForge for SecureJarResource(mixinextras)
[24Oct2025 11:24:48.188] [main/DEBUG] [mixin/]: MixinPlatformAgentMinecraftForge rejected container SecureJarResource(mixinextras)
[24Oct2025 11:24:48.188] [main/DEBUG] [mixin/]: Instancing new MixinPlatformAgentDefault for SecureJarResource(mixinextras)
[24Oct2025 11:24:48.188] [main/DEBUG] [mixin/]: MixinPlatformAgentDefault accepted container SecureJarResource(mixinextras)
[24Oct2025 11:24:48.188] [main/DEBUG] [mixin/]: Processing prepare() for PlatformAgent[MixinPlatformAgentDefault:SecureJarResource(mixinextras)]
[24Oct2025 11:24:48.188] [main/DEBUG] [mixin/]: Registering mixin config: mixinextras.init.mixins.json
[24Oct2025 11:24:48.190] [main/DEBUG] [mixin/]: Adding mixin platform agents for container SecureJarResource(MixinExtras)
[24Oct2025 11:24:48.191] [main/DEBUG] [mixin/]: Instancing new MixinPlatformAgentMinecraftForge for SecureJarResource(MixinExtras)
[24Oct2025 11:24:48.191] [main/DEBUG] [mixin/]: MixinPlatformAgentMinecraftForge rejected container SecureJarResource(MixinExtras)
[24Oct2025 11:24:48.191] [main/DEBUG] [mixin/]: Instancing new MixinPlatformAgentDefault for SecureJarResource(MixinExtras)
[24Oct2025 11:24:48.191] [main/DEBUG] [mixin/]: MixinPlatformAgentDefault accepted container SecureJarResource(MixinExtras)
[24Oct2025 11:24:48.191] [main/DEBUG] [mixin/]: Processing prepare() for PlatformAgent[MixinPlatformAgentDefault:SecureJarResource(MixinExtras)]
[24Oct2025 11:24:48.191] [main/DEBUG] [mixin/]: Adding mixin platform agents for container SecureJarResource(commons.math3)
[24Oct2025 11:24:48.191] [main/DEBUG] [mixin/]: Instancing new MixinPlatformAgentMinecraftForge for SecureJarResource(commons.math3)
[24Oct2025 11:24:48.192] [main/DEBUG] [mixin/]: MixinPlatformAgentMinecraftForge rejected container SecureJarResource(commons.math3)
[24Oct2025 11:24:48.192] [main/DEBUG] [mixin/]: Instancing new MixinPlatformAgentDefault for SecureJarResource(commons.math3)
[24Oct2025 11:24:48.192] [main/DEBUG] [mixin/]: MixinPlatformAgentDefault accepted container SecureJarResource(commons.math3)
[24Oct2025 11:24:48.192] [main/DEBUG] [mixin/]: Processing prepare() for PlatformAgent[MixinPlatformAgentDefault:SecureJarResource(commons.math3)]
[24Oct2025 11:24:48.192] [main/DEBUG] [mixin/]: inject() running with 28 agents
[24Oct2025 11:24:48.192] [main/DEBUG] [mixin/]: Processing inject() for PlatformAgent[MixinPlatformAgentDefault:ModLauncher Root Container(ModLauncher:4f56a0a2)]
[24Oct2025 11:24:48.192] [main/DEBUG] [mixin/]: Processing inject() for PlatformAgent[MixinPlatformAgentDefault:SecureJarResource(minecraft)]
[24Oct2025 11:24:48.193] [main/DEBUG] [mixin/]: Processing inject() for PlatformAgent[MixinPlatformAgentDefault:SecureJarResource(tslatentitystatus)]
[24Oct2025 11:24:48.193] [main/DEBUG] [mixin/]: Processing inject() for PlatformAgent[MixinPlatformAgentDefault:SecureJarResource(moonlight)]
[24Oct2025 11:24:48.193] [main/DEBUG] [mixin/]: Processing inject() for PlatformAgent[MixinPlatformAgentDefault:SecureJarResource(magitacz)]
[24Oct2025 11:24:48.193] [main/DEBUG] [mixin/]: Processing inject() for PlatformAgent[MixinPlatformAgentDefault:SecureJarResource(gunsmithlib)]
[24Oct2025 11:24:48.193] [main/DEBUG] [mixin/]: Processing inject() for PlatformAgent[MixinPlatformAgentDefault:SecureJarResource(geckolib)]
[24Oct2025 11:24:48.193] [main/DEBUG] [mixin/]: Processing inject() for PlatformAgent[MixinPlatformAgentDefault:SecureJarResource(playeranimator)]
[24Oct2025 11:24:48.193] [main/DEBUG] [mixin/]: Processing inject() for PlatformAgent[MixinPlatformAgentDefault:SecureJarResource(tacz)]
[24Oct2025 11:24:48.193] [main/DEBUG] [mixin/]: Processing inject() for PlatformAgent[MixinPlatformAgentDefault:SecureJarResource(caelus)]
[24Oct2025 11:24:48.193] [main/DEBUG] [mixin/]: Processing inject() for PlatformAgent[MixinPlatformAgentDefault:SecureJarResource(obscure_api)]
[24Oct2025 11:24:48.193] [main/DEBUG] [mixin/]: Processing inject() for PlatformAgent[MixinPlatformAgentDefault:SecureJarResource(curios)]
[24Oct2025 11:24:48.193] [main/DEBUG] [mixin/]: Processing inject() for PlatformAgent[MixinPlatformAgentDefault:SecureJarResource(apotheotic_additions)]
[24Oct2025 11:24:48.193] [main/DEBUG] [mixin/]: Processing inject() for PlatformAgent[MixinPlatformAgentDefault:SecureJarResource(placebo)]
[24Oct2025 11:24:48.193] [main/DEBUG] [mixin/]: Processing inject() for PlatformAgent[MixinPlatformAgentDefault:SecureJarResource(attributeslib)]
[24Oct2025 11:24:48.193] [main/DEBUG] [mixin/]: Processing inject() for PlatformAgent[MixinPlatformAgentDefault:SecureJarResource(irons_spellbooks)]
[24Oct2025 11:24:48.193] [main/DEBUG] [mixin/]: Processing inject() for PlatformAgent[MixinPlatformAgentDefault:SecureJarResource(apotheosis)]
[24Oct2025 11:24:48.193] [main/DEBUG] [mixin/]: Processing inject() for PlatformAgent[MixinPlatformAgentDefault:SecureJarResource(apotheosis_modern_ragnarok)]
[24Oct2025 11:24:48.193] [main/DEBUG] [mixin/]: Processing inject() for PlatformAgent[MixinPlatformAgentDefault:SecureJarResource(forge)]
[24Oct2025 11:24:48.193] [main/DEBUG] [mixin/]: Processing inject() for PlatformAgent[MixinPlatformAgentDefault:SecureJarResource(dummmmmmy)]
[24Oct2025 11:24:48.193] [main/DEBUG] [mixin/]: Processing inject() for PlatformAgent[MixinPlatformAgentDefault:SecureJarResource(aquamirae)]
[24Oct2025 11:24:48.194] [main/DEBUG] [mixin/]: Processing inject() for PlatformAgent[MixinPlatformAgentDefault:SecureJarResource(mclib)]
[24Oct2025 11:24:48.194] [main/DEBUG] [mixin/]: Processing inject() for PlatformAgent[MixinPlatformAgentDefault:SecureJarResource(luaj.jse.figura)]
[24Oct2025 11:24:48.194] [main/DEBUG] [mixin/]: Processing inject() for PlatformAgent[MixinPlatformAgentDefault:SecureJarResource(org.apache.bcel)]
[24Oct2025 11:24:48.194] [main/DEBUG] [mixin/]: Processing inject() for PlatformAgent[MixinPlatformAgentDefault:SecureJarResource(luaj.core.figura)]
[24Oct2025 11:24:48.194] [main/DEBUG] [mixin/]: Processing inject() for PlatformAgent[MixinPlatformAgentDefault:SecureJarResource(mixinextras)]
[24Oct2025 11:24:48.194] [main/DEBUG] [mixin/]: Processing inject() for PlatformAgent[MixinPlatformAgentDefault:SecureJarResource(MixinExtras)]
[24Oct2025 11:24:48.194] [main/DEBUG] [mixin/]: Processing inject() for PlatformAgent[MixinPlatformAgentDefault:SecureJarResource(commons.math3)]
[24Oct2025 11:24:48.194] [main/INFO] [cpw.mods.modlauncher.LaunchServiceHandler/MODLAUNCHER]: Launching target 'forgedatauserdev' with arguments [--gameDir, ., --assetsDir, /Users/rai/.gradle/caches/forge_gradle/assets, --assetIndex, 5, --mod, magitacz, --all, --output, /Users/rai/Projects/magitacz-forge/src/generated/resources, --existing, /Users/rai/Projects/magitacz-forge/src/main/resources]
[24Oct2025 11:24:48.235] [main/DEBUG] [mixin/]: Error cleaning class output directory: .mixin.out
[24Oct2025 11:24:48.237] [main/DEBUG] [mixin/]: Preparing mixins for MixinEnvironment[DEFAULT]
[24Oct2025 11:24:48.237] [main/DEBUG] [mixin/]: Selecting config magitacz.mixins.json
[24Oct2025 11:24:48.240] [main/WARN] [mixin/]: Reference map 'magitacz.refmap.json' for magitacz.mixins.json could not be read. If this is a development environment you can ignore this message
[24Oct2025 11:24:48.241] [main/DEBUG] [mixin/]: Selecting config tslatentitystatus.mixins.json
[24Oct2025 11:24:48.805] [main/INFO] [mixin/]: Remapping refMap tslatentitystatus.refmap.json using /Users/rai/Projects/magitacz-forge/build/createSrgToMcp/output.srg
[24Oct2025 11:24:48.805] [main/DEBUG] [mixin/]: Selecting config moonlight-common.mixins.json
[24Oct2025 11:24:48.819] [main/INFO] [mixin/]: Remapping refMap moonlight-common-refmap.json using /Users/rai/Projects/magitacz-forge/build/createSrgToMcp/output.srg
[24Oct2025 11:24:48.819] [main/DEBUG] [mixin/]: Selecting config moonlight.mixins.json
[24Oct2025 11:24:48.820] [main/INFO] [mixin/]: Remapping refMap moonlight-forge-refmap.json using /Users/rai/Projects/magitacz-forge/build/createSrgToMcp/output.srg
[24Oct2025 11:24:48.821] [main/DEBUG] [mixin/]: Selecting config gunsmithlib.mixins.json
[24Oct2025 11:24:48.822] [main/INFO] [mixin/]: Remapping refMap gunsmithlib.refmap.json using /Users/rai/Projects/magitacz-forge/build/createSrgToMcp/output.srg
[24Oct2025 11:24:48.822] [main/DEBUG] [mixin/]: Selecting config geckolib.mixins.json
[24Oct2025 11:24:48.822] [main/INFO] [mixin/]: Remapping refMap geckolib.refmap.json using /Users/rai/Projects/magitacz-forge/build/createSrgToMcp/output.srg
[24Oct2025 11:24:48.822] [main/DEBUG] [mixin/]: Selecting config playerAnimator-common.mixins.json
[24Oct2025 11:24:48.825] [main/INFO] [mixin/]: Remapping refMap player-animation-lib-minecraft_common-refmap.json using /Users/rai/Projects/magitacz-forge/build/createSrgToMcp/output.srg
[24Oct2025 11:24:48.825] [main/DEBUG] [mixin/]: Selecting config tacz.mixins.json
[24Oct2025 11:24:48.827] [main/INFO] [mixin/]: Remapping refMap tacz.refmap.json using /Users/rai/Projects/magitacz-forge/build/createSrgToMcp/output.srg
[24Oct2025 11:24:48.828] [main/DEBUG] [mixin/]: Selecting config caelus.mixins.json
[24Oct2025 11:24:48.831] [main/INFO] [mixin/]: Remapping refMap caelus.refmap.json using /Users/rai/Projects/magitacz-forge/build/createSrgToMcp/output.srg
[24Oct2025 11:24:48.831] [main/DEBUG] [mixin/]: Selecting config obscure_api.mixins.json
[24Oct2025 11:24:48.833] [main/INFO] [mixin/]: Remapping refMap obscure_api.refmap.json using /Users/rai/Projects/magitacz-forge/build/createSrgToMcp/output.srg
[24Oct2025 11:24:48.833] [main/DEBUG] [mixin/]: Selecting config curios.mixins.json
[24Oct2025 11:24:48.834] [main/INFO] [mixin/]: Remapping refMap curios.refmap.json using /Users/rai/Projects/magitacz-forge/build/createSrgToMcp/output.srg
[24Oct2025 11:24:48.834] [main/DEBUG] [mixin/]: Selecting config placebo.mixins.json
[24Oct2025 11:24:48.835] [main/INFO] [mixin/]: Remapping refMap placebo.refmap.json using /Users/rai/Projects/magitacz-forge/build/createSrgToMcp/output.srg
[24Oct2025 11:24:48.835] [main/DEBUG] [mixin/]: Selecting config attributeslib.mixins.json
[24Oct2025 11:24:48.837] [main/INFO] [mixin/]: Remapping refMap attributeslib.refmap.json using /Users/rai/Projects/magitacz-forge/build/createSrgToMcp/output.srg
[24Oct2025 11:24:48.837] [main/DEBUG] [mixin/]: Selecting config mixins.irons_spellbooks.json
[24Oct2025 11:24:48.839] [main/INFO] [mixin/]: Remapping refMap irons_spellbooks.refmap.json using /Users/rai/Projects/magitacz-forge/build/createSrgToMcp/output.srg
[24Oct2025 11:24:48.839] [main/DEBUG] [mixin/]: Selecting config apotheosis.mixins.json
[24Oct2025 11:24:48.841] [main/INFO] [mixin/]: Remapping refMap apotheosis.refmap.json using /Users/rai/Projects/magitacz-forge/build/createSrgToMcp/output.srg
[24Oct2025 11:24:48.841] [main/DEBUG] [mixin/]: Selecting config apotheosis_modern_ragnarok.mixins.json
[24Oct2025 11:24:48.842] [main/INFO] [mixin/]: Remapping refMap apotheosis_modern_ragnarok.refmap.json using /Users/rai/Projects/magitacz-forge/build/createSrgToMcp/output.srg
[24Oct2025 11:24:48.843] [main/DEBUG] [mixin/]: Selecting config dummmmmmy-common.mixins.json
[24Oct2025 11:24:48.845] [main/INFO] [mixin/]: Remapping refMap dummmmmmy-common-refmap.json using /Users/rai/Projects/magitacz-forge/build/createSrgToMcp/output.srg
[24Oct2025 11:24:48.845] [main/DEBUG] [mixin/]: Selecting config dummmmmmy.mixins.json
[24Oct2025 11:24:48.847] [main/DEBUG] [mixin/]: Selecting config aquamirae.mixins.json
[24Oct2025 11:24:48.849] [main/WARN] [mixin/]: Reference map 'Aquamirae.refmap.json' for aquamirae.mixins.json could not be read. If this is a development environment you can ignore this message
[24Oct2025 11:24:48.849] [main/DEBUG] [mixin/]: Selecting config mixinextras.init.mixins.json
[24Oct2025 11:24:48.904] [main/DEBUG] [MixinExtras|Service/]: com.llamalad7.mixinextras.service.MixinExtrasServiceImpl(version=0.5.0) is taking over from null
[24Oct2025 11:24:48.938] [main/DEBUG] [mixin/]: Registering new injector for @Inject with org.spongepowered.asm.mixin.injection.struct.CallbackInjectionInfo
[24Oct2025 11:24:48.939] [main/DEBUG] [mixin/]: Registering new injector for @ModifyArg with org.spongepowered.asm.mixin.injection.struct.ModifyArgInjectionInfo
[24Oct2025 11:24:48.940] [main/DEBUG] [mixin/]: Registering new injector for @ModifyArgs with org.spongepowered.asm.mixin.injection.struct.ModifyArgsInjectionInfo
[24Oct2025 11:24:48.942] [main/DEBUG] [mixin/]: Registering new injector for @Redirect with org.spongepowered.asm.mixin.injection.struct.RedirectInjectionInfo
[24Oct2025 11:24:48.943] [main/DEBUG] [mixin/]: Registering new injector for @ModifyVariable with org.spongepowered.asm.mixin.injection.struct.ModifyVariableInjectionInfo
[24Oct2025 11:24:48.945] [main/DEBUG] [mixin/]: Registering new injector for @ModifyConstant with org.spongepowered.asm.mixin.injection.struct.ModifyConstantInjectionInfo
[24Oct2025 11:24:48.957] [main/DEBUG] [mixin/]: Preparing magitacz.mixins.json (1)
[24Oct2025 11:24:48.985] [main/DEBUG] [mixin/]: Preparing tslatentitystatus.mixins.json (7)
[24Oct2025 11:24:49.156] [main/DEBUG] [mixin/]: Preparing moonlight-common.mixins.json (35)
[24Oct2025 11:24:49.395] [main/DEBUG] [net.minecraftforge.coremod.transformer.CoreModBaseTransformer/COREMOD]: Transforming net/minecraft/world/entity/npc/Villager
[24Oct2025 11:24:49.918] [main/DEBUG] [mixin/]: Preparing moonlight.mixins.json (11)
[24Oct2025 11:24:49.931] [main/DEBUG] [mixin/]: Preparing gunsmithlib.mixins.json (33)
[24Oct2025 11:24:49.962] [main/DEBUG] [net.minecraftforge.coremod.transformer.CoreModBaseTransformer/COREMOD]: Transforming net/minecraft/world/item/ItemStack
[24Oct2025 11:24:49.971] [main/DEBUG] [net.minecraftforge.coremod.transformer.CoreModBaseTransformer/COREMOD]: Transforming getEnchantmentLevel with desc (Lnet/minecraft/world/item/enchantment/Enchantment;)I
[24Oct2025 11:24:49.977] [main/INFO] [net.minecraftforge.coremod.CoreMod.placebo/COREMODLOG]: Patching IForgeItemStack#getEnchantmentLevel
[24Oct2025 11:24:49.993] [main/DEBUG] [net.minecraftforge.coremod.transformer.CoreModBaseTransformer/COREMOD]: Transforming getAllEnchantments with desc ()Ljava/util/Map;
[24Oct2025 11:24:49.999] [main/INFO] [net.minecraftforge.coremod.CoreMod.placebo/COREMODLOG]: Patching IForgeItemStack#getEnchantmentLevel
[24Oct2025 11:24:50.028] [main/DEBUG] [net.minecraftforge.coremod.transformer.CoreModBaseTransformer/COREMOD]: Transforming net/minecraft/world/level/block/StairBlock
[24Oct2025 11:24:50.046] [main/DEBUG] [mixin/]: Preparing geckolib.mixins.json (1)
[24Oct2025 11:24:50.049] [main/DEBUG] [mixin/]: Preparing playerAnimator-common.mixins.json (14)
[24Oct2025 11:24:50.066] [main/DEBUG] [mixin/]: Preparing tacz.mixins.json (14)
[24Oct2025 11:24:50.095] [main/DEBUG] [mixin/]: Preparing caelus.mixins.json (4)
[24Oct2025 11:24:50.097] [main/DEBUG] [mixin/]: Preparing obscure_api.mixins.json (6)
[24Oct2025 11:24:50.119] [main/DEBUG] [mixin/]: Preparing curios.mixins.json (13)
[24Oct2025 11:24:50.151] [main/DEBUG] [mixin/]: Preparing placebo.mixins.json (6)
[24Oct2025 11:24:50.166] [main/DEBUG] [mixin/]: Preparing attributeslib.mixins.json (17)
[24Oct2025 11:24:50.183] [main/DEBUG] [mixin/]: Preparing mixins.irons_spellbooks.json (20)
[24Oct2025 11:24:50.201] [main/DEBUG] [mixin/]: Preparing apotheosis.mixins.json (31)
[24Oct2025 11:24:50.223] [main/DEBUG] [net.minecraftforge.coremod.transformer.CoreModBaseTransformer/COREMOD]: Transforming net/minecraft/world/inventory/AnvilMenu
[24Oct2025 11:24:50.358] [main/INFO] [net.minecraftforge.coremod.CoreMod.apotheosis/COREMODLOG]: Replaced 2 calls to Enchantment#getMaxLevel() in net/minecraft/world/inventory/AnvilMenu
[24Oct2025 11:24:50.404] [main/WARN] [mixin/]: Error loading class: org/violetmoon/quark/content/tweaks/module/GoldToolsHaveFortuneModule (java.lang.ClassNotFoundException: org.violetmoon.quark.content.tweaks.module.GoldToolsHaveFortuneModule)
[24Oct2025 11:24:50.404] [main/DEBUG] [mixin/]: Skipping virtual target org.violetmoon.quark.content.tweaks.module.GoldToolsHaveFortuneModule for apotheosis.mixins.json:GoldToolsHaveFortuneModuleMixin
[24Oct2025 11:24:50.405] [main/DEBUG] [net.minecraftforge.coremod.transformer.CoreModBaseTransformer/COREMOD]: Transforming getEnchantmentLevel with desc (Lnet/minecraft/world/item/enchantment/Enchantment;)I
[24Oct2025 11:24:50.406] [main/INFO] [net.minecraftforge.coremod.CoreMod.placebo/COREMODLOG]: Patching IForgeItemStack#getEnchantmentLevel
[24Oct2025 11:24:50.407] [main/DEBUG] [net.minecraftforge.coremod.transformer.CoreModBaseTransformer/COREMOD]: Transforming getAllEnchantments with desc ()Ljava/util/Map;
[24Oct2025 11:24:50.408] [main/INFO] [net.minecraftforge.coremod.CoreMod.placebo/COREMODLOG]: Patching IForgeItemStack#getEnchantmentLevel
[24Oct2025 11:24:50.419] [main/WARN] [mixin/]: Error loading class: com/hollingsworth/arsnouveau/common/items/SpellCrossbow (java.lang.ClassNotFoundException: com.hollingsworth.arsnouveau.common.items.SpellCrossbow)
[24Oct2025 11:24:50.420] [main/DEBUG] [mixin/]: Skipping virtual target com.hollingsworth.arsnouveau.common.items.SpellCrossbow for apotheosis.mixins.json:SpellCrossbowMixin
[24Oct2025 11:24:50.435] [main/WARN] [mixin/]: Error loading class: org/violetmoon/quark/content/client/tooltip/AttributeTooltips (java.lang.ClassNotFoundException: org.violetmoon.quark.content.client.tooltip.AttributeTooltips)
[24Oct2025 11:24:50.435] [main/DEBUG] [mixin/]: Skipping virtual target org.violetmoon.quark.content.client.tooltip.AttributeTooltips for apotheosis.mixins.json:client.AttributeTooltipsMixin
[24Oct2025 11:24:50.438] [main/DEBUG] [mixin/]: Preparing apotheosis_modern_ragnarok.mixins.json (34)
[24Oct2025 11:24:50.459] [main/DEBUG] [net.minecraftforge.coremod.transformer.CoreModBaseTransformer/COREMOD]: Transforming net/minecraft/world/effect/MobEffectInstance
[24Oct2025 11:24:50.482] [main/DEBUG] [mixin/]: Preparing dummmmmmy-common.mixins.json (5)
[24Oct2025 11:24:50.488] [main/DEBUG] [mixin/]: Preparing dummmmmmy.mixins.json (0)
[24Oct2025 11:24:50.488] [main/DEBUG] [mixin/]: Preparing aquamirae.mixins.json (0)
[24Oct2025 11:24:50.488] [main/DEBUG] [mixin/]: Preparing mixinextras.init.mixins.json (0)
[24Oct2025 11:24:50.520] [main/DEBUG] [mixin/]: Inner class net/mehvahdjukaar/moonlight/core/mixins/forge/ItemMixin$1 in net/mehvahdjukaar/moonlight/core/mixins/forge/ItemMixin on net/minecraft/world/item/Item gets unique name net/minecraft/world/item/Item$Anonymous$8e1980ed9a1c42b592bd4af6b0a4dcba
[24Oct2025 11:24:50.536] [main/DEBUG] [mixin/]: Inner class com/obscuria/obscureapi/mixin/client/TitleScreenMixin$1 in com/obscuria/obscureapi/mixin/client/TitleScreenMixin on net/minecraft/client/gui/screens/TitleScreen gets unique name net/minecraft/client/gui/screens/TitleScreen$Anonymous$4ab59c5e28c74f25b24b5f6614f664d3
[24Oct2025 11:24:50.583] [main/DEBUG] [mixin/]: Prepared 247 mixins in 2.346 sec (9.5ms avg) (0ms load, 0ms transform, 0ms plugin)
[24Oct2025 11:24:50.810] [main/DEBUG] [io.netty.util.internal.logging.InternalLoggerFactory/]: Using SLF4J as the default logging framework
[24Oct2025 11:24:50.813] [main/DEBUG] [io.netty.util.ResourceLeakDetector/]: -Dio.netty.leakDetection.level: simple
[24Oct2025 11:24:50.814] [main/DEBUG] [io.netty.util.ResourceLeakDetector/]: -Dio.netty.leakDetection.targetRecords: 4
[24Oct2025 11:24:50.968] [main/INFO] [net.minecraftforge.data.loading.DatagenModLoader/]: Initializing Data Gatherer for mods [magitacz]
[24Oct2025 11:24:51.110] [main/INFO] [MixinExtras|Service/]: Initializing MixinExtras via com.llamalad7.mixinextras.service.MixinExtrasServiceImpl(version=0.5.0).
[24Oct2025 11:24:51.114] [main/DEBUG] [mixin/]: Registering new injector for @SugarWrapper with com.llamalad7.mixinextras.sugar.impl.SugarWrapperInjectionInfo
[24Oct2025 11:24:51.115] [main/DEBUG] [mixin/]: Registering new injector for @FactoryRedirectWrapper with com.llamalad7.mixinextras.wrapper.factory.FactoryRedirectWrapperInjectionInfo
[24Oct2025 11:24:51.118] [main/DEBUG] [mixin/]: Registering new injector for @ExpressionInjectorWrapper with com.llamalad7.mixinextras.expression.impl.wrapper.ExpressionInjectorWrapperInjectionInfo
[24Oct2025 11:24:51.134] [main/DEBUG] [mixin/]: Mixing BlockMixin from apotheosis.mixins.json into net.minecraft.world.level.block.Block
[24Oct2025 11:24:51.283] [main/DEBUG] [mixin/]: Mixing AccessorEntity from curios.mixins.json into net.minecraft.world.entity.Entity
[24Oct2025 11:24:51.300] [main/DEBUG] [mixin/]: Mixing EntityMixin from attributeslib.mixins.json into net.minecraft.world.entity.Entity
[24Oct2025 11:24:51.305] [main/DEBUG] [mixin/]: Mixing EntityMixin from mixins.irons_spellbooks.json into net.minecraft.world.entity.Entity
[24Oct2025 11:24:51.321] [main/DEBUG] [mixin/]: Mixing ClientEntityMixin from mixins.irons_spellbooks.json into net.minecraft.world.entity.Entity
[24Oct2025 11:24:51.452] [main/DEBUG] [mixin/]: Mixing IForgeEntityMixin from attributeslib.mixins.json into net.minecraftforge.common.extensions.IForgeEntity
[24Oct2025 11:24:51.486] [main/DEBUG] [mixin/]: Mixing common.LivingEntityMixin from tslatentitystatus.mixins.json into net.minecraft.world.entity.LivingEntity
[24Oct2025 11:24:51.496] [main/DEBUG] [mixin/]: Mixing MixinLivingEntity from gunsmithlib.mixins.json into net.minecraft.world.entity.LivingEntity
[24Oct2025 11:24:51.497] [main/DEBUG] [mixin/]: gunsmithlib.mixins.json:MixinLivingEntity: Class version 61 required is higher than the class version supported by the current version of Mixin (JAVA_8 supports class version 52)
[24Oct2025 11:24:51.501] [main/DEBUG] [mixin/]: Renaming synthetic method lambda$useSpecialSetHealthWhenNeeded$1(Lcom/llamalad7/mixinextras/injector/wrapoperation/Operation;Lnet/minecraft/world/entity/LivingEntity;F)V to mddcead5$lambda$useSpecialSetHealthWhenNeeded$1$0 in gunsmithlib.mixins.json:MixinLivingEntity
[24Oct2025 11:24:51.501] [main/DEBUG] [mixin/]: Renaming synthetic method lambda$useSpecialActuallyHurtWhenNeeded$0(Lcom/llamalad7/mixinextras/injector/wrapoperation/Operation;Lnet/minecraft/world/entity/LivingEntity;Lnet/minecraft/world/damagesource/DamageSource;F)V to mddcead5$lambda$useSpecialActuallyHurtWhenNeeded$0$1 in gunsmithlib.mixins.json:MixinLivingEntity
[24Oct2025 11:24:51.517] [main/DEBUG] [mixin/]: Mixing common.LivingEntityMixin from tacz.mixins.json into net.minecraft.world.entity.LivingEntity
[24Oct2025 11:24:51.523] [main/DEBUG] [mixin/]: Renaming synthetic method lambda$initialData$0()Lnet/minecraft/world/item/ItemStack; to mddcead5$lambda$initialData$0$2 in tacz.mixins.json:common.LivingEntityMixin
[24Oct2025 11:24:51.576] [main/DEBUG] [mixin/]: Mixing MixinLivingEntity from caelus.mixins.json into net.minecraft.world.entity.LivingEntity
[24Oct2025 11:24:51.578] [main/DEBUG] [mixin/]: Mixing MixinLivingEntity from curios.mixins.json into net.minecraft.world.entity.LivingEntity
[24Oct2025 11:24:51.582] [main/DEBUG] [mixin/]: Mixing LivingEntityMixin from attributeslib.mixins.json into net.minecraft.world.entity.LivingEntity
[24Oct2025 11:24:51.596] [main/DEBUG] [mixin/]: Mixing LivingEntityMixin from mixins.irons_spellbooks.json into net.minecraft.world.entity.LivingEntity
[24Oct2025 11:24:51.597] [main/DEBUG] [mixin/]: Renaming synthetic method lambda$static$1(Lnet/minecraft/world/entity/ai/attributes/Attribute;)Z to mddcead5$lambda$static$1$3 in mixins.irons_spellbooks.json:LivingEntityMixin
[24Oct2025 11:24:51.598] [main/DEBUG] [mixin/]: Renaming synthetic method lambda$static$0(Lnet/minecraft/world/entity/ai/attributes/Attribute;)Z to mddcead5$lambda$static$0$4 in mixins.irons_spellbooks.json:LivingEntityMixin
[24Oct2025 11:24:51.622] [main/DEBUG] [mixin/]: Mixing LivingEntityInvoker from apotheosis.mixins.json into net.minecraft.world.entity.LivingEntity
[24Oct2025 11:24:51.644] [main/DEBUG] [mixin/]: Mixing LivingEntityMixin from apotheosis.mixins.json into net.minecraft.world.entity.LivingEntity
[24Oct2025 11:24:51.652] [main/DEBUG] [mixin/]: Mixing MHFMixinLivingEntity from apotheosis.mixins.json into net.minecraft.world.entity.LivingEntity
[24Oct2025 11:24:51.657] [main/DEBUG] [mixin/]: Mixing minecraft.LivingEntityAccessor from apotheosis_modern_ragnarok.mixins.json into net.minecraft.world.entity.LivingEntity
[24Oct2025 11:24:51.659] [main/DEBUG] [mixin/]: apotheosis_modern_ragnarok.mixins.json:minecraft.LivingEntityAccessor: Class version 61 required is higher than the class version supported by the current version of Mixin (JAVA_8 supports class version 52)
[24Oct2025 11:24:51.659] [main/DEBUG] [mixin/]: Renaming @Accessor method getDataHealthId()Lnet/minecraft/network/syncher/EntityDataAccessor; to getDataHealthId_$md$dcead5$5 in apotheosis_modern_ragnarok.mixins.json:minecraft.LivingEntityAccessor
[24Oct2025 11:24:51.694] [main/DEBUG] [mixin/]: Mixing LivingEntityMixin from dummmmmmy-common.mixins.json into net.minecraft.world.entity.LivingEntity
[24Oct2025 11:24:51.698] [main/DEBUG] [mixin/]: Mixing minecraft.MixinLivingEntity from apotheosis_modern_ragnarok.mixins.json into net.minecraft.world.entity.LivingEntity
[24Oct2025 11:24:51.699] [main/DEBUG] [mixin/]: apotheosis_modern_ragnarok.mixins.json:minecraft.MixinLivingEntity: Class version 61 required is higher than the class version supported by the current version of Mixin (JAVA_8 supports class version 52)
[24Oct2025 11:24:51.701] [main/DEBUG] [mixin/]: Renaming synthetic method lambda$onLivingDamage$2(Lcom/llamalad7/mixinextras/injector/wrapoperation/Operation;Lnet/minecraft/world/entity/LivingEntity;Lnet/minecraft/world/damagesource/DamageSource;F)Ljava/lang/Float; to mddcead5$lambda$onLivingDamage$2$6 in apotheosis_modern_ragnarok.mixins.json:minecraft.MixinLivingEntity
[24Oct2025 11:24:51.701] [main/DEBUG] [mixin/]: Renaming synthetic method lambda$onLivingHurt$1(Lcom/llamalad7/mixinextras/injector/wrapoperation/Operation;Lnet/minecraft/world/entity/LivingEntity;Lnet/minecraft/world/damagesource/DamageSource;F)Ljava/lang/Float; to mddcead5$lambda$onLivingHurt$1$7 in apotheosis_modern_ragnarok.mixins.json:minecraft.MixinLivingEntity
[24Oct2025 11:24:51.702] [main/DEBUG] [mixin/]: Renaming synthetic method lambda$onLivingAttack$0(Lcom/llamalad7/mixinextras/injector/wrapoperation/Operation;Lnet/minecraft/world/entity/LivingEntity;Lnet/minecraft/world/damagesource/DamageSource;F)Z to mddcead5$lambda$onLivingAttack$0$8 in apotheosis_modern_ragnarok.mixins.json:minecraft.MixinLivingEntity
[24Oct2025 11:24:51.722] [main/DEBUG] [mixin/]: Mixing LivingEntityMixin from obscure_api.mixins.json into net.minecraft.world.entity.LivingEntity
[24Oct2025 11:24:51.755] [main/DEBUG] [net.minecraftforge.coremod.transformer.CoreModBaseTransformer/COREMOD]: Transforming net/minecraft/world/entity/EntityType
[24Oct2025 11:24:52.330] [main/DEBUG] [mixin/]: Mixing LevelAccessor from gunsmithlib.mixins.json into net.minecraft.world.level.Level
[24Oct2025 11:24:52.330] [main/DEBUG] [mixin/]: gunsmithlib.mixins.json:LevelAccessor: Class version 61 required is higher than the class version supported by the current version of Mixin (JAVA_8 supports class version 52)
[24Oct2025 11:24:52.346] [main/DEBUG] [mixin/]: Mixing ServerLevelMixin from moonlight-common.mixins.json into net.minecraft.server.level.ServerLevel
[24Oct2025 11:24:52.487] [main/DEBUG] [mixin/]: Mixing MixinPlayer from gunsmithlib.mixins.json into net.minecraft.world.entity.player.Player
[24Oct2025 11:24:52.487] [main/DEBUG] [mixin/]: gunsmithlib.mixins.json:MixinPlayer: Class version 61 required is higher than the class version supported by the current version of Mixin (JAVA_8 supports class version 52)
[24Oct2025 11:24:52.489] [main/DEBUG] [mixin/]: Mixing PlayerEntityMixin from playerAnimator-common.mixins.json into net.minecraft.world.entity.player.Player
[24Oct2025 11:24:52.490] [main/DEBUG] [mixin/]: playerAnimator-common.mixins.json:PlayerEntityMixin: Class version 61 required is higher than the class version supported by the current version of Mixin (JAVA_16 supports class version 60)
[24Oct2025 11:24:52.506] [main/DEBUG] [mixin/]: Mixing PlayerMixin from attributeslib.mixins.json into net.minecraft.world.entity.player.Player
[24Oct2025 11:24:52.510] [main/DEBUG] [mixin/]: Mixing PlayerMixin from mixins.irons_spellbooks.json into net.minecraft.world.entity.player.Player
[24Oct2025 11:24:52.511] [main/DEBUG] [mixin/]: Mixing PlayerMixin from dummmmmmy-common.mixins.json into net.minecraft.world.entity.player.Player
[24Oct2025 11:24:52.628] [main/DEBUG] [mixin/]: Mixing hacks.InterfaceDefaultImplInjectors$Item from apotheosis_modern_ragnarok.mixins.json into net.minecraft.world.item.Item
[24Oct2025 11:24:52.628] [main/DEBUG] [mixin/]: apotheosis_modern_ragnarok.mixins.json:hacks.InterfaceDefaultImplInjectors$Item: Class version 61 required is higher than the class version supported by the current version of Mixin (JAVA_8 supports class version 52)
[24Oct2025 11:24:52.629] [main/DEBUG] [mixin/]: Mixing ItemMixin from moonlight-common.mixins.json into net.minecraft.world.item.Item
[24Oct2025 11:24:52.633] [main/DEBUG] [mixin/]: Mixing ItemMixin from moonlight.mixins.json into net.minecraft.world.item.Item
[24Oct2025 11:24:52.635] [main/DEBUG] [mixin/]: Mixing ItemMixin from mixins.irons_spellbooks.json into net.minecraft.world.item.Item
[24Oct2025 11:24:52.638] [main/DEBUG] [mixin/]: Mixing ItemMixin from apotheosis.mixins.json into net.minecraft.world.item.Item
[24Oct2025 11:24:52.640] [main/DEBUG] [mixin/]: Mixing minecraft.MakeGunEnchantableMixin from apotheosis_modern_ragnarok.mixins.json into net.minecraft.world.item.Item
[24Oct2025 11:24:52.640] [main/DEBUG] [mixin/]: apotheosis_modern_ragnarok.mixins.json:minecraft.MakeGunEnchantableMixin: Class version 61 required is higher than the class version supported by the current version of Mixin (JAVA_8 supports class version 52)
[24Oct2025 11:24:52.640] [main/DEBUG] [mixin/]: Renaming synthetic method lambda$giveEnchantmentValue$1(Lmod/chloeprime/gunsmithlib/api/util/GunInfo;)Ljava/lang/Integer; to mddcead5$lambda$giveEnchantmentValue$1$0 in apotheosis_modern_ragnarok.mixins.json:minecraft.MakeGunEnchantableMixin
[24Oct2025 11:24:52.640] [main/DEBUG] [mixin/]: Renaming synthetic method lambda$giveEnchantmentValue$0(Lmod/chloeprime/apotheosismodernragnarok/common/gunpack/GunApothData;)Ljava/lang/Integer; to mddcead5$lambda$giveEnchantmentValue$0$1 in apotheosis_modern_ragnarok.mixins.json:minecraft.MakeGunEnchantableMixin
[24Oct2025 11:24:52.719] [main/DEBUG] [mixin/]: Mixing IForgeItemMixin from attributeslib.mixins.json into net.minecraftforge.common.extensions.IForgeItem
[24Oct2025 11:24:52.733] [main/DEBUG] [net.minecraftforge.coremod.transformer.CoreModBaseTransformer/COREMOD]: Transforming net/minecraft/world/entity/EntityType
[24Oct2025 11:24:52.793] [main/DEBUG] [mixin/]: Mixing MobEffectMixin from mixins.irons_spellbooks.json into net.minecraft.world.effect.MobEffect
[24Oct2025 11:24:52.811] [main/DEBUG] [mixin/]: Mixing EnchantmentMixin from apotheosis.mixins.json into net.minecraft.world.item.enchantment.Enchantment
[24Oct2025 11:24:52.811] [main/DEBUG] [mixin/]: Renaming synthetic method lambda$apoth_modifyEnchColorForAboveMaxLevel$0(Lnet/minecraft/network/chat/Style;)Lnet/minecraft/network/chat/Style; to mddcead5$lambda$apoth_modifyEnchColorForAboveMaxLevel$0$0 in apotheosis.mixins.json:EnchantmentMixin
[24Oct2025 11:24:52.848] [main/DEBUG] [mixin/]: Mixing AttributeMixin from attributeslib.mixins.json into net.minecraft.world.entity.ai.attributes.Attribute
[24Oct2025 11:24:52.883] [main/DEBUG] [net.minecraftforge.coremod.transformer.CoreModBaseTransformer/COREMOD]: Transforming net/minecraft/world/item/CreativeModeTabs
[24Oct2025 11:24:52.978] [main/INFO] [net.minecraftforge.coremod.CoreMod.apotheosis/COREMODLOG]: Replaced 2 calls to Enchantment#getMaxLevel() in net/minecraft/world/item/CreativeModeTabs
[24Oct2025 11:24:52.987] [main/DEBUG] [mixin/]: Mixing FireBlockMixin from moonlight.mixins.json into net.minecraft.world.level.block.FireBlock
[24Oct2025 11:24:53.182] [main/DEBUG] [net.minecraftforge.coremod.transformer.CoreModBaseTransformer/COREMOD]: Transforming net/minecraft/world/level/block/LiquidBlock
[24Oct2025 11:24:53.196] [main/DEBUG] [mixin/]: Mixing accessor.DispenserBlockAccessor from moonlight-common.mixins.json into net.minecraft.world.level.block.DispenserBlock
[24Oct2025 11:24:53.197] [main/DEBUG] [mixin/]: Renaming @Accessor method getDispenserRegistry()Ljava/util/Map; to getDispenserRegistry_$md$dcead5$0 in moonlight-common.mixins.json:accessor.DispenserBlockAccessor
[24Oct2025 11:24:53.217] [main/DEBUG] [net.minecraftforge.coremod.transformer.CoreModBaseTransformer/COREMOD]: Transforming net/minecraft/world/level/block/StairBlock
[24Oct2025 11:24:53.218] [main/DEBUG] [mixin/]: Mixing interactkey.StairBlockAccessor from gunsmithlib.mixins.json into net.minecraft.world.level.block.StairBlock
[24Oct2025 11:24:53.218] [main/DEBUG] [mixin/]: gunsmithlib.mixins.json:interactkey.StairBlockAccessor: Class version 61 required is higher than the class version supported by the current version of Mixin (JAVA_8 supports class version 52)
[24Oct2025 11:24:53.220] [main/DEBUG] [mixin/]: Mixing client.StairBlockAccessor from tacz.mixins.json into net.minecraft.world.level.block.StairBlock
[24Oct2025 11:24:53.223] [main/DEBUG] [mixin/]: Unexpected: Registered method invokeGetModelBlock()Lnet/minecraft/world/level/block/Block; in net.minecraft.world.level.block.StairBlock was not merged
[24Oct2025 11:24:53.268] [main/DEBUG] [net.minecraftforge.coremod.transformer.CoreModBaseTransformer/COREMOD]: Transforming net/minecraft/world/level/block/FlowerPotBlock
[24Oct2025 11:24:53.277] [main/DEBUG] [mixin/]: Mixing AnvilBlockMixin from placebo.mixins.json into net.minecraft.world.level.block.AnvilBlock
[24Oct2025 11:24:53.369] [main/DEBUG] [mixin/]: Mixing CandleBlockMixin from apotheosis.mixins.json into net.minecraft.world.level.block.CandleBlock
[24Oct2025 11:24:53.378] [main/DEBUG] [mixin/]: Mixing MixinPowderSnowBlock from curios.mixins.json into net.minecraft.world.level.block.PowderSnowBlock
[24Oct2025 11:24:53.487] [main/DEBUG] [mixin/]: Mixing FallingBlockEntityMixin from apotheosis.mixins.json into net.minecraft.world.entity.item.FallingBlockEntity
[24Oct2025 11:24:53.521] [main/DEBUG] [mixin/]: Mixing accessor.DispenserBlockEntityAccessor from moonlight-common.mixins.json into net.minecraft.world.level.block.entity.DispenserBlockEntity
[24Oct2025 11:24:53.683] [main/DEBUG] [mixin/]: Mixing PistonBlockEntityMixin from moonlight-common.mixins.json into net.minecraft.world.level.block.piston.PistonMovingBlockEntity
[24Oct2025 11:24:53.739] [main/DEBUG] [mixin/]: Mixing ServerPlayerMixin from moonlight-common.mixins.json into net.minecraft.server.level.ServerPlayer
[24Oct2025 11:24:53.740] [main/DEBUG] [mixin/]: Mixing common.ServerPlayerMixin from tacz.mixins.json into net.minecraft.server.level.ServerPlayer
[24Oct2025 11:24:53.779] [main/DEBUG] [mixin/]: Mixing AttributesMixin from mixins.irons_spellbooks.json into net.minecraft.world.entity.ai.attributes.Attributes
[24Oct2025 11:24:53.993] [main/DEBUG] [mixin/]: Mixing AbstractContainerMenuInvoker from placebo.mixins.json into net.minecraft.world.inventory.AbstractContainerMenu
[24Oct2025 11:24:54.086] [main/DEBUG] [mixin/]: Mixing EntityMixin from moonlight-common.mixins.json into net.minecraft.world.entity.Mob
[24Oct2025 11:24:54.086] [main/DEBUG] [mixin/]: Mixing MixinMob from gunsmithlib.mixins.json into net.minecraft.world.entity.Mob
[24Oct2025 11:24:54.086] [main/DEBUG] [mixin/]: gunsmithlib.mixins.json:MixinMob: Class version 61 required is higher than the class version supported by the current version of Mixin (JAVA_8 supports class version 52)
[24Oct2025 11:24:54.176] [main/DEBUG] [net.minecraftforge.coremod.transformer.CoreModBaseTransformer/COREMOD]: Transforming net/minecraft/world/item/ItemStack
[24Oct2025 11:24:54.176] [main/DEBUG] [mixin/]: Mixing ItemStackMixin from apotheosis.mixins.json into net.minecraft.world.item.ItemStack
[24Oct2025 11:24:54.177] [main/DEBUG] [mixin/]: Renaming synthetic method lambda$swapDura$2(DD)D to mddcead5$lambda$swapDura$2$0 in apotheosis.mixins.json:ItemStackMixin
[24Oct2025 11:24:54.177] [main/DEBUG] [mixin/]: Renaming synthetic method lambda$swapDura$1(Lnet/minecraft/server/level/ServerPlayer;Ldev/shadowsoffire/apotheosis/adventure/affix/AffixInstance;)D to mddcead5$lambda$swapDura$1$1 in apotheosis.mixins.json:ItemStackMixin
[24Oct2025 11:24:54.177] [main/DEBUG] [mixin/]: Renaming synthetic method lambda$apoth_affixItemName$0(Ldev/shadowsoffire/placebo/reload/DynamicHolder;Lnet/minecraft/network/chat/Style;)Lnet/minecraft/network/chat/Style; to mddcead5$lambda$apoth_affixItemName$0$2 in apotheosis.mixins.json:ItemStackMixin
[24Oct2025 11:24:54.191] [main/DEBUG] [mixin/]: Mixing MixinItemStack from gunsmithlib.mixins.json into net.minecraft.world.item.ItemStack
[24Oct2025 11:24:54.191] [main/DEBUG] [mixin/]: gunsmithlib.mixins.json:MixinItemStack: Class version 61 required is higher than the class version supported by the current version of Mixin (JAVA_8 supports class version 52)
[24Oct2025 11:24:54.193] [main/DEBUG] [mixin/]: Mixing ItemStackMixin from placebo.mixins.json into net.minecraft.world.item.ItemStack
[24Oct2025 11:24:54.193] [main/DEBUG] [mixin/]: Renaming synthetic method lambda$getOrCreate$0(Ljava/util/function/Function;Ljava/util/function/ToIntFunction;Lnet/minecraft/resources/ResourceLocation;)Ldev/shadowsoffire/placebo/util/CachedObject; to mddcead5$lambda$getOrCreate$0$3 in placebo.mixins.json:ItemStackMixin
[24Oct2025 11:24:54.198] [main/DEBUG] [mixin/]: Mixing ItemStackMixin from attributeslib.mixins.json into net.minecraft.world.item.ItemStack
[24Oct2025 11:24:54.199] [main/DEBUG] [mixin/]: Mixing ItemStackMixin from mixins.irons_spellbooks.json into net.minecraft.world.item.ItemStack
[24Oct2025 11:24:54.298] [main/DEBUG] [net.minecraftforge.coremod.transformer.CoreModBaseTransformer/COREMOD]: Transforming getEnchantmentLevel with desc (Lnet/minecraft/world/item/enchantment/Enchantment;)I
[24Oct2025 11:24:54.299] [main/INFO] [net.minecraftforge.coremod.CoreMod.placebo/COREMODLOG]: Patching IForgeItemStack#getEnchantmentLevel
[24Oct2025 11:24:54.299] [main/DEBUG] [net.minecraftforge.coremod.transformer.CoreModBaseTransformer/COREMOD]: Transforming getAllEnchantments with desc ()Ljava/util/Map;
[24Oct2025 11:24:54.299] [main/INFO] [net.minecraftforge.coremod.CoreMod.placebo/COREMODLOG]: Patching IForgeItemStack#getEnchantmentLevel
[24Oct2025 11:24:54.300] [main/DEBUG] [mixin/]: Mixing IForgeItemStackMixin from apotheosis.mixins.json into net.minecraftforge.common.extensions.IForgeItemStack
[24Oct2025 11:24:54.389] [main/DEBUG] [net.minecraftforge.coremod.transformer.CoreModBaseTransformer/COREMOD]: Transforming net/minecraft/world/inventory/AnvilMenu
[24Oct2025 11:24:54.417] [main/INFO] [net.minecraftforge.coremod.CoreMod.apotheosis/COREMODLOG]: Replaced 2 calls to Enchantment#getMaxLevel() in net/minecraft/world/inventory/AnvilMenu
[24Oct2025 11:24:54.418] [main/DEBUG] [mixin/]: Mixing AnvilMenuMixin from apotheosis.mixins.json into net.minecraft.world.inventory.AnvilMenu
[24Oct2025 11:24:54.859] [main/DEBUG] [mixin/]: Mixing SmithingMenuMixin from apotheosis.mixins.json into net.minecraft.world.inventory.SmithingMenu
[24Oct2025 11:24:54.982] [main/DEBUG] [mixin/]: Mixing LightningEntityMixin from moonlight-common.mixins.json into net.minecraft.world.entity.LightningBolt
[24Oct2025 11:24:55.067] [main/DEBUG] [net.minecraftforge.coremod.transformer.CoreModBaseTransformer/COREMOD]: Transforming net/minecraft/world/entity/animal/frog/Tadpole
[24Oct2025 11:24:55.095] [main/DEBUG] [mixin/]: Mixing BlockItemMixin from moonlight-common.mixins.json into net.minecraft.world.item.BlockItem
[24Oct2025 11:24:55.127] [main/DEBUG] [mixin/]: Mixing ArrowItemMixin from apotheosis.mixins.json into net.minecraft.world.item.ArrowItem
[24Oct2025 11:24:55.134] [main/DEBUG] [mixin/]: Mixing SwordItemMixin from dummmmmmy-common.mixins.json into net.minecraft.world.item.SwordItem
[24Oct2025 11:24:55.147] [main/DEBUG] [mixin/]: Mixing ToolItemMixin from dummmmmmy-common.mixins.json into net.minecraft.world.item.DiggerItem
[24Oct2025 11:24:55.160] [main/DEBUG] [net.minecraftforge.coremod.transformer.CoreModBaseTransformer/COREMOD]: Transforming net/minecraft/world/item/BucketItem
[24Oct2025 11:24:55.170] [main/DEBUG] [mixin/]: Mixing MapItemMixin from moonlight-common.mixins.json into net.minecraft.world.item.MapItem
[24Oct2025 11:24:55.171] [main/DEBUG] [mixin/]: Renaming synthetic method lambda$update$1(Lnet/minecraft/world/level/saveddata/maps/MapItemSavedData;Lnet/minecraft/world/entity/Entity;Ljava/util/concurrent/atomic/AtomicBoolean;Lnet/minecraft/resources/ResourceLocation;Lnet/mehvahdjukaar/moonlight/api/map/CustomMapData;)V to mddcead5$lambda$update$1$0 in moonlight-common.mixins.json:MapItemMixin
[24Oct2025 11:24:55.171] [main/DEBUG] [mixin/]: Renaming synthetic method lambda$appendHoverText$0(Lnet/minecraft/world/level/saveddata/maps/MapItemSavedData;Lnet/minecraft/world/item/ItemStack;Ljava/util/List;Lnet/minecraft/resources/ResourceLocation;Lnet/mehvahdjukaar/moonlight/api/map/CustomMapData;)V to mddcead5$lambda$appendHoverText$0$1 in moonlight-common.mixins.json:MapItemMixin
[24Oct2025 11:24:55.188] [main/DEBUG] [mixin/]: Mixing ShearItemMixin from moonlight-common.mixins.json into net.minecraft.world.item.ShearsItem
[24Oct2025 11:24:55.190] [main/DEBUG] [mixin/]: Mixing MixinShearsItem from curios.mixins.json into net.minecraft.world.item.ShearsItem
[24Oct2025 11:24:55.191] [main/DEBUG] [mixin/]: Mixing ShearsItemMixin from apotheosis.mixins.json into net.minecraft.world.item.ShearsItem
[24Oct2025 11:24:55.266] [main/DEBUG] [net.minecraftforge.coremod.transformer.CoreModBaseTransformer/COREMOD]: Transforming net/minecraft/world/item/EnchantedBookItem
[24Oct2025 11:24:55.277] [main/DEBUG] [mixin/]: Mixing ArmorStandFIxMixin from dummmmmmy-common.mixins.json into net.minecraft.world.item.ArmorStandItem
[24Oct2025 11:24:55.307] [main/DEBUG] [mixin/]: Mixing TridentItemMixin from mixins.irons_spellbooks.json into net.minecraft.world.item.TridentItem
[24Oct2025 11:24:55.309] [main/DEBUG] [mixin/]: Mixing TridentItemMixin from apotheosis.mixins.json into net.minecraft.world.item.TridentItem
[24Oct2025 11:24:55.320] [main/DEBUG] [mixin/]: Mixing CrossbowItemMixin from apotheosis.mixins.json into net.minecraft.world.item.CrossbowItem
[24Oct2025 11:24:56.089] [main/DEBUG] [mixin/]: Mixing MixinAreaEffectCloud from gunsmithlib.mixins.json into net.minecraft.world.entity.AreaEffectCloud
[24Oct2025 11:24:56.090] [main/DEBUG] [mixin/]: gunsmithlib.mixins.json:MixinAreaEffectCloud: Class version 61 required is higher than the class version supported by the current version of Mixin (JAVA_8 supports class version 52)
[24Oct2025 11:24:56.286] [main/DEBUG] [mixin/]: Mixing TemptGoalMixin from apotheosis.mixins.json into net.minecraft.world.entity.ai.goal.TemptGoal
[24Oct2025 11:24:56.296] [main/DEBUG] [mixin/]: Mixing BeeGoalMixin from moonlight-common.mixins.json into net.minecraft.world.entity.animal.Bee$BeeGrowCropGoal
[24Oct2025 11:24:56.320] [main/DEBUG] [mixin/]: Mixing NearestAttackableTargetGoalMixin from attributeslib.mixins.json into net.minecraft.world.entity.ai.goal.target.NearestAttackableTargetGoal
[24Oct2025 11:24:56.361] [main/DEBUG] [net.minecraftforge.coremod.transformer.CoreModBaseTransformer/COREMOD]: Transforming net/minecraft/world/entity/monster/Spider
[24Oct2025 11:24:56.393] [main/DEBUG] [mixin/]: Mixing CreeperMixin from mixins.irons_spellbooks.json into net.minecraft.world.entity.monster.Creeper
[24Oct2025 11:24:56.415] [main/DEBUG] [net.minecraftforge.coremod.transformer.CoreModBaseTransformer/COREMOD]: Transforming net/minecraft/world/entity/monster/Zombie
[24Oct2025 11:24:56.486] [main/DEBUG] [net.minecraftforge.coremod.transformer.CoreModBaseTransformer/COREMOD]: Transforming net/minecraft/world/entity/monster/ZombieVillager
[24Oct2025 11:24:56.523] [main/DEBUG] [mixin/]: Mixing ThrownTridentMixin from attributeslib.mixins.json into net.minecraft.world.entity.projectile.ThrownTrident
[24Oct2025 11:24:56.525] [main/DEBUG] [mixin/]: Mixing ThrownTridentMixin from apotheosis.mixins.json into net.minecraft.world.entity.projectile.ThrownTrident
[24Oct2025 11:24:56.635] [main/DEBUG] [net.minecraftforge.coremod.transformer.CoreModBaseTransformer/COREMOD]: Transforming net/minecraft/world/entity/monster/Evoker$EvokerSummonSpellGoal
[24Oct2025 11:24:56.657] [main/DEBUG] [mixin/]: Mixing FixBlockPlaceContextMixin from moonlight-common.mixins.json into net.minecraft.world.item.context.BlockPlaceContext
[24Oct2025 11:24:56.734] [main/DEBUG] [mixin/]: Mixing SlimeMixin from apotheosis.mixins.json into net.minecraft.world.entity.monster.Slime
[24Oct2025 11:24:56.803] [main/DEBUG] [mixin/]: Mixing ThrownPotionMixin from moonlight-common.mixins.json into net.minecraft.world.entity.projectile.ThrownPotion
[24Oct2025 11:24:56.835] [main/DEBUG] [mixin/]: Mixing SheepMixin from apotheosis.mixins.json into net.minecraft.world.entity.animal.Sheep
[24Oct2025 11:24:56.861] [main/DEBUG] [net.minecraftforge.coremod.transformer.CoreModBaseTransformer/COREMOD]: Transforming net/minecraft/world/entity/animal/horse/SkeletonTrapGoal
[24Oct2025 11:24:56.879] [main/DEBUG] [net.minecraftforge.coremod.transformer.CoreModBaseTransformer/COREMOD]: Transforming net/minecraft/world/entity/monster/Strider
[24Oct2025 11:24:56.967] [main/DEBUG] [mixin/]: Mixing LevelChunkMixin from moonlight-common.mixins.json into net.minecraft.world.level.chunk.LevelChunk
[24Oct2025 11:24:57.005] [main/DEBUG] [net.minecraftforge.coremod.transformer.CoreModBaseTransformer/COREMOD]: Transforming net/minecraft/world/entity/npc/Villager
[24Oct2025 11:24:57.065] [main/DEBUG] [mixin/]: Mixing VillagerMixin from moonlight-common.mixins.json into net.minecraft.world.entity.npc.Villager
[24Oct2025 11:24:57.103] [main/DEBUG] [net.minecraftforge.coremod.transformer.CoreModBaseTransformer/COREMOD]: Transforming catchingFish with desc (Lnet/minecraft/core/BlockPos;)V
[24Oct2025 11:24:57.113] [main/INFO] [net.minecraftforge.coremod.CoreMod.apotheosis/COREMODLOG]: Patching FishingHook#catchingFish
[24Oct2025 11:24:57.131] [main/DEBUG] [net.minecraftforge.coremod.transformer.CoreModBaseTransformer/COREMOD]: Transforming net/minecraft/world/effect/MobEffectInstance
[24Oct2025 11:24:57.132] [main/DEBUG] [mixin/]: Mixing minecraft.MixinMobEffectInstance from apotheosis_modern_ragnarok.mixins.json into net.minecraft.world.effect.MobEffectInstance
[24Oct2025 11:24:57.132] [main/DEBUG] [mixin/]: apotheosis_modern_ragnarok.mixins.json:minecraft.MixinMobEffectInstance: Class version 61 required is higher than the class version supported by the current version of Mixin (JAVA_8 supports class version 52)
[24Oct2025 11:24:57.166] [main/DEBUG] [mixin/]: Mixing common.ServerGamePacketListenerImplMixin from tacz.mixins.json into net.minecraft.server.network.ServerGamePacketListenerImpl
[24Oct2025 11:24:57.167] [main/DEBUG] [mixin/]: Mixing common.ServerPlayNetHandlerMixin from tacz.mixins.json into net.minecraft.server.network.ServerGamePacketListenerImpl
[24Oct2025 11:24:57.322] [main/DEBUG] [mixin/]: Mixing MixinInventory from curios.mixins.json into net.minecraft.world.entity.player.Inventory
[24Oct2025 11:24:57.323] [main/DEBUG] [mixin/]: Mixing InventoryMixin from moonlight-common.mixins.json into net.minecraft.world.entity.player.Inventory
[24Oct2025 11:24:57.355] [main/DEBUG] [mixin/]: Mixing GrindstoneMenuSlotMixin from moonlight-common.mixins.json into net.minecraft.world.inventory.GrindstoneMenu$4
[24Oct2025 11:24:57.371] [main/DEBUG] [mixin/]: Mixing MapExtendingRecipeMixin from moonlight-common.mixins.json into net.minecraft.world.item.crafting.MapExtendingRecipe
[24Oct2025 11:24:57.486] [main/DEBUG] [net.minecraftforge.coremod.transformer.CoreModBaseTransformer/COREMOD]: Transforming net/minecraft/world/level/storage/loot/functions/EnchantRandomlyFunction
[24Oct2025 11:24:57.526] [main/INFO] [net.minecraftforge.coremod.CoreMod.apotheosis/COREMODLOG]: Replaced 1 calls to Enchantment#getMaxLevel() in net/minecraft/world/level/storage/loot/functions/EnchantRandomlyFunction
[24Oct2025 11:24:57.526] [main/INFO] [net.minecraftforge.coremod.CoreMod.apotheosis/COREMODLOG]: Replaced 1 calls to Enchantment#isDiscoverable() in net/minecraft/world/level/storage/loot/functions/EnchantRandomlyFunction
[24Oct2025 11:24:57.543] [main/DEBUG] [mixin/]: Mixing MixinApplyBonusCount from curios.mixins.json into net.minecraft.world.level.storage.loot.functions.ApplyBonusCount
[24Oct2025 11:24:57.926] [main/DEBUG] [net.minecraftforge.coremod.transformer.CoreModBaseTransformer/COREMOD]: Transforming net/minecraft/world/level/levelgen/structure/Structure
[24Oct2025 11:24:57.986] [main/DEBUG] [net.minecraftforge.coremod.transformer.CoreModBaseTransformer/COREMOD]: Transforming net/minecraft/world/level/levelgen/structure/structures/OceanRuinPieces$OceanRuinPiece
[24Oct2025 11:24:58.010] [main/DEBUG] [net.minecraftforge.coremod.transformer.CoreModBaseTransformer/COREMOD]: Transforming net/minecraft/world/level/levelgen/structure/structures/SwampHutPiece
[24Oct2025 11:24:58.028] [main/DEBUG] [net.minecraftforge.coremod.transformer.CoreModBaseTransformer/COREMOD]: Transforming net/minecraft/world/level/levelgen/structure/structures/OceanMonumentPieces$OceanMonumentPiece
[24Oct2025 11:24:58.060] [main/DEBUG] [net.minecraftforge.coremod.transformer.CoreModBaseTransformer/COREMOD]: Transforming net/minecraft/world/level/levelgen/structure/structures/WoodlandMansionPieces$WoodlandMansionPiece
[24Oct2025 11:24:58.211] [main/DEBUG] [net.minecraftforge.coremod.transformer.CoreModBaseTransformer/COREMOD]: Transforming net/minecraft/world/level/biome/Biome
[24Oct2025 11:24:58.443] [main/DEBUG] [net.minecraftforge.registries.GameData/REGISTRIES]: Creating vanilla freeze snapshot
[24Oct2025 11:24:58.445] [main/DEBUG] [net.minecraftforge.registries.ForgeRegistry/REGISTRIES]: Registry minecraft:block Sync: VANILLA -> ACTIVE
[24Oct2025 11:24:58.460] [main/DEBUG] [net.minecraftforge.registries.ForgeRegistry/REGISTRIES]: Registry minecraft:fluid Sync: VANILLA -> ACTIVE
[24Oct2025 11:24:58.460] [main/DEBUG] [net.minecraftforge.registries.ForgeRegistry/REGISTRIES]: Registry minecraft:item Sync: VANILLA -> ACTIVE
[24Oct2025 11:24:58.477] [main/DEBUG] [net.minecraftforge.registries.ForgeRegistry/REGISTRIES]: Registry minecraft:mob_effect Sync: VANILLA -> ACTIVE
[24Oct2025 11:24:58.478] [main/DEBUG] [net.minecraftforge.registries.ForgeRegistry/REGISTRIES]: Registry minecraft:sound_event Sync: VANILLA -> ACTIVE
[24Oct2025 11:24:58.496] [main/DEBUG] [net.minecraftforge.registries.ForgeRegistry/REGISTRIES]: Registry minecraft:potion Sync: VANILLA -> ACTIVE
[24Oct2025 11:24:58.497] [main/DEBUG] [net.minecraftforge.registries.ForgeRegistry/REGISTRIES]: Registry minecraft:enchantment Sync: VANILLA -> ACTIVE
[24Oct2025 11:24:58.497] [main/DEBUG] [net.minecraftforge.registries.ForgeRegistry/REGISTRIES]: Registry minecraft:entity_type Sync: VANILLA -> ACTIVE
[24Oct2025 11:24:58.499] [main/DEBUG] [net.minecraftforge.registries.ForgeRegistry/REGISTRIES]: Registry minecraft:block_entity_type Sync: VANILLA -> ACTIVE
[24Oct2025 11:24:58.500] [main/DEBUG] [net.minecraftforge.registries.ForgeRegistry/REGISTRIES]: Registry minecraft:particle_type Sync: VANILLA -> ACTIVE
[24Oct2025 11:24:58.501] [main/DEBUG] [net.minecraftforge.registries.ForgeRegistry/REGISTRIES]: Registry minecraft:menu Sync: VANILLA -> ACTIVE
[24Oct2025 11:24:58.502] [main/DEBUG] [net.minecraftforge.registries.ForgeRegistry/REGISTRIES]: Registry minecraft:painting_variant Sync: VANILLA -> ACTIVE
[24Oct2025 11:24:58.502] [main/DEBUG] [net.minecraftforge.registries.ForgeRegistry/REGISTRIES]: Registry minecraft:recipe_type Sync: VANILLA -> ACTIVE
[24Oct2025 11:24:58.503] [main/DEBUG] [net.minecraftforge.registries.ForgeRegistry/REGISTRIES]: Registry minecraft:recipe_serializer Sync: VANILLA -> ACTIVE
[24Oct2025 11:24:58.503] [main/DEBUG] [net.minecraftforge.registries.ForgeRegistry/REGISTRIES]: Registry minecraft:attribute Sync: VANILLA -> ACTIVE
[24Oct2025 11:24:58.503] [main/DEBUG] [net.minecraftforge.registries.ForgeRegistry/REGISTRIES]: Registry minecraft:stat_type Sync: VANILLA -> ACTIVE
[24Oct2025 11:24:58.503] [main/DEBUG] [net.minecraftforge.registries.ForgeRegistry/REGISTRIES]: Registry minecraft:command_argument_type Sync: VANILLA -> ACTIVE
[24Oct2025 11:24:58.504] [main/DEBUG] [net.minecraftforge.registries.ForgeRegistry/REGISTRIES]: Registry minecraft:villager_profession Sync: VANILLA -> ACTIVE
[24Oct2025 11:24:58.504] [main/DEBUG] [net.minecraftforge.registries.ForgeRegistry/REGISTRIES]: Registry minecraft:point_of_interest_type Sync: VANILLA -> ACTIVE
[24Oct2025 11:24:58.506] [main/DEBUG] [net.minecraftforge.registries.ForgeRegistry/REGISTRIES]: Registry minecraft:memory_module_type Sync: VANILLA -> ACTIVE
[24Oct2025 11:24:58.506] [main/DEBUG] [net.minecraftforge.registries.ForgeRegistry/REGISTRIES]: Registry minecraft:sensor_type Sync: VANILLA -> ACTIVE
[24Oct2025 11:24:58.507] [main/DEBUG] [net.minecraftforge.registries.ForgeRegistry/REGISTRIES]: Registry minecraft:schedule Sync: VANILLA -> ACTIVE
[24Oct2025 11:24:58.507] [main/DEBUG] [net.minecraftforge.registries.ForgeRegistry/REGISTRIES]: Registry minecraft:activity Sync: VANILLA -> ACTIVE
[24Oct2025 11:24:58.508] [main/DEBUG] [net.minecraftforge.registries.ForgeRegistry/REGISTRIES]: Registry minecraft:worldgen/carver Sync: VANILLA -> ACTIVE
[24Oct2025 11:24:58.508] [main/DEBUG] [net.minecraftforge.registries.ForgeRegistry/REGISTRIES]: Registry minecraft:worldgen/feature Sync: VANILLA -> ACTIVE
[24Oct2025 11:24:58.509] [main/DEBUG] [net.minecraftforge.registries.ForgeRegistry/REGISTRIES]: Registry minecraft:chunk_status Sync: VANILLA -> ACTIVE
[24Oct2025 11:24:58.509] [main/DEBUG] [net.minecraftforge.registries.ForgeRegistry/REGISTRIES]: Registry minecraft:worldgen/block_state_provider_type Sync: VANILLA -> ACTIVE
[24Oct2025 11:24:58.510] [main/DEBUG] [net.minecraftforge.registries.ForgeRegistry/REGISTRIES]: Registry minecraft:worldgen/foliage_placer_type Sync: VANILLA -> ACTIVE
[24Oct2025 11:24:58.510] [main/DEBUG] [net.minecraftforge.registries.ForgeRegistry/REGISTRIES]: Registry minecraft:worldgen/tree_decorator_type Sync: VANILLA -> ACTIVE
[24Oct2025 11:24:58.510] [main/DEBUG] [net.minecraftforge.registries.ForgeRegistry/REGISTRIES]: Registry minecraft:worldgen/biome Sync: VANILLA -> ACTIVE
[24Oct2025 11:24:58.518] [main/DEBUG] [net.minecraftforge.registries.GameData/REGISTRIES]: Vanilla freeze snapshot created
[24Oct2025 11:24:58.534] [main/DEBUG] [io.netty.util.internal.PlatformDependent0/]: -Dio.netty.noUnsafe: false
[24Oct2025 11:24:58.534] [main/DEBUG] [io.netty.util.internal.PlatformDependent0/]: Java version: 17
[24Oct2025 11:24:58.534] [main/DEBUG] [io.netty.util.internal.PlatformDependent0/]: sun.misc.Unsafe.theUnsafe: available
[24Oct2025 11:24:58.535] [main/DEBUG] [io.netty.util.internal.PlatformDependent0/]: sun.misc.Unsafe.copyMemory: available
[24Oct2025 11:24:58.535] [main/DEBUG] [io.netty.util.internal.PlatformDependent0/]: sun.misc.Unsafe.storeFence: available
[24Oct2025 11:24:58.535] [main/DEBUG] [io.netty.util.internal.PlatformDependent0/]: java.nio.Buffer.address: available
[24Oct2025 11:24:58.535] [main/DEBUG] [io.netty.util.internal.PlatformDependent0/]: direct buffer constructor: unavailable
java.lang.UnsupportedOperationException: Reflective setAccessible(true) disabled
	at io.netty.util.internal.ReflectionUtil.trySetAccessible(ReflectionUtil.java:31) ~[netty-common-4.1.82.Final.jar:4.1.82.Final]
	at io.netty.util.internal.PlatformDependent0$5.run(PlatformDependent0.java:288) ~[netty-common-4.1.82.Final.jar:4.1.82.Final]
	at java.security.AccessController.doPrivileged(AccessController.java:318) ~[?:?]
	at io.netty.util.internal.PlatformDependent0.<clinit>(PlatformDependent0.java:282) ~[netty-common-4.1.82.Final.jar:4.1.82.Final]
	at io.netty.util.internal.PlatformDependent.isAndroid(PlatformDependent.java:333) ~[netty-common-4.1.82.Final.jar:4.1.82.Final]
	at io.netty.util.internal.PlatformDependent.<clinit>(PlatformDependent.java:88) ~[netty-common-4.1.82.Final.jar:4.1.82.Final]
	at io.netty.util.ConstantPool.<init>(ConstantPool.java:34) ~[netty-common-4.1.82.Final.jar:4.1.82.Final]
	at io.netty.util.AttributeKey$1.<init>(AttributeKey.java:27) ~[netty-common-4.1.82.Final.jar:4.1.82.Final]
	at io.netty.util.AttributeKey.<clinit>(AttributeKey.java:27) ~[netty-common-4.1.82.Final.jar:4.1.82.Final]
	at net.minecraftforge.network.NetworkConstants.<clinit>(NetworkConstants.java:34) ~[forge-1.20.1-47.4.0_mapped_official_1.20.1.jar:?]
	at net.minecraftforge.network.NetworkHooks.init(NetworkHooks.java:52) ~[forge-1.20.1-47.4.0_mapped_official_1.20.1.jar:?]
	at net.minecraft.server.Bootstrap.bootStrap(Bootstrap.java:62) ~[forge-1.20.1-47.4.0_mapped_official_1.20.1.jar:?]
	at net.minecraftforge.data.loading.DatagenModLoader.begin(DatagenModLoader.java:42) ~[forge-1.20.1-47.4.0_mapped_official_1.20.1.jar:?]
	at net.minecraft.data.Main.main(Main.java:90) ~[forge-1.20.1-47.4.0_mapped_official_1.20.1.jar:?]
	at jdk.internal.reflect.NativeMethodAccessorImpl.invoke0(Native Method) ~[?:?]
	at jdk.internal.reflect.NativeMethodAccessorImpl.invoke(NativeMethodAccessorImpl.java:77) ~[?:?]
	at jdk.internal.reflect.DelegatingMethodAccessorImpl.invoke(DelegatingMethodAccessorImpl.java:43) ~[?:?]
	at java.lang.reflect.Method.invoke(Method.java:569) ~[?:?]
	at net.minecraftforge.fml.loading.targets.CommonLaunchHandler.runTarget(CommonLaunchHandler.java:111) ~[fmlloader-1.20.1-47.4.0.jar:?]
	at net.minecraftforge.fml.loading.targets.CommonLaunchHandler.dataService(CommonLaunchHandler.java:107) ~[fmlloader-1.20.1-47.4.0.jar:?]
	at net.minecraftforge.fml.loading.targets.ForgeDataUserdevLaunchHandler.devService(ForgeDataUserdevLaunchHandler.java:22) ~[fmlloader-1.20.1-47.4.0.jar:?]
	at net.minecraftforge.fml.loading.targets.CommonDevLaunchHandler.lambda$makeService$7(CommonDevLaunchHandler.java:135) ~[fmlloader-1.20.1-47.4.0.jar:?]
	at cpw.mods.modlauncher.LaunchServiceHandlerDecorator.launch(LaunchServiceHandlerDecorator.java:30) ~[modlauncher-10.0.9.jar:?]
	at cpw.mods.modlauncher.LaunchServiceHandler.launch(LaunchServiceHandler.java:53) ~[modlauncher-10.0.9.jar:?]
	at cpw.mods.modlauncher.LaunchServiceHandler.launch(LaunchServiceHandler.java:71) ~[modlauncher-10.0.9.jar:?]
	at cpw.mods.modlauncher.Launcher.run(Launcher.java:108) ~[modlauncher-10.0.9.jar:?]
	at cpw.mods.modlauncher.Launcher.main(Launcher.java:78) ~[modlauncher-10.0.9.jar:?]
	at cpw.mods.modlauncher.BootstrapLaunchConsumer.accept(BootstrapLaunchConsumer.java:26) ~[modlauncher-10.0.9.jar:?]
	at cpw.mods.modlauncher.BootstrapLaunchConsumer.accept(BootstrapLaunchConsumer.java:23) ~[modlauncher-10.0.9.jar:?]
	at cpw.mods.bootstraplauncher.BootstrapLauncher.main(BootstrapLauncher.java:141) ~[bootstraplauncher-1.1.2.jar:?]
[24Oct2025 11:24:58.567] [main/DEBUG] [io.netty.util.internal.PlatformDependent0/]: java.nio.Bits.unaligned: available, true
[24Oct2025 11:24:58.568] [main/DEBUG] [io.netty.util.internal.PlatformDependent0/]: jdk.internal.misc.Unsafe.allocateUninitializedArray(int): unavailable
java.lang.IllegalAccessException: class io.netty.util.internal.PlatformDependent0$7 (in module io.netty.common) cannot access class jdk.internal.misc.Unsafe (in module java.base) because module java.base does not export jdk.internal.misc to module io.netty.common
	at jdk.internal.reflect.Reflection.newIllegalAccessException(Reflection.java:392) ~[?:?]
	at java.lang.reflect.AccessibleObject.checkAccess(AccessibleObject.java:674) ~[?:?]
	at java.lang.reflect.Method.invoke(Method.java:561) ~[?:?]
	at io.netty.util.internal.PlatformDependent0$7.run(PlatformDependent0.java:410) ~[netty-common-4.1.82.Final.jar:4.1.82.Final]
	at java.security.AccessController.doPrivileged(AccessController.java:318) ~[?:?]
	at io.netty.util.internal.PlatformDependent0.<clinit>(PlatformDependent0.java:401) ~[netty-common-4.1.82.Final.jar:4.1.82.Final]
	at io.netty.util.internal.PlatformDependent.isAndroid(PlatformDependent.java:333) ~[netty-common-4.1.82.Final.jar:4.1.82.Final]
	at io.netty.util.internal.PlatformDependent.<clinit>(PlatformDependent.java:88) ~[netty-common-4.1.82.Final.jar:4.1.82.Final]
	at io.netty.util.ConstantPool.<init>(ConstantPool.java:34) ~[netty-common-4.1.82.Final.jar:4.1.82.Final]
	at io.netty.util.AttributeKey$1.<init>(AttributeKey.java:27) ~[netty-common-4.1.82.Final.jar:4.1.82.Final]
	at io.netty.util.AttributeKey.<clinit>(AttributeKey.java:27) ~[netty-common-4.1.82.Final.jar:4.1.82.Final]
	at net.minecraftforge.network.NetworkConstants.<clinit>(NetworkConstants.java:34) ~[forge-1.20.1-47.4.0_mapped_official_1.20.1.jar:?]
	at net.minecraftforge.network.NetworkHooks.init(NetworkHooks.java:52) ~[forge-1.20.1-47.4.0_mapped_official_1.20.1.jar:?]
	at net.minecraft.server.Bootstrap.bootStrap(Bootstrap.java:62) ~[forge-1.20.1-47.4.0_mapped_official_1.20.1.jar:?]
	at net.minecraftforge.data.loading.DatagenModLoader.begin(DatagenModLoader.java:42) ~[forge-1.20.1-47.4.0_mapped_official_1.20.1.jar:?]
	at net.minecraft.data.Main.main(Main.java:90) ~[forge-1.20.1-47.4.0_mapped_official_1.20.1.jar:?]
	at jdk.internal.reflect.NativeMethodAccessorImpl.invoke0(Native Method) ~[?:?]
	at jdk.internal.reflect.NativeMethodAccessorImpl.invoke(NativeMethodAccessorImpl.java:77) ~[?:?]
	at jdk.internal.reflect.DelegatingMethodAccessorImpl.invoke(DelegatingMethodAccessorImpl.java:43) ~[?:?]
	at java.lang.reflect.Method.invoke(Method.java:569) ~[?:?]
	at net.minecraftforge.fml.loading.targets.CommonLaunchHandler.runTarget(CommonLaunchHandler.java:111) ~[fmlloader-1.20.1-47.4.0.jar:?]
	at net.minecraftforge.fml.loading.targets.CommonLaunchHandler.dataService(CommonLaunchHandler.java:107) ~[fmlloader-1.20.1-47.4.0.jar:?]
	at net.minecraftforge.fml.loading.targets.ForgeDataUserdevLaunchHandler.devService(ForgeDataUserdevLaunchHandler.java:22) ~[fmlloader-1.20.1-47.4.0.jar:?]
	at net.minecraftforge.fml.loading.targets.CommonDevLaunchHandler.lambda$makeService$7(CommonDevLaunchHandler.java:135) ~[fmlloader-1.20.1-47.4.0.jar:?]
	at cpw.mods.modlauncher.LaunchServiceHandlerDecorator.launch(LaunchServiceHandlerDecorator.java:30) ~[modlauncher-10.0.9.jar:?]
	at cpw.mods.modlauncher.LaunchServiceHandler.launch(LaunchServiceHandler.java:53) ~[modlauncher-10.0.9.jar:?]
	at cpw.mods.modlauncher.LaunchServiceHandler.launch(LaunchServiceHandler.java:71) ~[modlauncher-10.0.9.jar:?]
	at cpw.mods.modlauncher.Launcher.run(Launcher.java:108) ~[modlauncher-10.0.9.jar:?]
	at cpw.mods.modlauncher.Launcher.main(Launcher.java:78) ~[modlauncher-10.0.9.jar:?]
	at cpw.mods.modlauncher.BootstrapLaunchConsumer.accept(BootstrapLaunchConsumer.java:26) ~[modlauncher-10.0.9.jar:?]
	at cpw.mods.modlauncher.BootstrapLaunchConsumer.accept(BootstrapLaunchConsumer.java:23) ~[modlauncher-10.0.9.jar:?]
	at cpw.mods.bootstraplauncher.BootstrapLauncher.main(BootstrapLauncher.java:141) ~[bootstraplauncher-1.1.2.jar:?]
[24Oct2025 11:24:58.570] [main/DEBUG] [io.netty.util.internal.PlatformDependent0/]: java.nio.DirectByteBuffer.<init>(long, int): unavailable
[24Oct2025 11:24:58.570] [main/DEBUG] [io.netty.util.internal.PlatformDependent/]: sun.misc.Unsafe: available
[24Oct2025 11:24:58.570] [main/DEBUG] [io.netty.util.internal.PlatformDependent/]: maxDirectMemory: 4294967296 bytes (maybe)
[24Oct2025 11:24:58.571] [main/DEBUG] [io.netty.util.internal.PlatformDependent/]: -Dio.netty.tmpdir: /var/folders/w3/jqczm0tx6pxdd9_4fz1v7rsc0000gn/T (java.io.tmpdir)
[24Oct2025 11:24:58.571] [main/DEBUG] [io.netty.util.internal.PlatformDependent/]: -Dio.netty.bitMode: 64 (sun.arch.data.model)
[24Oct2025 11:24:58.571] [main/DEBUG] [io.netty.util.internal.PlatformDependent/]: Platform: MacOS
[24Oct2025 11:24:58.571] [main/DEBUG] [io.netty.util.internal.PlatformDependent/]: -Dio.netty.maxDirectMemory: -1 bytes
[24Oct2025 11:24:58.571] [main/DEBUG] [io.netty.util.internal.PlatformDependent/]: -Dio.netty.uninitializedArrayAllocationThreshold: -1
[24Oct2025 11:24:58.572] [main/DEBUG] [io.netty.util.internal.CleanerJava9/]: java.nio.ByteBuffer.cleaner(): available
[24Oct2025 11:24:58.572] [main/DEBUG] [io.netty.util.internal.PlatformDependent/]: -Dio.netty.noPreferDirect: false
[24Oct2025 11:24:58.640] [main/DEBUG] [mixin/]: Mixing client.ProjectileJoinWorldOwnerFixMixin from gunsmithlib.mixins.json into net.minecraftforge.network.PlayMessages$SpawnEntity
[24Oct2025 11:24:58.640] [main/DEBUG] [mixin/]: gunsmithlib.mixins.json:client.ProjectileJoinWorldOwnerFixMixin: Class version 61 required is higher than the class version supported by the current version of Mixin (JAVA_8 supports class version 52)
[24Oct2025 11:24:58.657] [main/DEBUG] [net.minecraftforge.network.NetworkHooks/]: Loading Network data for FML net version: FML3
[24Oct2025 11:24:58.673] [main/DEBUG] [net.minecraftforge.fml.ModWorkManager/LOADING]: Using 8 threads for parallel mod-loading
[24Oct2025 11:24:58.683] [main/DEBUG] [net.minecraftforge.fml.javafmlmod.FMLJavaModLanguageProvider/LOADING]: Loading FMLModContainer from classloader cpw.mods.modlauncher.TransformingClassLoader@5eb5da12 - got cpw.mods.cl.ModuleClassLoader@4af46df3
[24Oct2025 11:24:58.688] [main/DEBUG] [net.minecraftforge.fml.javafmlmod.FMLModContainer/LOADING]: Creating FMLModContainer instance for net.tslat.tes.TES
[24Oct2025 11:24:58.698] [main/DEBUG] [net.minecraftforge.fml.javafmlmod.FMLJavaModLanguageProvider/LOADING]: Loading FMLModContainer from classloader cpw.mods.modlauncher.TransformingClassLoader@5eb5da12 - got cpw.mods.cl.ModuleClassLoader@4af46df3
[24Oct2025 11:24:58.698] [main/DEBUG] [net.minecraftforge.fml.javafmlmod.FMLModContainer/LOADING]: Creating FMLModContainer instance for net.mehvahdjukaar.moonlight.forge.MoonlightForge
[24Oct2025 11:24:58.700] [main/DEBUG] [net.minecraftforge.fml.javafmlmod.FMLJavaModLanguageProvider/LOADING]: Loading FMLModContainer from classloader cpw.mods.modlauncher.TransformingClassLoader@5eb5da12 - got cpw.mods.cl.ModuleClassLoader@4af46df3
[24Oct2025 11:24:58.701] [main/DEBUG] [net.minecraftforge.fml.javafmlmod.FMLModContainer/LOADING]: Creating FMLModContainer instance for net.playwright.magitacz.MagitaczMod
[24Oct2025 11:24:58.703] [main/DEBUG] [net.minecraftforge.fml.javafmlmod.FMLJavaModLanguageProvider/LOADING]: Loading FMLModContainer from classloader cpw.mods.modlauncher.TransformingClassLoader@5eb5da12 - got cpw.mods.cl.ModuleClassLoader@4af46df3
[24Oct2025 11:24:58.703] [main/DEBUG] [net.minecraftforge.fml.javafmlmod.FMLModContainer/LOADING]: Creating FMLModContainer instance for mod.chloeprime.gunsmithlib.GunsmithLib
[24Oct2025 11:24:58.704] [main/DEBUG] [net.minecraftforge.fml.javafmlmod.FMLJavaModLanguageProvider/LOADING]: Loading FMLModContainer from classloader cpw.mods.modlauncher.TransformingClassLoader@5eb5da12 - got cpw.mods.cl.ModuleClassLoader@4af46df3
[24Oct2025 11:24:58.704] [main/DEBUG] [net.minecraftforge.fml.javafmlmod.FMLModContainer/LOADING]: Creating FMLModContainer instance for software.bernie.example.GeckoLibMod
[24Oct2025 11:24:58.704] [main/DEBUG] [net.minecraftforge.fml.javafmlmod.FMLJavaModLanguageProvider/LOADING]: Loading FMLModContainer from classloader cpw.mods.modlauncher.TransformingClassLoader@5eb5da12 - got cpw.mods.cl.ModuleClassLoader@4af46df3
[24Oct2025 11:24:58.704] [main/DEBUG] [net.minecraftforge.fml.javafmlmod.FMLModContainer/LOADING]: Creating FMLModContainer instance for dev.kosmx.playerAnim.forge.ForgeModInterface
[24Oct2025 11:24:58.704] [main/DEBUG] [net.minecraftforge.fml.javafmlmod.FMLJavaModLanguageProvider/LOADING]: Loading FMLModContainer from classloader cpw.mods.modlauncher.TransformingClassLoader@5eb5da12 - got cpw.mods.cl.ModuleClassLoader@4af46df3
[24Oct2025 11:24:58.705] [main/DEBUG] [net.minecraftforge.fml.javafmlmod.FMLModContainer/LOADING]: Creating FMLModContainer instance for com.tacz.guns.GunMod
[24Oct2025 11:24:58.705] [main/DEBUG] [net.minecraftforge.fml.javafmlmod.FMLJavaModLanguageProvider/LOADING]: Loading FMLModContainer from classloader cpw.mods.modlauncher.TransformingClassLoader@5eb5da12 - got cpw.mods.cl.ModuleClassLoader@4af46df3
[24Oct2025 11:24:58.705] [main/DEBUG] [net.minecraftforge.fml.javafmlmod.FMLModContainer/LOADING]: Creating FMLModContainer instance for top.theillusivec4.caelus.Caelus
[24Oct2025 11:24:58.706] [main/DEBUG] [net.minecraftforge.fml.javafmlmod.FMLJavaModLanguageProvider/LOADING]: Loading FMLModContainer from classloader cpw.mods.modlauncher.TransformingClassLoader@5eb5da12 - got cpw.mods.cl.ModuleClassLoader@4af46df3
[24Oct2025 11:24:58.706] [main/DEBUG] [net.minecraftforge.fml.javafmlmod.FMLModContainer/LOADING]: Creating FMLModContainer instance for com.obscuria.obscureapi.ObscureAPI
[24Oct2025 11:24:58.706] [main/DEBUG] [net.minecraftforge.fml.javafmlmod.FMLJavaModLanguageProvider/LOADING]: Loading FMLModContainer from classloader cpw.mods.modlauncher.TransformingClassLoader@5eb5da12 - got cpw.mods.cl.ModuleClassLoader@4af46df3
[24Oct2025 11:24:58.707] [main/DEBUG] [net.minecraftforge.fml.javafmlmod.FMLModContainer/LOADING]: Creating FMLModContainer instance for top.theillusivec4.curios.Curios
[24Oct2025 11:24:58.707] [main/DEBUG] [net.minecraftforge.fml.javafmlmod.FMLJavaModLanguageProvider/LOADING]: Loading FMLModContainer from classloader cpw.mods.modlauncher.TransformingClassLoader@5eb5da12 - got cpw.mods.cl.ModuleClassLoader@4af46df3
[24Oct2025 11:24:58.707] [main/DEBUG] [net.minecraftforge.fml.javafmlmod.FMLModContainer/LOADING]: Creating FMLModContainer instance for net.mcreator.apotheoticadditions.ApotheoticAdditionsMod
[24Oct2025 11:24:58.708] [main/DEBUG] [net.minecraftforge.fml.javafmlmod.FMLJavaModLanguageProvider/LOADING]: Loading FMLModContainer from classloader cpw.mods.modlauncher.TransformingClassLoader@5eb5da12 - got cpw.mods.cl.ModuleClassLoader@4af46df3
[24Oct2025 11:24:58.708] [main/DEBUG] [net.minecraftforge.fml.javafmlmod.FMLModContainer/LOADING]: Creating FMLModContainer instance for dev.shadowsoffire.placebo.Placebo
[24Oct2025 11:24:58.709] [main/DEBUG] [net.minecraftforge.fml.javafmlmod.FMLJavaModLanguageProvider/LOADING]: Loading FMLModContainer from classloader cpw.mods.modlauncher.TransformingClassLoader@5eb5da12 - got cpw.mods.cl.ModuleClassLoader@4af46df3
[24Oct2025 11:24:58.709] [main/DEBUG] [net.minecraftforge.fml.javafmlmod.FMLModContainer/LOADING]: Creating FMLModContainer instance for dev.shadowsoffire.attributeslib.AttributesLib
[24Oct2025 11:24:58.710] [main/DEBUG] [net.minecraftforge.fml.javafmlmod.FMLJavaModLanguageProvider/LOADING]: Loading FMLModContainer from classloader cpw.mods.modlauncher.TransformingClassLoader@5eb5da12 - got cpw.mods.cl.ModuleClassLoader@4af46df3
[24Oct2025 11:24:58.710] [main/DEBUG] [net.minecraftforge.fml.javafmlmod.FMLModContainer/LOADING]: Creating FMLModContainer instance for io.redspace.ironsspellbooks.IronsSpellbooks
[24Oct2025 11:24:58.711] [main/DEBUG] [net.minecraftforge.fml.javafmlmod.FMLJavaModLanguageProvider/LOADING]: Loading FMLModContainer from classloader cpw.mods.modlauncher.TransformingClassLoader@5eb5da12 - got cpw.mods.cl.ModuleClassLoader@4af46df3
[24Oct2025 11:24:58.711] [main/DEBUG] [net.minecraftforge.fml.javafmlmod.FMLModContainer/LOADING]: Creating FMLModContainer instance for dev.shadowsoffire.apotheosis.Apotheosis
[24Oct2025 11:24:58.713] [main/DEBUG] [net.minecraftforge.fml.javafmlmod.FMLJavaModLanguageProvider/LOADING]: Loading FMLModContainer from classloader cpw.mods.modlauncher.TransformingClassLoader@5eb5da12 - got cpw.mods.cl.ModuleClassLoader@4af46df3
[24Oct2025 11:24:58.713] [main/DEBUG] [net.minecraftforge.fml.javafmlmod.FMLModContainer/LOADING]: Creating FMLModContainer instance for mod.chloeprime.apotheosismodernragnarok.ApotheosisModernRagnarok
[24Oct2025 11:24:58.714] [main/DEBUG] [net.minecraftforge.fml.javafmlmod.FMLJavaModLanguageProvider/LOADING]: Loading FMLModContainer from classloader cpw.mods.modlauncher.TransformingClassLoader@5eb5da12 - got cpw.mods.cl.ModuleClassLoader@4af46df3
[24Oct2025 11:24:58.714] [main/DEBUG] [net.minecraftforge.fml.javafmlmod.FMLModContainer/LOADING]: Creating FMLModContainer instance for net.minecraftforge.common.ForgeMod
[24Oct2025 11:24:58.715] [main/DEBUG] [net.minecraftforge.fml.javafmlmod.FMLJavaModLanguageProvider/LOADING]: Loading FMLModContainer from classloader cpw.mods.modlauncher.TransformingClassLoader@5eb5da12 - got cpw.mods.cl.ModuleClassLoader@4af46df3
[24Oct2025 11:24:58.715] [main/DEBUG] [net.minecraftforge.fml.javafmlmod.FMLModContainer/LOADING]: Creating FMLModContainer instance for net.mehvahdjukaar.dummmmmmy.forge.DummmmmmyForge
[24Oct2025 11:24:58.716] [main/DEBUG] [net.minecraftforge.fml.javafmlmod.FMLJavaModLanguageProvider/LOADING]: Loading FMLModContainer from classloader cpw.mods.modlauncher.TransformingClassLoader@5eb5da12 - got cpw.mods.cl.ModuleClassLoader@4af46df3
[24Oct2025 11:24:58.716] [main/DEBUG] [net.minecraftforge.fml.javafmlmod.FMLModContainer/LOADING]: Creating FMLModContainer instance for com.obscuria.aquamirae.Aquamirae
[24Oct2025 11:24:58.728] [modloading-worker-0/DEBUG] [net.minecraftforge.fml.javafmlmod.AutomaticEventSubscriber/LOADING]: Attempting to inject @EventBusSubscriber classes into the eventbus for playeranimator
[24Oct2025 11:24:58.731] [modloading-worker-0/DEBUG] [mixin/]: Mixing MixinCaelusApi from caelus.mixins.json into top.theillusivec4.caelus.api.CaelusApi
[24Oct2025 11:24:58.736] [modloading-worker-0/DEBUG] [net.minecraftforge.fml.javafmlmod.AutomaticEventSubscriber/LOADING]: Auto-subscribing dev.kosmx.playerAnim.forge.ForgeClientEvent to MOD
[24Oct2025 11:24:58.737] [modloading-worker-0/DEBUG] [mixin/]: Mixing client.MinecraftMixin from tslatentitystatus.mixins.json into net.minecraft.client.Minecraft
[24Oct2025 11:24:58.738] [modloading-worker-0/DEBUG] [mixin/]: Mixing MinecraftMixin from moonlight-common.mixins.json into net.minecraft.client.Minecraft
[24Oct2025 11:24:58.741] [modloading-worker-0/DEBUG] [mixin/]: Mixing MinecraftMixin from mixins.irons_spellbooks.json into net.minecraft.client.Minecraft
[24Oct2025 11:24:58.804] [modloading-worker-0/DEBUG] [net.minecraftforge.fml.javafmlmod.AutomaticEventSubscriber/LOADING]: Attempting to inject @EventBusSubscriber classes into the eventbus for caelus
[24Oct2025 11:24:58.812] [modloading-worker-0/DEBUG] [mixin/]: Mixing FeatureRendererMixin from playerAnimator-common.mixins.json into net.minecraft.client.renderer.entity.layers.RenderLayer
[24Oct2025 11:24:58.812] [modloading-worker-0/DEBUG] [mixin/]: playerAnimator-common.mixins.json:FeatureRendererMixin: Class version 61 required is higher than the class version supported by the current version of Mixin (JAVA_16 supports class version 60)
[24Oct2025 11:24:58.824] [modloading-worker-0/DEBUG] [mixin/]: Mixing client.GuiGraphicsAccessor from tslatentitystatus.mixins.json into net.minecraft.client.gui.GuiGraphics
[24Oct2025 11:24:58.830] [modloading-worker-0/DEBUG] [net.minecraftforge.fml.config.ConfigTracker/CONFIG]: Config file gunsmithlib-common.toml for gunsmithlib tracking
[24Oct2025 11:24:58.831] [modloading-worker-0/DEBUG] [net.minecraftforge.fml.javafmlmod.AutomaticEventSubscriber/LOADING]: Attempting to inject @EventBusSubscriber classes into the eventbus for gunsmithlib
[24Oct2025 11:24:58.831] [modloading-worker-0/DEBUG] [net.minecraftforge.fml.config.ConfigTracker/CONFIG]: Config file Obscuria/obscure-api-client.toml for obscure_api tracking
[24Oct2025 11:24:58.834] [modloading-worker-0/DEBUG] [net.minecraftforge.fml.javafmlmod.AutomaticEventSubscriber/LOADING]: Auto-subscribing mod.chloeprime.gunsmithlib.common.util.RangefinderSupport to FORGE
[24Oct2025 11:24:58.862] [modloading-worker-0/DEBUG] [mixin/]: Mixing client.LocalPlayerMixin from tacz.mixins.json into net.minecraft.client.player.LocalPlayer
[24Oct2025 11:24:58.864] [modloading-worker-0/DEBUG] [net.minecraftforge.fml.javafmlmod.AutomaticEventSubscriber/LOADING]: Auto-subscribing mod.chloeprime.gunsmithlib.common.gunpack_extension.shared.shield.ShieldBehavior to FORGE
[24Oct2025 11:24:58.870] [modloading-worker-0/DEBUG] [mixin/]: Mixing MixinLocalPlayer from caelus.mixins.json into net.minecraft.client.player.LocalPlayer
[24Oct2025 11:24:58.872] [modloading-worker-0/DEBUG] [mixin/]: Mixing LocalPlayerMixin from mixins.irons_spellbooks.json into net.minecraft.client.player.LocalPlayer
[24Oct2025 11:24:58.972] [modloading-worker-0/DEBUG] [net.minecraftforge.fml.config.ConfigTracker/CONFIG]: Config file tacz-common.toml for tacz tracking
[24Oct2025 11:24:58.973] [modloading-worker-0/DEBUG] [mixin/]: Mixing AbstractClientPlayerMixin from mixins.irons_spellbooks.json into net.minecraft.client.player.AbstractClientPlayer
[24Oct2025 11:24:58.996] [modloading-worker-0/DEBUG] [net.minecraftforge.fml.config.ConfigTracker/CONFIG]: Config file magitacz-common.toml for magitacz tracking
[24Oct2025 11:24:58.998] [modloading-worker-0/DEBUG] [mixin/]: Mixing DamageSourceMixin from apotheosis.mixins.json into net.minecraft.world.damagesource.DamageSource
[24Oct2025 11:24:58.999] [modloading-worker-0/DEBUG] [mixin/]: Mixing minecraft.MixinDamageSource from apotheosis_modern_ragnarok.mixins.json into net.minecraft.world.damagesource.DamageSource
[24Oct2025 11:24:58.999] [modloading-worker-0/DEBUG] [mixin/]: apotheosis_modern_ragnarok.mixins.json:minecraft.MixinDamageSource: Class version 61 required is higher than the class version supported by the current version of Mixin (JAVA_8 supports class version 52)
[24Oct2025 11:24:59.012] [modloading-worker-0/DEBUG] [net.minecraftforge.fml.config.ConfigTracker/CONFIG]: Config file tacz-server.toml for tacz tracking
[24Oct2025 11:24:59.017] [modloading-worker-0/DEBUG] [net.minecraftforge.fml.config.ConfigTracker/CONFIG]: Config file tacz-client.toml for tacz tracking
[24Oct2025 11:24:59.022] [modloading-worker-0/DEBUG] [mixin/]: Mixing client.GuiMixin from obscure_api.mixins.json into net.minecraft.client.gui.Gui
[24Oct2025 11:24:59.029] [modloading-worker-0/DEBUG] [net.minecraftforge.fml.config.ConfigTracker/CONFIG]: Config file tslatentitystatus-common.toml for tslatentitystatus tracking
[24Oct2025 11:24:59.033] [modloading-worker-0/DEBUG] [mixin/]: Mixing GuiMixin from mixins.irons_spellbooks.json into net.minecraft.client.gui.Gui
[24Oct2025 11:24:59.035] [modloading-worker-0/DEBUG] [mixin/]: Mixing client.GuiMixin from apotheosis.mixins.json into net.minecraft.client.gui.Gui
[24Oct2025 11:24:59.058] [modloading-worker-0/INFO] [mixin/]: BeforeConstant is searching for constants in method with descriptor (Lnet/minecraft/network/chat/Component;Z)V
[24Oct2025 11:24:59.058] [modloading-worker-0/INFO] [mixin/]:   BeforeConstant found INTEGER constant: value = 0, intValue = null
[24Oct2025 11:24:59.058] [modloading-worker-0/INFO] [mixin/]:     BeforeConstant found a matching constant TYPE at ordinal 0
[24Oct2025 11:24:59.058] [modloading-worker-0/INFO] [mixin/]:       BeforeConstant found Insn [ICONST_0] 
[24Oct2025 11:24:59.058] [modloading-worker-0/INFO] [mixin/]:   BeforeConstant found INTEGER constant: value = 60, intValue = null
[24Oct2025 11:24:59.058] [modloading-worker-0/INFO] [mixin/]:     BeforeConstant found a matching constant TYPE at ordinal 1
[24Oct2025 11:24:59.059] [modloading-worker-0/INFO] [mixin/]:       BeforeConstant found IntInsn 60
[24Oct2025 11:24:59.066] [modloading-worker-0/DEBUG] [mixin/]: Mixing ServerResourcesMixin from placebo.mixins.json into net.minecraft.server.ReloadableServerResources
[24Oct2025 11:24:59.073] [modloading-worker-0/DEBUG] [net.minecraftforge.fml.javafmlmod.AutomaticEventSubscriber/LOADING]: Attempting to inject @EventBusSubscriber classes into the eventbus for tslatentitystatus
[24Oct2025 11:24:59.073] [modloading-worker-0/DEBUG] [net.minecraftforge.fml.config.ConfigTracker/CONFIG]: Config file curios-client.toml for curios tracking
[24Oct2025 11:24:59.086] [modloading-worker-0/DEBUG] [net.minecraftforge.fml.javafmlmod.AutomaticEventSubscriber/LOADING]: Auto-subscribing mod.chloeprime.gunsmithlib.common.gunpack_extension.shared.potion_effect.PotionEffectBehavior to FORGE
[24Oct2025 11:24:59.095] [modloading-worker-0/DEBUG] [mixin/]: Mixing client.TitleScreenMixin from obscure_api.mixins.json into net.minecraft.client.gui.screens.TitleScreen
[24Oct2025 11:24:59.099] [modloading-worker-0/DEBUG] [mixin/]: Renaming synthetic method lambda$init$0(Lnet/minecraft/client/gui/components/Button;)V to mddcead5$lambda$init$0$0 in obscure_api.mixins.json:client.TitleScreenMixin
[24Oct2025 11:24:59.099] [modloading-worker-0/DEBUG] [net.minecraftforge.fml.config.ConfigTracker/CONFIG]: Config file curios-common.toml for curios tracking
[24Oct2025 11:24:59.099] [modloading-worker-0/DEBUG] [net.minecraftforge.fml.config.ConfigTracker/CONFIG]: Config file curios-server.toml for curios tracking
[24Oct2025 11:24:59.099] [modloading-worker-0/DEBUG] [net.minecraftforge.fml.javafmlmod.AutomaticEventSubscriber/LOADING]: Attempting to inject @EventBusSubscriber classes into the eventbus for curios
[24Oct2025 11:24:59.100] [modloading-worker-0/DEBUG] [net.minecraftforge.fml.javafmlmod.AutomaticEventSubscriber/LOADING]: Auto-subscribing top.theillusivec4.curios.Curios$ClientProxy to MOD
[24Oct2025 11:24:59.100] [modloading-worker-0/DEBUG] [net.minecraftforge.fml.javafmlmod.AutomaticEventSubscriber/LOADING]: Attempting to inject @EventBusSubscriber classes into the eventbus for obscure_api
[24Oct2025 11:24:59.100] [modloading-worker-0/DEBUG] [net.minecraftforge.fml.javafmlmod.AutomaticEventSubscriber/LOADING]: Auto-subscribing com.obscuria.obscureapi.registry.ObscureAPICommands to FORGE
[24Oct2025 11:24:59.131] [modloading-worker-0/DEBUG] [net.minecraftforge.fml.javafmlmod.AutomaticEventSubscriber/LOADING]: Auto-subscribing com.obscuria.obscureapi.network.ReloadMessage to MOD
[24Oct2025 11:24:59.132] [modloading-worker-0/DEBUG] [net.minecraftforge.fml.javafmlmod.AutomaticEventSubscriber/LOADING]: Auto-subscribing com.obscuria.obscureapi.network.PlayerDataCapability to MOD
[24Oct2025 11:24:59.133] [modloading-worker-0/DEBUG] [mixin/]: Mixing MixinModernKineticGunItem from gunsmithlib.mixins.json into com.tacz.guns.item.ModernKineticGunItem
[24Oct2025 11:24:59.133] [modloading-worker-0/DEBUG] [mixin/]: gunsmithlib.mixins.json:MixinModernKineticGunItem: Class version 61 required is higher than the class version supported by the current version of Mixin (JAVA_8 supports class version 52)
[24Oct2025 11:24:59.133] [modloading-worker-0/DEBUG] [mixin/]: Renaming synthetic method lambda$configuredEnergyWeaponLockHeatForeverUntilReload$0(Lcom/tacz/guns/entity/shooter/ShooterDataHolder;Lmod/chloeprime/gunsmithlib/common/gunpack_extension/gun/energy/EnergyWeaponData$Runtime;)V to mddcead5$lambda$configuredEnergyWeaponLockHeatForeverUntilReload$0$0 in gunsmithlib.mixins.json:MixinModernKineticGunItem
[24Oct2025 11:24:59.134] [modloading-worker-0/DEBUG] [mixin/]: Mixing tacz.MixinModernKineticGunItem from apotheosis_modern_ragnarok.mixins.json into com.tacz.guns.item.ModernKineticGunItem
[24Oct2025 11:24:59.134] [modloading-worker-0/DEBUG] [mixin/]: apotheosis_modern_ragnarok.mixins.json:tacz.MixinModernKineticGunItem: Class version 61 required is higher than the class version supported by the current version of Mixin (JAVA_8 supports class version 52)
[24Oct2025 11:24:59.144] [modloading-worker-0/DEBUG] [mixin/]: Mixing client.EntityRendererMixin from tslatentitystatus.mixins.json into net.minecraft.client.renderer.entity.EntityRenderer
[24Oct2025 11:24:59.145] [modloading-worker-0/DEBUG] [mixin/]: Mixing EntityRendererMixin from mixins.irons_spellbooks.json into net.minecraft.client.renderer.entity.EntityRenderer
[24Oct2025 11:24:59.145] [modloading-worker-0/DEBUG] [mixin/]: Mixing minecraft.client.EntityRenderAccessor from apotheosis_modern_ragnarok.mixins.json into net.minecraft.client.renderer.entity.EntityRenderer
[24Oct2025 11:24:59.145] [modloading-worker-0/DEBUG] [mixin/]: apotheosis_modern_ragnarok.mixins.json:minecraft.client.EntityRenderAccessor: Class version 61 required is higher than the class version supported by the current version of Mixin (JAVA_8 supports class version 52)
[24Oct2025 11:24:59.164] [modloading-worker-0/DEBUG] [mixin/]: Mixing MixinAbstractGunItem from gunsmithlib.mixins.json into com.tacz.guns.api.item.gun.AbstractGunItem
[24Oct2025 11:24:59.164] [modloading-worker-0/DEBUG] [mixin/]: gunsmithlib.mixins.json:MixinAbstractGunItem: Class version 61 required is higher than the class version supported by the current version of Mixin (JAVA_8 supports class version 52)
[24Oct2025 11:24:59.165] [modloading-worker-0/DEBUG] [mixin/]: Mixing tacz.MixinAbstractGunItem from apotheosis_modern_ragnarok.mixins.json into com.tacz.guns.api.item.gun.AbstractGunItem
[24Oct2025 11:24:59.165] [modloading-worker-0/DEBUG] [mixin/]: apotheosis_modern_ragnarok.mixins.json:tacz.MixinAbstractGunItem: Class version 61 required is higher than the class version supported by the current version of Mixin (JAVA_8 supports class version 52)
[24Oct2025 11:24:59.174] [modloading-worker-0/DEBUG] [net.minecraftforge.coremod.transformer.CoreModBaseTransformer/COREMOD]: Transforming renderEffects with desc (Lnet/minecraft/client/gui/GuiGraphics;II)V
[24Oct2025 11:24:59.176] [modloading-worker-0/DEBUG] [net.minecraftforge.fml.javafmlmod.AutomaticEventSubscriber/LOADING]: Auto-subscribing mod.chloeprime.gunsmithlib.common.gunpack_extension.shared.fire_control.FireControlBehavior to FORGE
[24Oct2025 11:24:59.177] [modloading-worker-0/DEBUG] [net.minecraftforge.fml.javafmlmod.AutomaticEventSubscriber/LOADING]: Auto-subscribing com.obscuria.obscureapi.network.PlayerDataCapability$PlayerDataProvider to FORGE
[24Oct2025 11:24:59.177] [modloading-worker-0/DEBUG] [net.minecraftforge.fml.javafmlmod.AutomaticEventSubscriber/LOADING]: Auto-subscribing mod.chloeprime.gunsmithlib.common.gunpack_extension.shared.fire_control.FireControlAttributes to FORGE
[24Oct2025 11:24:59.178] [modloading-worker-0/DEBUG] [net.minecraftforge.fml.javafmlmod.AutomaticEventSubscriber/LOADING]: Auto-subscribing mod.chloeprime.gunsmithlib.common.gunpack_extension.shared.attribute.GunAttachmentAttributeAggregator to FORGE
[24Oct2025 11:24:59.183] [modloading-worker-0/INFO] [net.minecraftforge.coremod.CoreMod.attributeslib/COREMODLOG]: Patching EffectRenderingInventoryScreen#renderEffects
[24Oct2025 11:24:59.183] [modloading-worker-0/DEBUG] [net.minecraftforge.fml.javafmlmod.AutomaticEventSubscriber/LOADING]: Auto-subscribing com.obscuria.obscureapi.network.PlayerDataCapability$EventBusHandlers to FORGE
[24Oct2025 11:24:59.185] [modloading-worker-0/DEBUG] [mixin/]: Mixing firstPerson.LivingEntityRendererMixin from playerAnimator-common.mixins.json into net.minecraft.client.renderer.entity.LivingEntityRenderer
[24Oct2025 11:24:59.185] [modloading-worker-0/DEBUG] [mixin/]: playerAnimator-common.mixins.json:firstPerson.LivingEntityRendererMixin: Class version 61 required is higher than the class version supported by the current version of Mixin (JAVA_16 supports class version 60)
[24Oct2025 11:24:59.185] [modloading-worker-0/DEBUG] [mixin/]: Renaming synthetic method lambda$filterLayers$0(Ljava/lang/Object;)Z to mddcead5$lambda$filterLayers$0$0 in playerAnimator-common.mixins.json:firstPerson.LivingEntityRendererMixin
[24Oct2025 11:24:59.208] [modloading-worker-0/DEBUG] [net.minecraftforge.fml.javafmlmod.AutomaticEventSubscriber/LOADING]: Auto-subscribing mod.chloeprime.gunsmithlib.common.gunpack_extension.gun.energy.EnergyWeaponBehavior to FORGE
[24Oct2025 11:24:59.208] [modloading-worker-0/DEBUG] [mixin/]: Mixing client.AbstractContainerScreenMixin from attributeslib.mixins.json into net.minecraft.client.gui.screens.inventory.AbstractContainerScreen
[24Oct2025 11:24:59.209] [modloading-worker-0/DEBUG] [mixin/]: Mixing client.AbstractContainerScreenMixin from apotheosis.mixins.json into net.minecraft.client.gui.screens.inventory.AbstractContainerScreen
[24Oct2025 11:24:59.209] [modloading-worker-0/DEBUG] [net.minecraftforge.fml.javafmlmod.AutomaticEventSubscriber/LOADING]: Attempting to inject @EventBusSubscriber classes into the eventbus for apotheotic_additions
[24Oct2025 11:24:59.217] [modloading-worker-0/DEBUG] [net.minecraftforge.fml.javafmlmod.AutomaticEventSubscriber/LOADING]: Auto-subscribing com.obscuria.obscureapi.network.AnimationStopMessage to MOD
[24Oct2025 11:24:59.221] [modloading-worker-0/DEBUG] [net.minecraftforge.fml.javafmlmod.AutomaticEventSubscriber/LOADING]: Auto-subscribing com.obscuria.obscureapi.network.AnimationPlayMessage to MOD
[24Oct2025 11:24:59.224] [modloading-worker-0/DEBUG] [net.minecraftforge.fml.javafmlmod.AutomaticEventSubscriber/LOADING]: Auto-subscribing com.obscuria.obscureapi.client.ObscureAPIRenderers to MOD
[24Oct2025 11:24:59.225] [modloading-worker-0/DEBUG] [net.minecraftforge.fml.javafmlmod.AutomaticEventSubscriber/LOADING]: Attempting to inject @EventBusSubscriber classes into the eventbus for placebo
[24Oct2025 11:24:59.229] [modloading-worker-0/DEBUG] [net.minecraftforge.fml.javafmlmod.AutomaticEventSubscriber/LOADING]: Auto-subscribing dev.shadowsoffire.placebo.util.PlaceboTaskQueue to FORGE
[24Oct2025 11:24:59.232] [modloading-worker-0/DEBUG] [net.minecraftforge.fml.javafmlmod.AutomaticEventSubscriber/LOADING]: Auto-subscribing com.obscuria.obscureapi.client.ObscureAPILayers to MOD
[24Oct2025 11:24:59.236] [modloading-worker-0/DEBUG] [net.minecraftforge.fml.javafmlmod.AutomaticEventSubscriber/LOADING]: Auto-subscribing mod.chloeprime.gunsmithlib.common.gunpack_extension.gun.energy.EnergyWeaponBehavior$CapAttacher to FORGE
[24Oct2025 11:24:59.237] [modloading-worker-0/DEBUG] [mixin/]: Mixing apoth.MixinAttributeLibAttributeEvents from apotheosis_modern_ragnarok.mixins.json into dev.shadowsoffire.attributeslib.impl.AttributeEvents
[24Oct2025 11:24:59.237] [modloading-worker-0/DEBUG] [mixin/]: apotheosis_modern_ragnarok.mixins.json:apoth.MixinAttributeLibAttributeEvents: Class version 61 required is higher than the class version supported by the current version of Mixin (JAVA_8 supports class version 52)
[24Oct2025 11:24:59.237] [modloading-worker-0/DEBUG] [net.minecraftforge.fml.javafmlmod.AutomaticEventSubscriber/LOADING]: Auto-subscribing com.obscuria.obscureapi.ObscureAPIClient$ModEvents to MOD
[24Oct2025 11:24:59.252] [modloading-worker-0/DEBUG] [net.minecraftforge.fml.javafmlmod.AutomaticEventSubscriber/LOADING]: Auto-subscribing dev.shadowsoffire.placebo.patreon.PatreonPreview to FORGE
[24Oct2025 11:24:59.253] [modloading-worker-0/DEBUG] [mixin/]: Mixing GameTypeMixin from attributeslib.mixins.json into net.minecraft.world.level.GameType
[24Oct2025 11:24:59.260] [modloading-worker-0/DEBUG] [net.minecraftforge.fml.javafmlmod.AutomaticEventSubscriber/LOADING]: Auto-subscribing mod.chloeprime.gunsmithlib.common.gunpack_extension.gun.OverheatFeedback to FORGE
[24Oct2025 11:24:59.262] [modloading-worker-0/DEBUG] [net.minecraftforge.fml.javafmlmod.AutomaticEventSubscriber/LOADING]: Auto-subscribing mod.chloeprime.gunsmithlib.common.compat.CapabilityBasedModCompat to FORGE
[24Oct2025 11:24:59.264] [modloading-worker-0/DEBUG] [net.minecraftforge.fml.javafmlmod.AutomaticEventSubscriber/LOADING]: Auto-subscribing dev.shadowsoffire.placebo.PlaceboClient to MOD
[24Oct2025 11:24:59.266] [modloading-worker-0/DEBUG] [net.minecraftforge.fml.javafmlmod.AutomaticEventSubscriber/LOADING]: Auto-subscribing com.obscuria.obscureapi.ObscureAPIClient$ForgeEvents to FORGE
[24Oct2025 11:24:59.266] [modloading-worker-0/DEBUG] [net.minecraftforge.fml.javafmlmod.AutomaticEventSubscriber/LOADING]: Auto-subscribing mod.chloeprime.gunsmithlib.common.MiscAttributeAdapter to FORGE
[24Oct2025 11:24:59.270] [modloading-worker-0/WARN] [software.bernie.geckolib.GeckoLib/]: Minecraft.getInstance() was null, could not register reload listeners
[24Oct2025 11:24:59.272] [modloading-worker-0/DEBUG] [net.minecraftforge.fml.javafmlmod.AutomaticEventSubscriber/LOADING]: Auto-subscribing mod.chloeprime.gunsmithlib.common.MiscAttributeAdapter$AttributeAttacher to MOD
[24Oct2025 11:24:59.277] [modloading-worker-0/DEBUG] [net.minecraftforge.fml.javafmlmod.AutomaticEventSubscriber/LOADING]: Auto-subscribing mod.chloeprime.gunsmithlib.common.BulletCreateEventDistributor to FORGE
[24Oct2025 11:24:59.281] [modloading-worker-0/DEBUG] [net.minecraftforge.fml.javafmlmod.AutomaticEventSubscriber/LOADING]: Auto-subscribing mod.chloeprime.gunsmithlib.client.laser.MagicLaserRenderer to MOD
[24Oct2025 11:24:59.287] [modloading-worker-0/DEBUG] [net.minecraftforge.fml.javafmlmod.AutomaticEventSubscriber/LOADING]: Auto-subscribing mod.chloeprime.gunsmithlib.client.laser.LaserManager to FORGE
[24Oct2025 11:24:59.287] [modloading-worker-0/DEBUG] [mixin/]: Mixing AttributeInstanceAccessor from attributeslib.mixins.json into net.minecraft.world.entity.ai.attributes.AttributeInstance
[24Oct2025 11:24:59.309] [modloading-worker-0/DEBUG] [mixin/]: Mixing client.LevelRendererMixin from tslatentitystatus.mixins.json into net.minecraft.client.renderer.LevelRenderer
[24Oct2025 11:24:59.314] [modloading-worker-0/DEBUG] [mixin/]: Mixing firstPerson.LevelRendererMixin from playerAnimator-common.mixins.json into net.minecraft.client.renderer.LevelRenderer
[24Oct2025 11:24:59.315] [modloading-worker-0/DEBUG] [mixin/]: playerAnimator-common.mixins.json:firstPerson.LevelRendererMixin: Class version 61 required is higher than the class version supported by the current version of Mixin (JAVA_16 supports class version 60)
[24Oct2025 11:24:59.403] [modloading-worker-0/DEBUG] [mixin/]: Mixing firstPerson.CameraAccessor from playerAnimator-common.mixins.json into net.minecraft.client.Camera
[24Oct2025 11:24:59.403] [modloading-worker-0/DEBUG] [mixin/]: playerAnimator-common.mixins.json:firstPerson.CameraAccessor: Class version 61 required is higher than the class version supported by the current version of Mixin (JAVA_16 supports class version 60)
[24Oct2025 11:24:59.412] [modloading-worker-0/DEBUG] [mixin/]: Mixing client.AnvilScreenMixin from apotheosis.mixins.json into net.minecraft.client.gui.screens.inventory.AnvilScreen
[24Oct2025 11:24:59.420] [modloading-worker-0/DEBUG] [net.minecraftforge.fml.javafmlmod.AutomaticEventSubscriber/LOADING]: Auto-subscribing mod.chloeprime.gunsmithlib.client.eventhandler.CantAimWhenGunItemIsInCooldown to FORGE
[24Oct2025 11:24:59.432] [modloading-worker-0/DEBUG] [net.minecraftforge.fml.javafmlmod.AutomaticEventSubscriber/LOADING]: Auto-subscribing mod.chloeprime.gunsmithlib.client.GunsmithLibClient to MOD
[24Oct2025 11:24:59.433] [modloading-worker-0/DEBUG] [net.minecraftforge.fml.javafmlmod.AutomaticEventSubscriber/LOADING]: Auto-subscribing mod.chloeprime.gunsmithlib.client.FireControlVisuals to FORGE
[24Oct2025 11:24:59.436] [modloading-worker-0/DEBUG] [net.minecraftforge.fml.javafmlmod.AutomaticEventSubscriber/LOADING]: Auto-subscribing mod.chloeprime.gunsmithlib.client.ClientNetworkHandler to FORGE
[24Oct2025 11:24:59.445] [modloading-worker-0/DEBUG] [net.minecraftforge.fml.javafmlmod.AutomaticEventSubscriber/LOADING]: Attempting to inject @EventBusSubscriber classes into the eventbus for geckolib
[24Oct2025 11:24:59.446] [modloading-worker-0/DEBUG] [net.minecraftforge.fml.javafmlmod.AutomaticEventSubscriber/LOADING]: Auto-subscribing software.bernie.example.GeckoLibMod to FORGE
[24Oct2025 11:24:59.446] [modloading-worker-0/DEBUG] [net.minecraftforge.fml.javafmlmod.AutomaticEventSubscriber/LOADING]: Auto-subscribing software.bernie.example.CommonListener to MOD
[24Oct2025 11:24:59.451] [modloading-worker-0/DEBUG] [net.minecraftforge.fml.javafmlmod.AutomaticEventSubscriber/LOADING]: Auto-subscribing software.bernie.example.ClientListener to MOD
[24Oct2025 11:24:59.453] [modloading-worker-0/DEBUG] [net.minecraftforge.fml.config.ConfigTracker/CONFIG]: Config file moonlight-common.toml for moonlight tracking
[24Oct2025 11:24:59.470] [modloading-worker-0/DEBUG] [net.minecraftforge.fml.javafmlmod.AutomaticEventSubscriber/LOADING]: Attempting to inject @EventBusSubscriber classes into the eventbus for attributeslib
[24Oct2025 11:24:59.471] [modloading-worker-0/DEBUG] [net.minecraftforge.versions.forge.ForgeVersion/CORE]: Forge Version package package net.minecraftforge.versions.forge, Forge, version 47.4 from cpw.mods.modlauncher.TransformingClassLoader@5eb5da12
[24Oct2025 11:24:59.472] [modloading-worker-0/DEBUG] [net.minecraftforge.versions.forge.ForgeVersion/CORE]: Found Forge version 47.4.0
[24Oct2025 11:24:59.472] [modloading-worker-0/DEBUG] [net.minecraftforge.versions.forge.ForgeVersion/CORE]: Found Forge spec 47.4
[24Oct2025 11:24:59.472] [modloading-worker-0/DEBUG] [net.minecraftforge.versions.forge.ForgeVersion/CORE]: Found Forge group net.minecraftforge
[24Oct2025 11:24:59.473] [modloading-worker-0/DEBUG] [net.minecraftforge.versions.mcp.MCPVersion/CORE]: MCP Version package package net.minecraftforge.versions.mcp, Minecraft, version 1.20.1 from cpw.mods.modlauncher.TransformingClassLoader@5eb5da12
[24Oct2025 11:24:59.474] [modloading-worker-0/DEBUG] [net.minecraftforge.versions.mcp.MCPVersion/CORE]: Found MC version information 1.20.1
[24Oct2025 11:24:59.475] [modloading-worker-0/DEBUG] [net.minecraftforge.versions.mcp.MCPVersion/CORE]: Found MCP version information 20230612.114412
[24Oct2025 11:24:59.475] [modloading-worker-0/INFO] [net.minecraftforge.common.ForgeMod/FORGEMOD]: Forge mod loading, version 47.4.0, for MC 1.20.1 with MCP 20230612.114412
[24Oct2025 11:24:59.478] [modloading-worker-0/DEBUG] [net.minecraftforge.fml.config.ConfigTracker/CONFIG]: Config file apotheosis_modern_ragnarok-common.toml for apotheosis_modern_ragnarok tracking
[24Oct2025 11:24:59.478] [modloading-worker-0/INFO] [net.minecraftforge.common.MinecraftForge/FORGE]: MinecraftForge v47.4.0 Initialized
[24Oct2025 11:24:59.479] [modloading-worker-0/DEBUG] [net.minecraftforge.fml.config.ConfigTracker/CONFIG]: Config file apotheosis_modern_ragnarok-client.toml for apotheosis_modern_ragnarok tracking
[24Oct2025 11:24:59.480] [modloading-worker-0/DEBUG] [net.minecraftforge.fml.javafmlmod.AutomaticEventSubscriber/LOADING]: Attempting to inject @EventBusSubscriber classes into the eventbus for apotheosis_modern_ragnarok
[24Oct2025 11:24:59.481] [modloading-worker-0/DEBUG] [net.minecraftforge.fml.javafmlmod.AutomaticEventSubscriber/LOADING]: Auto-subscribing mod.chloeprime.apotheosismodernragnarok.data.AMRDatagen to MOD
[24Oct2025 11:24:59.484] [modloading-worker-0/DEBUG] [net.minecraftforge.fml.javafmlmod.AutomaticEventSubscriber/LOADING]: Auto-subscribing mod.chloeprime.apotheosismodernragnarok.common.util.PostureSystem to FORGE
[24Oct2025 11:24:59.488] [modloading-worker-0/DEBUG] [net.minecraftforge.fml.javafmlmod.AutomaticEventSubscriber/LOADING]: Auto-subscribing mod.chloeprime.apotheosismodernragnarok.common.util.PostureSystem$AttributeAttacher to MOD
[24Oct2025 11:24:59.492] [modloading-worker-0/DEBUG] [net.minecraftforge.fml.javafmlmod.AutomaticEventSubscriber/LOADING]: Auto-subscribing mod.chloeprime.apotheosismodernragnarok.common.loot.DefaultLootInjections to FORGE
[24Oct2025 11:24:59.500] [modloading-worker-0/DEBUG] [net.minecraftforge.fml.config.ConfigTracker/CONFIG]: Config file dummmmmmy-client.toml for dummmmmmy tracking
[24Oct2025 11:24:59.515] [modloading-worker-0/DEBUG] [mixin/]: Mixing minecraft.LootTableAccessor from apotheosis_modern_ragnarok.mixins.json into net.minecraft.world.level.storage.loot.LootTable
[24Oct2025 11:24:59.515] [modloading-worker-0/DEBUG] [mixin/]: apotheosis_modern_ragnarok.mixins.json:minecraft.LootTableAccessor: Class version 61 required is higher than the class version supported by the current version of Mixin (JAVA_8 supports class version 52)
[24Oct2025 11:24:59.516] [modloading-worker-0/DEBUG] [net.minecraftforge.fml.config.ConfigTracker/CONFIG]: Config file dummmmmmy-common.toml for dummmmmmy tracking
[24Oct2025 11:24:59.521] [modloading-worker-0/DEBUG] [net.minecraftforge.fml.javafmlmod.AutomaticEventSubscriber/LOADING]: Auto-subscribing mod.chloeprime.apotheosismodernragnarok.common.gem.framework.GemInjector to FORGE
[24Oct2025 11:24:59.521] [modloading-worker-0/DEBUG] [net.minecraftforge.fml.javafmlmod.AutomaticEventSubscriber/LOADING]: Auto-subscribing mod.chloeprime.apotheosismodernragnarok.common.gem.content.PotionWhenShootBonus to FORGE
[24Oct2025 11:24:59.522] [modloading-worker-0/DEBUG] [mixin/]: Mixing apoth.EnderSurgeGemCompatMixin from apotheosis_modern_ragnarok.mixins.json into dev.shadowsoffire.apotheosis.adventure.socket.gem.bonus.GemBonus
[24Oct2025 11:24:59.522] [modloading-worker-0/DEBUG] [mixin/]: apotheosis_modern_ragnarok.mixins.json:apoth.EnderSurgeGemCompatMixin: Class version 61 required is higher than the class version supported by the current version of Mixin (JAVA_8 supports class version 52)
[24Oct2025 11:24:59.529] [modloading-worker-0/DEBUG] [mixin/]: Mixing ConditionHackMixin from moonlight.mixins.json into net.minecraft.server.packs.resources.SimplePreparableReloadListener
[24Oct2025 11:24:59.555] [modloading-worker-0/DEBUG] [net.minecraftforge.fml.config.ConfigTracker/CONFIG]: Config file forge-client.toml for forge tracking
[24Oct2025 11:24:59.555] [modloading-worker-0/DEBUG] [net.minecraftforge.fml.config.ConfigTracker/CONFIG]: Config file forge-server.toml for forge tracking
[24Oct2025 11:24:59.555] [modloading-worker-0/DEBUG] [net.minecraftforge.fml.ModLoadingContext/]: Attempted to register an empty config for type COMMON on mod forge
[24Oct2025 11:24:59.576] [modloading-worker-0/DEBUG] [net.minecraftforge.fml.javafmlmod.AutomaticEventSubscriber/LOADING]: Attempting to inject @EventBusSubscriber classes into the eventbus for tacz
[24Oct2025 11:24:59.576] [modloading-worker-0/DEBUG] [net.minecraftforge.fml.javafmlmod.AutomaticEventSubscriber/LOADING]: Auto-subscribing com.tacz.guns.resource.CommonAssetsManager to FORGE
[24Oct2025 11:24:59.577] [modloading-worker-0/DEBUG] [net.minecraftforge.fml.javafmlmod.AutomaticEventSubscriber/LOADING]: Attempting to inject @EventBusSubscriber classes into the eventbus for dummmmmmy
[24Oct2025 11:24:59.584] [modloading-worker-0/DEBUG] [net.minecraftforge.fml.javafmlmod.AutomaticEventSubscriber/LOADING]: Attempting to inject @EventBusSubscriber classes into the eventbus for forge
[24Oct2025 11:24:59.584] [modloading-worker-0/DEBUG] [net.minecraftforge.fml.javafmlmod.AutomaticEventSubscriber/LOADING]: Auto-subscribing net.minecraftforge.common.ForgeSpawnEggItem$CommonHandler to MOD
[24Oct2025 11:24:59.585] [modloading-worker-0/DEBUG] [net.minecraftforge.fml.javafmlmod.AutomaticEventSubscriber/LOADING]: Auto-subscribing net.minecraftforge.common.ForgeSpawnEggItem$ColorRegisterHandler to MOD
[24Oct2025 11:24:59.586] [modloading-worker-0/DEBUG] [mixin/]: Mixing apoth.MeleeGunIsSwordMixin from apotheosis_modern_ragnarok.mixins.json into dev.shadowsoffire.apotheosis.adventure.loot.LootCategory
[24Oct2025 11:24:59.587] [modloading-worker-0/DEBUG] [mixin/]: apotheosis_modern_ragnarok.mixins.json:apoth.MeleeGunIsSwordMixin: Class version 61 required is higher than the class version supported by the current version of Mixin (JAVA_8 supports class version 52)
[24Oct2025 11:24:59.587] [modloading-worker-0/DEBUG] [mixin/]: Renaming synthetic method lambda$overrideLootCategory$1(Lmod/chloeprime/apotheosismodernragnarok/common/gunpack/GunApothData;)Ljava/lang/Object; to mddcead5$lambda$overrideLootCategory$1$0 in apotheosis_modern_ragnarok.mixins.json:apoth.MeleeGunIsSwordMixin
[24Oct2025 11:24:59.587] [modloading-worker-0/DEBUG] [mixin/]: Renaming synthetic method lambda$overrideLootCategory$0(Lcom/tacz/guns/resource/pojo/data/gun/GunData;)Ljava/util/Optional; to mddcead5$lambda$overrideLootCategory$0$1 in apotheosis_modern_ragnarok.mixins.json:apoth.MeleeGunIsSwordMixin
[24Oct2025 11:24:59.588] [modloading-worker-0/DEBUG] [mixin/]: Mixing apoth.MixinLootCategory from apotheosis_modern_ragnarok.mixins.json into dev.shadowsoffire.apotheosis.adventure.loot.LootCategory
[24Oct2025 11:24:59.588] [modloading-worker-0/DEBUG] [mixin/]: apotheosis_modern_ragnarok.mixins.json:apoth.MixinLootCategory: Class version 61 required is higher than the class version supported by the current version of Mixin (JAVA_8 supports class version 52)
[24Oct2025 11:24:59.588] [modloading-worker-0/DEBUG] [mixin/]: Renaming synthetic method lambda$gunpackOverride$0(Lorg/spongepowered/asm/mixin/injection/callback/CallbackInfoReturnable;Lmod/chloeprime/apotheosismodernragnarok/common/gunpack/GunApothData;)V to mddcead5$lambda$gunpackOverride$0$2 in apotheosis_modern_ragnarok.mixins.json:apoth.MixinLootCategory
[24Oct2025 11:24:59.615] [modloading-worker-0/DEBUG] [net.minecraftforge.fml.javafmlmod.AutomaticEventSubscriber/LOADING]: Auto-subscribing net.minecraftforge.client.model.data.ModelDataManager to FORGE
[24Oct2025 11:24:59.616] [modloading-worker-0/DEBUG] [net.minecraftforge.fml.config.ConfigTracker/CONFIG]: Config file moonlight-client.toml for moonlight tracking
[24Oct2025 11:24:59.618] [modloading-worker-0/DEBUG] [net.minecraftforge.fml.javafmlmod.AutomaticEventSubscriber/LOADING]: Auto-subscribing net.minecraftforge.client.ForgeHooksClient$ClientEvents to MOD
[24Oct2025 11:24:59.624] [modloading-worker-0/DEBUG] [mixin/]: Mixing apoth.AffixAdaptableMixin$Potion from apotheosis_modern_ragnarok.mixins.json into dev.shadowsoffire.apotheosis.adventure.affix.effect.PotionAffix
[24Oct2025 11:24:59.625] [modloading-worker-0/DEBUG] [mixin/]: apotheosis_modern_ragnarok.mixins.json:apoth.AffixAdaptableMixin$Potion: Class version 61 required is higher than the class version supported by the current version of Mixin (JAVA_8 supports class version 52)
[24Oct2025 11:24:59.625] [modloading-worker-0/DEBUG] [mixin/]: Renaming synthetic method lambda$onGunshotKill$1(Ldev/shadowsoffire/apotheosis/adventure/affix/AffixInstance;Lnet/minecraft/world/entity/LivingEntity;)V to mddcead5$lambda$onGunshotKill$1$0 in apotheosis_modern_ragnarok.mixins.json:apoth.AffixAdaptableMixin$Potion
[24Oct2025 11:24:59.625] [modloading-worker-0/DEBUG] [mixin/]: Renaming synthetic method lambda$onGunshotPost$0(Ldev/shadowsoffire/apotheosis/adventure/affix/AffixInstance;Lnet/minecraft/world/entity/LivingEntity;)V to mddcead5$lambda$onGunshotPost$0$1 in apotheosis_modern_ragnarok.mixins.json:apoth.AffixAdaptableMixin$Potion
[24Oct2025 11:24:59.630] [modloading-worker-0/DEBUG] [net.minecraftforge.fml.javafmlmod.AutomaticEventSubscriber/LOADING]: Auto-subscribing net.minecraftforge.client.ClientForgeMod to MOD
[24Oct2025 11:24:59.640] [modloading-worker-0/DEBUG] [mixin/]: Mixing apoth.MagicDamageReductionFixMixin from apotheosis_modern_ragnarok.mixins.json into dev.shadowsoffire.apotheosis.adventure.affix.effect.DamageReductionAffix$DamageType
[24Oct2025 11:24:59.640] [modloading-worker-0/DEBUG] [mixin/]: apotheosis_modern_ragnarok.mixins.json:apoth.MagicDamageReductionFixMixin: Class version 61 required is higher than the class version supported by the current version of Mixin (JAVA_8 supports class version 52)
[24Oct2025 11:24:59.652] [modloading-worker-0/DEBUG] [mixin/]: Mixing apoth.GemInstanceAccessor from apotheosis_modern_ragnarok.mixins.json into dev.shadowsoffire.apotheosis.adventure.socket.gem.GemInstance
[24Oct2025 11:24:59.652] [modloading-worker-0/DEBUG] [mixin/]: apotheosis_modern_ragnarok.mixins.json:apoth.GemInstanceAccessor: Class version 61 required is higher than the class version supported by the current version of Mixin (JAVA_8 supports class version 52)
[24Oct2025 11:24:59.656] [modloading-worker-0/DEBUG] [mixin/]: Mixing MixinAttachmentData from gunsmithlib.mixins.json into com.tacz.guns.resource.pojo.data.attachment.AttachmentData
[24Oct2025 11:24:59.656] [modloading-worker-0/DEBUG] [mixin/]: gunsmithlib.mixins.json:MixinAttachmentData: Class version 61 required is higher than the class version supported by the current version of Mixin (JAVA_8 supports class version 52)
[24Oct2025 11:24:59.661] [modloading-worker-0/DEBUG] [mixin/]: Mixing MixinGunData from gunsmithlib.mixins.json into com.tacz.guns.resource.pojo.data.gun.GunData
[24Oct2025 11:24:59.662] [modloading-worker-0/DEBUG] [mixin/]: gunsmithlib.mixins.json:MixinGunData: Class version 61 required is higher than the class version supported by the current version of Mixin (JAVA_8 supports class version 52)
[24Oct2025 11:24:59.663] [modloading-worker-0/DEBUG] [mixin/]: Mixing tacz.gunpack.MixinGunData from apotheosis_modern_ragnarok.mixins.json into com.tacz.guns.resource.pojo.data.gun.GunData
[24Oct2025 11:24:59.663] [modloading-worker-0/DEBUG] [mixin/]: apotheosis_modern_ragnarok.mixins.json:tacz.gunpack.MixinGunData: Class version 61 required is higher than the class version supported by the current version of Mixin (JAVA_8 supports class version 52)
[24Oct2025 11:24:59.674] [modloading-worker-0/DEBUG] [net.minecraftforge.fml.javafmlmod.AutomaticEventSubscriber/LOADING]: Auto-subscribing mod.chloeprime.apotheosismodernragnarok.common.eventhandlers.TelepathicAffixAdapter to FORGE
[24Oct2025 11:24:59.676] [modloading-worker-0/DEBUG] [net.minecraftforge.fml.javafmlmod.AutomaticEventSubscriber/LOADING]: Auto-subscribing mod.chloeprime.apotheosismodernragnarok.common.eventhandlers.MiscEnchantmentAdapter to FORGE
[24Oct2025 11:24:59.679] [modloading-worker-0/DEBUG] [net.minecraftforge.fml.javafmlmod.AutomaticEventSubscriber/LOADING]: Attempting to inject @EventBusSubscriber classes into the eventbus for moonlight
[24Oct2025 11:24:59.679] [modloading-worker-0/DEBUG] [net.minecraftforge.fml.javafmlmod.AutomaticEventSubscriber/LOADING]: Auto-subscribing net.mehvahdjukaar.moonlight.forge.MoonlightForgeClient to FORGE
[24Oct2025 11:24:59.680] [modloading-worker-0/DEBUG] [net.minecraftforge.fml.javafmlmod.AutomaticEventSubscriber/LOADING]: Auto-subscribing mod.chloeprime.apotheosismodernragnarok.common.eventhandlers.MiscAttributesAdapter to FORGE
[24Oct2025 11:24:59.680] [modloading-worker-0/DEBUG] [net.minecraftforge.fml.javafmlmod.AutomaticEventSubscriber/LOADING]: Auto-subscribing com.tacz.guns.init.ModRecipe to MOD
[24Oct2025 11:24:59.681] [modloading-worker-0/DEBUG] [net.minecraftforge.fml.javafmlmod.AutomaticEventSubscriber/LOADING]: Auto-subscribing com.tacz.guns.init.ModItems to MOD
[24Oct2025 11:24:59.681] [modloading-worker-0/DEBUG] [net.minecraftforge.fml.javafmlmod.AutomaticEventSubscriber/LOADING]: Auto-subscribing com.tacz.guns.init.CompatRegistry to MOD
[24Oct2025 11:24:59.681] [modloading-worker-0/DEBUG] [net.minecraftforge.fml.javafmlmod.AutomaticEventSubscriber/LOADING]: Attempting to inject @EventBusSubscriber classes into the eventbus for apotheosis
[24Oct2025 11:24:59.681] [modloading-worker-0/DEBUG] [net.minecraftforge.fml.javafmlmod.AutomaticEventSubscriber/LOADING]: Auto-subscribing dev.shadowsoffire.apotheosis.village.wanderer.WandererReplacements to MOD
[24Oct2025 11:24:59.682] [modloading-worker-0/DEBUG] [net.minecraftforge.fml.javafmlmod.AutomaticEventSubscriber/LOADING]: Auto-subscribing com.tacz.guns.init.CommonRegistry to MOD
[24Oct2025 11:24:59.683] [modloading-worker-0/DEBUG] [net.minecraftforge.fml.javafmlmod.AutomaticEventSubscriber/LOADING]: Auto-subscribing mod.chloeprime.apotheosismodernragnarok.common.eventhandlers.LeftButtonMeleeFix to FORGE
[24Oct2025 11:24:59.683] [modloading-worker-0/DEBUG] [net.minecraftforge.fml.javafmlmod.AutomaticEventSubscriber/LOADING]: Auto-subscribing dev.shadowsoffire.apotheosis.adventure.loot.ShieldBreakerTest to FORGE
[24Oct2025 11:24:59.684] [modloading-worker-0/DEBUG] [net.minecraftforge.fml.javafmlmod.AutomaticEventSubscriber/LOADING]: Auto-subscribing dev.shadowsoffire.apotheosis.adventure.client.AdventureModuleClient$ModBusSub to MOD
[24Oct2025 11:24:59.687] [modloading-worker-0/DEBUG] [net.minecraftforge.fml.javafmlmod.AutomaticEventSubscriber/LOADING]: Auto-subscribing mod.chloeprime.apotheosismodernragnarok.common.eventhandlers.GunCritFix to FORGE
[24Oct2025 11:24:59.687] [modloading-worker-0/DEBUG] [net.minecraftforge.fml.javafmlmod.AutomaticEventSubscriber/LOADING]: Auto-subscribing com.tacz.guns.init.CommandRegistry to FORGE
[24Oct2025 11:24:59.688] [modloading-worker-0/DEBUG] [net.minecraftforge.fml.javafmlmod.AutomaticEventSubscriber/LOADING]: Auto-subscribing com.tacz.guns.init.CapabilityRegistry to MOD
[24Oct2025 11:24:59.688] [modloading-worker-0/DEBUG] [net.minecraftforge.fml.javafmlmod.AutomaticEventSubscriber/LOADING]: Auto-subscribing mod.chloeprime.apotheosismodernragnarok.common.eventhandlers.GunAffixTrigger to FORGE
[24Oct2025 11:24:59.689] [modloading-worker-0/DEBUG] [net.minecraftforge.fml.javafmlmod.AutomaticEventSubscriber/LOADING]: Auto-subscribing com.tacz.guns.event.TravelToDimensionEvent to FORGE
[24Oct2025 11:24:59.691] [modloading-worker-0/DEBUG] [mixin/]: Mixing apoth.AffixAdaptableMixin$Telepathic from apotheosis_modern_ragnarok.mixins.json into dev.shadowsoffire.apotheosis.adventure.affix.effect.TelepathicAffix
[24Oct2025 11:24:59.691] [modloading-worker-0/DEBUG] [net.minecraftforge.fml.javafmlmod.AutomaticEventSubscriber/LOADING]: Auto-subscribing com.tacz.guns.event.SyncedEntityDataEvent to FORGE
[24Oct2025 11:24:59.692] [modloading-worker-0/DEBUG] [mixin/]: apotheosis_modern_ragnarok.mixins.json:apoth.AffixAdaptableMixin$Telepathic: Class version 61 required is higher than the class version supported by the current version of Mixin (JAVA_8 supports class version 52)
[24Oct2025 11:24:59.704] [modloading-worker-0/DEBUG] [mixin/]: Mixing CaptainCorneliaMixin from magitacz.mixins.json into com.obscuria.aquamirae.common.entities.CaptainCornelia
[24Oct2025 11:24:59.714] [modloading-worker-0/DEBUG] [net.minecraftforge.fml.javafmlmod.AutomaticEventSubscriber/LOADING]: Auto-subscribing mod.chloeprime.apotheosismodernragnarok.common.eventhandlers.ElementalDamagesOnLeftButtonMeleeWeapons to FORGE
[24Oct2025 11:24:59.715] [modloading-worker-0/DEBUG] [net.minecraftforge.fml.javafmlmod.AutomaticEventSubscriber/LOADING]: Auto-subscribing mod.chloeprime.apotheosismodernragnarok.common.eventhandlers.ElementalDamages to FORGE
[24Oct2025 11:24:59.716] [modloading-worker-0/DEBUG] [net.minecraftforge.fml.javafmlmod.AutomaticEventSubscriber/LOADING]: Auto-subscribing mod.chloeprime.apotheosismodernragnarok.common.enchantment.PerfectBlockEnchantment to FORGE
[24Oct2025 11:24:59.718] [modloading-worker-0/DEBUG] [net.minecraftforge.fml.javafmlmod.AutomaticEventSubscriber/LOADING]: Auto-subscribing com.tacz.guns.event.SyncBaseTimestamp to FORGE
[24Oct2025 11:24:59.718] [modloading-worker-0/DEBUG] [net.minecraftforge.fml.javafmlmod.AutomaticEventSubscriber/LOADING]: Auto-subscribing com.tacz.guns.event.ServerTickEvent to FORGE
[24Oct2025 11:24:59.719] [modloading-worker-0/DEBUG] [net.minecraftforge.fml.javafmlmod.AutomaticEventSubscriber/LOADING]: Auto-subscribing mod.chloeprime.apotheosismodernragnarok.common.enchantment.GunEnchantmentHooks to FORGE
[24Oct2025 11:24:59.719] [modloading-worker-0/DEBUG] [net.minecraftforge.fml.javafmlmod.AutomaticEventSubscriber/LOADING]: Auto-subscribing com.tacz.guns.event.PreventGunClick to FORGE
[24Oct2025 11:24:59.720] [modloading-worker-0/DEBUG] [net.minecraftforge.fml.javafmlmod.AutomaticEventSubscriber/LOADING]: Auto-subscribing mod.chloeprime.apotheosismodernragnarok.common.enchantment.AttributedGunEnchantmentBase to FORGE
[24Oct2025 11:24:59.721] [modloading-worker-0/DEBUG] [net.minecraftforge.fml.javafmlmod.AutomaticEventSubscriber/LOADING]: Attempting to inject @EventBusSubscriber classes into the eventbus for magitacz
[24Oct2025 11:24:59.721] [modloading-worker-0/DEBUG] [net.minecraftforge.fml.javafmlmod.AutomaticEventSubscriber/LOADING]: Auto-subscribing mod.chloeprime.apotheosismodernragnarok.common.affix.content.MagicalShotAffix to FORGE
[24Oct2025 11:24:59.721] [modloading-worker-0/DEBUG] [net.minecraftforge.fml.javafmlmod.AutomaticEventSubscriber/LOADING]: Auto-subscribing net.playwright.magitacz.Utils.test to FORGE
[24Oct2025 11:24:59.721] [modloading-worker-0/DEBUG] [net.minecraftforge.fml.javafmlmod.AutomaticEventSubscriber/LOADING]: Auto-subscribing com.tacz.guns.event.PlayerRespawnEvent to FORGE
[24Oct2025 11:24:59.722] [modloading-worker-0/DEBUG] [net.minecraftforge.fml.javafmlmod.AutomaticEventSubscriber/LOADING]: Auto-subscribing net.playwright.magitacz.Config to MOD
[24Oct2025 11:24:59.722] [modloading-worker-0/DEBUG] [net.minecraftforge.fml.javafmlmod.AutomaticEventSubscriber/LOADING]: Auto-subscribing com.tacz.guns.event.LoadingConfigEvent to MOD
[24Oct2025 11:24:59.722] [modloading-worker-0/DEBUG] [net.minecraftforge.fml.javafmlmod.AutomaticEventSubscriber/LOADING]: Auto-subscribing net.playwright.magitacz.loot.LootInjections to FORGE
[24Oct2025 11:24:59.723] [modloading-worker-0/DEBUG] [net.minecraftforge.fml.javafmlmod.AutomaticEventSubscriber/LOADING]: Auto-subscribing com.tacz.guns.event.KnockbackChange to FORGE
[24Oct2025 11:24:59.724] [modloading-worker-0/DEBUG] [net.minecraftforge.fml.javafmlmod.AutomaticEventSubscriber/LOADING]: Auto-subscribing com.tacz.guns.event.HitboxHelperEvent to FORGE
[24Oct2025 11:24:59.724] [modloading-worker-0/DEBUG] [net.minecraftforge.fml.javafmlmod.AutomaticEventSubscriber/LOADING]: Auto-subscribing net.playwright.magitacz.MagitaczMod$ClientModEvents to MOD
[24Oct2025 11:24:59.725] [modloading-worker-0/DEBUG] [net.minecraftforge.fml.javafmlmod.AutomaticEventSubscriber/LOADING]: Auto-subscribing net.playwright.magitacz.events.BulletDamageResistanceEvent to FORGE
[24Oct2025 11:24:59.726] [modloading-worker-0/DEBUG] [net.minecraftforge.fml.javafmlmod.AutomaticEventSubscriber/LOADING]: Auto-subscribing com.tacz.guns.event.EntityDamageEvent to FORGE
[24Oct2025 11:24:59.727] [modloading-worker-0/DEBUG] [net.minecraftforge.fml.javafmlmod.AutomaticEventSubscriber/LOADING]: Auto-subscribing com.tacz.guns.event.ammo.DestroyGlassBlock to FORGE
[24Oct2025 11:24:59.728] [modloading-worker-0/DEBUG] [net.minecraftforge.fml.javafmlmod.AutomaticEventSubscriber/LOADING]: Auto-subscribing net.playwright.magitacz.events.CastSpellOnShootEvent to FORGE
[24Oct2025 11:24:59.730] [modloading-worker-0/DEBUG] [net.minecraftforge.fml.javafmlmod.AutomaticEventSubscriber/LOADING]: Auto-subscribing net.playwright.magitacz.events.CastSpellOnHurtEvent to FORGE
[24Oct2025 11:24:59.731] [modloading-worker-0/DEBUG] [mixin/]: Mixing tacz.MixinEntityKineticBulletHigh from apotheosis_modern_ragnarok.mixins.json into com.tacz.guns.entity.EntityKineticBullet
[24Oct2025 11:24:59.732] [modloading-worker-0/DEBUG] [mixin/]: apotheosis_modern_ragnarok.mixins.json:tacz.MixinEntityKineticBulletHigh: Class version 61 required is higher than the class version supported by the current version of Mixin (JAVA_8 supports class version 52)
[24Oct2025 11:24:59.732] [modloading-worker-0/DEBUG] [mixin/]: Mixing AlternativeArmorPierceFormulaMixin from gunsmithlib.mixins.json into com.tacz.guns.entity.EntityKineticBullet
[24Oct2025 11:24:59.732] [modloading-worker-0/DEBUG] [mixin/]: gunsmithlib.mixins.json:AlternativeArmorPierceFormulaMixin: Class version 61 required is higher than the class version supported by the current version of Mixin (JAVA_8 supports class version 52)
[24Oct2025 11:24:59.734] [modloading-worker-0/DEBUG] [mixin/]: Mixing EntityKineticBulletAccessor from gunsmithlib.mixins.json into com.tacz.guns.entity.EntityKineticBullet
[24Oct2025 11:24:59.735] [modloading-worker-0/DEBUG] [mixin/]: gunsmithlib.mixins.json:EntityKineticBulletAccessor: Class version 61 required is higher than the class version supported by the current version of Mixin (JAVA_8 supports class version 52)
[24Oct2025 11:24:59.739] [modloading-worker-0/DEBUG] [mixin/]: Mixing MixinBullet from gunsmithlib.mixins.json into com.tacz.guns.entity.EntityKineticBullet
[24Oct2025 11:24:59.739] [modloading-worker-0/DEBUG] [mixin/]: gunsmithlib.mixins.json:MixinBullet: Class version 61 required is higher than the class version supported by the current version of Mixin (JAVA_8 supports class version 52)
[24Oct2025 11:24:59.748] [modloading-worker-0/DEBUG] [mixin/]: Renaming synthetic method lambda$useSpecialHurtByTag$0(Lcom/llamalad7/mixinextras/injector/wrapoperation/Operation;Lnet/minecraft/world/entity/Entity;Lnet/minecraft/world/damagesource/DamageSource;F)Z to mddcead5$lambda$useSpecialHurtByTag$0$0 in gunsmithlib.mixins.json:MixinBullet
[24Oct2025 11:24:59.753] [modloading-worker-0/DEBUG] [mixin/]: Mixing tacz.EntityKineticBulletAccessor from apotheosis_modern_ragnarok.mixins.json into com.tacz.guns.entity.EntityKineticBullet
[24Oct2025 11:24:59.753] [modloading-worker-0/DEBUG] [mixin/]: apotheosis_modern_ragnarok.mixins.json:tacz.EntityKineticBulletAccessor: Class version 61 required is higher than the class version supported by the current version of Mixin (JAVA_8 supports class version 52)
[24Oct2025 11:24:59.755] [modloading-worker-0/DEBUG] [mixin/]: Mixing tacz.MixinEntityKineticBullet from apotheosis_modern_ragnarok.mixins.json into com.tacz.guns.entity.EntityKineticBullet
[24Oct2025 11:24:59.756] [modloading-worker-0/DEBUG] [mixin/]: apotheosis_modern_ragnarok.mixins.json:tacz.MixinEntityKineticBullet: Class version 61 required is higher than the class version supported by the current version of Mixin (JAVA_8 supports class version 52)
[24Oct2025 11:24:59.865] [modloading-worker-0/DEBUG] [net.minecraftforge.fml.javafmlmod.AutomaticEventSubscriber/LOADING]: Auto-subscribing net.playwright.magitacz.events.ElementalBulletOnShoot to FORGE
[24Oct2025 11:24:59.865] [modloading-worker-0/DEBUG] [net.minecraftforge.fml.javafmlmod.AutomaticEventSubscriber/LOADING]: Auto-subscribing mod.chloeprime.apotheosismodernragnarok.common.affix.content.ExplosionOnHeadshotAffix to FORGE
[24Oct2025 11:24:59.868] [modloading-worker-0/DEBUG] [net.minecraftforge.fml.javafmlmod.AutomaticEventSubscriber/LOADING]: Auto-subscribing net.playwright.magitacz.events.AddSpellToolTipImageEvent to FORGE
[24Oct2025 11:24:59.870] [modloading-worker-0/DEBUG] [net.minecraftforge.fml.javafmlmod.AutomaticEventSubscriber/LOADING]: Auto-subscribing net.playwright.magitacz.events.CastSpellOnKillEvent to FORGE
[24Oct2025 11:24:59.871] [modloading-worker-0/DEBUG] [net.minecraftforge.fml.javafmlmod.AutomaticEventSubscriber/LOADING]: Auto-subscribing com.tacz.guns.event.ammo.BellRing to FORGE
[24Oct2025 11:24:59.871] [modloading-worker-0/DEBUG] [net.minecraftforge.fml.javafmlmod.AutomaticEventSubscriber/LOADING]: Auto-subscribing net.playwright.magitacz.client.ClientModEvents to MOD
[24Oct2025 11:24:59.872] [modloading-worker-0/DEBUG] [net.minecraftforge.fml.javafmlmod.AutomaticEventSubscriber/LOADING]: Auto-subscribing net.playwright.magitacz.datagen.loot.MagitaczDataGen to MOD
[24Oct2025 11:24:59.872] [modloading-worker-0/DEBUG] [net.minecraftforge.fml.javafmlmod.AutomaticEventSubscriber/LOADING]: Auto-subscribing com.tacz.guns.client.input.ZoomKey to FORGE
[24Oct2025 11:24:59.882] [modloading-worker-0/DEBUG] [net.minecraftforge.fml.javafmlmod.AutomaticEventSubscriber/LOADING]: Auto-subscribing mod.chloeprime.apotheosismodernragnarok.common.affix.content.BulletSaverAffix to FORGE
[24Oct2025 11:24:59.889] [modloading-worker-0/DEBUG] [net.minecraftforge.fml.javafmlmod.AutomaticEventSubscriber/LOADING]: Auto-subscribing mod.chloeprime.apotheosismodernragnarok.common.affix.content.ArmorSquashAffix to FORGE
[24Oct2025 11:24:59.894] [modloading-worker-0/DEBUG] [net.minecraftforge.fml.javafmlmod.AutomaticEventSubscriber/LOADING]: Auto-subscribing mod.chloeprime.apotheosismodernragnarok.common.CommonConfig to MOD
[24Oct2025 11:24:59.895] [modloading-worker-0/DEBUG] [net.minecraftforge.fml.javafmlmod.AutomaticEventSubscriber/LOADING]: Auto-subscribing mod.chloeprime.apotheosismodernragnarok.client.fx.ExecutionFeedback to FORGE
[24Oct2025 11:24:59.914] [modloading-worker-0/DEBUG] [net.minecraftforge.fml.javafmlmod.AutomaticEventSubscriber/LOADING]: Auto-subscribing mod.chloeprime.apotheosismodernragnarok.client.fx.ExecutionFeedback$ParticleRegistrar to MOD
[24Oct2025 11:24:59.919] [modloading-worker-0/DEBUG] [net.minecraftforge.fml.javafmlmod.AutomaticEventSubscriber/LOADING]: Auto-subscribing mod.chloeprime.apotheosismodernragnarok.client.PostureRenderer to FORGE
[24Oct2025 11:24:59.923] [modloading-worker-0/DEBUG] [net.minecraftforge.fml.javafmlmod.AutomaticEventSubscriber/LOADING]: Auto-subscribing mod.chloeprime.apotheosismodernragnarok.client.MagicalShotAffixVisuals to MOD
[24Oct2025 11:24:59.928] [modloading-worker-0/DEBUG] [net.minecraftforge.fml.javafmlmod.AutomaticEventSubscriber/LOADING]: Auto-subscribing mod.chloeprime.apotheosismodernragnarok.client.FreezeEffectVisuals to FORGE
[24Oct2025 11:24:59.933] [modloading-worker-0/DEBUG] [net.minecraftforge.fml.javafmlmod.AutomaticEventSubscriber/LOADING]: Auto-subscribing com.tacz.guns.client.input.ShootKey to FORGE
[24Oct2025 11:24:59.936] [modloading-worker-0/DEBUG] [net.minecraftforge.fml.javafmlmod.AutomaticEventSubscriber/LOADING]: Auto-subscribing com.tacz.guns.client.input.ReloadKey to FORGE
[24Oct2025 11:24:59.938] [modloading-worker-0/DEBUG] [net.minecraftforge.fml.javafmlmod.AutomaticEventSubscriber/LOADING]: Auto-subscribing mod.chloeprime.apotheosismodernragnarok.client.ClientNetworkHandler to FORGE
[24Oct2025 11:24:59.940] [modloading-worker-0/DEBUG] [net.minecraftforge.fml.javafmlmod.AutomaticEventSubscriber/LOADING]: Auto-subscribing com.tacz.guns.client.input.RefitKey to FORGE
[24Oct2025 11:24:59.942] [modloading-worker-0/DEBUG] [net.minecraftforge.fml.javafmlmod.AutomaticEventSubscriber/LOADING]: Auto-subscribing com.tacz.guns.client.input.MeleeKey to FORGE
[24Oct2025 11:24:59.944] [modloading-worker-0/DEBUG] [net.minecraftforge.fml.javafmlmod.AutomaticEventSubscriber/LOADING]: Auto-subscribing com.tacz.guns.client.input.InteractKey to FORGE
[24Oct2025 11:24:59.946] [modloading-worker-0/DEBUG] [net.minecraftforge.fml.config.ConfigTracker/CONFIG]: Config file Obscuria/aquamirae-common.toml for aquamirae tracking
[24Oct2025 11:24:59.947] [modloading-worker-0/DEBUG] [net.minecraftforge.fml.config.ConfigTracker/CONFIG]: Config file Obscuria/aquamirae-client.toml for aquamirae tracking
[24Oct2025 11:24:59.948] [modloading-worker-0/DEBUG] [net.minecraftforge.fml.javafmlmod.AutomaticEventSubscriber/LOADING]: Auto-subscribing com.tacz.guns.client.input.InspectKey to FORGE
[24Oct2025 11:24:59.949] [modloading-worker-0/DEBUG] [net.minecraftforge.fml.javafmlmod.AutomaticEventSubscriber/LOADING]: Auto-subscribing com.tacz.guns.client.input.FireSelectKey to FORGE
[24Oct2025 11:24:59.951] [modloading-worker-0/DEBUG] [net.minecraftforge.fml.javafmlmod.AutomaticEventSubscriber/LOADING]: Auto-subscribing com.tacz.guns.client.input.CrawlKey to FORGE
[24Oct2025 11:24:59.953] [modloading-worker-0/DEBUG] [net.minecraftforge.fml.javafmlmod.AutomaticEventSubscriber/LOADING]: Auto-subscribing com.tacz.guns.client.input.ConfigKey to FORGE
[24Oct2025 11:24:59.954] [modloading-worker-0/DEBUG] [net.minecraftforge.fml.javafmlmod.AutomaticEventSubscriber/LOADING]: Attempting to inject @EventBusSubscriber classes into the eventbus for aquamirae
[24Oct2025 11:24:59.954] [modloading-worker-0/DEBUG] [net.minecraftforge.fml.javafmlmod.AutomaticEventSubscriber/LOADING]: Auto-subscribing com.obscuria.aquamirae.registry.AquamiraeParticles to MOD
[24Oct2025 11:24:59.955] [modloading-worker-0/DEBUG] [net.minecraftforge.fml.javafmlmod.AutomaticEventSubscriber/LOADING]: Auto-subscribing com.tacz.guns.client.input.AimKey to FORGE
[24Oct2025 11:24:59.955] [modloading-worker-0/DEBUG] [net.minecraftforge.fml.javafmlmod.AutomaticEventSubscriber/LOADING]: Auto-subscribing com.obscuria.aquamirae.registry.AquamiraeEntities to MOD
[24Oct2025 11:24:59.957] [modloading-worker-0/DEBUG] [net.minecraftforge.fml.javafmlmod.AutomaticEventSubscriber/LOADING]: Auto-subscribing com.tacz.guns.client.init.ParticleFactoryRegistry to MOD
[24Oct2025 11:24:59.959] [modloading-worker-0/DEBUG] [net.minecraftforge.fml.javafmlmod.AutomaticEventSubscriber/LOADING]: Auto-subscribing com.tacz.guns.client.init.ModEntitiesRender to MOD
[24Oct2025 11:24:59.961] [modloading-worker-0/DEBUG] [net.minecraftforge.fml.javafmlmod.AutomaticEventSubscriber/LOADING]: Auto-subscribing com.obscuria.aquamirae.registry.AquamiraeCreativeTab to MOD
[24Oct2025 11:24:59.961] [modloading-worker-0/DEBUG] [net.minecraftforge.fml.javafmlmod.AutomaticEventSubscriber/LOADING]: Auto-subscribing com.tacz.guns.client.init.ModContainerScreen to MOD
[24Oct2025 11:24:59.962] [modloading-worker-0/DEBUG] [net.minecraftforge.fml.javafmlmod.AutomaticEventSubscriber/LOADING]: Auto-subscribing com.obscuria.aquamirae.network.ScrollMessage to MOD
[24Oct2025 11:24:59.962] [modloading-worker-0/DEBUG] [net.minecraftforge.fml.javafmlmod.AutomaticEventSubscriber/LOADING]: Auto-subscribing com.tacz.guns.client.init.ClientSetupEvent to MOD
[24Oct2025 11:24:59.963] [modloading-worker-0/DEBUG] [net.minecraftforge.fml.javafmlmod.AutomaticEventSubscriber/LOADING]: Auto-subscribing com.obscuria.aquamirae.common.recipes.SpectralPotionRecipe to MOD
[24Oct2025 11:24:59.964] [modloading-worker-0/DEBUG] [net.minecraftforge.fml.javafmlmod.AutomaticEventSubscriber/LOADING]: Auto-subscribing com.tacz.guns.client.gui.GunRefitScreen to FORGE
[24Oct2025 11:24:59.965] [modloading-worker-0/DEBUG] [net.minecraftforge.fml.javafmlmod.AutomaticEventSubscriber/LOADING]: Auto-subscribing com.obscuria.aquamirae.common.recipes.PotionOfTenacityRecipe to MOD
[24Oct2025 11:24:59.966] [modloading-worker-0/DEBUG] [net.minecraftforge.fml.javafmlmod.AutomaticEventSubscriber/LOADING]: Auto-subscribing com.obscuria.aquamirae.common.items.armor.TerribleArmorItem to FORGE
[24Oct2025 11:24:59.969] [modloading-worker-0/DEBUG] [net.minecraftforge.fml.javafmlmod.AutomaticEventSubscriber/LOADING]: Auto-subscribing com.tacz.guns.client.event.TooltipEvent to FORGE
[24Oct2025 11:24:59.970] [modloading-worker-0/DEBUG] [net.minecraftforge.fml.javafmlmod.AutomaticEventSubscriber/LOADING]: Auto-subscribing com.tacz.guns.client.event.TickAnimationEvent to FORGE
[24Oct2025 11:24:59.972] [modloading-worker-0/DEBUG] [net.minecraftforge.fml.javafmlmod.AutomaticEventSubscriber/LOADING]: Auto-subscribing com.obscuria.aquamirae.common.items.RuneOfTheStormItem to FORGE
[24Oct2025 11:24:59.972] [modloading-worker-0/DEBUG] [net.minecraftforge.fml.javafmlmod.AutomaticEventSubscriber/LOADING]: Auto-subscribing com.tacz.guns.client.event.RenderHeadShotAABB to FORGE
[24Oct2025 11:24:59.972] [modloading-worker-0/DEBUG] [net.minecraftforge.fml.javafmlmod.AutomaticEventSubscriber/LOADING]: Auto-subscribing com.obscuria.aquamirae.client.AquamiraeRenderers to MOD
[24Oct2025 11:24:59.973] [modloading-worker-0/DEBUG] [net.minecraftforge.fml.javafmlmod.AutomaticEventSubscriber/LOADING]: Auto-subscribing com.tacz.guns.client.event.RenderCrosshairEvent to FORGE
[24Oct2025 11:24:59.976] [modloading-worker-0/DEBUG] [net.minecraftforge.fml.javafmlmod.AutomaticEventSubscriber/LOADING]: Auto-subscribing com.obscuria.aquamirae.client.AquamiraeLayers to MOD
[24Oct2025 11:24:59.977] [modloading-worker-0/DEBUG] [net.minecraftforge.fml.javafmlmod.AutomaticEventSubscriber/LOADING]: Auto-subscribing com.obscuria.aquamirae.AquamiraeClient$ModEvents to MOD
[24Oct2025 11:24:59.979] [modloading-worker-0/DEBUG] [net.minecraftforge.fml.javafmlmod.AutomaticEventSubscriber/LOADING]: Auto-subscribing com.tacz.guns.client.event.ReloadResourceEvent to MOD
[24Oct2025 11:24:59.979] [modloading-worker-0/DEBUG] [net.minecraftforge.fml.javafmlmod.AutomaticEventSubscriber/LOADING]: Auto-subscribing com.obscuria.aquamirae.AquamiraeClient$ForgeEvents to FORGE
[24Oct2025 11:24:59.980] [modloading-worker-0/DEBUG] [net.minecraftforge.fml.javafmlmod.AutomaticEventSubscriber/LOADING]: Auto-subscribing com.tacz.guns.client.event.RefreshClonePlayerDataEvent to FORGE
[24Oct2025 11:24:59.981] [modloading-worker-0/DEBUG] [net.minecraftforge.fml.javafmlmod.AutomaticEventSubscriber/LOADING]: Auto-subscribing com.tacz.guns.client.event.PreventsHotbarEvent to FORGE
[24Oct2025 11:24:59.982] [modloading-worker-0/DEBUG] [net.minecraftforge.fml.javafmlmod.AutomaticEventSubscriber/LOADING]: Auto-subscribing com.tacz.guns.client.event.PlayGunSoundEvent to FORGE
[24Oct2025 11:24:59.984] [modloading-worker-0/DEBUG] [mixin/]: Mixing minecraft.client.MixinSoundEngine from apotheosis_modern_ragnarok.mixins.json into net.minecraft.client.sounds.SoundEngine
[24Oct2025 11:24:59.984] [modloading-worker-0/DEBUG] [mixin/]: apotheosis_modern_ragnarok.mixins.json:minecraft.client.MixinSoundEngine: Class version 61 required is higher than the class version supported by the current version of Mixin (JAVA_8 supports class version 52)
[24Oct2025 11:24:59.995] [modloading-worker-0/DEBUG] [net.minecraftforge.fml.javafmlmod.AutomaticEventSubscriber/LOADING]: Auto-subscribing com.tacz.guns.client.event.PlayerHurtByGunEvent to FORGE
[24Oct2025 11:24:59.997] [modloading-worker-0/DEBUG] [net.minecraftforge.fml.javafmlmod.AutomaticEventSubscriber/LOADING]: Auto-subscribing com.tacz.guns.client.event.PlayerEnterWorld to FORGE
[24Oct2025 11:24:59.999] [modloading-worker-0/DEBUG] [net.minecraftforge.fml.javafmlmod.AutomaticEventSubscriber/LOADING]: Auto-subscribing com.tacz.guns.client.event.InventoryEvent to FORGE
[24Oct2025 11:25:00.001] [modloading-worker-0/DEBUG] [net.minecraftforge.fml.javafmlmod.AutomaticEventSubscriber/LOADING]: Auto-subscribing com.tacz.guns.client.event.FirstPersonRenderGunEvent to FORGE
[24Oct2025 11:25:00.010] [modloading-worker-0/DEBUG] [mixin/]: Mixing tacz.client.BlueMuzzleFlashMixin$CaptureState from apotheosis_modern_ragnarok.mixins.json into com.tacz.guns.client.model.BedrockGunModel
[24Oct2025 11:25:00.015] [modloading-worker-0/DEBUG] [mixin/]: apotheosis_modern_ragnarok.mixins.json:tacz.client.BlueMuzzleFlashMixin$CaptureState: Class version 61 required is higher than the class version supported by the current version of Mixin (JAVA_8 supports class version 52)
[24Oct2025 11:25:00.064] [modloading-worker-0/DEBUG] [net.minecraftforge.fml.javafmlmod.AutomaticEventSubscriber/LOADING]: Auto-subscribing com.tacz.guns.client.event.FirstPersonRenderEvent to FORGE
[24Oct2025 11:25:00.065] [modloading-worker-0/DEBUG] [net.minecraftforge.fml.javafmlmod.AutomaticEventSubscriber/LOADING]: Auto-subscribing com.tacz.guns.client.event.ClientPreventGunClick to FORGE
[24Oct2025 11:25:00.068] [modloading-worker-0/DEBUG] [net.minecraftforge.fml.javafmlmod.AutomaticEventSubscriber/LOADING]: Auto-subscribing com.tacz.guns.client.event.ClientHitMark to FORGE
[24Oct2025 11:25:00.070] [modloading-worker-0/DEBUG] [net.minecraftforge.fml.javafmlmod.AutomaticEventSubscriber/LOADING]: Auto-subscribing com.tacz.guns.client.event.CameraSetupEvent to FORGE
[24Oct2025 11:25:00.072] [modloading-worker-0/DEBUG] [mixin/]: Mixing client.RecoilAttributeMixin from gunsmithlib.mixins.json into com.tacz.guns.client.event.CameraSetupEvent
[24Oct2025 11:25:00.073] [modloading-worker-0/DEBUG] [mixin/]: gunsmithlib.mixins.json:client.RecoilAttributeMixin: Class version 61 required is higher than the class version supported by the current version of Mixin (JAVA_8 supports class version 52)
[24Oct2025 11:25:00.135] [modloading-worker-0/DEBUG] [mixin/]: Mixing GameRendererMixin from moonlight-common.mixins.json into net.minecraft.client.renderer.GameRenderer
[24Oct2025 11:25:00.136] [modloading-worker-0/DEBUG] [mixin/]: Mixing client.GameRendererMixin from tslatentitystatus.mixins.json into net.minecraft.client.renderer.GameRenderer
[24Oct2025 11:25:00.137] [modloading-worker-0/DEBUG] [mixin/]: Mixing client.GameRendererMixin from tacz.mixins.json into net.minecraft.client.renderer.GameRenderer
[24Oct2025 11:25:00.187] [modloading-worker-0/DEBUG] [net.minecraftforge.fml.javafmlmod.AutomaticEventSubscriber/LOADING]: Auto-subscribing com.tacz.guns.client.animation.screen.RefitTransform to FORGE
[24Oct2025 11:25:00.203] [modloading-worker-0/DEBUG] [net.minecraftforge.fml.config.ConfigTracker/CONFIG]: Config file irons_spellbooks-client.toml for irons_spellbooks tracking
[24Oct2025 11:25:00.222] [modloading-worker-0/DEBUG] [net.minecraftforge.fml.config.ConfigTracker/CONFIG]: Config file irons_spellbooks-server.toml for irons_spellbooks tracking
[24Oct2025 11:25:00.223] [modloading-worker-0/DEBUG] [net.minecraftforge.fml.javafmlmod.AutomaticEventSubscriber/LOADING]: Attempting to inject @EventBusSubscriber classes into the eventbus for irons_spellbooks
[24Oct2025 11:25:00.223] [modloading-worker-0/DEBUG] [net.minecraftforge.fml.javafmlmod.AutomaticEventSubscriber/LOADING]: Auto-subscribing io.redspace.ironsspellbooks.worldgen.VillageAddition to FORGE
[24Oct2025 11:25:00.224] [modloading-worker-0/DEBUG] [net.minecraftforge.fml.javafmlmod.AutomaticEventSubscriber/LOADING]: Auto-subscribing io.redspace.ironsspellbooks.setup.PlayerAnimationTrigger to FORGE
[24Oct2025 11:25:00.227] [modloading-worker-0/DEBUG] [net.minecraftforge.fml.javafmlmod.AutomaticEventSubscriber/LOADING]: Auto-subscribing io.redspace.ironsspellbooks.setup.DataHandling to FORGE
[24Oct2025 11:25:00.228] [modloading-worker-0/DEBUG] [net.minecraftforge.fml.javafmlmod.AutomaticEventSubscriber/LOADING]: Auto-subscribing io.redspace.ironsspellbooks.setup.CommonSetup to MOD
[24Oct2025 11:25:00.230] [modloading-worker-0/DEBUG] [net.minecraftforge.fml.javafmlmod.AutomaticEventSubscriber/LOADING]: Auto-subscribing io.redspace.ironsspellbooks.setup.ClientSetup to MOD
[24Oct2025 11:25:00.251] [modloading-worker-0/DEBUG] [net.minecraftforge.fml.javafmlmod.AutomaticEventSubscriber/LOADING]: Auto-subscribing io.redspace.ironsspellbooks.registries.OverlayRegistry to FORGE
[24Oct2025 11:25:00.253] [modloading-worker-0/DEBUG] [net.minecraftforge.fml.javafmlmod.AutomaticEventSubscriber/LOADING]: Auto-subscribing io.redspace.ironsspellbooks.registries.CreativeTabRegistry to MOD
[24Oct2025 11:25:00.253] [modloading-worker-0/DEBUG] [net.minecraftforge.fml.javafmlmod.AutomaticEventSubscriber/LOADING]: Auto-subscribing io.redspace.ironsspellbooks.registries.CommandRegistry to FORGE
[24Oct2025 11:25:00.255] [modloading-worker-0/DEBUG] [net.minecraftforge.fml.javafmlmod.AutomaticEventSubscriber/LOADING]: Auto-subscribing io.redspace.ironsspellbooks.player.ServerPlayerEvents to FORGE
[24Oct2025 11:25:00.267] [modloading-worker-0/DEBUG] [net.minecraftforge.fml.javafmlmod.AutomaticEventSubscriber/LOADING]: Auto-subscribing io.redspace.ironsspellbooks.player.KeyMappings to MOD
[24Oct2025 11:25:00.306] [modloading-worker-0/DEBUG] [net.minecraftforge.fml.javafmlmod.AutomaticEventSubscriber/LOADING]: Auto-subscribing io.redspace.ironsspellbooks.player.ClientPlayerEvents to FORGE
[24Oct2025 11:25:00.313] [modloading-worker-0/DEBUG] [net.minecraftforge.fml.javafmlmod.AutomaticEventSubscriber/LOADING]: Auto-subscribing io.redspace.ironsspellbooks.player.ClientInputEvents to FORGE
[24Oct2025 11:25:00.319] [modloading-worker-0/DEBUG] [net.minecraftforge.fml.javafmlmod.AutomaticEventSubscriber/LOADING]: Auto-subscribing io.redspace.ironsspellbooks.player.AdditionalWanderingTrades to FORGE
[24Oct2025 11:25:00.320] [modloading-worker-0/DEBUG] [net.minecraftforge.fml.javafmlmod.AutomaticEventSubscriber/LOADING]: Auto-subscribing io.redspace.ironsspellbooks.loot.LootDebugEvents to FORGE
[24Oct2025 11:25:00.321] [modloading-worker-0/DEBUG] [net.minecraftforge.fml.javafmlmod.AutomaticEventSubscriber/LOADING]: Auto-subscribing io.redspace.ironsspellbooks.entity.spells.EarthquakeAoe to FORGE
[24Oct2025 11:25:00.340] [modloading-worker-0/DEBUG] [net.minecraftforge.fml.javafmlmod.AutomaticEventSubscriber/LOADING]: Auto-subscribing io.redspace.ironsspellbooks.entity.mobs.wizards.WizardAIEvents to FORGE
[24Oct2025 11:25:00.342] [modloading-worker-0/DEBUG] [net.minecraftforge.fml.javafmlmod.AutomaticEventSubscriber/LOADING]: Auto-subscribing io.redspace.ironsspellbooks.entity.mobs.dead_king_boss.DeadKingMusicManager to FORGE
[24Oct2025 11:25:00.348] [modloading-worker-0/DEBUG] [net.minecraftforge.fml.javafmlmod.AutomaticEventSubscriber/LOADING]: Auto-subscribing io.redspace.ironsspellbooks.effect.guiding_bolt.GuidingBoltManager to FORGE
[24Oct2025 11:25:00.351] [modloading-worker-0/DEBUG] [net.minecraftforge.fml.javafmlmod.AutomaticEventSubscriber/LOADING]: Auto-subscribing io.redspace.ironsspellbooks.effect.ThunderstormEffect to FORGE
[24Oct2025 11:25:00.353] [modloading-worker-0/DEBUG] [mixin/]: Mixing AttributeMapMixin from attributeslib.mixins.json into net.minecraft.world.entity.ai.attributes.AttributeMap
[24Oct2025 11:25:00.354] [modloading-worker-0/DEBUG] [mixin/]: Renaming synthetic method lambda$setAttributesUpdating$0(Lnet/minecraft/world/entity/ai/attributes/Attribute;Lcom/mojang/datafixers/util/Pair;)V to mddcead5$lambda$setAttributesUpdating$0$0 in attributeslib.mixins.json:AttributeMapMixin
[24Oct2025 11:25:00.367] [modloading-worker-0/DEBUG] [net.minecraftforge.fml.javafmlmod.AutomaticEventSubscriber/LOADING]: Auto-subscribing io.redspace.ironsspellbooks.effect.OakskinEffect to FORGE
[24Oct2025 11:25:00.367] [modloading-worker-0/DEBUG] [net.minecraftforge.fml.javafmlmod.AutomaticEventSubscriber/LOADING]: Auto-subscribing io.redspace.ironsspellbooks.effect.GluttonyEffect to FORGE
[24Oct2025 11:25:00.368] [modloading-worker-0/DEBUG] [net.minecraftforge.fml.javafmlmod.AutomaticEventSubscriber/LOADING]: Auto-subscribing io.redspace.ironsspellbooks.effect.EchoingStrikesEffect to FORGE
[24Oct2025 11:25:00.368] [modloading-worker-0/DEBUG] [net.minecraftforge.fml.javafmlmod.AutomaticEventSubscriber/LOADING]: Auto-subscribing io.redspace.ironsspellbooks.effect.BlightEffect to FORGE
[24Oct2025 11:25:00.369] [modloading-worker-0/DEBUG] [net.minecraftforge.fml.javafmlmod.AutomaticEventSubscriber/LOADING]: Auto-subscribing io.redspace.ironsspellbooks.datagen.DataGenerators to MOD
[24Oct2025 11:25:00.369] [modloading-worker-0/DEBUG] [net.minecraftforge.fml.javafmlmod.AutomaticEventSubscriber/LOADING]: Auto-subscribing io.redspace.ironsspellbooks.damage.DamageSources to FORGE
[24Oct2025 11:25:00.371] [modloading-worker-0/DEBUG] [net.minecraftforge.fml.javafmlmod.AutomaticEventSubscriber/LOADING]: Auto-subscribing io.redspace.ironsspellbooks.api.util.CameraShakeManager to FORGE
[24Oct2025 11:25:00.372] [modloading-worker-0/DEBUG] [net.minecraftforge.fml.javafmlmod.AutomaticEventSubscriber/LOADING]: Auto-subscribing io.redspace.ironsspellbooks.api.registry.AttributeRegistry to MOD
[24Oct2025 11:25:00.400] [main/DEBUG] [net.minecraftforge.registries.ObjectHolderRegistry/REGISTRIES]: Processing ObjectHolder annotations
[24Oct2025 11:25:00.423] [main/DEBUG] [net.minecraftforge.registries.ObjectHolderRegistry/REGISTRIES]: Found 4937 ObjectHolder annotations
[24Oct2025 11:25:00.426] [main/DEBUG] [net.minecraftforge.common.capabilities.CapabilityManager/CAPABILITIES]: Attempting to automatically register: Lnet/minecraftforge/energy/IEnergyStorage;
[24Oct2025 11:25:00.427] [main/DEBUG] [net.minecraftforge.common.capabilities.CapabilityManager/CAPABILITIES]: Attempting to automatically register: Lnet/minecraftforge/fluids/capability/IFluidHandler;
[24Oct2025 11:25:00.427] [main/DEBUG] [net.minecraftforge.common.capabilities.CapabilityManager/CAPABILITIES]: Attempting to automatically register: Lnet/minecraftforge/fluids/capability/IFluidHandlerItem;
[24Oct2025 11:25:00.427] [main/DEBUG] [net.minecraftforge.common.capabilities.CapabilityManager/CAPABILITIES]: Attempting to automatically register: Lnet/minecraftforge/items/IItemHandler;
[24Oct2025 11:25:00.430] [main/DEBUG] [net.minecraftforge.registries.GameData/REGISTRIES]: Unfreezing vanilla registries
[24Oct2025 11:25:00.444] [main/DEBUG] [net.minecraftforge.registries.GameData/REGISTRIES]: Applying holder lookups: minecraft:sound_event
[24Oct2025 11:25:00.449] [main/DEBUG] [net.minecraftforge.registries.GameData/REGISTRIES]: Holder lookups applied: minecraft:sound_event
[24Oct2025 11:25:00.450] [main/DEBUG] [net.minecraftforge.registries.GameData/REGISTRIES]: Applying holder lookups: minecraft:fluid
[24Oct2025 11:25:00.451] [main/DEBUG] [net.minecraftforge.registries.GameData/REGISTRIES]: Holder lookups applied: minecraft:fluid
[24Oct2025 11:25:00.478] [main/DEBUG] [net.minecraftforge.registries.ForgeRegistry/REGISTRIES]: Registry minecraft:block Override: minecraft:anvil Block{minecraft:anvil} -> Block{minecraft:air}
[24Oct2025 11:25:00.479] [main/DEBUG] [net.minecraftforge.registries.ForgeRegistry/REGISTRIES]: Registry minecraft:block Override: minecraft:chipped_anvil Block{minecraft:chipped_anvil} -> Block{minecraft:air}
[24Oct2025 11:25:00.479] [main/DEBUG] [net.minecraftforge.registries.ForgeRegistry/REGISTRIES]: Registry minecraft:block Override: minecraft:damaged_anvil Block{minecraft:damaged_anvil} -> Block{minecraft:air}
[24Oct2025 11:25:00.486] [main/DEBUG] [net.minecraftforge.registries.ForgeRegistry/REGISTRIES]: Registry minecraft:block Override: minecraft:enchanting_table Block{minecraft:enchanting_table} -> Block{minecraft:air}
[24Oct2025 11:25:00.488] [main/DEBUG] [net.minecraftforge.registries.ForgeRegistry/REGISTRIES]: Registry minecraft:item Override: minecraft:enchanting_table enchanting_table -> air
[24Oct2025 11:25:00.522] [main/DEBUG] [net.minecraftforge.registries.ForgeRegistry/REGISTRIES]: Registry minecraft:block Override: minecraft:spawner Block{minecraft:spawner} -> Block{minecraft:air}
[24Oct2025 11:25:00.523] [main/DEBUG] [net.minecraftforge.registries.ForgeRegistry/REGISTRIES]: Registry minecraft:block Override: minecraft:cactus Block{minecraft:cactus} -> Block{minecraft:air}
[24Oct2025 11:25:00.523] [main/DEBUG] [net.minecraftforge.registries.ForgeRegistry/REGISTRIES]: Registry minecraft:item Override: minecraft:cactus cactus -> air
[24Oct2025 11:25:00.523] [main/DEBUG] [net.minecraftforge.registries.ForgeRegistry/REGISTRIES]: Registry minecraft:block Override: minecraft:sugar_cane Block{minecraft:sugar_cane} -> Block{minecraft:air}
[24Oct2025 11:25:00.523] [main/DEBUG] [net.minecraftforge.registries.ForgeRegistry/REGISTRIES]: Registry minecraft:item Override: minecraft:sugar_cane sugar_cane -> air
[24Oct2025 11:25:00.524] [main/DEBUG] [net.minecraftforge.registries.ForgeRegistry/REGISTRIES]: Registry minecraft:block Override: minecraft:bamboo Block{minecraft:bamboo} -> Block{minecraft:air}
[24Oct2025 11:25:00.524] [main/DEBUG] [net.minecraftforge.registries.ForgeRegistry/REGISTRIES]: Registry minecraft:item Override: minecraft:bamboo bamboo -> air
[24Oct2025 11:25:00.524] [main/DEBUG] [net.minecraftforge.registries.ForgeRegistry/REGISTRIES]: Registry minecraft:block Override: minecraft:fletching_table Block{minecraft:fletching_table} -> Block{minecraft:air}
[24Oct2025 11:25:00.524] [main/DEBUG] [net.minecraftforge.registries.ForgeRegistry/REGISTRIES]: Registry minecraft:item Override: minecraft:fletching_table fletching_table -> air
[24Oct2025 11:25:00.546] [main/DEBUG] [net.minecraftforge.registries.GameData/REGISTRIES]: Applying holder lookups: minecraft:block
[24Oct2025 11:25:00.548] [main/DEBUG] [net.minecraftforge.registries.GameData/REGISTRIES]: Holder lookups applied: minecraft:block
[24Oct2025 11:25:00.560] [main/INFO] [Moonlight/]: Initialized block sets in 10ms
[24Oct2025 11:25:00.564] [main/DEBUG] [net.minecraftforge.registries.GameData/REGISTRIES]: Applying holder lookups: minecraft:attribute
[24Oct2025 11:25:00.565] [main/DEBUG] [net.minecraftforge.registries.GameData/REGISTRIES]: Holder lookups applied: minecraft:attribute
[24Oct2025 11:25:00.586] [main/DEBUG] [net.minecraftforge.registries.GameData/REGISTRIES]: Applying holder lookups: minecraft:mob_effect
[24Oct2025 11:25:00.587] [main/DEBUG] [net.minecraftforge.registries.GameData/REGISTRIES]: Holder lookups applied: minecraft:mob_effect
[24Oct2025 11:25:00.598] [main/DEBUG] [net.minecraftforge.registries.GameData/REGISTRIES]: Applying holder lookups: minecraft:particle_type
[24Oct2025 11:25:00.599] [main/DEBUG] [net.minecraftforge.registries.GameData/REGISTRIES]: Holder lookups applied: minecraft:particle_type
[24Oct2025 11:25:00.607] [main/DEBUG] [io.netty.util.internal.InternalThreadLocalMap/]: -Dio.netty.threadLocalMap.stringBuilder.initialSize: 1024
[24Oct2025 11:25:00.607] [main/DEBUG] [io.netty.util.internal.InternalThreadLocalMap/]: -Dio.netty.threadLocalMap.stringBuilder.maxSize: 4096
[24Oct2025 11:25:00.607] [main/DEBUG] [io.netty.util.internal.ThreadLocalRandom/]: -Dio.netty.initialSeedUniquifier: 0x0b78e67046977811
[24Oct2025 11:25:00.614] [main/DEBUG] [software.bernie.geckolib.GeckoLib/]: Registered SyncedAnimatable for class software.bernie.example.item.JackInTheBoxItem
[24Oct2025 11:25:00.619] [main/DEBUG] [net.minecraftforge.registries.ForgeRegistry/REGISTRIES]: Registry minecraft:item Override: minecraft:anvil anvil -> air
[24Oct2025 11:25:00.619] [main/DEBUG] [net.minecraftforge.registries.ForgeRegistry/REGISTRIES]: Registry minecraft:item Override: minecraft:chipped_anvil chipped_anvil -> air
[24Oct2025 11:25:00.619] [main/DEBUG] [net.minecraftforge.registries.ForgeRegistry/REGISTRIES]: Registry minecraft:item Override: minecraft:damaged_anvil damaged_anvil -> air
[24Oct2025 11:25:00.619] [main/DEBUG] [net.minecraftforge.registries.ForgeRegistry/REGISTRIES]: Registry minecraft:item Override: minecraft:spawner spawner -> air
[24Oct2025 11:25:00.634] [main/DEBUG] [mixin/]: Mixing ThirdPersonRendererMixin from moonlight-common.mixins.json into net.minecraft.client.model.HumanoidModel
[24Oct2025 11:25:00.636] [main/DEBUG] [mixin/]: Mixing BipedEntityModelMixin from playerAnimator-common.mixins.json into net.minecraft.client.model.HumanoidModel
[24Oct2025 11:25:00.636] [main/DEBUG] [mixin/]: playerAnimator-common.mixins.json:BipedEntityModelMixin: Class version 61 required is higher than the class version supported by the current version of Mixin (JAVA_16 supports class version 60)
[24Oct2025 11:25:00.637] [main/DEBUG] [mixin/]: Renaming synthetic method lambda$renderToBuffer$3(Lcom/mojang/blaze3d/vertex/PoseStack;Lcom/mojang/blaze3d/vertex/VertexConsumer;IIFFFFLnet/minecraft/client/model/geom/ModelPart;)V to mddcead5$lambda$renderToBuffer$3$0 in playerAnimator-common.mixins.json:BipedEntityModelMixin
[24Oct2025 11:25:00.637] [main/DEBUG] [mixin/]: Renaming synthetic method lambda$renderToBuffer$2(Lcom/mojang/blaze3d/vertex/PoseStack;Lcom/mojang/blaze3d/vertex/VertexConsumer;IIFFFFLnet/minecraft/client/model/geom/ModelPart;)V to mddcead5$lambda$renderToBuffer$2$1 in playerAnimator-common.mixins.json:BipedEntityModelMixin
[24Oct2025 11:25:00.637] [main/DEBUG] [mixin/]: Renaming synthetic method lambda$renderToBuffer$1(Lcom/mojang/blaze3d/vertex/PoseStack;Lcom/mojang/blaze3d/vertex/VertexConsumer;IIFFFFLnet/minecraft/client/model/geom/ModelPart;)V to mddcead5$lambda$renderToBuffer$1$2 in playerAnimator-common.mixins.json:BipedEntityModelMixin
[24Oct2025 11:25:00.637] [main/DEBUG] [mixin/]: Renaming synthetic method lambda$renderToBuffer$0(Lcom/mojang/blaze3d/vertex/PoseStack;Lcom/mojang/blaze3d/vertex/VertexConsumer;IIFFFFLnet/minecraft/client/model/geom/ModelPart;)V to mddcead5$lambda$renderToBuffer$0$3 in playerAnimator-common.mixins.json:BipedEntityModelMixin
[24Oct2025 11:25:00.639] [main/DEBUG] [mixin/]: Mixing client.HumanoidModelMixin from tacz.mixins.json into net.minecraft.client.model.HumanoidModel
[24Oct2025 11:25:00.709] [main/DEBUG] [net.minecraftforge.registries.GameData/REGISTRIES]: Applying holder lookups: minecraft:item
[24Oct2025 11:25:00.712] [main/DEBUG] [net.minecraftforge.registries.GameData/REGISTRIES]: Holder lookups applied: minecraft:item
[24Oct2025 11:25:00.783] [main/DEBUG] [net.minecraftforge.registries.GameData/REGISTRIES]: Applying holder lookups: minecraft:entity_type
[24Oct2025 11:25:00.784] [main/DEBUG] [net.minecraftforge.registries.GameData/REGISTRIES]: Holder lookups applied: minecraft:entity_type
[24Oct2025 11:25:00.785] [main/DEBUG] [net.minecraftforge.registries.GameData/REGISTRIES]: Applying holder lookups: minecraft:sensor_type
[24Oct2025 11:25:00.785] [main/DEBUG] [net.minecraftforge.registries.GameData/REGISTRIES]: Holder lookups applied: minecraft:sensor_type
[24Oct2025 11:25:00.786] [main/DEBUG] [net.minecraftforge.registries.GameData/REGISTRIES]: Applying holder lookups: minecraft:memory_module_type
[24Oct2025 11:25:00.786] [main/DEBUG] [net.minecraftforge.registries.GameData/REGISTRIES]: Holder lookups applied: minecraft:memory_module_type
[24Oct2025 11:25:00.787] [main/DEBUG] [net.minecraftforge.registries.GameData/REGISTRIES]: Applying holder lookups: minecraft:potion
[24Oct2025 11:25:00.787] [main/DEBUG] [net.minecraftforge.registries.GameData/REGISTRIES]: Holder lookups applied: minecraft:potion
[24Oct2025 11:25:00.788] [main/DEBUG] [net.minecraftforge.registries.GameData/REGISTRIES]: Applying holder lookups: minecraft:game_event
[24Oct2025 11:25:00.788] [main/DEBUG] [net.minecraftforge.registries.GameData/REGISTRIES]: Holder lookups applied: minecraft:game_event
[24Oct2025 11:25:00.789] [main/DEBUG] [net.minecraftforge.registries.ForgeRegistry/REGISTRIES]: Registry minecraft:enchantment Override: minecraft:bane_of_arthropods net.minecraft.world.item.enchantment.DamageEnchantment@73f3bf4f -> dev.shadowsoffire.apotheosis.ench.replacements.BaneEnchant@28c7ae7f
[24Oct2025 11:25:00.789] [main/DEBUG] [net.minecraftforge.registries.ForgeRegistry/REGISTRIES]: Registry minecraft:enchantment Override: minecraft:smite net.minecraft.world.item.enchantment.DamageEnchantment@ce1c5f3 -> dev.shadowsoffire.apotheosis.ench.replacements.BaneEnchant@626bcfc8
[24Oct2025 11:25:00.790] [main/DEBUG] [net.minecraftforge.registries.ForgeRegistry/REGISTRIES]: Registry minecraft:enchantment Override: minecraft:sharpness net.minecraft.world.item.enchantment.DamageEnchantment@2992d955 -> dev.shadowsoffire.apotheosis.ench.replacements.BaneEnchant@6d9a46d7
[24Oct2025 11:25:00.790] [main/DEBUG] [net.minecraftforge.registries.ForgeRegistry/REGISTRIES]: Registry minecraft:enchantment Override: minecraft:protection net.minecraft.world.item.enchantment.ProtectionEnchantment@396eceda -> dev.shadowsoffire.apotheosis.ench.replacements.DefenseEnchant@3922c5bc
[24Oct2025 11:25:00.790] [main/DEBUG] [net.minecraftforge.registries.ForgeRegistry/REGISTRIES]: Registry minecraft:enchantment Override: minecraft:fire_protection net.minecraft.world.item.enchantment.ProtectionEnchantment@7890189 -> dev.shadowsoffire.apotheosis.ench.replacements.DefenseEnchant@63190b1
[24Oct2025 11:25:00.790] [main/DEBUG] [net.minecraftforge.registries.ForgeRegistry/REGISTRIES]: Registry minecraft:enchantment Override: minecraft:blast_protection net.minecraft.world.item.enchantment.ProtectionEnchantment@6b13d558 -> dev.shadowsoffire.apotheosis.ench.replacements.DefenseEnchant@4325de9e
[24Oct2025 11:25:00.790] [main/DEBUG] [net.minecraftforge.registries.ForgeRegistry/REGISTRIES]: Registry minecraft:enchantment Override: minecraft:projectile_protection net.minecraft.world.item.enchantment.ProtectionEnchantment@1c4053aa -> dev.shadowsoffire.apotheosis.ench.replacements.DefenseEnchant@1c0b38af
[24Oct2025 11:25:00.790] [main/DEBUG] [net.minecraftforge.registries.ForgeRegistry/REGISTRIES]: Registry minecraft:enchantment Override: minecraft:feather_falling net.minecraft.world.item.enchantment.ProtectionEnchantment@a538a7f -> dev.shadowsoffire.apotheosis.ench.replacements.DefenseEnchant@332b01b7
[24Oct2025 11:25:00.792] [main/DEBUG] [mixin/]: Mixing accessor.BrainAccessor from moonlight-common.mixins.json into net.minecraft.world.entity.ai.Brain
[24Oct2025 11:25:00.821] [main/DEBUG] [net.minecraftforge.registries.GameData/REGISTRIES]: Applying holder lookups: minecraft:enchantment
[24Oct2025 11:25:00.825] [main/DEBUG] [net.minecraftforge.registries.GameData/REGISTRIES]: Holder lookups applied: minecraft:enchantment
[24Oct2025 11:25:00.836] [main/DEBUG] [net.minecraftforge.registries.GameData/REGISTRIES]: Applying holder lookups: minecraft:block_entity_type
[24Oct2025 11:25:00.837] [main/DEBUG] [net.minecraftforge.registries.GameData/REGISTRIES]: Holder lookups applied: minecraft:block_entity_type
[24Oct2025 11:25:00.838] [main/DEBUG] [net.minecraftforge.registries.GameData/REGISTRIES]: Applying holder lookups: minecraft:painting_variant
[24Oct2025 11:25:00.838] [main/DEBUG] [net.minecraftforge.registries.GameData/REGISTRIES]: Holder lookups applied: minecraft:painting_variant
[24Oct2025 11:25:00.838] [main/DEBUG] [net.minecraftforge.registries.GameData/REGISTRIES]: Applying holder lookups: minecraft:stat_type
[24Oct2025 11:25:00.839] [main/DEBUG] [net.minecraftforge.registries.GameData/REGISTRIES]: Holder lookups applied: minecraft:stat_type
[24Oct2025 11:25:00.839] [main/DEBUG] [net.minecraftforge.registries.GameData/REGISTRIES]: Applying holder lookups: minecraft:custom_stat
[24Oct2025 11:25:00.839] [main/DEBUG] [net.minecraftforge.registries.GameData/REGISTRIES]: Holder lookups applied: minecraft:custom_stat
[24Oct2025 11:25:00.839] [main/DEBUG] [net.minecraftforge.registries.GameData/REGISTRIES]: Applying holder lookups: minecraft:chunk_status
[24Oct2025 11:25:00.840] [main/DEBUG] [net.minecraftforge.registries.GameData/REGISTRIES]: Holder lookups applied: minecraft:chunk_status
[24Oct2025 11:25:00.840] [main/DEBUG] [net.minecraftforge.registries.GameData/REGISTRIES]: Applying holder lookups: minecraft:rule_test
[24Oct2025 11:25:00.840] [main/DEBUG] [net.minecraftforge.registries.GameData/REGISTRIES]: Holder lookups applied: minecraft:rule_test
[24Oct2025 11:25:00.841] [main/DEBUG] [net.minecraftforge.registries.GameData/REGISTRIES]: Applying holder lookups: minecraft:rule_block_entity_modifier
[24Oct2025 11:25:00.841] [main/DEBUG] [net.minecraftforge.registries.GameData/REGISTRIES]: Holder lookups applied: minecraft:rule_block_entity_modifier
[24Oct2025 11:25:00.841] [main/DEBUG] [net.minecraftforge.registries.GameData/REGISTRIES]: Applying holder lookups: minecraft:pos_rule_test
[24Oct2025 11:25:00.842] [main/DEBUG] [net.minecraftforge.registries.GameData/REGISTRIES]: Holder lookups applied: minecraft:pos_rule_test
[24Oct2025 11:25:00.861] [main/DEBUG] [net.minecraftforge.registries.GameData/REGISTRIES]: Applying holder lookups: minecraft:menu
[24Oct2025 11:25:00.862] [main/DEBUG] [net.minecraftforge.registries.GameData/REGISTRIES]: Holder lookups applied: minecraft:menu
[24Oct2025 11:25:00.863] [main/DEBUG] [placebo/]: Registered 5 recipe types.
[24Oct2025 11:25:00.863] [main/DEBUG] [net.minecraftforge.registries.GameData/REGISTRIES]: Applying holder lookups: minecraft:recipe_type
[24Oct2025 11:25:00.864] [main/DEBUG] [net.minecraftforge.registries.GameData/REGISTRIES]: Holder lookups applied: minecraft:recipe_type
[24Oct2025 11:25:00.877] [main/DEBUG] [net.minecraftforge.registries.GameData/REGISTRIES]: Applying holder lookups: minecraft:recipe_serializer
[24Oct2025 11:25:00.878] [main/DEBUG] [net.minecraftforge.registries.GameData/REGISTRIES]: Holder lookups applied: minecraft:recipe_serializer
[24Oct2025 11:25:00.878] [main/DEBUG] [net.minecraftforge.registries.GameData/REGISTRIES]: Applying holder lookups: minecraft:position_source_type
[24Oct2025 11:25:00.879] [main/DEBUG] [net.minecraftforge.registries.GameData/REGISTRIES]: Holder lookups applied: minecraft:position_source_type
[24Oct2025 11:25:00.882] [main/DEBUG] [net.minecraftforge.registries.GameData/REGISTRIES]: Applying holder lookups: minecraft:command_argument_type
[24Oct2025 11:25:00.882] [main/DEBUG] [net.minecraftforge.registries.GameData/REGISTRIES]: Holder lookups applied: minecraft:command_argument_type
[24Oct2025 11:25:00.883] [main/DEBUG] [net.minecraftforge.registries.GameData/REGISTRIES]: Applying holder lookups: minecraft:villager_type
[24Oct2025 11:25:00.883] [main/DEBUG] [net.minecraftforge.registries.GameData/REGISTRIES]: Holder lookups applied: minecraft:villager_type
[24Oct2025 11:25:00.883] [main/DEBUG] [net.minecraftforge.registries.GameData/REGISTRIES]: Applying holder lookups: minecraft:villager_profession
[24Oct2025 11:25:00.883] [main/DEBUG] [net.minecraftforge.registries.GameData/REGISTRIES]: Holder lookups applied: minecraft:villager_profession
[24Oct2025 11:25:00.884] [main/DEBUG] [net.minecraftforge.registries.GameData/REGISTRIES]: Applying holder lookups: minecraft:point_of_interest_type
[24Oct2025 11:25:00.884] [main/DEBUG] [net.minecraftforge.registries.GameData/REGISTRIES]: Holder lookups applied: minecraft:point_of_interest_type
[24Oct2025 11:25:00.884] [main/DEBUG] [net.minecraftforge.registries.GameData/REGISTRIES]: Applying holder lookups: minecraft:schedule
[24Oct2025 11:25:00.885] [main/DEBUG] [net.minecraftforge.registries.GameData/REGISTRIES]: Holder lookups applied: minecraft:schedule
[24Oct2025 11:25:00.885] [main/DEBUG] [net.minecraftforge.registries.GameData/REGISTRIES]: Applying holder lookups: minecraft:activity
[24Oct2025 11:25:00.885] [main/DEBUG] [net.minecraftforge.registries.GameData/REGISTRIES]: Holder lookups applied: minecraft:activity
[24Oct2025 11:25:00.886] [main/DEBUG] [net.minecraftforge.registries.GameData/REGISTRIES]: Applying holder lookups: minecraft:loot_pool_entry_type
[24Oct2025 11:25:00.887] [main/DEBUG] [net.minecraftforge.registries.GameData/REGISTRIES]: Holder lookups applied: minecraft:loot_pool_entry_type
[24Oct2025 11:25:00.889] [main/DEBUG] [net.minecraftforge.registries.GameData/REGISTRIES]: Applying holder lookups: minecraft:loot_function_type
[24Oct2025 11:25:00.889] [main/DEBUG] [net.minecraftforge.registries.GameData/REGISTRIES]: Holder lookups applied: minecraft:loot_function_type
[24Oct2025 11:25:00.893] [main/DEBUG] [net.minecraftforge.registries.GameData/REGISTRIES]: Applying holder lookups: minecraft:loot_condition_type
[24Oct2025 11:25:00.895] [main/DEBUG] [net.minecraftforge.registries.GameData/REGISTRIES]: Holder lookups applied: minecraft:loot_condition_type
[24Oct2025 11:25:00.895] [main/DEBUG] [net.minecraftforge.registries.GameData/REGISTRIES]: Applying holder lookups: minecraft:loot_number_provider_type
[24Oct2025 11:25:00.896] [main/DEBUG] [net.minecraftforge.registries.GameData/REGISTRIES]: Holder lookups applied: minecraft:loot_number_provider_type
[24Oct2025 11:25:00.897] [main/DEBUG] [net.minecraftforge.registries.GameData/REGISTRIES]: Applying holder lookups: minecraft:loot_nbt_provider_type
[24Oct2025 11:25:00.899] [main/DEBUG] [net.minecraftforge.registries.GameData/REGISTRIES]: Holder lookups applied: minecraft:loot_nbt_provider_type
[24Oct2025 11:25:00.899] [main/DEBUG] [net.minecraftforge.registries.GameData/REGISTRIES]: Applying holder lookups: minecraft:loot_score_provider_type
[24Oct2025 11:25:00.900] [main/DEBUG] [net.minecraftforge.registries.GameData/REGISTRIES]: Holder lookups applied: minecraft:loot_score_provider_type
[24Oct2025 11:25:00.901] [main/DEBUG] [net.minecraftforge.registries.GameData/REGISTRIES]: Applying holder lookups: minecraft:float_provider_type
[24Oct2025 11:25:00.902] [main/DEBUG] [net.minecraftforge.registries.GameData/REGISTRIES]: Holder lookups applied: minecraft:float_provider_type
[24Oct2025 11:25:00.903] [main/DEBUG] [net.minecraftforge.registries.GameData/REGISTRIES]: Applying holder lookups: minecraft:int_provider_type
[24Oct2025 11:25:00.903] [main/DEBUG] [net.minecraftforge.registries.GameData/REGISTRIES]: Holder lookups applied: minecraft:int_provider_type
[24Oct2025 11:25:00.904] [main/DEBUG] [net.minecraftforge.registries.GameData/REGISTRIES]: Applying holder lookups: minecraft:height_provider_type
[24Oct2025 11:25:00.904] [main/DEBUG] [net.minecraftforge.registries.GameData/REGISTRIES]: Holder lookups applied: minecraft:height_provider_type
[24Oct2025 11:25:00.904] [main/DEBUG] [net.minecraftforge.registries.GameData/REGISTRIES]: Applying holder lookups: minecraft:block_predicate_type
[24Oct2025 11:25:00.905] [main/DEBUG] [net.minecraftforge.registries.GameData/REGISTRIES]: Holder lookups applied: minecraft:block_predicate_type
[24Oct2025 11:25:00.905] [main/DEBUG] [net.minecraftforge.registries.GameData/REGISTRIES]: Applying holder lookups: minecraft:worldgen/carver
[24Oct2025 11:25:00.905] [main/DEBUG] [net.minecraftforge.registries.GameData/REGISTRIES]: Holder lookups applied: minecraft:worldgen/carver
[24Oct2025 11:25:00.908] [main/DEBUG] [net.minecraftforge.registries.GameData/REGISTRIES]: Applying holder lookups: minecraft:worldgen/feature
[24Oct2025 11:25:00.909] [main/DEBUG] [net.minecraftforge.registries.GameData/REGISTRIES]: Holder lookups applied: minecraft:worldgen/feature
[24Oct2025 11:25:00.909] [main/DEBUG] [net.minecraftforge.registries.GameData/REGISTRIES]: Applying holder lookups: minecraft:worldgen/structure_processor
[24Oct2025 11:25:00.910] [main/DEBUG] [net.minecraftforge.registries.GameData/REGISTRIES]: Holder lookups applied: minecraft:worldgen/structure_processor
[24Oct2025 11:25:00.910] [main/DEBUG] [net.minecraftforge.registries.GameData/REGISTRIES]: Applying holder lookups: minecraft:worldgen/structure_placement
[24Oct2025 11:25:00.910] [main/DEBUG] [net.minecraftforge.registries.GameData/REGISTRIES]: Holder lookups applied: minecraft:worldgen/structure_placement
[24Oct2025 11:25:00.911] [main/DEBUG] [net.minecraftforge.registries.GameData/REGISTRIES]: Applying holder lookups: minecraft:worldgen/structure_piece
[24Oct2025 11:25:00.911] [main/DEBUG] [net.minecraftforge.registries.GameData/REGISTRIES]: Holder lookups applied: minecraft:worldgen/structure_piece
[24Oct2025 11:25:00.911] [main/DEBUG] [net.minecraftforge.registries.GameData/REGISTRIES]: Applying holder lookups: minecraft:worldgen/structure_type
[24Oct2025 11:25:00.912] [main/DEBUG] [net.minecraftforge.registries.GameData/REGISTRIES]: Holder lookups applied: minecraft:worldgen/structure_type
[24Oct2025 11:25:00.912] [main/DEBUG] [net.minecraftforge.registries.GameData/REGISTRIES]: Applying holder lookups: minecraft:worldgen/placement_modifier_type
[24Oct2025 11:25:00.912] [main/DEBUG] [net.minecraftforge.registries.GameData/REGISTRIES]: Holder lookups applied: minecraft:worldgen/placement_modifier_type
[24Oct2025 11:25:00.912] [main/DEBUG] [net.minecraftforge.registries.GameData/REGISTRIES]: Applying holder lookups: minecraft:worldgen/block_state_provider_type
[24Oct2025 11:25:00.913] [main/DEBUG] [net.minecraftforge.registries.GameData/REGISTRIES]: Holder lookups applied: minecraft:worldgen/block_state_provider_type
[24Oct2025 11:25:00.913] [main/DEBUG] [net.minecraftforge.registries.GameData/REGISTRIES]: Applying holder lookups: minecraft:worldgen/foliage_placer_type
[24Oct2025 11:25:00.913] [main/DEBUG] [net.minecraftforge.registries.GameData/REGISTRIES]: Holder lookups applied: minecraft:worldgen/foliage_placer_type
[24Oct2025 11:25:00.913] [main/DEBUG] [net.minecraftforge.registries.GameData/REGISTRIES]: Applying holder lookups: minecraft:worldgen/trunk_placer_type
[24Oct2025 11:25:00.914] [main/DEBUG] [net.minecraftforge.registries.GameData/REGISTRIES]: Holder lookups applied: minecraft:worldgen/trunk_placer_type
[24Oct2025 11:25:00.914] [main/DEBUG] [net.minecraftforge.registries.GameData/REGISTRIES]: Applying holder lookups: minecraft:worldgen/root_placer_type
[24Oct2025 11:25:00.914] [main/DEBUG] [net.minecraftforge.registries.GameData/REGISTRIES]: Holder lookups applied: minecraft:worldgen/root_placer_type
[24Oct2025 11:25:00.914] [main/DEBUG] [net.minecraftforge.registries.GameData/REGISTRIES]: Applying holder lookups: minecraft:worldgen/tree_decorator_type
[24Oct2025 11:25:00.915] [main/DEBUG] [net.minecraftforge.registries.GameData/REGISTRIES]: Holder lookups applied: minecraft:worldgen/tree_decorator_type
[24Oct2025 11:25:00.915] [main/DEBUG] [net.minecraftforge.registries.GameData/REGISTRIES]: Applying holder lookups: minecraft:worldgen/feature_size_type
[24Oct2025 11:25:00.915] [main/DEBUG] [net.minecraftforge.registries.GameData/REGISTRIES]: Holder lookups applied: minecraft:worldgen/feature_size_type
[24Oct2025 11:25:00.915] [main/DEBUG] [net.minecraftforge.registries.GameData/REGISTRIES]: Applying holder lookups: minecraft:worldgen/biome_source
[24Oct2025 11:25:00.916] [main/DEBUG] [net.minecraftforge.registries.GameData/REGISTRIES]: Holder lookups applied: minecraft:worldgen/biome_source
[24Oct2025 11:25:00.916] [main/DEBUG] [net.minecraftforge.registries.GameData/REGISTRIES]: Applying holder lookups: minecraft:worldgen/chunk_generator
[24Oct2025 11:25:00.916] [main/DEBUG] [net.minecraftforge.registries.GameData/REGISTRIES]: Holder lookups applied: minecraft:worldgen/chunk_generator
[24Oct2025 11:25:00.916] [main/DEBUG] [net.minecraftforge.registries.GameData/REGISTRIES]: Applying holder lookups: minecraft:worldgen/material_condition
[24Oct2025 11:25:00.917] [main/DEBUG] [net.minecraftforge.registries.GameData/REGISTRIES]: Holder lookups applied: minecraft:worldgen/material_condition
[24Oct2025 11:25:00.917] [main/DEBUG] [net.minecraftforge.registries.GameData/REGISTRIES]: Applying holder lookups: minecraft:worldgen/material_rule
[24Oct2025 11:25:00.917] [main/DEBUG] [net.minecraftforge.registries.GameData/REGISTRIES]: Holder lookups applied: minecraft:worldgen/material_rule
[24Oct2025 11:25:00.917] [main/DEBUG] [net.minecraftforge.registries.GameData/REGISTRIES]: Applying holder lookups: minecraft:worldgen/density_function_type
[24Oct2025 11:25:00.918] [main/DEBUG] [net.minecraftforge.registries.GameData/REGISTRIES]: Holder lookups applied: minecraft:worldgen/density_function_type
[24Oct2025 11:25:00.918] [main/DEBUG] [net.minecraftforge.registries.GameData/REGISTRIES]: Applying holder lookups: minecraft:worldgen/structure_pool_element
[24Oct2025 11:25:00.918] [main/DEBUG] [net.minecraftforge.registries.GameData/REGISTRIES]: Holder lookups applied: minecraft:worldgen/structure_pool_element
[24Oct2025 11:25:00.919] [main/DEBUG] [net.minecraftforge.registries.GameData/REGISTRIES]: Applying holder lookups: minecraft:cat_variant
[24Oct2025 11:25:00.919] [main/DEBUG] [net.minecraftforge.registries.GameData/REGISTRIES]: Holder lookups applied: minecraft:cat_variant
[24Oct2025 11:25:00.919] [main/DEBUG] [net.minecraftforge.registries.GameData/REGISTRIES]: Applying holder lookups: minecraft:frog_variant
[24Oct2025 11:25:00.919] [main/DEBUG] [net.minecraftforge.registries.GameData/REGISTRIES]: Holder lookups applied: minecraft:frog_variant
[24Oct2025 11:25:00.920] [main/DEBUG] [net.minecraftforge.registries.GameData/REGISTRIES]: Applying holder lookups: minecraft:banner_pattern
[24Oct2025 11:25:00.920] [main/DEBUG] [net.minecraftforge.registries.GameData/REGISTRIES]: Holder lookups applied: minecraft:banner_pattern
[24Oct2025 11:25:00.920] [main/DEBUG] [net.minecraftforge.registries.GameData/REGISTRIES]: Applying holder lookups: minecraft:instrument
[24Oct2025 11:25:00.920] [main/DEBUG] [net.minecraftforge.registries.GameData/REGISTRIES]: Holder lookups applied: minecraft:instrument
[24Oct2025 11:25:00.921] [main/DEBUG] [net.minecraftforge.registries.GameData/REGISTRIES]: Applying holder lookups: minecraft:decorated_pot_patterns
[24Oct2025 11:25:00.921] [main/DEBUG] [net.minecraftforge.registries.GameData/REGISTRIES]: Holder lookups applied: minecraft:decorated_pot_patterns
[24Oct2025 11:25:00.924] [main/DEBUG] [net.minecraftforge.registries.GameData/REGISTRIES]: Applying holder lookups: minecraft:creative_mode_tab
[24Oct2025 11:25:00.925] [main/DEBUG] [net.minecraftforge.registries.GameData/REGISTRIES]: Holder lookups applied: minecraft:creative_mode_tab
[24Oct2025 11:25:00.932] [main/DEBUG] [net.minecraftforge.registries.GameData/REGISTRIES]: Applying holder lookups: forge:biome_modifier_serializers
[24Oct2025 11:25:00.933] [main/DEBUG] [net.minecraftforge.registries.GameData/REGISTRIES]: Holder lookups applied: forge:biome_modifier_serializers
[24Oct2025 11:25:00.934] [main/DEBUG] [net.minecraftforge.registries.GameData/REGISTRIES]: Applying holder lookups: forge:display_contexts
[24Oct2025 11:25:00.934] [main/DEBUG] [net.minecraftforge.registries.GameData/REGISTRIES]: Holder lookups applied: forge:display_contexts
[24Oct2025 11:25:00.934] [main/DEBUG] [net.minecraftforge.registries.GameData/REGISTRIES]: Applying holder lookups: forge:entity_data_serializers
[24Oct2025 11:25:00.935] [main/DEBUG] [net.minecraftforge.registries.GameData/REGISTRIES]: Holder lookups applied: forge:entity_data_serializers
[24Oct2025 11:25:00.937] [main/DEBUG] [net.minecraftforge.registries.GameData/REGISTRIES]: Applying holder lookups: forge:fluid_type
[24Oct2025 11:25:00.938] [main/DEBUG] [net.minecraftforge.registries.GameData/REGISTRIES]: Holder lookups applied: forge:fluid_type
[24Oct2025 11:25:00.944] [main/DEBUG] [net.minecraftforge.registries.GameData/REGISTRIES]: Applying holder lookups: forge:global_loot_modifier_serializers
[24Oct2025 11:25:00.945] [main/DEBUG] [net.minecraftforge.registries.GameData/REGISTRIES]: Holder lookups applied: forge:global_loot_modifier_serializers
[24Oct2025 11:25:00.951] [main/DEBUG] [net.minecraftforge.registries.GameData/REGISTRIES]: Applying holder lookups: forge:holder_set_type
[24Oct2025 11:25:00.951] [main/DEBUG] [net.minecraftforge.registries.GameData/REGISTRIES]: Holder lookups applied: forge:holder_set_type
[24Oct2025 11:25:00.952] [main/DEBUG] [net.minecraftforge.registries.GameData/REGISTRIES]: Applying holder lookups: forge:structure_modifier_serializers
[24Oct2025 11:25:00.953] [main/DEBUG] [net.minecraftforge.registries.GameData/REGISTRIES]: Holder lookups applied: forge:structure_modifier_serializers
[24Oct2025 11:25:00.953] [main/DEBUG] [net.minecraftforge.registries.GameData/REGISTRIES]: Applying holder lookups: irons_spellbooks:schools
[24Oct2025 11:25:00.953] [main/DEBUG] [net.minecraftforge.registries.GameData/REGISTRIES]: Holder lookups applied: irons_spellbooks:schools
[24Oct2025 11:25:00.954] [main/DEBUG] [net.minecraftforge.registries.GameData/REGISTRIES]: Applying holder lookups: irons_spellbooks:spells
[24Oct2025 11:25:00.955] [main/DEBUG] [net.minecraftforge.registries.GameData/REGISTRIES]: Holder lookups applied: irons_spellbooks:spells
[24Oct2025 11:25:00.955] [main/DEBUG] [net.minecraftforge.registries.GameData/REGISTRIES]: Applying holder lookups: minecraft:worldgen/biome
[24Oct2025 11:25:00.955] [main/DEBUG] [net.minecraftforge.registries.GameData/REGISTRIES]: Holder lookups applied: minecraft:worldgen/biome
[24Oct2025 11:25:00.957] [main/DEBUG] [mixin/]: Mixing ForgeHooksMixin from apotheosis.mixins.json into net.minecraftforge.common.ForgeHooks
[24Oct2025 11:25:01.084] [main/WARN] [net.minecraft.server.packs.VanillaPackResourcesBuilder/]: Assets URL 'union:/Users/rai/.gradle/caches/forge_gradle/minecraft_user_repo/net/minecraftforge/forge/1.20.1-47.4.0_mapped_official_1.20.1/forge-1.20.1-47.4.0_mapped_official_1.20.1.jar%23184!/assets/.mcassetsroot' uses unexpected schema
[24Oct2025 11:25:01.084] [main/WARN] [net.minecraft.server.packs.VanillaPackResourcesBuilder/]: Assets URL 'union:/Users/rai/.gradle/caches/forge_gradle/minecraft_user_repo/net/minecraftforge/forge/1.20.1-47.4.0_mapped_official_1.20.1/forge-1.20.1-47.4.0_mapped_official_1.20.1.jar%23184!/data/.mcassetsroot' uses unexpected schema
[24Oct2025 11:25:01.089] [Worker-Main-1/DEBUG] [mixin/]: Mixing MapDataMixin from moonlight-common.mixins.json into net.minecraft.world.level.saveddata.maps.MapItemSavedData
[24Oct2025 11:25:01.090] [Worker-Main-1/DEBUG] [mixin/]: Renaming synthetic method lambda$save$3(Lnet/minecraft/nbt/CompoundTag;Lnet/minecraft/resources/ResourceLocation;Lnet/mehvahdjukaar/moonlight/api/map/CustomMapData;)V to mddcead5$lambda$save$3$0 in moonlight-common.mixins.json:MapDataMixin
[24Oct2025 11:25:01.090] [Worker-Main-1/DEBUG] [mixin/]: Renaming synthetic method lambda$load$2(Lnet/minecraft/nbt/CompoundTag;Lnet/mehvahdjukaar/moonlight/api/map/CustomMapData;)V to mddcead5$lambda$load$2$1 in moonlight-common.mixins.json:MapDataMixin
[24Oct2025 11:25:01.090] [Worker-Main-1/DEBUG] [mixin/]: Renaming synthetic method lambda$setCustomDataDirty$1(Lnet/mehvahdjukaar/moonlight/api/map/CustomMapData$Type;Ljava/util/function/Consumer;Lnet/minecraft/world/level/saveddata/maps/MapItemSavedData$HoldingPlayer;)V to mddcead5$lambda$setCustomDataDirty$1$2 in moonlight-common.mixins.json:MapDataMixin
[24Oct2025 11:25:01.090] [Worker-Main-1/DEBUG] [mixin/]: Renaming synthetic method lambda$setCustomDecorationsDirty$0(Lnet/minecraft/world/level/saveddata/maps/MapItemSavedData$HoldingPlayer;)V to mddcead5$lambda$setCustomDecorationsDirty$0$3 in moonlight-common.mixins.json:MapDataMixin
[24Oct2025 11:25:01.170] [main/DEBUG] [mixin/]: Mixing MultiPackResourceManagerMixin from moonlight-common.mixins.json into net.minecraft.server.packs.resources.MultiPackResourceManager
[24Oct2025 11:25:01.275] [main/INFO] [net.minecraft.data.DataGenerator/]: Starting provider: Loot Tables
[24Oct2025 11:25:01.279] [main/DEBUG] [mixin/]: Mixing minecraft.LootPoolAccessor from apotheosis_modern_ragnarok.mixins.json into net.minecraft.world.level.storage.loot.LootPool
[24Oct2025 11:25:01.279] [main/DEBUG] [mixin/]: apotheosis_modern_ragnarok.mixins.json:minecraft.LootPoolAccessor: Class version 61 required is higher than the class version supported by the current version of Mixin (JAVA_8 supports class version 52)
[24Oct2025 11:25:01.309] [main/DEBUG] [mixin/]: Mixing LootTablesMixin from placebo.mixins.json into net.minecraft.world.level.storage.loot.LootDataManager
[24Oct2025 11:25:01.309] [main/DEBUG] [mixin/]: Renaming synthetic method lambda$apply$0(Lnet/minecraft/world/level/storage/loot/LootDataId;Lnet/minecraft/world/level/storage/loot/LootTable;)V to mddcead5$lambda$apply$0$0 in placebo.mixins.json:LootTablesMixin
[24Oct2025 11:25:01.331] [main/INFO] [net.minecraft.data.DataGenerator/]: Loot Tables finished after 55 ms
[24Oct2025 11:25:01.331] [main/INFO] [net.minecraft.data.DataGenerator/]: All providers took: 56 ms
[24Oct2025 11:25:01.336] [main/INFO] [net.minecraft.data.HashCache/]: Caching: total files: 3, old count: 2, new count: 3, removed stale: 1, written: 2
